time,open,high,low,close
2015-10-06,2710.75,2717.5,2697.75,2703.25
2015-10-07,2716.75,2726.5,2702.75,2722.5
2015-10-08,2717.75,2744,2714,2742.25
2015-10-09,2742.25,2747.5,2734,2742
2015-10-12,2742.25,2746.75,2737.5,2746
2015-10-13,2734.75,2750,2728.5,2729
2015-10-14,2730.25,2737,2717.75,2719.5
2015-10-15,2729.5,2754.75,2724.75,2754.25
2015-10-16,2757,2761.25,2747.5,2761
2015-10-19,2753.5,2763,2749.5,2762.5
2015-10-20,2757,2766.75,2753.75,2756.5
2015-10-21,2765,2766.5,2743.25,2743.75
2015-10-22,2758.5,2789.25,2756.75,2787
2015-10-23,2801.5,2808.75,2792,2801.25
2015-10-26,2802,2802.75,2794.75,2797.5
2015-10-27,2790.75,2799,2786.5,2795.75
2015-10-28,2798.75,2820.5,2790.75,2819
2015-10-29,2812.25,2821.75,2810.75,2818.25
2015-10-30,2819.5,2823.5,2805,2809.5
2015-11-02,2812.25,2835.25,2810.5,2830
2015-11-03,2828.75,2845.5,2825.75,2837.5
2015-11-04,2842.25,2843.75,2825.75,2830
2015-11-05,2832.5,2838.5,2819.25,2829.5
2015-11-06,2825.75,2831.5,2812.75,2829
2015-11-09,2821.25,2823.25,2797.25,2808
2015-11-10,2803,2814.25,2799.75,2813
2015-11-11,2817,2817.75,2803.25,2804.5
2015-11-12,2793,2798.75,2775.25,2776
2015-11-13,2771.5,2774.75,2751.25,2754.5
2015-11-16,2751.25,2786.25,2749.75,2783.25
2015-11-17,2788,2798.75,2776.75,2784.75
2015-11-18,2788.75,2817.75,2788,2814.5
2015-11-19,2814.25,2819,2810.5,2814.75
2015-11-20,2823,2829.75,2817,2823.75
2015-11-23,2822.25,2828.25,2813.5,2819.5
2015-11-24,2806.75,2826.75,2802.25,2820
2015-11-25,2823.25,2825.75,2818.5,2823.75
2015-11-27,2822.75,2826.5,2816.75,2825.75
2015-11-30,2825.5,2827.25,2813.75,2817.75
2015-12-01,2823,2836.75,2819.5,2835.25
2015-12-02,2834.75,2838.5,2810.25,2817.25
2015-12-03,2816.75,2819.75,2775.25,2786.5
2015-12-04,2789,2828.25,2787.25,2823.5
2015-12-07,2820.25,2820.75,2799.75,2816.5
2015-12-08,2792.75,2808.5,2785.5,2793.5
2015-12-09,2789.75,2815,2769.5,2777.5
2015-12-10,2782.25,2802.25,2779,2784
2015-12-11,2761.25,2769,2742.5,2744.75
2015-12-14,2748.25,2759.75,2727.5,2753.75
2015-12-15,2775.25,2790,2773.75,2782.25
2015-12-16,2792.5,2813,2775.25,2807.75
2015-12-17,2812.75,2813.75,2767.5,2768.5
2015-12-18,2766,2768,2735.25,2736.5
2015-12-21,2754.25,2760.5,2740,2759
2015-12-22,2767,2780.75,2754.75,2779.75
2015-12-23,2787.25,2802,2786,2797
2015-12-24,2798,2804,2793.75,2795
2015-12-28,2789.25,2793.75,2779.5,2793.5
2015-12-29,2805.25,2818.75,2805,2817
2015-12-30,2811.5,2812.75,2797.75,2799.25
2015-12-31,2791.25,2799,2774.5,2780.75
2016-01-04,2744.25,2753.75,2724.5,2753.75
2016-01-05,2753.25,2758.5,2739.5,2756.25
2016-01-06,2722.25,2739.75,2714.75,2730.25
2016-01-07,2692.75,2713.25,2672.75,2676.25
2016-01-08,2691,2697.5,2654.25,2656
2016-01-11,2669,2673.25,2636.75,2658.5
2016-01-12,2677,2684.5,2650,2669.25
2016-01-13,2683.25,2687.5,2622.25,2625.25
2016-01-14,2634.25,2671.75,2615.25,2659.5
2016-01-15,2606,2626.25,2593.5,2619.75
2016-01-19,2638.25,2639.75,2600.5,2618
2016-01-20,2589,2613.5,2548.5,2599
2016-01-21,2600.5,2627.5,2585,2605.5
2016-01-22,2636.5,2646.5,2627.5,2643
2016-01-25,2638,2640,2612.25,2614
2016-01-26,2623,2644,2618.75,2640.25
2016-01-27,2634.5,2654.25,2608.75,2619.25
2016-01-28,2638,2640.5,2610,2625.75
2016-01-29,2638.75,2677.25,2637.5,2672.5
2016-02-01,2663.5,2684.25,2656.75,2674.75
2016-02-02,2657.75,2658.25,2633.25,2641.5
2016-02-03,2652.75,2656.5,2609.25,2652.25
2016-02-04,2645.75,2666,2638,2652
2016-02-05,2648.25,2649.5,2610,2619.25
2016-02-08,2595.75,2599.25,2566,2596.75
2016-02-09,2571.5,2608,2570,2592.5
2016-02-10,2602.5,2622,2587.75,2591.25
2016-02-11,2561.5,2579,2549.25,2569.5
2016-02-12,2587.75,2605,2577.75,2603.25
2016-02-16,2626.5,2636.75,2614.5,2632.75
2016-02-17,2650.25,2671.5,2648.25,2667
2016-02-18,2670.25,2671.25,2655.5,2660.5
2016-02-19,2650.25,2660.25,2642.75,2658.5
2016-02-22,2677,2688,2676.25,2679.5
2016-02-23,2678.5,2681.5,2659.5,2659.75
2016-02-24,2644.5,2675.5,2631,2674.75
2016-02-25,2675.75,2695,2666.25,2694.75
2016-02-26,2704,2705.25,2686,2686.75
2016-02-29,2689,2700.5,2670.75,2674.25
2016-03-01,2688,2722.75,2682.5,2722.25
2016-03-02,2715.25,2729,2710.5,2727
2016-03-03,2726,2736,2719,2735.25
2016-03-04,2738.5,2751.75,2728.25,2739
2016-03-07,2731.5,2748.75,2730.25,2743
2016-03-08,2731,2737.25,2720.25,2725.75
2016-03-09,2731.75,2736,2722.25,2733.25
2016-03-10,2737.5,2749,2711.5,2733.5
2016-03-11,2751,2766.5,2749.5,2764.5
2016-03-14,2759.75,2768.75,2756.25,2762.75
2016-03-15,2751.75,2760.75,2748.75,2759.75
2016-03-16,2754,2776.5,2753.5,2770.25
2016-03-17,2770.5,2790.5,2765.75,2784
2016-03-18,2790.5,2796.5,2786.75,2791.25
2016-03-21,2789.5,2798.25,2786.5,2796.25
2016-03-22,2786,2801.25,2784.25,2796.5
2016-03-23,2790.25,2792.25,2779,2782.75
2016-03-24,2768.5,2782.75,2766,2782.25
2016-03-28,2785,2787.75,2775.75,2782
2016-03-29,2776.75,2801.75,2773,2801.25
2016-03-30,2812,2818.25,2805.25,2808.75
2016-03-31,2808.25,2813.5,2802.5,2807.5
2016-04-01,2792.75,2820.75,2789,2819.25
2016-04-04,2818,2820.25,2808,2810.75
2016-04-05,2795.75,2801.75,2788,2792.75
2016-04-06,2792,2814.25,2788.75,2814
2016-04-07,2800.75,2804.75,2779.75,2788.5
2016-04-08,2802.75,2808,2787.75,2794.5
2016-04-11,2802,2810.25,2787.25,2788.5
2016-04-12,2791.5,2812.25,2786.25,2809.75
2016-04-13,2819.5,2830.75,2817.75,2829.75
2016-04-14,2830.25,2835.5,2825.5,2830.75
2016-04-15,2829.75,2830.75,2823.25,2828.5
2016-04-18,2820.5,2842.5,2819,2840.5
2016-04-19,2846.75,2851.5,2838.75,2847.5
2016-04-20,2849.25,2859,2843.25,2851.75
2016-04-21,2850.75,2852.25,2835.75,2836.5
2016-04-22,2835.25,2842.75,2828.75,2840
2016-04-25,2832.25,2837.25,2824.75,2837
2016-04-26,2840.25,2845,2833.25,2842.5
2016-04-27,2834.5,2847.75,2830,2844.75
2016-04-28,2834,2847.25,2819,2827
2016-04-29,2816.5,2820.75,2799.5,2815
2016-05-02,2818.75,2831.25,2813.25,2828.25
2016-05-03,2814.25,2817,2801.75,2810.5
2016-05-04,2798.75,2807.25,2792.75,2800.5
2016-05-05,2804.5,2808.75,2793.25,2797.75
2016-05-06,2789.25,2807.25,2787.5,2806.5
2016-05-09,2804.25,2812.5,2802,2808.25
2016-05-10,2816,2833.5,2815,2832
2016-05-11,2828,2832.25,2811.5,2811.75
2016-05-12,2821.5,2823.5,2802.25,2812.5
2016-05-13,2810.75,2817.25,2792.25,2797.25
2016-05-16,2798,2822.25,2797.25,2816.5
2016-05-17,2813.25,2816.5,2790.5,2798
2016-05-18,2793,2811.5,2784.5,2796.25
2016-05-19,2788.75,2793.5,2775.75,2792.75
2016-05-20,2797.25,2809.25,2796.5,2803.75
2016-05-23,2803.25,2806.5,2797.75,2799
2016-05-24,2810.25,2831,2809.75,2829.25
2016-05-25,2835.25,2846.25,2834.5,2841
2016-05-26,2843,2845.5,2838,2843.75
2016-05-27,2843.5,2851.75,2843,2851.25
2016-05-31,2853.75,2855.25,2839.75,2848.5
2016-06-01,2839.5,2853,2837,2851
2016-06-02,2846,2858,2840.5,2857.25
2016-06-03,2850.75,2855,2836.5,2851.75
2016-06-06,2855,2866,2853.25,2861.75
2016-06-07,2863.5,2871.75,2863,2864.25
2016-06-08,2866.5,2873.5,2865,2872
2016-06-09,2863.25,2870.5,2860,2868.25
2016-06-10,2852.75,2856.75,2842.25,2849.75
2016-06-13,2842,2852,2831.5,2832.25
2016-06-14,2828,2835.5,2817.5,2829
2016-06-15,2834,2842.25,2823.75,2826
2016-06-16,2815.75,2834.25,2803.5,2833
2016-06-17,2830.75,2831,2816,2821.5
2016-06-20,2847.25,2855.25,2834,2837.25
2016-06-21,2842,2848.5,2836.75,2843
2016-06-22,2845.25,2854,2838,2840
2016-06-23,2857.25,2869.5,2851.75,2869
2016-06-24,2794.25,2827.5,2779.25,2784.5
2016-06-27,2773.5,2773.5,2744.25,2747.75
2016-06-28,2772.5,2791.75,2768.75,2791
2016-06-29,2806.5,2830,2805,2829.75
2016-06-30,2830.5,2854,2823.75,2851.25
2016-07-01,2852,2863.5,2851.75,2859.5
2016-07-05,2848,2849.25,2835.25,2845.75
2016-07-06,2836.5,2857.25,2828.5,2856.5
2016-07-07,2857,2864.75,2844.5,2855
2016-07-08,2869,2888.25,2866.25,2882.5
2016-07-11,2890.25,2899.5,2888,2893.25
2016-07-12,2904,2912,2901,2908.75
2016-07-13,2913.5,2913.5,2902.25,2908.5
2016-07-14,2923,2925.75,2915.5,2920.25
2016-07-15,2926.5,2927,2911.75,2915.25
2016-07-18,2918.75,2925.25,2915.5,2922
2016-07-19,2918,2922.75,2915,2920.75
2016-07-20,2926.25,2932.5,2921.25,2930
2016-07-21,2928.5,2931.25,2916.25,2921.25
2016-07-22,2923,2932,2919.75,2930
2016-07-25,2928.75,2929.75,2918.5,2925
2016-07-26,2924.5,2930.75,2916.5,2926
2016-07-27,2931,2932,2914.75,2923.25
2016-07-28,2922,2930.25,2916.25,2927
2016-07-29,2923.75,2934.5,2920.25,2933.25
2016-08-01,2930.75,2935.5,2922.5,2927.5
2016-08-02,2925,2926.75,2904.25,2915.75
2016-08-03,2913.5,2921,2909.75,2919.75
2016-08-04,2921.5,2926.25,2916.75,2921.75
2016-08-05,2930.75,2941.25,2929.25,2939.5
2016-08-08,2943,2944,2936,2938.5
2016-08-09,2940,2946.25,2936.5,2940.5
2016-08-10,2941.75,2942.75,2930.5,2935.5
2016-08-11,2941,2948,2938,2944.5
2016-08-12,2941.5,2945.75,2938.25,2943
2016-08-15,2947.5,2953.5,2947.25,2949
2016-08-16,2944.25,2945.25,2938,2939.75
2016-08-17,2938.5,2943.75,2928.25,2942.75
2016-08-18,2941.5,2947.25,2940.5,2946
2016-08-19,2941.5,2945.75,2935.25,2944.5
2016-08-22,2940.75,2946.25,2936.25,2944.5
2016-08-23,2950.5,2954.25,2947.25,2948
2016-08-24,2946.5,2947.5,2931.5,2938
2016-08-25,2932,2940,2930.25,2936
2016-08-26,2937.5,2949.5,2920.25,2931.5
2016-08-29,2932.5,2945,2932,2942
2016-08-30,2940.75,2944.25,2931.25,2938.25
2016-08-31,2934.5,2935.5,2922.25,2933
2016-09-01,2931,2935,2917.5,2929.75
2016-09-02,2941.5,2946.5,2934.5,2940.75
2016-09-06,2944.5,2949,2935.75,2947.25
2016-09-07,2945.75,2949.5,2940.25,2947.5
2016-09-08,2943.25,2946.75,2938.5,2940.25
2016-09-09,2926.75,2927.25,2885,2885.75
2016-09-12,2880.75,2925.5,2880,2920.25
2016-09-13,2905,2908.25,2881.5,2892
2016-09-14,2889.75,2903.75,2881.25,2882.25
2016-09-15,2885.75,2913.75,2883.75,2907.25
2016-09-16,2900.5,2903.5,2892.25,2901.25
2016-09-19,2908.25,2916,2897,2902.25
2016-09-20,2911,2912.75,2899,2900.25
2016-09-21,2909,2926.75,2900.75,2925.5
2016-09-22,2936.75,2942,2933.5,2937.5
2016-09-23,2933.5,2935.5,2925.25,2928
2016-09-26,2917.25,2918.75,2906,2909.25
2016-09-27,2906.5,2923.25,2902,2922
2016-09-28,2924.75,2934.5,2913.25,2932.25
2016-09-29,2930.5,2935,2906.5,2918
2016-09-30,2922.5,2937.5,2919.75,2928.25
2016-10-03,2924,2926,2916,2922.75
2016-10-04,2925,2927.5,2905.25,2914
2016-10-05,2919.75,2927.25,2919,2922.75
2016-10-06,2919.25,2926.5,2912.5,2925.75
2016-10-07,2926.5,2928.5,2907.25,2915.75
2016-10-10,2927.25,2932.75,2925.5,2928.5
2016-10-11,2922,2923,2891,2903.75
2016-10-12,2901.25,2908.75,2895.5,2900.75
2016-10-13,2887,2901.5,2877,2895.75
2016-10-14,2906.75,2912.5,2894.25,2896.25
2016-10-17,2896.25,2899.25,2887,2892.5
2016-10-18,2908.25,2908.5,2898.25,2901
2016-10-19,2906,2911.75,2901.5,2907.75
2016-10-20,2904,2910.5,2896,2906.25
2016-10-21,2894.5,2906,2892.5,2904
2016-10-24,2915,2918.25,2909.75,2913.75
2016-10-25,2911.75,2915,2904.5,2907.75
2016-10-26,2896.75,2909.25,2894,2903
2016-10-27,2911,2911.5,2891.75,2893.25
2016-10-28,2896.5,2904.5,2881.75,2893.25
2016-10-31,2894.5,2897,2888.25,2892.25
2016-11-01,2894.25,2894.75,2860.25,2873.25
2016-11-02,2871,2875.75,2856.5,2861.75
2016-11-03,2864.25,2867,2849,2853.25
2016-11-04,2853.5,2863.5,2848.25,2849
2016-11-07,2878.75,2899.5,2877.25,2898.75
2016-11-08,2891.75,2912.5,2888.25,2904.5
2016-11-09,2888,2936,2887.5,2930
2016-11-10,2937.5,2947.75,2917,2936
2016-11-11,2925.75,2932.25,2917.75,2930.75
2016-11-14,2934.75,2937.25,2921.5,2930.25
2016-11-15,2934.75,2949,2932.25,2948.5
2016-11-16,2940,2945.5,2938.25,2941.75
2016-11-17,2944.5,2954.75,2943.25,2954
2016-11-18,2954.75,2956.75,2946.75,2949.75
2016-11-21,2955.75,2965.75,2954,2962
2016-11-22,2969.25,2972,2961,2970
2016-11-23,2963.75,2971.5,2961.25,2969.75
2016-11-25,2975,2981,2974,2980.75
2016-11-28,2975.5,2978.75,2967.5,2970
2016-11-29,2969.5,2978.75,2965.5,2973
2016-11-30,2980.5,2982.25,2966.75,2969
2016-12-01,2971,2971.25,2955.25,2961
2016-12-02,2960.5,2966.5,2956.25,2961.5
2016-12-05,2970.25,2978,2968,2973.5
2016-12-06,2975.5,2981.25,2970,2979.75
2016-12-07,2978.75,3010.5,2977,3005.75
2016-12-08,3009,3020.75,3006,3016.75
2016-12-09,3017.75,3030,3017,3029
2016-12-12,3027.75,3033.5,3021.5,3024.75
2016-12-13,3034.25,3047.75,3033.75,3042.25
2016-12-14,3038.25,3047.25,3017.75,3026.75
2016-12-15,3025.75,3042.5,3024,3033.25
2016-12-16,3036.25,3037.5,3024.25,3030
2016-12-19,3030.75,3038.5,3028.75,3034.75
2016-12-20,3040,3044.25,3037,3041.25
2016-12-21,3040.5,3042.75,3034.5,3035.25
2016-12-22,3033.25,3034.75,3026.25,3033.5
2016-12-23,3031.25,3035,3029,3034.5
2016-12-27,3037,3044.25,3035.25,3035.5
2016-12-28,3041.75,3041.75,3018.25,3020.25
2016-12-29,3020.5,3024.75,3014.25,3020
2016-12-30,3023.5,3024.25,3002.75,3009.5
2017-01-03,3026.75,3034.25,3014.25,3027.5
2017-01-04,3031,3042,3030.75,3039.25
2017-01-05,3036.5,3040,3028.75,3038.75
2017-01-06,3039.5,3051.75,3033,3046
2017-01-09,3043.5,3045,3038.25,3039.75
2017-01-10,3039.25,3048.75,3034.25,3038.75
2017-01-11,3038,3046.5,3029.75,3045.25
2017-01-12,3039.25,3042,3023.25,3038.5
2017-01-13,3041.5,3048.25,3041,3047
2017-01-17,3037.25,3042,3032,3037.25
2017-01-18,3039.5,3042.25,3033,3040.75
2017-01-19,3042.5,3044.25,3027.75,3036.5
2017-01-20,3041.25,3047.5,3034.5,3041.25
2017-01-23,3037.25,3042.25,3026.5,3036.75
2017-01-24,3038.25,3055.25,3036.75,3049.25
2017-01-25,3061.25,3070,3059,3068.5
2017-01-26,3067.75,3071.25,3064.25,3068.75
2017-01-27,3068.5,3070.25,3061.75,3063.5
2017-01-30,3055.75,3056,3038,3051
2017-01-31,3043.5,3051.25,3037,3049.75
2017-02-01,3056.5,3059.75,3043,3049.5
2017-02-02,3045.5,3054.5,3041.5,3050.5
2017-02-03,3061.75,3068.75,3057.75,3066
2017-02-06,3061.5,3066.25,3058.25,3061
2017-02-07,3067,3069.75,3060,3062.75
2017-02-08,3059,3066.75,3055.75,3065
2017-02-09,3068.5,3082.5,3067.75,3078.75
2017-02-10,3082.75,3090.5,3081.5,3087.5
2017-02-13,3093.75,3103.75,3093.25,3101.25
2017-02-14,3098.5,3112.5,3094.5,3112
2017-02-15,3107.5,3125.75,3106.75,3124.75
2017-02-16,3122.75,3124.5,3111.5,3120.5
2017-02-17,3112.5,3123.5,3112,3122.25
2017-02-21,3127.75,3139.75,3127.5,3134.5
2017-02-22,3132.75,3138,3130.5,3135.75
2017-02-23,3141.25,3141.5,3127.75,3138
2017-02-24,3127,3140.5,3126.25,3139.75
2017-02-27,3138.5,3145.5,3135.75,3143.25
2017-02-28,3139.25,3141.75,3132.25,3137.5
2017-03-01,3156.25,3175.75,3156,3167.75
2017-03-02,3167.5,3167.75,3152.75,3156.5
2017-03-03,3153.5,3158,3149,3155.5
2017-03-06,3146.75,3153,3141.75,3150.25
2017-03-07,3145.25,3149.5,3139.25,3141.25
2017-03-08,3144.75,3147.75,3135.5,3139.25
2017-03-09,3138.5,3144,3128.75,3141.25
2017-03-10,3151.25,3152,3137,3146.25
2017-03-13,3147.5,3150,3143.75,3150
2017-03-14,3143.25,3143.5,3132.75,3140.75
2017-03-15,3146.75,3165.75,3143.75,3158.5
2017-03-16,3161.75,3162.5,3151.5,3157.25
2017-03-17,3158.5,3160.25,3150.75,3152.75
2017-03-20,3150.75,3154,3143.5,3148.5
2017-03-21,3155.25,3156.75,3116,3120
2017-03-22,3118.25,3126.75,3110.75,3120.75
2017-03-23,3120.5,3134,3116.25,3118
2017-03-24,3124.25,3130.75,3109.75,3122.75
2017-03-27,3099,3119.5,3096,3116
2017-03-28,3112.75,3138.5,3111.5,3129.5
2017-03-29,3130,3137.75,3126.75,3135
2017-03-30,3134,3144.75,3132,3142.75
2017-03-31,3138.5,3144.75,3135.75,3136.75
2017-04-03,3137.25,3139.75,3118,3134
2017-04-04,3128.75,3136.5,3124.5,3134.5
2017-04-05,3141,3153,3122.25,3124.5
2017-04-06,3128.5,3139.25,3123,3131.5
2017-04-07,3130.25,3138.75,3125,3130.25
2017-04-10,3132.25,3141.25,3125.5,3130.75
2017-04-11,3127,3129.75,3111.25,3129.25
2017-04-12,3125,3127.5,3115.5,3118.5
2017-04-13,3114.25,3123,3102,3105.5
2017-04-17,3108.75,3124,3106.75,3123.25
2017-04-18,3114.75,3122.5,3108.25,3115.75
2017-04-19,3123,3127.25,3109.25,3111.5
2017-04-20,3119,3136.25,3115.25,3130
2017-04-21,3130.25,3131,3118.5,3125.25
2017-04-24,3149.5,3152,3143.75,3148.25
2017-04-25,3156.5,3167.25,3155.5,3163
2017-04-26,3162.75,3172.75,3160,3160.75
2017-04-27,3164.5,3166.75,3156.75,3164.25
2017-04-28,3166,3166.25,3156.25,3158.5
2017-05-01,3164,3168.75,3158.75,3165
2017-05-02,3165.5,3166.75,3159.75,3164
2017-05-03,3159.5,3164,3153.5,3160.75
2017-05-04,3164.75,3165.75,3154,3163.75
2017-05-05,3168,3176,3163,3175.75
2017-05-08,3173.75,3175.75,3167.75,3173
2017-05-09,3175.75,3178,3166.75,3171.25
2017-05-10,3169.75,3175,3167.25,3173.25
2017-05-11,3169.25,3171.5,3157,3169
2017-05-12,3166.5,3168,3162.25,3166.75
2017-05-15,3170.5,3180.25,3170.25,3176.25
2017-05-16,3182,3182.5,3171.75,3175.75
2017-05-17,3156.5,3161.75,3132.75,3136.25
2017-05-18,3132.25,3153,3129.5,3141.5
2017-05-19,3148.25,3166,3147.75,3159.5
2017-05-22,3164,3172.25,3163,3170.5
2017-05-23,3174.5,3177.5,3170,3175.75
2017-05-24,3178,3182,3174,3179.5
2017-05-25,3186.5,3195.75,3184,3191.25
2017-05-26,3190,3193.5,3189,3192
2017-05-30,3187.75,3192.5,3186,3189
2017-05-31,3192.5,3193.25,3180.75,3191.75
2017-06-01,3193.75,3208.5,3190.75,3207.75
2017-06-02,3208.25,3217.75,3205,3215.75
2017-06-05,3213.75,3217,3211.5,3212.75
2017-06-06,3206.75,3213.75,3205,3208.75
2017-06-07,3209.75,3213,3202,3210
2017-06-08,3211.25,3217,3205.25,3210.5
2017-06-09,3214.75,3223.75,3192.75,3209
2017-06-12,3204.5,3207.5,3197,3207
2017-06-13,3213,3219.25,3208.75,3218
2017-06-14,3221.5,3222,3205.75,3215.25
2017-06-15,3199.5,3212.5,3196.25,3212.25
2017-06-16,3211.75,3212.5,3200.25,3211.5
2017-06-19,3220,3231.5,3218.5,3227.5
2017-06-20,3226.25,3226.75,3214,3218
2017-06-21,3218.25,3220,3208,3213.25
2017-06-22,3213.5,3219,3210,3211.75
2017-06-23,3212.75,3218.75,3208.25,3214.5
2017-06-26,3222.25,3227.5,3214,3215.75
2017-06-27,3213.25,3217,3196.5,3200.75
2017-06-28,3208,3220.5,3205.5,3218.25
2017-06-29,3220,3220.5,3182.25,3200
2017-06-30,3205.5,3209.75,3198.5,3201.25
2017-07-03,3211.75,3216.5,3202,3203.75
2017-07-05,3208.5,3212.25,3199.25,3207.75
2017-07-06,3200.75,3202.25,3185.25,3188.25
2017-07-07,3193.75,3205,3192,3202.5
2017-07-10,3201,3210,3199.25,3204.5
2017-07-11,3203.25,3207.25,3190.25,3204.75
2017-07-12,3215,3223.75,3214.75,3219.75
2017-07-13,3221.75,3227,3219,3225.25
2017-07-14,3225.75,3241.25,3224.25,3236.25
2017-07-17,3235.75,3240.5,3234.25,3238.5
2017-07-18,3232,3238.5,3228,3238.25
2017-07-19,3241.5,3251.75,3241.25,3251.25
2017-07-20,3254,3255.25,3245.5,3251
2017-07-21,3245.75,3250.25,3242.75,3249.25
2017-07-24,3249,3250.5,3243.5,3248.25
2017-07-25,3258,3258.75,3252.5,3254.5
2017-07-26,3258.25,3258.5,3251.5,3253
2017-07-27,3260,3260.5,3237,3252.25
2017-07-28,3246.5,3251,3241.5,3251
2017-07-31,3253.75,3255,3245.25,3250
2017-08-01,3254.5,3255,3248,3251.75
2017-08-02,3254.75,3255.75,3243.25,3253.25
2017-08-03,3253,3253,3246,3252
2017-08-04,3254.75,3257.75,3249.25,3252.5
2017-08-07,3254.25,3258.25,3253,3257.5
2017-08-08,3254.25,3268.5,3247.5,3252.75
2017-08-09,3243.5,3254,3239.25,3253.25
2017-08-10,3241.25,3243,3215.75,3216.75
2017-08-11,3218.75,3226.5,3216,3220.25
2017-08-14,3234.25,3246.5,3234,3243.75
2017-08-15,3248.25,3248.5,3240,3244.25
2017-08-16,3249.5,3254,3242.5,3247.75
2017-08-17,3240.5,3244,3207.75,3210
2017-08-18,3206.5,3219.5,3199.5,3207
2017-08-21,3204.25,3209.5,3195.75,3208.5
2017-08-22,3213.25,3234,3212.75,3233.25
2017-08-23,3220.5,3227.75,3218.75,3221.25
2017-08-24,3227.5,3229,3214.5,3221
2017-08-25,3226.25,3233.5,3221,3222.5
2017-08-28,3228.25,3229.25,3218,3223.75
2017-08-29,3208.25,3228.5,3206.25,3227.5
2017-08-30,3224.75,3239.75,3222.75,3236
2017-08-31,3243.75,3254.25,3242.5,3249
2017-09-01,3255.25,3259.75,3253,3254
2017-09-05,3248.75,3251.25,3225.5,3240
2017-09-06,3244.75,3249,3238.25,3246
2017-09-07,3248.5,3248.75,3239.5,3246.75
2017-09-08,3240.75,3246.5,3238.5,3242.75
2017-09-11,3255.75,3268.75,3255.75,3267
2017-09-12,3271.5,3276.5,3269.5,3276
2017-09-13,3272.25,3277.25,3271,3276.75
2017-09-14,3272.5,3278,3270.75,3276.5
2017-09-15,3273.75,3279.75,3272.25,3279
2017-09-18,3282.75,3287.75,3279.5,3284.5
2017-09-19,3286.75,3287.75,3283,3286
2017-09-20,3287.75,3289,3275.75,3286.75
2017-09-21,3285.5,3286.25,3278.25,3282.5
2017-09-22,3277,3282.75,3276.5,3281
2017-09-25,3277.5,3281.75,3266.75,3279.25
2017-09-26,3280.25,3283,3274,3277.5
2017-09-27,3285.25,3291,3274.75,3285.75
2017-09-28,3283,3290,3281.75,3289.75
2017-09-29,3288.5,3299.5,3286.5,3298.5
2017-10-02,3300,3308.75,3299.25,3308
2017-10-03,3309.5,3314.75,3307.5,3314.75
2017-10-04,3311.75,3319.75,3310.75,3317.75
2017-10-05,3320.25,3332.5,3319,3331.5
2017-10-06,3326,3329.25,3323.25,3327
2017-10-09,3330.75,3331.75,3321,3325.75
2017-10-10,3330.75,3335,3324.5,3330.25
2017-10-11,3329.75,3335.25,3327.75,3334.5
2017-10-12,3331,3335,3328,3331.25
2017-10-13,3335.75,3337.25,3332,3334.25
2017-10-16,3336.5,3339.5,3332.5,3338
2017-10-17,3336.5,3339.5,3334,3339.25
2017-10-18,3343.25,3343.75,3339,3342
2017-10-19,3332,3343.25,3327,3342.5
2017-10-20,3350.75,3356.25,3347.75,3355.75
2017-10-23,3358.5,3358.5,3343.75,3344.75
2017-10-24,3349.5,3352,3345,3348.75
2017-10-25,3345.5,3346.75,3323.25,3340.5
2017-10-26,3343.5,3346.75,3337.25,3342.75
2017-10-27,3348.25,3362.5,3345,3360.25
2017-10-30,3354,3359.25,3347.25,3349.75
2017-10-31,3354.75,3357.25,3350.75,3354.25
2017-11-01,3363.25,3367.25,3353.25,3356.25
2017-11-02,3356.25,3360,3344,3358.5
2017-11-03,3360,3367.25,3355.25,3364.5
2017-11-06,3364.75,3371.75,3364,3370.5
2017-11-07,3371.5,3375.25,3362.5,3368.75
2017-11-08,3366.25,3374.25,3363.25,3373
2017-11-09,3358.75,3366,3345,3365.25
2017-11-10,3358.75,3363.5,3354.75,3361.5
2017-11-13,3354.25,3367.25,3353.75,3363.75
2017-11-14,3355.25,3360,3346,3359.75
2017-11-15,3348,3353.25,3337.25,3346.75
2017-11-16,3355.75,3371.25,3355.5,3367
2017-11-17,3362.5,3365,3357.5,3357.75
2017-11-20,3361.75,3365.75,3358.75,3364
2017-11-21,3372,3382.25,3371,3377.75
2017-11-22,3380,3381.5,3375.5,3376
2017-11-24,3382.25,3384.75,3381,3383.25
2017-11-27,3383.5,3387.25,3379.5,3383.25
2017-11-28,3387.5,3408.75,3386,3407.5
2017-11-29,3409.75,3416,3401.5,3407
2017-11-30,3417,3440.25,3416.25,3423
2017-12-01,3427,3432.5,3386.75,3426.25
2017-12-04,3442,3447,3418.75,3420
2017-12-05,3423.5,3430.5,3409.25,3410.25
2017-12-06,3407.5,3416.25,3405.75,3411
2017-12-07,3409.5,3423,3408,3421.5
2017-12-08,3428.5,3434,3425.75,3433
2017-12-11,3434.25,3443.75,3433.5,3443.75
2017-12-12,3444.25,3451.75,3442,3447
2017-12-13,3449,3454.25,3445,3448
2017-12-14,3449,3450,3433,3435
2017-12-15,3445.5,3461.5,3444.75,3460.75
2017-12-18,3471.25,3476.75,3470.25,3473.5
2017-12-19,3476,3476.25,3461.75,3462.75
2017-12-20,3473.25,3474.25,3457.75,3460.5
2017-12-21,3468,3474.75,3463.5,3466.25
2017-12-22,3467,3468.25,3461,3465
2017-12-26,3464.25,3467,3463,3466
2017-12-27,3467,3469.75,3460.25,3463.75
2017-12-28,3467,3467.75,3461.75,3464.5
2017-12-29,3472.5,3472.75,3447.5,3451.75
2018-01-02,3465.75,3474.75,3460.5,3471.75
2018-01-03,3476,3493,3475.75,3489
2018-01-04,3498,3507.75,3497,3502.75
2018-01-05,3511,3522,3505.25,3521.5
2018-01-08,3518.75,3527.25,3515.75,3526
2018-01-09,3529.75,3538.75,3526.75,3531.25
2018-01-10,3522.75,3530.5,3515.25,3529.5
2018-01-11,3533,3548.75,3531.5,3548.25
2018-01-12,3550,3567.75,3548.75,3567.25
2018-01-16,3579.5,3587.25,3548,3562
2018-01-17,3567.5,3588.25,3559.25,3582.5
2018-01-18,3581.5,3586.5,3572.5,3575.25
2018-01-19,3584.75,3593.75,3578.25,3590
2018-01-22,3588.25,3615.25,3588,3614
2018-01-23,3614.25,3623.5,3610.75,3618.25
2018-01-24,3626.75,3634,3604.25,3620.25
2018-01-25,3627.25,3628.75,3609.5,3619.75
2018-01-26,3628.5,3654,3625.25,3652.75
2018-01-29,3645,3650,3630.25,3632.5
2018-01-30,3610.5,3618.25,3597.25,3603
2018-01-31,3612.5,3618.5,3591.75,3608.25
2018-02-01,3595.5,3615.5,3591.25,3600.75
2018-02-02,3584.75,3586.5,3534,3536
2018-02-05,3518,3541.75,3380.5,3386.25
2018-02-06,3380.5,3478.5,3367.75,3468.5
2018-02-07,3466,3505.5,3445.75,3446.75
2018-02-08,3460.75,3462.75,3355.75,3368.75
2018-02-09,3388.25,3416.5,3309,3396.75
2018-02-12,3418.25,3450.25,3398.75,3433.5
2018-02-13,3419.5,3446.25,3413,3440.5
2018-02-14,3424,3480.5,3421.5,3475.5
2018-02-15,3495.5,3513.75,3467.25,3511.5
2018-02-16,3502.75,3533.5,3502.5,3513.25
2018-02-20,3499.5,3516.5,3484.5,3492.75
2018-02-21,3498,3526.5,3472.25,3477.5
2018-02-22,3490.25,3509.75,3475.25,3490.5
2018-02-23,3497,3528.25,3491.5,3527
2018-02-26,3538.25,3563.75,3531.5,3563.5
2018-02-27,3560.5,3568.5,3520.75,3527.5
2018-02-28,3536,3540.75,3490.75,3497.75
2018-03-01,3492.25,3509.75,3437.25,3457.25
2018-03-02,3435.25,3474.75,3425.75,3469.25
2018-03-05,3454.75,3506.5,3453.25,3497
2018-03-06,3510.25,3511.5,3489,3502.75
2018-03-07,3481.25,3509,3479,3502
2018-03-08,3512.25,3519.25,3500.75,3518
2018-03-09,3533.75,3565.75,3530.25,3562
2018-03-12,3568.75,3576,3557.75,3563.25
2018-03-13,3575.25,3581,3536.25,3546.25
2018-03-14,3554,3556.25,3522,3527.75
2018-03-15,3533.75,3541,3519.5,3529.25
2018-03-16,3530,3540,3526.5,3529.5
2018-03-19,3518.75,3519,3471,3496.75
2018-03-20,3494.25,3501.5,3486.5,3497.75
2018-03-21,3494,3517.75,3486.25,3492
2018-03-22,3462.25,3472,3415.75,3417.5
2018-03-23,3423.75,3432.5,3359.75,3370.5
2018-03-26,3403.5,3436.5,3375.75,3434.25
2018-03-27,3444.25,3449.75,3369.75,3389
2018-03-28,3388.5,3407.5,3366.75,3381.75
2018-03-29,3391.25,3433.25,3383,3410.5
2018-04-02,3405.75,3411.75,3325.75,3349.75
2018-04-03,3367.75,3392.5,3347.25,3387.25
2018-04-04,3346.25,3423.5,3345,3421
2018-04-05,3434.5,3446,3422.75,3436.75
2018-04-06,3413.25,3430.5,3358.25,3378.25
2018-04-09,3392.5,3427.5,3383.75,3392.5
2018-04-10,3421.5,3440,3408.75,3429
2018-04-11,3413.25,3435,3412.25,3414.25
2018-04-12,3430.75,3448.75,3428.75,3437.25
2018-04-13,3452.5,3454.25,3418.5,3431
2018-04-16,3449,3460.75,3439.75,3455
2018-04-17,3472,3487.5,3466.25,3480.5
2018-04-18,3485.5,3491.75,3477.5,3483.5
2018-04-19,3474.5,3477.25,3455.25,3465.75
2018-04-20,3466,3468.5,3433.5,3446
2018-04-23,3450.75,3456.75,3431,3444.5
2018-04-24,3454.75,3457.5,3389.75,3408.75
2018-04-25,3406,3418.75,3385,3417.75
2018-04-26,3424.75,3449.25,3419.25,3449
2018-04-27,3446.5,3450,3431.5,3444.5
2018-04-30,3448.75,3455.5,3419.5,3421
2018-05-01,3415,3428,3397,3425.25
2018-05-02,3423,3432.25,3400.75,3401.5
2018-05-03,3397.25,3408.5,3365,3405.25
2018-05-04,3389.5,3443.25,3386,3437.5
2018-05-07,3443.75,3455.25,3436.25,3443.5
2018-05-08,3439.75,3448,3426,3444.25
2018-05-09,3451,3473.75,3445.75,3469.75
2018-05-10,3478,3498.75,3476.75,3492.25
2018-05-11,3496,3506.25,3490.5,3503.5
2018-05-14,3507.5,3515,3498,3504.25
2018-05-15,3490,3490.75,3474.25,3483
2018-05-16,3485,3501.75,3484.75,3496.5
2018-05-17,3493.25,3505.75,3484.75,3492.25
2018-05-18,3489.25,3493.5,3482.5,3487.25
2018-05-21,3502.5,3513,3499,3506.75
2018-05-22,3512.25,3515.5,3495.25,3500
2018-05-23,3484.25,3506.75,3482.25,3504
2018-05-24,3501,3504.25,3479.5,3501
2018-05-25,3493.5,3500.75,3487.5,3492
2018-05-29,3474.5,3483.25,3448.75,3465.5
2018-05-30,3476.75,3503,3475.5,3498.75
2018-05-31,3492.75,3496.25,3473.5,3479.25
2018-06-01,3495.25,3510.75,3494.25,3507.5
2018-06-04,3516.25,3523,3513.5,3519.25
2018-06-05,3521.25,3526.25,3512.75,3525.25
2018-06-06,3528.75,3546.25,3521.75,3546.25
2018-06-07,3550,3553.25,3533.75,3545.5
2018-06-08,3539,3553.5,3537,3552.25
2018-06-11,3554.5,3564.25,3553,3556.75
2018-06-12,3560.5,3564,3552.75,3557.75
2018-06-13,3562.5,3566,3548.5,3548.5
2018-06-14,3560.5,3564,3551,3558.75
2018-06-15,3549,3557.5,3535.5,3554.5
2018-06-18,3536.75,3550,3531.25,3549.75
2018-06-19,3520.75,3539,3516.25,3536
2018-06-20,3544,3548.25,3537,3541.75
2018-06-21,3540.25,3540.5,3517,3522
2018-06-22,3537,3538.5,3525.25,3529.5
2018-06-25,3514.5,3516.25,3470.5,3491.75
2018-06-26,3495.75,3505.25,3487.25,3498.5
2018-06-27,3502,3518,3471,3475.5
2018-06-28,3471.5,3496.25,3463.5,3489.25
2018-06-29,3499.75,3515.5,3490.5,3492.25
2018-07-02,3473.25,3498.5,3470.5,3497.25
2018-07-03,3506.5,3508,3482,3483.25
2018-07-05,3499.5,3509.5,3487,3508.5
2018-07-06,3508.75,3536.25,3504.5,3532.5
2018-07-09,3543.5,3557.75,3542.75,3557.5
2018-07-10,3561.75,3567.75,3558.5,3566.5
2018-07-11,3548.5,3557.75,3542.25,3543.75
2018-07-12,3559.5,3571,3552.75,3568.75
2018-07-13,3568.75,3576.25,3563.25,3573.25
2018-07-16,3573,3574.75,3565,3567
2018-07-17,3561,3585.75,3560.75,3581.25
2018-07-18,3582,3588.25,3576.75,3585.75
2018-07-19,3578.75,3583.25,3570.25,3575.75
2018-07-20,3573.5,3580.5,3570.25,3571
2018-07-23,3570,3582.5,3566,3581.75
2018-07-24,3593,3601.25,3582,3590.5
2018-07-25,3588.75,3619.5,3588.25,3611.5
2018-07-26,3607.25,3616.5,3603.5,3612.25
2018-07-27,3612.25,3613.25,3578.75,3587.5
2018-07-30,3589.75,3591.75,3568.25,3573.25
2018-07-31,3582.75,3595,3578.5,3594
2018-08-01,3589.5,3595.75,3575.5,3580.75
2018-08-02,3567.25,3599.5,3565,3598.5
2018-08-03,3599,3610.5,3597,3610.25
2018-08-06,3609,3623.5,3605.5,3620
2018-08-07,3627,3633.75,3625.75,3629.75
2018-08-08,3627,3632.5,3623,3625.25
2018-08-09,3628,3632.75,3622.25,3623.5
2018-08-10,3607,3613,3596,3607.5
2018-08-13,3607,3613.75,3590,3595.75
2018-08-14,3601,3613.5,3596.75,3611.25
2018-08-15,3595.25,3596.75,3573,3592
2018-08-16,3605,3621.75,3604.75,3615.25
2018-08-17,3609.5,3627,3605,3622.5
2018-08-20,3626.75,3630.75,3621.5,3628.75
2018-08-21,3633.5,3644,3631,3631
2018-08-22,3629.5,3638.25,3626.25,3631.25
2018-08-23,3629.75,3639.75,3624.75,3627.75
2018-08-24,3634.75,3647.25,3634,3646.75
2018-08-27,3658.5,3669.25,3657,3668.75
2018-08-28,3673.25,3674.5,3664.25,3669.5
2018-08-29,3671.75,3687.5,3668.75,3684.75
2018-08-30,3679,3683,3665.5,3672
2018-08-31,3667.5,3677.5,3661.75,3675.75
2018-09-04,3667.5,3671,3655.5,3668.5
2018-09-05,3663,3665,3647.5,3658.5
2018-09-06,3659.75,3663,3638,3648.75
2018-09-07,3637.5,3655,3635,3645
2018-09-10,3655.25,3658.25,3646.5,3650.5
2018-09-11,3641.25,3663,3637.25,3660
2018-09-12,3658,3665.25,3649.5,3658.75
2018-09-13,3669.75,3677,3666.75,3675.25
2018-09-14,3677,3679.5,3666.75,3676.5
2018-09-17,3674.5,3675.25,3657.25,3661.25
2018-09-18,3662.75,3682.75,3662.25,3677.25
2018-09-19,3676.5,3683.75,3675,3680
2018-09-20,3692.75,3705.75,3691.25,3704.75
2018-09-21,3710.25,3711.5,3697.5,3699
2018-09-24,3692.5,3694,3682.75,3690.75
2018-09-25,3694,3695.25,3683.25,3686.25
2018-09-26,3687.25,3701,3672.5,3676.75
2018-09-27,3682.5,3697,3679,3685
2018-09-28,3677.5,3690.5,3677,3685.25
2018-10-01,3698.75,3707,3687.5,3694.75
2018-10-02,3693,3701,3689,3693.75
2018-10-03,3704.5,3709.75,3690.5,3696.5
2018-10-04,3688.75,3689,3652.75,3672.5
2018-10-05,3673,3679,3638.25,3659.25
2018-10-08,3646.25,3659,3631,3659
2018-10-09,3650.5,3665,3644,3652.75
2018-10-10,3644.5,3645,3545,3546
2018-10-11,3545.75,3563.75,3477.25,3511.5
2018-10-12,3541.25,3544.25,3497.25,3533.75
2018-10-15,3528.25,3543.75,3513.5,3513.75
2018-10-16,3539,3584,3533.5,3583.5
2018-10-17,3577.25,3584.25,3548.25,3581.75
2018-10-18,3566.25,3573,3521.5,3538
2018-10-19,3543.25,3565.5,3527.25,3532.75
2018-10-22,3542,3545.5,3516,3521
2018-10-23,3480.5,3519.75,3457.25,3511.5
2018-10-24,3504,3508.5,3417.25,3430
2018-10-25,3444.25,3488.75,3432.5,3450
2018-10-26,3428.75,3457.75,3392.25,3435.5
2018-10-29,3457.25,3472,3368,3408
2018-10-30,3406.25,3454,3400.75,3449.5
2018-10-31,3476.75,3502.25,3470.75,3470.75
2018-11-01,3485.5,3506.25,3472.75,3503
2018-11-02,3516.25,3521.5,3464.5,3489
2018-11-05,3492.75,3508.75,3482,3504
2018-11-06,3501.75,3526,3500.75,3524.25
2018-11-07,3544.25,3582.5,3539.25,3581.75
2018-11-08,3569.5,3580.25,3560,3574.25
2018-11-09,3558,3560.25,3529.5,3544
2018-11-12,3539.25,3542.5,3487.25,3493.75
2018-11-13,3498.25,3520.75,3479.5,3492.5
2018-11-14,3509,3513.25,3451.25,3463.75
2018-11-15,3454,3501.75,3436.25,3500.5
2018-11-16,3484,3513.75,3478.25,3507.5
2018-11-19,3496.25,3499.75,3446.5,3461.5
2018-11-20,3419.25,3435.75,3396.75,3405.5
2018-11-21,3423.25,3436.25,3412.75,3413.25
2018-11-23,3396,3412.5,3393.5,3393.5
2018-11-26,3422.25,3441.25,3417.5,3434
2018-11-27,3427.25,3449,3420.25,3449
2018-11-28,3460.25,3510,3449.25,3507.25
2018-11-29,3501.25,3519.5,3488.25,3509
2018-11-30,3501.75,3529.75,3498.25,3529.25
2018-12-03,3566.25,3567.5,3538.5,3556
2018-12-04,3547.25,3552.25,3462.25,3467
2018-12-06,3421.75,3464.25,3386.25,3456.5
2018-12-07,3456.75,3474.75,3388.25,3400
2018-12-10,3395.75,3413.5,3348,3408.25
2018-12-11,3438.25,3440.5,3386.25,3405.5
2018-12-12,3436.5,3451.5,3412.25,3416.25
2018-12-13,3426.25,3436,3402.25,3409
2018-12-14,3390.25,3401.5,3359,3366.75
2018-12-17,3354.75,3367.25,3295.5,3317
2018-12-18,3331.75,3339.5,3292.75,3298.5
2018-12-19,3311,3353.75,3251.25,3266.5
2018-12-20,3256,3273.75,3203.25,3248.75
2018-12-21,3238.25,3269.75,3171,3174.5
2018-12-24,3162,3174.25,3102.25,3104
2018-12-26,3130,3239.5,3107.25,3230.75
2018-12-27,3195,3260.5,3158.75,3255
2018-12-28,3266,3284.75,3234.5,3248.75
2018-12-31,3265.25,3274.75,3244.5,3270
2019-01-02,3229.75,3282.25,3228.75,3272.75
2019-01-03,3252.25,3255.25,3205,3210
2019-01-04,3244.75,3301,3240.5,3292.5
2019-01-07,3296.25,3329.25,3286.25,3312
2019-01-08,3337.75,3343,3309.25,3333.75
2019-01-09,3344.75,3358.5,3330.75,3344
2019-01-10,3331.5,3361.25,3323.75,3355.5
2019-01-11,3345.5,3358.5,3338.75,3356.75
2019-01-14,3337.25,3351.5,3332.5,3342.5
2019-01-15,3346.5,3375.5,3346,3366.25
2019-01-16,3376.5,3388,3374.25,3375.25
2019-01-17,3367.5,3407.25,3367.25,3397.5
2019-01-18,3417.75,3438.25,3408.75,3433.25
2019-01-22,3416,3418.25,3378.25,3393.75
2019-01-23,3408,3415.5,3374.25,3400
2019-01-24,3399.25,3409.25,3387.75,3396
2019-01-25,3423,3434.25,3418.25,3425
2019-01-28,3400.25,3405,3384,3403.75
2019-01-29,3405.25,3411.75,3391,3402.75
2019-01-30,3417,3451.5,3408.25,3444.25
2019-01-31,3440.75,3470.75,3438.25,3468.5
2019-02-01,3466.75,3477.75,3457.25,3466.5
2019-02-04,3466.5,3486.75,3458.75,3482.75
2019-02-05,3489.75,3499.5,3484,3493
2019-02-06,3493,3498.25,3484,3491.5
2019-02-07,3473.5,3480.25,3447.25,3466.5
2019-02-08,3451.75,3470.5,3442.5,3467.75
2019-02-11,3476.25,3479.25,3464.5,3470.25
2019-02-12,3488.5,3509.75,3487.75,3507
2019-02-13,3514.75,3523.75,3509.75,3511.5
2019-02-14,3501.25,3520,3492,3505.5
2019-02-15,3526.75,3539.25,3524.75,3538.75
2019-02-19,3528,3549.25,3527.75,3540.25
2019-02-20,3541.25,3552.5,3535.5,3548.75
2019-02-21,3539.5,3543.5,3526,3536
2019-02-22,3543.5,3556.25,3540.5,3553.25
2019-02-25,3569.5,3575.75,3556.75,3558.75
2019-02-26,3553.25,3565.25,3551.25,3553.25
2019-02-27,3547.25,3558,3536.75,3556.75
2019-02-28,3551,3556,3544.5,3550.75
2019-03-01,3565.5,3570,3549.25,3567
2019-03-04,3577.25,3579.75,3529.25,3553.25
2019-03-05,3556.5,3558.5,3545,3553.25
2019-03-06,3552.25,3552.5,3530.25,3533
2019-03-07,3528,3529.5,3500.25,3511.75
2019-03-08,3489,3509.25,3483.75,3509
2019-03-11,3512.25,3546.5,3511.75,3546
2019-03-12,3550.25,3560,3547.75,3554.25
2019-03-13,3564.25,3583.25,3562.25,3576.5
2019-03-14,3572.25,3577.5,3565.25,3569.5
2019-03-15,3576,3593.25,3574,3587
2019-03-18,3586.75,3598.25,3584.25,3597.25
2019-03-19,3606.5,3615.5,3585.75,3592.75
2019-03-20,3593.25,3606,3574,3583.5
2019-03-21,3577,3622.75,3576.5,3619.75
2019-03-22,3602.25,3608.5,3562,3567.5
2019-03-25,3558.5,3572,3546.25,3564
2019-03-26,3579.5,3591.75,3565.25,3580
2019-03-27,3581,3587.25,3548.5,3567
2019-03-28,3572.25,3581,3559.25,3578
2019-03-29,3592.5,3597.25,3580,3596.5
2019-04-01,3615.75,3630.25,3612.75,3627.75
2019-04-02,3628.5,3630.5,3619,3624
2019-04-03,3641.5,3646,3625.75,3636.75
2019-04-04,3635.5,3642.5,3627.75,3639.75
2019-04-05,3646.75,3654.5,3643.5,3653.25
2019-04-08,3648.25,3656.5,3641,3655.25
2019-04-09,3644,3647.75,3634,3639.5
2019-04-10,3644.5,3651.75,3640,3651.5
2019-04-11,3654.75,3655.25,3642,3648.25
2019-04-12,3666.75,3671.5,3659.25,3669.5
2019-04-15,3669,3670.25,3657.25,3666.5
2019-04-16,3676,3676.75,3661.25,3668.25
2019-04-17,3679.75,3680.25,3655.25,3657.25
2019-04-18,3666.25,3668.25,3651.75,3667.25
2019-04-22,3656.75,3670,3655.75,3669.5
2019-04-23,3672,3696.5,3669,3695.25
2019-04-24,3692.75,3696.25,3685.25,3687.25
2019-04-25,3685.5,3691.75,3671,3682.75
2019-04-26,3684.75,3699.5,3676,3698.75
2019-04-29,3698.75,3708.25,3697.75,3699.25
2019-04-30,3698.25,3708.25,3682.75,3707.25
2019-05-01,3710.75,3712.75,3677.75,3679.75
2019-05-02,3679.5,3689.5,3657.75,3674.75
2019-05-03,3690.5,3705.75,3688,3704.25
2019-05-06,3654.25,3695,3650.75,3689.75
2019-05-07,3662.75,3669.75,3619.25,3647.5
2019-05-08,3636.5,3655.5,3629.75,3643.25
2019-05-09,3613,3633.75,3593,3629.5
2019-05-10,3617,3649.75,3582.75,3643.5
2019-05-13,3583.5,3594.5,3558.75,3563.5
2019-05-14,3579.5,3610.5,3577.75,3596.25
2019-05-15,3575,3616.75,3572.5,3612
2019-05-16,3616.5,3650.75,3616,3635.25
2019-05-17,3609.75,3644.25,3609.25,3619.25
2019-05-20,3598.75,3612.5,3589.25,3600.75
2019-05-21,3616,3627.5,3613.25,3622.75
2019-05-22,3612.25,3624.75,3608.75,3613.5
2019-05-23,3588.75,3589,3562.5,3575.5
2019-05-24,3594.25,3598.75,3577.5,3588.5
2019-05-28,3587.5,3598,3557.25,3561.5
2019-05-29,3545.25,3549.5,3523,3536.75
2019-05-30,3546.5,3555.75,3533.25,3547.25
2019-05-31,3517.25,3526.25,3506.75,3508.75
2019-06-03,3507.75,3520.5,3485.5,3507
2019-06-04,3526,3562.5,3520.75,3562
2019-06-05,3578,3585,3557.75,3584.25
2019-06-06,3587.5,3609.75,3580,3602.25
2019-06-07,3613.5,3643,3611.5,3632
2019-06-10,3647.5,3662.5,3643,3646.5
2019-06-11,3663.75,3668.25,3636,3643.5
2019-06-12,3640.25,3646.5,3632,3638.25
2019-06-13,3647.25,3653.25,3639.5,3651.25
2019-06-14,3645.75,3652.5,3637.25,3647.25
2019-06-17,3648,3655.25,3644.5,3649
2019-06-18,3666.5,3689,3662.75,3679.25
2019-06-19,3678,3689.25,3667.75,3685.75
2019-06-20,3713,3715.75,3688.25,3713.25
2019-06-21,3708,3721.75,3702.5,3703.5
2019-06-24,3708.75,3712.5,3701.25,3704.75
2019-06-25,3703.5,3703.75,3672.5,3674.75
2019-06-26,3683.75,3689.25,3669.25,3670.5
2019-06-27,3678.75,3686,3674.5,3683.5
2019-06-28,3691,3707.75,3685.25,3707.25
2019-07-01,3731.75,3734.25,3708,3720.75
2019-07-02,3720.5,3732.5,3711,3732.25
2019-07-03,3735.75,3754,3734,3753.5
2019-07-05,3738.25,3750.25,3723.75,3743
2019-07-08,3734,3737.25,3725.75,3730.75
2019-07-09,3718.75,3738.75,3718.25,3734.75
2019-07-10,3747,3760,3741,3750
2019-07-11,3756,3758.75,3745,3756.75
2019-07-12,3761.5,3770.5,3758,3767.25
2019-07-15,3774,3774,3765,3770
2019-07-16,3769.25,3771.25,3757,3759.25
2019-07-17,3759.75,3761.75,3737,3737.75
2019-07-18,3733.25,3754,3728.25,3750.25
2019-07-19,3761.75,3762.25,3729,3729.75
2019-07-22,3737,3746,3731,3741.75
2019-07-23,3752.5,3760.75,3742.75,3760.5
2019-07-24,3752,3774.5,3751.25,3774
2019-07-25,3769.5,3770.25,3750.5,3758
2019-07-26,3767.25,3782,3765.75,3776.5
2019-07-29,3778.5,3778.75,3768,3774.5
2019-07-30,3758.25,3770.75,3754,3764.5
2019-07-31,3768.75,3771,3710.5,3731.25
2019-08-01,3733.75,3766.75,3697,3703.5
2019-08-02,3696,3698.5,3666,3684.25
2019-08-05,3637.5,3638.75,3573,3581
2019-08-06,3615.25,3636.25,3598.5,3628.5
2019-08-07,3599.75,3644,3575.75,3632.5
2019-08-08,3651,3693,3645,3693
2019-08-09,3681.25,3688,3651.5,3671.5
2019-08-12,3654.5,3660.75,3625,3632.5
2019-08-13,3632.25,3696.75,3628.25,3684.75
2019-08-14,3635,3642.25,3590,3592.5
2019-08-15,3602.5,3610.25,3577.5,3600.25
2019-08-16,3618.25,3647.25,3617.5,3644.25
2019-08-19,3676,3684.75,3668,3676
2019-08-20,3671.25,3677,3650,3651
2019-08-21,3678,3682.5,3670.5,3682.5
2019-08-22,3685,3692.25,3656.75,3674.25
2019-08-23,3662,3680.25,3586.5,3608.25
2019-08-26,3625,3636.5,3607.75,3635.75
2019-08-27,3647.75,3652,3612.5,3618.5
2019-08-28,3613.25,3643,3604.25,3642.5
2019-08-29,3669,3683.25,3657.75,3679.25
2019-08-30,3694,3694.25,3665.75,3673.75
2019-09-03,3656.5,3667,3643.5,3658
2019-09-04,3682.5,3691.5,3674,3691.5
2019-09-05,3718.5,3739,3717,3724.5
2019-09-06,3732.5,3738.25,3724.75,3733.25
2019-09-09,3742,3742.75,3722,3731
2019-09-10,3723.75,3732.25,3709.75,3731.5
2019-09-11,3734.5,3755,3727.25,3754.75
2019-09-12,3762,3774.25,3753.5,3763.75
2019-09-13,3767.25,3771.25,3756,3759.25
2019-09-16,3747.5,3755.75,3743.5,3752
2019-09-17,3748.25,3759,3746.5,3758.25
2019-09-18,3753.5,3762.25,3730.75,3759
2019-09-19,3763.5,3774.5,3754.75,3758.25
2019-09-20,3765,3768,3735.25,3739.25
2019-09-23,3736.25,3750.75,3733.5,3747.5
2019-09-24,3755,3759.25,3708.5,3721.75
2019-09-25,3719.75,3741.75,3703.75,3736.75
2019-09-26,3736.5,3738.5,3714.25,3730.25
2019-09-27,3738.25,3739.5,3696.25,3713.75
2019-09-30,3719,3735.75,3718.25,3735
2019-10-01,3736.75,3744,3687,3688.5
2019-10-02,3673.25,3673.75,3624,3630.25
2019-10-03,3635.25,3662.5,3605,3661.75
2019-10-04,3668.25,3703.25,3667.5,3700
2019-10-07,3691.5,3709.5,3684.25,3687.5
2019-10-08,3666.25,3674.75,3640.5,3642.5
2019-10-09,3663.75,3679.5,3656.5,3669.75
2019-10-10,3667.5,3698.25,3665.75,3692
2019-10-11,3718.75,3744,3713.75,3720.25
2019-10-14,3715,3722.5,3711.5,3716
2019-10-15,3726.75,3753.25,3725.5,3748
2019-10-16,3739.5,3747.5,3734.75,3741.25
2019-10-17,3752.25,3758,3740.5,3748
2019-10-18,3741.75,3749,3725,3738.25
2019-10-21,3749.5,3757.5,3744.5,3756.25
2019-10-22,3761,3764,3742.5,3744
2019-10-23,3742,3756,3739.75,3755.5
2019-10-24,3763.75,3765.25,3748.75,3754.25
2019-10-25,3751.5,3776.5,3751.25,3770
2019-10-28,3783.25,3792.75,3783.25,3786
2019-10-29,3784,3796.25,3782.25,3785.5
2019-10-30,3788,3799,3773.5,3798.25
2019-10-31,3794,3794.5,3770.25,3785.75
2019-11-01,3801.75,3815,3800.25,3813.25
2019-11-04,3831.5,3833,3822.5,3825.5
2019-11-05,3829,3832,3819.75,3821.75
2019-11-06,3823.25,3826.75,3813,3825.75
2019-11-07,3838,3847,3828.75,3836.25
2019-11-08,3830,3842.5,3822.5,3840.25
2019-11-11,3826,3838,3824.5,3837.75
2019-11-12,3839.25,3852,3833,3842.25
2019-11-13,3830.5,3847,3828,3845.75
2019-11-14,3838.5,3848.25,3831.75,3847.25
2019-11-15,3860.75,3869.5,3853.25,3867.75
2019-11-18,3866,3873.5,3861,3871.75
2019-11-19,3877.5,3878,3862.75,3868.25
2019-11-20,3863.25,3868.5,3840.75,3858.75
2019-11-21,3858.5,3859.75,3843.5,3853.75
2019-11-22,3860.5,3862,3847.75,3861.75
2019-11-25,3869.5,3883.5,3869.25,3882.5
2019-11-26,3883.75,3894.25,3879.75,3894
2019-11-27,3895,3905,3892.25,3903.75
2019-11-29,3897.5,3900.25,3889.5,3893.75
2019-12-02,3894.75,3895.25,3860.25,3864
2019-12-03,3834.75,3844.75,3819.5,3841
2019-12-04,3855.25,3869.5,3851.25,3861.75
2019-12-05,3870.25,3870.25,3853.25,3867.25
2019-12-06,3888.75,3901,3888.5,3896.5
2019-12-09,3892,3899.5,3882.75,3884.5
2019-12-10,3886,3893,3875.5,3886.25
2019-12-11,3887.75,3894.5,3883.5,3893.25
2019-12-12,3891.5,3927.5,3888.75,3917.5
2019-12-13,3915.5,3934,3906.75,3922
2019-12-16,3939,3948.75,3938.75,3944.75
2019-12-17,3945.75,3949.25,3940.25,3940.75
2019-12-18,3945.75,3948.75,3941.25,3945.25
2019-12-19,3943.75,3958,3943.25,3957.5
2019-12-20,3967,3975.25,3965,3971
2019-12-23,3976.25,3976.5,3970,3972.75
2019-12-24,3974,3974.5,3968.25,3972.25
2019-12-26,3975,3990.5,3974.75,3990
2019-12-27,3996.25,3996.75,3981.25,3983
2019-12-30,3987.25,3988.75,3963,3969
2019-12-31,3962.5,3981,3958.75,3980.5
2020-01-02,3992.25,4005.5,3981.25,4005
2020-01-03,3967.25,3992,3966.5,3981
2020-01-06,3960.25,3995.25,3959,3989.5
2020-01-07,3985.25,3990.5,3977.5,3981
2020-01-08,3984.75,4013.5,3981.75,4006
2020-01-09,4016.75,4022.5,4010,4021.5
2020-01-10,4027.75,4029.5,4006.5,4010.5
2020-01-13,4018.75,4035.75,4013.75,4035.5
2020-01-14,4029.5,4040.75,4023,4033.25
2020-01-15,4028,4044.75,4027,4039.5
2020-01-16,4051,4063.75,4048.5,4062.25
2020-01-17,4071,4076,4064.75,4070
2020-01-21,4062.25,4075.5,4061.75,4065.25
2020-01-22,4076.25,4083.25,4065.25,4065.75
2020-01-23,4059.25,4072.75,4047,4071.75
2020-01-24,4077.25,4078.25,4026.25,4039
2020-01-27,3982.5,4003.5,3978.75,3985
2020-01-28,4002.75,4030.75,3997.5,4023
2020-01-29,4036,4038.5,4015.25,4017
2020-01-30,3994.75,4037.75,3986.75,4036.25
2020-01-31,4021.25,4023.25,3958.5,3973.75
2020-02-03,3985,4013,3983.5,3991.5
2020-02-04,4032.25,4051,4028,4045.25
2020-02-05,4073.75,4081.75,4057.5,4080.5
2020-02-06,4089.75,4092.25,4078.5,4091
2020-02-07,4078.75,4087,4066.5,4071.75
2020-02-10,4062.25,4099.25,4062,4098.75
2020-02-11,4112,4120.25,4097.5,4103.5
2020-02-12,4118.25,4126.5,4114.25,4126.25
2020-02-13,4108,4130.5,4104.75,4123.5
2020-02-14,4123.75,4127.25,4111,4127
2020-02-18,4114.25,4120.75,4101,4115.75
2020-02-19,4126.5,4139.5,4123.5,4132.25
2020-02-20,4125.75,4134.75,4085.25,4115
2020-02-21,4103,4106.25,4073.75,4085.75
2020-02-24,3978.5,4005.75,3959.5,3972.75
2020-02-25,3986.25,3993,3863,3879.25
2020-02-26,3888,3927.75,3852.75,3855.25
2020-02-27,3800,3842,3698,3701.75
2020-02-28,3631.5,3733.75,3599,3716.75
2020-03-02,3726.25,3839,3688.25,3809.75
2020-03-03,3839.25,3882.75,3718.75,3742.75
2020-03-04,3804.5,3875.25,3776.5,3859.5
2020-03-05,3792.75,3828,3742.25,3762.5
2020-03-06,3674,3730,3643.75,3709.5
2020-03-09,3507.75,3582.5,3460.75,3494.5
2020-03-10,3586,3630.5,3474.25,3609.25
2020-03-11,3548,3560.25,3448.5,3486.5
2020-03-12,3308.75,3404.5,3193.75,3216.5
2020-03-13,3368.25,3453.5,3234.5,3443
2020-03-16,3259.25,3308.25,3106,3161.25
2020-03-17,3187.5,3299.5,3108.75,3240
2020-03-18,3109.75,3198.75,3018.75,3156.75
2020-03-19,3131.5,3214,3063,3143.5
2020-03-20,3177.5,3199.25,3036.75,3045
2020-03-23,3036.25,3047.5,2936.25,2980.25
2020-03-24,3103.5,3197.5,3090.75,3191.75
2020-03-25,3200.75,3317.5,3150.25,3222.25
2020-03-26,3249.75,3382.5,3244.75,3365.5
2020-03-27,3284.75,3361.75,3262,3281
2020-03-30,3310,3378.5,3289,3369
2020-03-31,3359.25,3386.25,3315.25,3317
2020-04-01,3231.5,3266.5,3191,3204.75
2020-04-02,3204.5,3281.75,3198,3273.5
2020-04-03,3260.25,3286.25,3205.75,3238.25
2020-04-06,3332,3425.25,3320.75,3401.75
2020-04-07,3496.5,3506.75,3391.5,3400.75
2020-04-08,3434.5,3509.25,3410.25,3491.5
2020-04-09,3530,3566.25,3509,3536.75
2020-04-13,3525.5,3528.5,3467.75,3516.5
2020-04-14,3564.25,3602.75,3553,3599.75
2020-04-15,3529.5,3549.5,3508,3531
2020-04-16,3545.5,3554.5,3511.5,3543.75
2020-04-17,3607,3629.5,3577.75,3625.75
2020-04-20,3579.5,3617.5,3561,3563.25
2020-04-21,3521,3534.25,3474,3489.25
2020-04-22,3537.5,3564.75,3523,3544.25
2020-04-23,3558.75,3593.5,3535.75,3538.25
2020-04-24,3561.75,3591.75,3539,3585.75
2020-04-27,3605.75,3638,3600.5,3625.25
2020-04-28,3665.25,3669,3608.75,3623.75
2020-04-29,3670,3704,3659,3697
2020-04-30,3671.5,3676.75,3640,3654.5
2020-05-01,3607,3614.5,3568.5,3577.75
2020-05-04,3561,3592.5,3545.25,3582
2020-05-05,3620,3646.5,3611,3615
2020-05-06,3634.25,3638.5,3588.75,3590.25
2020-05-07,3631.25,3651.75,3624.5,3637
2020-05-08,3664.75,3686.5,3652.5,3685
2020-05-11,3657,3693.75,3652.25,3680.25
2020-05-12,3691.75,3696,3608,3609.5
2020-05-13,3614,3625.5,3542.75,3569.25
2020-05-14,3543,3610.5,3517,3603.5
2020-05-15,3577.25,3616.25,3566.25,3603.25
2020-05-18,3683.75,3721.5,3680.25,3704
2020-05-19,3696.5,3715.25,3672.25,3674.75
2020-05-20,3711.25,3732.5,3709,3724.75
2020-05-21,3721,3729.75,3689.75,3693.5
2020-05-22,3698.5,3710.75,3685,3709.75
2020-05-26,3773,3775.75,3740.25,3751.25
2020-05-27,3774.25,3793.5,3722.25,3792.5
2020-05-28,3800.25,3822.25,3776.25,3794.75
2020-05-29,3778,3811.75,3748.75,3811
2020-06-01,3789.5,3815.75,3783.75,3810.5
2020-06-02,3819,3835,3804.5,3833.25
2020-06-03,3855.5,3886.25,3852.75,3874.25
2020-06-04,3864.5,3883.5,3844.25,3867.25
2020-06-05,3926.25,3967.25,3925.25,3943.75
2020-06-08,3956.5,3988,3950.25,3983.5
2020-06-09,3957,3977.75,3947.5,3962.25
2020-06-10,3968.5,3978,3936.5,3942
2020-06-11,3868.5,3875,3753,3768.5
2020-06-12,3836.25,3844.5,3738.75,3792.5
2020-06-15,3733.5,3836,3720.25,3830.5
2020-06-16,3908.75,3910.5,3830.75,3884.25
2020-06-17,3895,3898,3862.25,3874.5
2020-06-18,3853.75,3876.75,3848.5,3866.5
2020-06-19,3909,3911.75,3825.25,3828.25
2020-06-22,3846.75,3881.5,3834,3880.5
2020-06-23,3902,3912.75,3883.25,3885.25
2020-06-24,3865.25,3872.25,3787.5,3818.25
2020-06-25,3801.75,3847.25,3779.25,3837.75
2020-06-26,3828.75,3831,3760.25,3776
2020-06-29,3781,3816.5,3756.25,3815
2020-06-30,3806.5,3869,3805.25,3851
2020-07-01,3862.25,3885.5,3857,3870.25
2020-07-02,3909.75,3924.25,3882,3896.5
2020-07-06,3931.25,3942.25,3922.75,3939
2020-07-07,3920.75,3942,3900.25,3903.75
2020-07-08,3912.75,3931.75,3893.75,3931.25
2020-07-09,3935,3937.75,3873,3908.5
2020-07-10,3909.25,3947.25,3894.25,3946.75
2020-07-13,3968.25,3994,3908.25,3918.25
2020-07-14,3899.5,3960,3886.75,3951
2020-07-15,3990.75,3997.5,3959.75,3987.75
2020-07-16,3965,3979.75,3958,3963
2020-07-17,3985.5,3993,3964.25,3980.5
2020-07-20,3981.5,4018.25,3973.25,4014
2020-07-21,4031.5,4036.5,4007,4019.75
2020-07-22,4013.5,4039.5,4012.25,4034
2020-07-23,4032,4039.5,3982,3994.25
2020-07-24,3976.75,3987,3959.25,3971
2020-07-27,3983.75,4001.5,3975,4000.25
2020-07-28,3991.5,4004,3975.75,3980.25
2020-07-29,3988.25,4024.75,3987.75,4020
2020-07-30,3986,4020.25,3962.75,4016.5
2020-07-31,4025.75,4034.75,3980.25,4031.5
2020-08-03,4050.75,4063.25,4044.25,4056
2020-08-04,4045.75,4068.25,4045.5,4067
2020-08-05,4082,4091,4079,4083
2020-08-06,4081.5,4113.25,4078.25,4112.25
2020-08-07,4099.75,4114.5,4090,4113
2020-08-10,4117.75,4125,4096.75,4120.25
2020-08-11,4136,4142.5,4087.25,4097.25
2020-08-12,4121.5,4150.25,4121.25,4137.75
2020-08-13,4133,4149.75,4125.25,4134.75
2020-08-14,4131.25,4141.25,4123.75,4129.75
2020-08-17,4146.5,4150.5,4141.75,4147.75
2020-08-18,4150.5,4158.5,4133,4154
2020-08-19,4157.75,4163.5,4133.25,4140.25
2020-08-20,4120.5,4154.75,4119,4148.75
2020-08-21,4146.25,4164,4142.5,4160.25
2020-08-24,4188.25,4197.25,4177.25,4194.75
2020-08-25,4202.5,4211.25,4189.5,4210.5
2020-08-26,4214.5,4248.75,4208.75,4248
2020-08-27,4252.25,4266,4232.5,4252.75
2020-08-28,4261.5,4274.5,4248.5,4271.5
2020-08-31,4270.5,4280.75,4257.75,4265.25
2020-09-01,4269.25,4295.25,4259.5,4294.5
2020-09-02,4314,4354.75,4301.5,4347
2020-09-03,4325.75,4331.25,4192.25,4227.25
2020-09-04,4228,4245,4115.5,4186
2020-09-08,4133.5,4147.25,4095.25,4104
2020-09-09,4142.75,4191.75,4133,4168.75
2020-09-10,4185,4192,4095,4108.25
2020-09-11,4124.75,4136.25,4076.5,4102.75
2020-09-14,4141.25,4170.5,4135.75,4150
2020-09-15,4178,4187,4156.5,4173
2020-09-16,4182.25,4197.5,4151.75,4157
2020-09-17,4101.5,4143.25,4095.75,4129
2020-09-18,4133,4135.25,4058.75,4095.25
2020-09-21,4036,4054.5,3995.75,4052.75
2020-09-22,4064,4087.5,4036.75,4077.25
2020-09-23,4087.25,4090.5,3999,4009.75
2020-09-24,3990.25,4046.25,3976,4016
2020-09-25,4003.75,4074.25,3994,4065.5
2020-09-28,4111,4128.75,4099.75,4124.5
2020-09-29,4118.75,4126.25,4094.5,4112
2020-09-30,4109.75,4162,4107.25,4117
2020-10-01,4155.25,4165.5,4128,4145.5
2020-10-02,4094.75,4137.5,4089.5,4117.5
2020-10-05,4138.5,4178,4138.5,4171
2020-10-06,4177.25,4199.75,4121.75,4130.25
2020-10-07,4159.25,4194.75,4159,4185
2020-10-08,4206.5,4216.75,4196.75,4215.5
2020-10-09,4234.25,4252,4227.5,4251.5
2020-10-12,4274.75,4319,4269.25,4312.25
2020-10-13,4301.5,4302.75,4269.5,4283.25
2020-10-14,4286,4298.25,4250,4258.25
2020-10-15,4215,4259,4209.5,4253.5
2020-10-16,4268,4286.5,4239.25,4240.25
2020-10-19,4265.25,4271.75,4188.75,4201.25
2020-10-20,4213,4247.75,4204.75,4209.25
2020-10-21,4211.75,4235.25,4202.5,4211.5
2020-10-22,4208,4231,4184.75,4226.25
2020-10-23,4238,4238.5,4209.5,4229.25
2020-10-26,4199.75,4208,4134,4173.5
2020-10-27,4175.25,4179.5,4154.25,4158.25
2020-10-28,4099,4106.25,4038.75,4047.5
2020-10-29,4046.75,4111.75,4028.25,4071.5
2020-10-30,4059.5,4074.25,4003,4049.75
2020-11-02,4080,4101.5,4050,4077.25
2020-11-03,4115,4160.75,4109.5,4128
2020-11-04,4187,4258,4174,4214.5
2020-11-05,4270.25,4300.5,4266.75,4290
2020-11-06,4277.25,4293.75,4254.5,4284
2020-11-09,4418.5,4423.25,4319.25,4329.25
2020-11-10,4313,4330.5,4284.5,4324.25
2020-11-11,4342.75,4354.75,4329.25,4351.25
2020-11-12,4335,4343.25,4291,4316.75
2020-11-13,4331.5,4368,4325.5,4359.25
2020-11-16,4389,4407.5,4374.75,4407.25
2020-11-17,4378.75,4398.25,4362.25,4388
2020-11-18,4387.75,4394.25,4337.5,4339.75
2020-11-19,4334.75,4360.75,4320.25,4353
2020-11-20,4353.5,4355.5,4320.75,4321.5
2020-11-23,4351,4366,4326.75,4354
2020-11-24,4380.5,4416.75,4371.25,4411.5
2020-11-25,4409.75,4410,4393.25,4406.5
2020-11-27,4416.75,4420.75,4404.25,4415
2020-11-30,4406.5,4410.5,4370.25,4406.75
2020-12-01,4434.25,4455.5,4428.25,4437.5
2020-12-02,4426.75,4450.75,4420.25,4448.25
2020-12-03,4445,4460,4433.25,4448.5
2020-12-04,4450.75,4478,4450.25,4469.25
2020-12-07,4468.5,4474.5,4455.25,4467.75
2020-12-08,4455,4486,4454.5,4479.25
2020-12-09,4486.75,4488.5,4437.5,4447.25
2020-12-10,4431.5,4456.5,4422,4441
2020-12-11,4426.5,4443.5,4410.25,4439.25
2020-12-14,4464.25,4476,4420.75,4427.75
2020-12-15,4451.75,4473,4436.75,4469.5
2020-12-16,4475.5,4489,4465.75,4478.75
2020-12-17,4496,4501.5,4486.5,4496.5
2020-12-18,4500.5,4503,4461.75,4496
2020-12-21,4440.25,4478.75,4409.5,4468.75
2020-12-22,4472.25,4473.5,4450.25,4460.75
2020-12-23,4472.75,4486.25,4459,4462.5
2020-12-24,4470.75,4480.5,4464.25,4477.25
2020-12-28,4507.25,4516.75,4500.5,4514
2020-12-29,4528.75,4530.75,4499,4509
2020-12-30,4513.75,4520.75,4505.25,4507
2020-12-31,4507.75,4537.5,4502.25,4531.75
2021-01-04,4543,4544.5,4437,4475.75
2021-01-05,4470,4514.5,4469.75,4500.25
2021-01-06,4486.5,4559.25,4480.25,4529.75
2021-01-07,4550.25,4588.5,4548.25,4581.75
2021-01-08,4594.75,4607.75,4559.5,4607.5
2021-01-11,4567.25,4595,4565.5,4579.75
2021-01-12,4577.5,4587.75,4552.5,4577.75
2021-01-13,4575.75,4598,4567.25,4590.25
2021-01-14,4594.75,4600.5,4570.75,4576.75
2021-01-15,4556,4565,4526,4535
2021-01-19,4572.75,4581.5,4556.75,4573.5
2021-01-20,4600,4637,4595.75,4629
2021-01-21,4633.75,4638.25,4621,4629.75
2021-01-22,4610.75,4629.5,4606.75,4618
2021-01-25,4625.5,4636.5,4573,4632.5
2021-01-26,4642.75,4646.75,4624.5,4635.5
2021-01-27,4590.5,4591.25,4491,4500.5
2021-01-28,4551.75,4608,4547,4565.5
2021-01-29,4544.5,4554.75,4470,4485.5
2021-02-01,4525.25,4561.5,4501.75,4541.5
2021-02-02,4583.75,4620.25,4583.5,4610.5
2021-02-03,4611.75,4624.5,4592.25,4616.25
2021-02-04,4616.75,4653,4615,4652.25
2021-02-05,4670,4672.75,4653,4668.75
2021-02-08,4680.5,4694.25,4671.5,4693.5
2021-02-09,4684.25,4696.75,4679.5,4694
2021-02-10,4709,4710.5,4663,4693.25
2021-02-11,4700.5,4705,4669,4693.5
2021-02-12,4686.25,4719.5,4685.5,4719
2021-02-16,4727.5,4729.5,4703.25,4710
2021-02-17,4692,4714.5,4681,4710.5
2021-02-18,4683.25,4703,4665,4694.5
2021-02-19,4708.25,4711.75,4681.25,4683
2021-02-22,4657.75,4683.75,4654.5,4659.75
2021-02-23,4633.75,4676.75,4589.25,4659.75
2021-02-24,4650.5,4712,4640,4711
2021-02-25,4691.75,4706.25,4594.75,4616
2021-02-26,4631,4643,4569.5,4586.75
2021-03-01,4643.25,4696.5,4642.5,4684
2021-03-02,4685.25,4688,4650,4657.25
2021-03-03,4644.5,4655,4598,4599.25
2021-03-04,4598.75,4626.75,4505,4556.75
2021-03-05,4591,4634.5,4513,4623.5
2021-03-08,4633.25,4663.25,4600.75,4614
2021-03-09,4645.25,4685.75,4639.75,4655
2021-03-10,4683.5,4700.75,4668,4690
2021-03-11,4708.5,4743,4703.5,4721
2021-03-12,4707.25,4732,4698.25,4728.5
2021-03-15,4730,4754.25,4706.75,4751
2021-03-16,4757,4764.5,4736.5,4751.25
2021-03-17,4731.25,4767.25,4718.75,4758.75
2021-03-18,4730,4752.5,4694.25,4704.75
2021-03-19,4696,4713.25,4668.75,4689.75
2021-03-22,4697.75,4738.25,4697.25,4726.25
2021-03-23,4716.5,4732.25,4684.25,4698.5
2021-03-24,4708,4725.25,4671.25,4676
2021-03-25,4657.75,4703.25,4637,4699
2021-03-26,4707.25,4761.75,4700.5,4758
2021-03-29,4741.5,4765,4725.5,4758
2021-03-30,4741.5,4752,4727.5,4743.5
2021-03-31,4750.75,4777.5,4750.25,4757.75
2021-04-01,4781.75,4808.25,4778.75,4807.75
2021-04-05,4832,4867.5,4831.25,4861.75
2021-04-06,4855.25,4869.75,4852,4858
2021-04-07,4857,4867.75,4852,4867.25
2021-04-08,4876.5,4889.25,4866.75,4887.75
2021-04-09,4881.5,4915.25,4880.5,4906.5
2021-04-12,4906.5,4918.25,4899.75,4915
2021-04-13,4913.5,4933.5,4909.25,4928
2021-04-14,4926,4937.75,4906.75,4916.5
2021-04-15,4935.5,4960.25,4935,4955.25
2021-04-16,4971,4977.25,4955.5,4966.5
2021-04-19,4960.5,4965.25,4935.5,4952
2021-04-20,4937,4944.75,4904.25,4915.25
2021-04-21,4913,4961,4911.5,4952.5
2021-04-22,4957,4965.5,4909,4922.75
2021-04-23,4926.5,4980.5,4925.5,4961.25
2021-04-26,4972,4979.75,4967,4971.25
2021-04-27,4976.75,4979,4960.5,4972.5
2021-04-28,4975.75,4987.5,4966.5,4973
2021-04-29,5001,5004.75,4961.75,4993.75
2021-04-30,4973.75,4983,4961,4974.75
2021-05-03,4992,4996.25,4974.75,4976.5
2021-05-04,4958.5,4964,4914.25,4949.75
2021-05-05,4971.5,4973.75,4946.75,4954.5
2021-05-06,4956,4990.25,4934.25,4988.25
2021-05-07,4996.75,5026,4989.25,5021
2021-05-10,5022.25,5024.75,4972.25,4975.75
2021-05-11,4928,4950,4897.5,4933.75
2021-05-12,4909.5,4922.75,4844.75,4850.25
2021-05-13,4867.5,4920.5,4867,4898
2021-05-14,4928.75,4972,4928.5,4967.25
2021-05-17,4950.5,4960.75,4930.25,4953.5
2021-05-18,4954.75,4957.25,4914.25,4916.5
2021-05-19,4865.5,4907.5,4849.25,4901
2021-05-20,4914.5,4963,4913,4947.25
2021-05-21,4965.25,4978.75,4940.75,4950.5
2021-05-24,4970,5000,4967.25,4991.75
2021-05-25,5000,5003.75,4973,4978.75
2021-05-26,4985.25,4992.75,4974.25,4987.5
2021-05-27,4998.25,5003.75,4988,5001.75
2021-05-28,5006.25,5009.25,4994.75,4997.75
2021-06-01,5022.5,5023.75,4988.75,4993.75
2021-06-02,5000.25,5008.75,4989.25,4998.75
2021-06-03,4974.75,4996.25,4959,4983.25
2021-06-04,5004,5025.75,5003,5019.75
2021-06-07,5022.25,5024.25,5008.25,5019.75
2021-06-08,5027.75,5028.75,4999.5,5019.5
2021-06-09,5028.25,5028.75,5010.75,5015.5
2021-06-10,5026.25,5042.75,5012,5031
2021-06-11,5038.5,5040.75,5024.5,5039
2021-06-14,5040.25,5051.25,5027.25,5049
2021-06-15,5050.5,5051,5031,5040
2021-06-16,5042,5044.25,4993,5016
2021-06-17,5011.5,5025.5,4988.25,5016
2021-06-18,4978.5,4986.5,4950.25,4954
2021-06-21,4976.25,5021.75,4967.5,5021.75
2021-06-22,5016.5,5048.25,5008.5,5039
2021-06-23,5039.75,5049,5033.25,5036.25
2021-06-24,5057,5063.5,5054,5061.25
2021-06-25,5067,5079.5,5063.5,5074.25
2021-06-28,5080,5084.75,5067,5083.25
2021-06-29,5087,5093.75,5079.75,5088
2021-06-30,5080.25,5096.5,5080,5094.5
2021-07-01,5096.75,5114.75,5096,5110.75
2021-07-02,5125,5149.75,5121.75,5142.75
2021-07-06,5146.25,5148.5,5108,5133
2021-07-07,5145,5156,5123,5152.5
2021-07-08,5095.25,5125.5,5083,5111.5
2021-07-09,5133.75,5166.75,5131,5162.25
2021-07-12,5162,5182,5157.5,5179.25
2021-07-13,5170.25,5186.5,5161.25,5163.75
2021-07-14,5182,5187.25,5157.25,5171
2021-07-15,5156,5163.5,5135.25,5150.75
2021-07-16,5168,5168.5,5117,5117.5
2021-07-19,5069.5,5074.75,5026.75,5057.25
2021-07-20,5064,5131.75,5055.5,5122.25
2021-07-21,5130.75,5156.5,5128.75,5155.25
2021-07-22,5154.75,5166,5144.25,5165.75
2021-07-23,5182.5,5211,5175.25,5203.75
2021-07-26,5200.75,5219,5199.75,5218.75
2021-07-27,5206.25,5206.75,5167.5,5188.75
2021-07-28,5204,5210.5,5180.25,5194.25
2021-07-29,5205.5,5225.25,5205.25,5208.5
2021-07-30,5186.75,5207.75,5185,5197.5
2021-08-02,5210.75,5216.75,5180,5186.25
2021-08-03,5191.25,5219.75,5168,5212.25
2021-08-04,5204.5,5211,5194,5199
2021-08-05,5208.75,5225.5,5204.75,5223
2021-08-06,5227.75,5236,5224.5,5233
2021-08-09,5231.25,5234.75,5219.5,5229
2021-08-10,5232.5,5241,5225,5230.25
2021-08-11,5244.5,5245.25,5232.75,5242.75
2021-08-12,5242.5,5259,5233,5256.5
2021-08-13,5262.25,5266,5257,5264.25
2021-08-16,5252,5279.25,5235.25,5276.75
2021-08-17,5248.5,5256.25,5214.5,5241
2021-08-18,5235.75,5252.5,5193.5,5197.25
2021-08-19,5168.5,5217.5,5167.25,5207
2021-08-20,5208.25,5243.25,5202.75,5237
2021-08-23,5257.75,5288.5,5257,5281.5
2021-08-24,5285.5,5291.25,5280.25,5284.25
2021-08-25,5287.75,5300.75,5283.5,5296
2021-08-26,5292.25,5294.75,5267.75,5270.5
2021-08-27,5277.25,5312.75,5276.5,5307
2021-08-30,5316,5337.25,5313.25,5329.75
2021-08-31,5327.75,5331.25,5315.25,5329
2021-09-01,5332.25,5337.75,5322,5327.5
2021-09-02,5339.75,5346.75,5325.5,5338
2021-09-03,5326,5342.75,5322,5336.5
2021-09-07,5333.5,5334.75,5313.5,5318.75
2021-09-08,5315.25,5323,5294.75,5314.5
2021-09-09,5313,5332.25,5291.25,5294.5
2021-09-10,5316.75,5321,5259.25,5264
2021-09-13,5292.75,5295.5,5247.5,5276.25
2021-09-14,5287.5,5289.5,5237.5,5250
2021-09-15,5251.75,5290,5239.75,5285.5
2021-09-16,5278.5,5288.75,5245.5,5274.75
2021-09-17,5268,5272.5,5223.75,5227.25
2021-09-20,5166.5,5183.5,5106,5152.25
2021-09-21,5183.5,5197.25,5144,5146.75
2021-09-22,5178.75,5218.75,5168.75,5198.75
2021-09-23,5216.5,5267.25,5213.5,5252
2021-09-24,5232.5,5265.25,5230,5258
2021-09-27,5245.75,5258.75,5237.25,5244.5
2021-09-28,5215,5218.5,5147,5158.25
2021-09-29,5170.25,5188.75,5156.5,5169.25
2021-09-30,5178.25,5185.75,5106.5,5114.75
2021-10-01,5127.25,5178,5089.25,5159.5
2021-10-04,5147,5156.75,5079.75,5106.5
2021-10-05,5119.75,5172,5110.75,5147.75
2021-10-06,5109.25,5168,5091.75,5167
2021-10-07,5200.5,5233.75,5198.75,5203.75
2021-10-08,5211.5,5215.5,5188.5,5191.5
2021-10-11,5188.25,5219.75,5158.25,5160.75
2021-10-12,5173,5177.25,5140,5144
2021-10-13,5163.25,5177,5131,5165.25
2021-10-14,5207.5,5243.5,5202.25,5243.25
2021-10-15,5264.25,5279.75,5257.25,5275.5
2021-10-18,5256,5292,5249,5289
2021-10-19,5305.75,5328,5299.5,5326.5
2021-10-20,5328,5344.5,5326.75,5337.25
2021-10-21,5334.25,5355.5,5330,5352
2021-10-22,5348.25,5363.75,5327.5,5347
2021-10-25,5360,5376.25,5341,5372
2021-10-26,5388.75,5402.25,5373,5378
2021-10-27,5381.25,5389,5356,5359.5
2021-10-28,5372,5402,5371.25,5395
2021-10-29,5376,5413.25,5372.5,5412.25
2021-11-01,5420.25,5424.25,5398.75,5416.25
2021-11-02,5419.25,5439.25,5417.75,5433.5
2021-11-03,5430.25,5469.25,5425.25,5463.75
2021-11-04,5470.25,5487,5466.75,5485
2021-11-05,5510,5524,5486.5,5496.75
2021-11-08,5514,5519.25,5499,5505
2021-11-09,5510.5,5512.75,5475.5,5488.25
2021-11-10,5472.75,5491,5437.5,5454.5
2021-11-11,5469,5469.75,5454.25,5457.25
2021-11-12,5468.25,5495.75,5458,5494
2021-11-15,5503.75,5505,5479.25,5494
2021-11-16,5488.5,5522,5487.75,5509.75
2021-11-17,5507,5509,5491.5,5497.25
2021-11-18,5509.5,5517.25,5480.25,5511.25
2021-11-19,5513,5526.5,5502.25,5507.5
2021-11-22,5524.75,5552.75,5486.5,5495.75
2021-11-23,5489,5507.75,5461.25,5491.5
2021-11-24,5477.25,5513,5468.5,5512
2021-11-26,5440.5,5455.5,5389.5,5391.25
2021-11-29,5457.25,5482,5433.5,5465
2021-11-30,5436.25,5456.5,5369.25,5391
2021-12-01,5432.75,5463,5310,5326
2021-12-02,5322.5,5406,5318.5,5385.25
2021-12-03,5407.25,5418.75,5304.25,5343.5
2021-12-06,5377,5424,5351.5,5402.75
2021-12-07,5460,5505,5459.5,5503.5
2021-12-08,5502.5,5515.5,5484,5510.25
2021-12-09,5497,5507,5474.5,5477.25
2021-12-10,5508.25,5524.75,5481,5523.25
2021-12-13,5518,5521.5,5477,5483.75
2021-12-14,5446.25,5473.5,5417.75,5446.5
2021-12-15,5450.25,5527.25,5423.5,5522.75
2021-12-16,5541.5,5544.75,5463.5,5486.25
2021-12-17,5446.25,5478.5,5411.5,5438
2021-12-20,5374.25,5392.5,5341.75,5392.5
2021-12-21,5416.25,5463.75,5393.75,5460.75
2021-12-22,5459,5511.5,5457,5511
2021-12-23,5518,5552.75,5517,5537.75
2021-12-27,5551.25,5605.75,5551,5602.75
2021-12-28,5608.75,5619.5,5592,5605.25
2021-12-29,5601.75,5617.5,5591.5,5604.75
2021-12-30,5610,5621.25,5588.75,5595.75
2021-12-31,5587.75,5600,5578.75,5585.5
2022-01-03,5594.5,5609,5569,5606.25
2022-01-04,5622.75,5629.75,5586,5603.25
2022-01-05,5601.75,5609.75,5511,5520
2022-01-06,5508.75,5537.25,5483.5,5512.75
2022-01-07,5508.5,5521,5475.25,5489.5
2022-01-10,5455.25,5486.5,5394.25,5483
2022-01-11,5481.25,5529,5448.75,5526.25
2022-01-12,5544.5,5561,5518.25,5543
2022-01-13,5551,5557.75,5464,5473.25
2022-01-14,5440.25,5482.25,5427.5,5480.75
2022-01-18,5425.5,5428,5381.5,5393.75
2022-01-19,5409.5,5424.5,5342.75,5346.5
2022-01-20,5365.25,5415.75,5286.5,5288.25
2022-01-21,5283.75,5308.5,5203.75,5207
2022-01-24,5147.75,5231.5,5034.25,5227
2022-01-25,5157.75,5224.25,5098,5156.5
2022-01-26,5234.5,5267.75,5115.75,5150.75
2022-01-27,5209,5243.5,5120.25,5144.75
2022-01-28,5153.5,5247.5,5104.5,5234.75
2022-01-31,5238.5,5329.25,5224.25,5312.5
2022-02-01,5333.25,5363.25,5295.5,5362.25
2022-02-02,5381.25,5407.5,5356.75,5367.25
2022-02-03,5335.75,5355.75,5283.5,5321.75
2022-02-04,5289.25,5354,5264,5308.5
2022-02-07,5321,5336,5284.25,5304.5
2022-02-08,5292.5,5345.25,5277.75,5337.5
2022-02-09,5378.25,5404,5376,5401.5
2022-02-10,5339,5403.25,5297.5,5313.75
2022-02-11,5320.25,5342,5214.75,5234.75
2022-02-14,5224.5,5241.5,5178.5,5218
2022-02-15,5263,5288.25,5257.5,5277
2022-02-16,5265,5306,5244.25,5287
2022-02-17,5257.5,5263.25,5188.75,5195.75
2022-02-18,5198.5,5211.75,5142.5,5171.25
2022-02-22,5143.75,5180.25,5083,5137.5
2022-02-23,5151.75,5157.25,5037.75,5045.5
2022-02-24,4934,5111.5,4930.25,5088
2022-02-25,5120.25,5204.75,5102.75,5200.5
2022-02-28,5145,5207,5131.5,5189.5
2022-03-01,5174.75,5196,5096.5,5135.25
2022-03-02,5148.75,5220.75,5140.25,5199.75
2022-03-03,5229,5235.5,5162.5,5186
2022-03-04,5141.5,5158.5,5102.75,5142
2022-03-07,5140,5142.75,5006.75,5014.5
2022-03-08,5021.25,5096.5,4974.75,4979.25
2022-03-09,5076.25,5119.75,5052.25,5095.25
2022-03-10,5049.25,5089,5028.5,5081.5
2022-03-11,5106.25,5112.25,5019.5,5027.75
2022-03-14,5033.5,5071,4982.25,5002.5
2022-03-15,5022,5093.25,5008.5,5077.5
2022-03-16,5124,5183.25,5072.25,5178.75
2022-03-17,5160,5236.75,5155.75,5225.5
2022-03-18,5217.75,5288.5,5209,5286.75
2022-03-21,5281.5,5303,5245,5286.5
2022-03-22,5297.25,5344.75,5297,5335
2022-03-23,5307.5,5323.75,5274.75,5277.5
2022-03-24,5298,5345,5286,5343.25
2022-03-25,5350.25,5369,5323.25,5365.5
2022-03-28,5359.5,5402.25,5339.75,5400.25
2022-03-29,5440,5461,5411.75,5450.25
2022-03-30,5444,5452.5,5404.75,5430.75
2022-03-31,5419.25,5427.25,5356.25,5372.5
2022-04-01,5373.5,5375,5331.25,5362
2022-04-04,5371.25,5410,5362.75,5405.5
2022-04-05,5392.25,5418.75,5337.75,5352.25
2022-04-06,5307.75,5329.5,5274.5,5304
2022-04-07,5296,5347.25,5274.5,5328
2022-04-08,5319.25,5346,5298.75,5314.5
2022-04-11,5280.5,5289.5,5233.5,5237.25
2022-04-12,5270.75,5296.75,5205.5,5225.25
2022-04-13,5219.25,5279.5,5217,5268.25
2022-04-14,5274,5285.75,5215,5215
2022-04-18,5206.25,5236.25,5194.5,5230.5
2022-04-19,5216.75,5297,5215,5264.5
2022-04-20,5307.5,5314.25,5273.5,5296
2022-04-21,5324.5,5339,5210,5217.5
2022-04-22,5207.25,5210.5,5081.75,5084.75
2022-04-25,5074,5126.5,5025.25,5119.75
2022-04-26,5095.75,5097.5,4975.25,4983.5
2022-04-27,5009.25,5066.25,4987,5020.5
2022-04-28,5059.75,5133.5,5012.5,5088
2022-04-29,5072.5,5095.5,4948.75,4971.25
2022-05-02,4957,4995.75,4886,4973.75
2022-05-03,4986,5025.75,4969,5003.5
2022-05-04,5006.5,5133,4972.75,5119.25
2022-05-05,5081,5082,4929.25,4981.25
2022-05-06,4946.5,4983.25,4892,4934.75
2022-05-09,4885.5,4899,4800,4828.25
2022-05-10,4880,4895.5,4783,4822.5
2022-05-11,4815,4875,4753.75,4770.75
2022-05-12,4727,4791.75,4685,4751.25
2022-05-13,4800.75,4866,4789.5,4841.5
2022-05-16,4833.25,4873.5,4809.5,4833.5
2022-05-17,4899.5,4919.75,4859.75,4918.75
2022-05-18,4868.25,4871.5,4737.75,4740.75
2022-05-19,4718.25,4773.5,4704,4728
2022-05-20,4765.5,4771,4637.5,4727.25
2022-05-23,4761,4812.25,4736.5,4806
2022-05-24,4758,4784.5,4702,4777.5
2022-05-25,4755,4827.75,4751.5,4801.5
2022-05-26,4819.25,4903.5,4817.5,4878.25
2022-05-27,4911.5,4992.25,4909.5,4990.5
2022-05-31,4968,4997.75,4932.75,4959
2022-06-01,4984.25,4995,4901.5,4929
2022-06-02,4926.5,5006.75,4902.25,5000
2022-06-03,4955.5,4972.25,4926.75,4942.75
2022-06-06,4979.75,4998.25,4937.25,4946.75
2022-06-07,4912.5,4994,4907.75,4985.25
2022-06-08,4971,4990,4935.25,4947.25
2022-06-09,4924.5,4948.25,4844.75,4850
2022-06-10,4779.5,4788.25,4725.25,4738
2022-06-13,4627.5,4648,4562.5,4582.75
2022-06-14,4598,4609,4535.5,4562
2022-06-15,4603.25,4670,4550.5,4617.25
2022-06-16,4534.5,4538.75,4469,4505.75
2022-06-17,4499.5,4538.75,4466,4506.5
2022-06-21,4563.25,4610.75,4562.5,4594.25
2022-06-22,4551,4632.5,4546.25,4593.25
2022-06-23,4610.75,4632.75,4572.75,4615.75
2022-06-24,4658.75,4746.75,4658,4735.75
2022-06-27,4755.75,4758.75,4719.5,4735
2022-06-28,4747.25,4777,4648.75,4652.25
2022-06-29,4657,4667,4628.25,4644.75
2022-06-30,4605,4649.75,4568.25,4606.5
2022-07-01,4608,4660.5,4580.5,4652.5
2022-07-05,4601.5,4662.75,4571,4657.5
2022-07-06,4663.75,4702,4638.5,4679.25
2022-07-07,4694,4741.25,4693.5,4727.25
2022-07-08,4714.5,4749,4698.5,4732.75
2022-07-11,4700.25,4711,4677,4689.75
2022-07-12,4678,4703.5,4631.75,4648.75
2022-07-13,4592.5,4661.75,4587.5,4625.75
2022-07-14,4576.5,4627,4550.75,4624.75
2022-07-15,4667,4694,4646.75,4691.25
2022-07-18,4725,4732.25,4647.25,4664.5
2022-07-19,4701.5,4770.25,4695,4769.75
2022-07-20,4765.5,4804.25,4751.75,4786
2022-07-21,4781.75,4831.75,4757.25,4817.25
2022-07-22,4830.25,4843.25,4768.5,4789.5
2022-07-25,4798.25,4806,4773,4800.5
2022-07-26,4779.75,4782,4740.25,4759
2022-07-27,4784.5,4869.75,4781.5,4843
2022-07-28,4858.75,4915.25,4821.5,4908
2022-07-29,4916,4971,4908,4958.75
2022-08-01,4932,4974.25,4924,4949.5
2022-08-02,4930.75,4970,4907.5,4919.75
2022-08-03,4942.75,4997,4939.5,4980.25
2022-08-04,4982.75,4990,4963,4979.75
2022-08-05,4935,4980.25,4934.25,4967.75
2022-08-08,4991.25,5015,4956.25,4972
2022-08-09,4960.5,4965.75,4940,4954.75
2022-08-10,5026,5040,5005.5,5034.75
2022-08-11,5067.5,5087.5,5029.75,5042.25
2022-08-12,5058,5109.75,5048,5105.5
2022-08-15,5085.25,5131.75,5084.75,5122.5
2022-08-16,5114.75,5154.5,5105.75,5130
2022-08-17,5096.25,5132.25,5082,5107.75
2022-08-18,5104.5,5122.5,5091,5111.75
2022-08-19,5086,5088.75,5047.75,5057.75
2022-08-22,5005.75,5007.5,4958.5,4972
2022-08-23,4964,4988.75,4952,4956
2022-08-24,4955.5,4985.5,4948.25,4973.75
2022-08-25,4985.75,5029.75,4974.5,5021
2022-08-26,5027.75,5033.25,4880,4884.75
2022-08-29,4855,4891,4844,4858.5
2022-08-30,4870.5,4873.5,4791.5,4816.75
2022-08-31,4831,4844,4780,4786.5
2022-09-01,4759,4798.25,4730.5,4787.5
2022-09-02,4833.25,4846.25,4733,4756.25
2022-09-06,4761,4771.5,4713.75,4733
2022-09-07,4733.75,4815.75,4731.5,4803.75
2022-09-08,4782.25,4837.75,4769.75,4836.75
2022-09-09,4856.25,4904.25,4853.25,4891.5
2022-09-12,4916.5,4946.75,4913,4940.5
2022-09-13,4845.75,4859,4746.25,4762.75
2022-09-14,4771.5,4789,4736.75,4772.5
2022-09-15,4754.75,4785.25,4712.75,4731
2022-09-16,4681.5,4703.5,4660.75,4702.25
2022-09-19,4661.75,4734.75,4661,4727
2022-09-20,4690.5,4701,4651,4687.25
2022-09-21,4700.75,4733,4607.25,4612
2022-09-22,4603.5,4614.5,4571.25,4582.5
2022-09-23,4542.5,4543,4468,4515.75
2022-09-26,4499.75,4538.25,4465.25,4474.5
2022-09-27,4516.25,4540.75,4443,4471
2022-09-28,4478,4559,4460,4542.75
2022-09-29,4502,4505.25,4429.75,4464
2022-09-30,4451.75,4492.25,4403,4420
2022-10-03,4443.5,4519.5,4424.75,4502.75
2022-10-04,4557,4616.5,4556.25,4609.5
2022-10-05,4566.75,4627.75,4541.75,4610.25
2022-10-06,4588.25,4619.25,4558.5,4562.75
2022-10-07,4521.5,4525.25,4440.25,4457.25
2022-10-10,4470.75,4473.25,4407.75,4433.75
2022-10-11,4412.5,4461,4386.75,4410
2022-10-12,4411.75,4428.5,4393.25,4399.5
2022-10-13,4321,4505.5,4309.75,4486.5
2022-10-14,4515.25,4533,4399,4408.25
2022-10-17,4470,4510.25,4469.25,4503.5
2022-10-18,4581.25,4585,4505,4554
2022-10-19,4519.75,4548.5,4484.5,4515.5
2022-10-20,4508,4555.75,4474,4489.75
2022-10-21,4479.25,4577.25,4463.25,4573
2022-10-24,4587.25,4629.75,4559.5,4615.25
2022-10-25,4616.5,4682,4614.75,4658
2022-10-26,4645,4705.25,4642,4656
2022-10-27,4658.5,4678.5,4583.75,4591
2022-10-28,4626.25,4724.25,4624.25,4724.25
2022-10-31,4692,4712.25,4680,4690.25
2022-11-01,4729.5,4732,4660.25,4665.25
2022-11-02,4666.25,4714.75,4568,4572.25
2022-11-03,4539.75,4566.25,4512,4539
2022-11-04,4594,4613.25,4523,4582.5
2022-11-07,4600.75,4629.5,4579,4622.5
2022-11-08,4634.5,4674.75,4600.5,4635.25
2022-11-09,4621,4633.5,4557.75,4565.5
2022-11-10,4702,4774.75,4678.5,4768.25
2022-11-11,4779,4817.5,4758.75,4808.25
2022-11-14,4789.5,4825.25,4771.75,4783.5
2022-11-15,4834.5,4846.5,4767.75,4804.75
2022-11-16,4790.75,4800.5,4769.75,4786.5
2022-11-17,4724.75,4770.25,4721.5,4760.75
2022-11-18,4798.25,4799.5,4750.25,4777.5
2022-11-21,4766.25,4778.25,4745.25,4767.75
2022-11-22,4785.25,4820.25,4770.5,4817
2022-11-23,4813.5,4847.25,4811,4843.5
2022-11-25,4835.75,4847,4833,4842
2022-11-28,4808.25,4825.5,4768,4780.25
2022-11-29,4776.75,4789.5,4749,4765.75
2022-11-30,4770.5,4895.5,4750.5,4895.25
2022-12-01,4903,4917.75,4862.25,4887.5
2022-12-02,4836.25,4893.25,4835.25,4878.25
2022-12-05,4853.5,4863.25,4795,4809.5
2022-12-06,4807.75,4813.25,4729.25,4751.5
2022-12-07,4741.5,4769.25,4732,4741.5
2022-12-08,4762.75,4785,4745.5,4773.25
2022-12-09,4760,4787.25,4741.25,4744.75
2022-12-12,4752.25,4800.5,4744.75,4794.75
2022-12-13,4914.5,4915.5,4800.75,4830
2022-12-14,4826.25,4865.25,4771.5,4812.75
2022-12-15,4750.5,4759.75,4682.5,4696.5
2022-12-16,4673,4687,4629.75,4647.5
2022-12-19,4654.5,4658,4601.75,4614.75
2022-12-20,4611.25,4641,4596.75,4622.25
2022-12-21,4651.25,4693.25,4645,4686
2022-12-22,4647,4650,4563,4619
2022-12-23,4612.5,4647,4595.75,4643.75
2022-12-27,4644.25,4647.5,4611.75,4632
2022-12-28,4628.5,4649.5,4579,4584.5
2022-12-29,4609.25,4657.25,4603.5,4646.5
2022-12-30,4618.5,4643,4596,4641.75
2023-01-03,4655.5,4676,4589,4614
2023-01-04,4643.5,4670.75,4611,4647
2023-01-05,4627.25,4628,4597,4604.5
2023-01-06,4635.75,4703.25,4603.5,4688
2023-01-09,4714,4747.75,4684.25,4686.25
2023-01-10,4682,4718.25,4671.75,4715.25
2023-01-11,4732,4765.25,4723.25,4764.25
2023-01-12,4774.25,4793,4731.75,4779
2023-01-13,4742.75,4798.75,4740.25,4790.25
2023-01-17,4792.75,4809.75,4777.25,4783.5
2023-01-18,4796.5,4808,4718.25,4720
2023-01-19,4697.5,4714.75,4676.25,4692.25
2023-01-20,4704.25,4765,4686.75,4760.5
2023-01-23,4771,4831.25,4760.75,4808.5
2023-01-24,4792.5,4822,4779.75,4814
2023-01-25,4762,4814,4737.75,4803.5
2023-01-26,4833.5,4851.5,4801.75,4845.5
2023-01-27,4838.25,4883.75,4836.25,4858.5
2023-01-30,4829,4852.5,4804,4812.75
2023-01-31,4811.25,4865.75,4807.75,4858.5
2023-02-01,4852.25,4937.75,4823,4916.25
2023-02-02,4948.25,4983,4927.75,4943
2023-02-03,4915,4968.5,4909.5,4919.75
2023-02-06,4895.75,4911,4878.5,4897
2023-02-07,4885.5,4962.75,4872.75,4941.5
2023-02-08,4928.25,4942.5,4895.75,4901.25
2023-02-09,4940,4941.25,4852.75,4866.25
2023-02-10,4853,4878.75,4844.25,4873
2023-02-13,4881.5,4925.25,4876,4924.75
2023-02-14,4906,4944.5,4878.25,4917.75
2023-02-15,4896.5,4936.25,4887.5,4934.5
2023-02-16,4878.25,4920,4870.25,4872
2023-02-17,4850.75,4865,4830.25,4860.5
2023-02-21,4819.75,4830.75,4776.5,4783.5
2023-02-22,4783.5,4799.5,4758.25,4773.75
2023-02-23,4803,4808.75,4748.75,4790
2023-02-24,4739.75,4758.5,4722,4749
2023-02-27,4784.75,4799.25,4753,4764.5
2023-02-28,4757.25,4778,4739.5,4741.75
2023-03-01,4738.25,4751,4717.5,4732
2023-03-02,4709.5,4769.75,4705.5,4759.75
2023-03-03,4779.5,4827.5,4772.5,4825.5
2023-03-06,4832.25,4857,4822.5,4827.75
2023-03-07,4825.75,4828.5,4757,4763
2023-03-08,4764.75,4777.75,4746,4770
2023-03-09,4777,4794.25,4684,4689.25
2023-03-10,4688,4709.25,4620.75,4635.25
2023-03-13,4595.75,4682.5,4584.5,4638.25
2023-03-14,4685.75,4715,4648,4689.25
2023-03-15,4633.25,4673.75,4612,4664.25
2023-03-16,4643.5,4741.5,4637.5,4737.5
2023-03-17,4724,4735,4675,4691.75
2023-03-20,4697,4732,4689.25,4727
2023-03-21,4762.5,4785.75,4746,4779.75
2023-03-22,4778.25,4816.25,4708.75,4715.25
2023-03-23,4739,4782,4691,4718
2023-03-24,4705,4747.75,4680,4746.75
2023-03-27,4768.5,4776.75,4742.75,4754.75
2023-03-28,4744.75,4752,4723.25,4747
2023-03-29,4787,4803.75,4774.5,4800.75
2023-03-30,4827.5,4830.25,4803.75,4824
2023-03-31,4832.75,4883.75,4831,4882
2023-04-03,4875,4900.25,4870.25,4897
2023-04-04,4902.75,4905.75,4857.75,4873.25
2023-04-05,4862.5,4870.25,4841.5,4860.25
2023-04-06,4850.25,4877.75,4839,4874
2023-04-10,4848.25,4883.75,4841.25,4883
2023-04-11,4884.75,4894.25,4871.25,4881.75
2023-04-12,4900.75,4903.5,4856,4861.25
2023-04-13,4872.75,4919.5,4867,4915
2023-04-14,4908.75,4931.5,4880.5,4909
2023-04-17,4903.5,4923,4890.5,4920.75
2023-04-18,4936,4937.25,4907,4920.25
2023-04-19,4901,4930,4900.25,4915.75
2023-04-20,4888.75,4914.25,4879.5,4896.25
2023-04-21,4898.25,4903.5,4877.75,4897.5
2023-04-24,4896,4906.75,4881.5,4901.5
2023-04-25,4881,4886.75,4834,4851.25
2023-04-26,4841.25,4852.25,4811.25,4823.25
2023-04-27,4842.25,4909,4839.75,4898.5
2023-04-28,4887,4936.25,4886.25,4934
2023-05-01,4926.75,4948.75,4924.75,4928
2023-05-02,4919.5,4919.75,4848,4879.25
2023-05-03,4884,4909.5,4847.5,4857.5
2023-05-04,4837.75,4840.75,4804.75,4815.25
2023-05-05,4857,4905.75,4854,4892.75
2023-05-08,4897.25,4900,4880,4895.75
2023-05-09,4878,4887.75,4873.5,4879.25
2023-05-10,4905.25,4912,4854.75,4897
2023-05-11,4884,4889.25,4864,4885.75
2023-05-12,4898.25,4900.75,4854.25,4876.5
2023-05-15,4885.5,4897.75,4865.5,4893.25
2023-05-16,4881.5,4891.25,4862.5,4869.75
2023-05-17,4886.25,4921.5,4868.25,4913.25
2023-05-18,4909.75,4958,4907.25,4954
2023-05-19,4962.25,4968.25,4934,4943.25
2023-05-22,4947,4964.25,4933.5,4949.25
2023-05-23,4930.25,4941,4895.5,4901
2023-05-24,4882.5,4886.25,4856.5,4872.5
2023-05-25,4903.25,4918,4880,4901.5
2023-05-26,4908.75,4963.75,4908,4962
2023-05-30,4975.5,4981,4942.5,4958.75
2023-05-31,4937.25,4947,4916.5,4931.5
2023-06-01,4933.75,4982.25,4920.5,4974
2023-06-02,4997.25,5040.25,4991.5,5031.25
2023-06-05,5034.5,5048.25,5015.5,5024
2023-06-06,5018,5037.25,5011,5034.5
2023-06-07,5035.25,5047.25,5011.75,5016.75
2023-06-08,5015,5045,5007,5038.5
2023-06-09,5047.75,5068,5036.5,5050
2023-06-12,5057,5087.25,5049.5,5084.5
2023-06-13,5100,5120.5,5093.25,5113
2023-06-14,5115.75,5136.75,5080.75,5119
2023-06-15,5105.5,5182.75,5104.5,5163.75
2023-06-16,5189.5,5190.75,5148.25,5156.25
2023-06-20,5132.25,5142,5107.75,5127
2023-06-21,5119.25,5128,5100.75,5107.75
2023-06-22,5095.25,5122.75,5091,5119
2023-06-23,5083.25,5105.25,5078.75,5085.25
2023-06-26,5080.25,5100.25,5065.75,5071.75
2023-06-27,5076.75,5122,5071.75,5112.75
2023-06-28,5103.5,5127.5,5096.5,5120.75
2023-06-29,5111.25,5135,5107,5133.5
2023-06-30,5165.5,5195.25,5162.25,5180.5
2023-07-03,5180,5191.25,5176.75,5189.25
2023-07-05,5168.5,5188.5,5168.25,5181
2023-07-06,5141,5148.25,5116.75,5145.75
2023-07-07,5132,5173.25,5129,5135.75
2023-07-10,5127.25,5145.5,5121.25,5143.75
2023-07-11,5150.25,5175.75,5139.25,5168.75
2023-07-12,5209.75,5221,5194.25,5207.75
2023-07-13,5223.25,5248.75,5218.5,5237.5
2023-07-14,5248.75,5257.75,5228.25,5233.5
2023-07-17,5234,5263,5233.5,5246.75
2023-07-18,5247.25,5291.75,5242.5,5281.5
2023-07-19,5292.5,5306.5,5285.75,5291.5
2023-07-20,5281.5,5291.5,5254.5,5263
2023-07-21,5279,5281.25,5260.25,5261.25
2023-07-24,5272.5,5289.75,5266,5281.5
2023-07-25,5277.25,5306,5276.75,5299.25
2023-07-26,5282.5,5308,5271,5295.75
2023-07-27,5326.5,5330.75,5251,5264.75
2023-07-28,5294,5313.75,5286,5303.5
2023-07-31,5308.75,5316.5,5295,5314
2023-08-01,5296.75,5306.5,5288.25,5296
2023-08-02,5265,5267.5,5225,5236
2023-08-03,5210.5,5237.75,5203,5232.75
2023-08-04,5235.75,5258,5191,5199
2023-08-07,5215.5,5237.5,5207.75,5237
2023-08-08,5208,5219.5,5179.25,5214.75
2023-08-09,5217,5218.75,5175.5,5189.75
2023-08-10,5206.25,5242,5170.75,5182.75
2023-08-11,5162.75,5190.25,5156.25,5183.25
2023-08-14,5169.75,5205,5166.25,5203.5
2023-08-15,5184.5,5188.25,5144.25,5151
2023-08-16,5145.5,5162.75,5114.25,5119
2023-08-17,5130.25,5133,5075.75,5080.75
2023-08-18,5050.75,5093.25,5047.25,5081.75
2023-08-21,5092.25,5118.25,5069.5,5105.75
2023-08-22,5128.25,5128.5,5091.5,5096.25
2023-08-23,5107.75,5152.5,5106.25,5145.75
2023-08-24,5160.75,5166,5077.5,5080.5
2023-08-25,5099.5,5126.25,5062.5,5113.25
2023-08-28,5135,5146.75,5120.5,5140.5
2023-08-29,5138.25,5206.25,5135.75,5204.75
2023-08-30,5206.5,5228,5198.25,5223.25
2023-08-31,5225,5237,5210,5215.25
2023-09-01,5240,5244.75,5204.5,5218.5
2023-09-05,5214.75,5218,5197.25,5199.25
2023-09-06,5190.25,5191.5,5144.25,5166.75
2023-09-07,5135.25,5160.25,5131.5,5154
2023-09-08,5152.5,5174.75,5148.75,5162.25
2023-09-11,5185.5,5190.75,5167.25,5187.25
2023-09-12,5171.75,5187,5155.25,5163
2023-09-13,5163.25,5178.25,5151,5167.75
2023-09-14,5190,5210,5176,5207.25
2023-09-15,5185,5188.5,5142,5150
2023-09-18,5142.5,5162.5,5138,5151.25
2023-09-19,5138.5,5144.75,5110.25,5140.5
2023-09-20,5151.25,5155.5,5091.5,5092.25
2023-09-21,5063.75,5066.5,5017,5018
2023-09-22,5030.25,5047,5005.25,5013
2023-09-25,4996.25,5029.5,4991.5,5028
2023-09-26,4994.25,5002,4953.5,4968
2023-09-27,4973.5,4979.75,4925,4968.25
2023-09-28,4955.25,5003.75,4949,4986
2023-09-29,5017.75,5019.25,4959,4977.25
2023-10-02,4965.25,4985.75,4943.5,4974
2023-10-03,4949,4965,4899.25,4915.75
2023-10-04,4917.5,4952,4902.25,4941.75
2023-10-05,4938.75,4948.75,4906,4936.5
2023-10-06,4913.25,5006.5,4899.5,4993.75
2023-10-09,4969.75,5023.75,4964,5018.5
2023-10-10,5024,5067,5019.25,5040
2023-10-11,5050.5,5066,5025.25,5065.5
2023-10-12,5061.75,5065.5,5003.5,5030.25
2023-10-13,5043,5055.75,4988.75,5000
2023-10-16,5028.25,5062.25,5025.75,5053.25
2023-10-17,5017.25,5071.25,5013.75,5045.75
2023-10-18,5030.75,5040.5,4978.75,4997.5
2023-10-19,4995.75,5014.5,4940.75,4942.5
2023-10-20,4944.5,4950.25,4893,4893
2023-10-23,4879.25,4928.75,4861.25,4896.75
2023-10-24,4909.75,4938.5,4890,4921.75
2023-10-25,4901.5,4901.5,4851.75,4863.25
2023-10-26,4844.25,4853,4794.25,4814.25
2023-10-27,4820.75,4824.75,4770.25,4785
2023-10-30,4813.75,4845.5,4800,4834.5
2023-10-31,4839.5,4863,4819.75,4853.75
2023-11-01,4869.5,4912.75,4863.5,4903.25
2023-11-02,4942,4985.75,4941.75,4981.5
2023-11-03,5007.5,5039.75,5006.25,5027.5
2023-11-06,5030.5,5037.5,5012.25,5030
2023-11-07,5032,5051.25,5020.25,5043.5
2023-11-08,5050.25,5055.75,5023,5043.75
2023-11-09,5057,5057.5,5005.75,5013.25
2023-11-10,5031.75,5083.5,5015.75,5079.5
2023-11-13,5063.5,5084.75,5055.25,5075
2023-11-14,5134.5,5172.25,5131.75,5161.5
2023-11-15,5171.75,5184.75,5158.75,5160.25
2023-11-16,5161,5174.25,5149.75,5171.25
2023-11-17,5170.25,5182.5,5160.75,5173.25
2023-11-20,5172.5,5219,5172.5,5207
2023-11-21,5198,5202.75,5185.75,5193.75
2023-11-22,5214.5,5228.5,5203,5213.25
2023-11-24,5214.25,5219,5210.75,5216.25
2023-11-27,5209.25,5218,5203.5,5208.5
2023-11-28,5203.25,5225.25,5197.25,5212.25
2023-11-29,5233.25,5245,5203.5,5212.75
2023-11-30,5214.25,5227.5,5192.75,5221.75
2023-12-01,5216.75,5255.75,5210.5,5250.75
2023-12-04,5214,5227.75,5201.5,5221.25
2023-12-05,5210,5233.5,5206.25,5224
2023-12-06,5245.25,5245.5,5200,5203.75
2023-12-07,5224.5,5244,5217.75,5235.25
2023-12-08,5229,5261.75,5226.25,5254.25
2023-12-11,5250.25,5275.25,5247.75,5272.25
2023-12-12,5268.25,5296.25,5257.75,5295.5
2023-12-13,5295.75,5359.75,5292.25,5358.5
2023-12-14,5374.5,5387.25,5341.75,5365.5
2023-12-15,5363.75,5375,5352.75,5366.75
2023-12-18,5377.5,5397.75,5375.75,5384.75
2023-12-19,5393,5417,5392,5412.75
2023-12-20,5406,5426.25,5338.75,5342
2023-12-21,5376.75,5393.75,5351,5391.25
2023-12-22,5401.75,5417.25,5380.25,5395.75
2023-12-26,5404.25,5430,5403.5,5421.5
2023-12-27,5417.75,5432,5412,5430.25
2023-12-28,5427.5,5435.25,5423.5,5429
2023-12-29,5424,5430.5,5392.25,5409
2024-01-02,5379,5393,5361,5383.5
2024-01-03,5359.75,5367.25,5336.5,5342
2024-01-04,5335,5362,5322.5,5324.25
2024-01-05,5325.75,5355.75,5315.25,5332.5
2024-01-08,5334.75,5398.75,5333.5,5395.5
2024-01-09,5368.5,5399.5,5363,5387.5
2024-01-10,5390.75,5424,5387.75,5415
2024-01-11,5422.5,5427.75,5368.25,5409.5
2024-01-12,5424.5,5432,5397.75,5409
2024-01-16,5397.5,5411.25,5375,5394.25
2024-01-17,5361.5,5371.25,5341.75,5364.25
2024-01-18,5381.5,5412.5,5365.5,5404.75
2024-01-19,5417.5,5469.75,5410.5,5467.25
2024-01-22,5481.25,5493.75,5469,5475.25
2024-01-23,5481.25,5494,5469.75,5494
2024-01-24,5519,5528.75,5484.5,5488.75
2024-01-25,5514.5,5522,5492.25,5517.5
2024-01-26,5513.75,5529.75,5503,5510
2024-01-29,5514.5,5551.5,5508.25,5546.5
2024-01-30,5541.75,5552.75,5534.25,5540.5
2024-01-31,5521.5,5526,5461.5,5467.5
2024-02-01,5478.75,5541,5470,5539.75
2024-02-02,5528.5,5593.25,5524.5,5574
2024-02-05,5568.5,5573,5533.25,5554.75
2024-02-06,5565.5,5573.75,5550.5,5564.5
2024-02-07,5593,5615.5,5583.5,5610
2024-02-08,5608.75,5615.5,5600.5,5611
2024-02-09,5615.5,5644,5611.75,5638.25
2024-02-12,5638.5,5662,5628,5629.5
2024-02-13,5570.5,5583.75,5532,5566.25
2024-02-14,5592.75,5615.75,5568.25,5613.75
2024-02-15,5614.5,5646,5609.25,5643
2024-02-16,5638.5,5650,5608.25,5611
2024-02-20,5597.25,5604.75,5563.75,5582.5
2024-02-21,5573.5,5593.75,5554.5,5588.5
2024-02-22,5657.75,5703.25,5647.75,5690
2024-02-23,5709.75,5719,5688,5693
2024-02-26,5699.25,5703.5,5673.25,5674.25
2024-02-27,5682,5688,5662.5,5687.25
2024-02-28,5667.75,5683.25,5664,5667
2024-02-29,5693.5,5710,5665.5,5695.5
2024-03-01,5701.25,5744.75,5696.75,5736.5
2024-03-04,5731.25,5753.25,5729.75,5730.25
2024-03-05,5712,5717,5658.5,5686
2024-03-06,5714.75,5730,5693.25,5708
2024-03-07,5738.5,5766,5728.75,5751
2024-03-08,5760.5,5788.5,5717.25,5729
2024-03-11,5709.75,5724.5,5690.25,5720.5
2024-03-12,5739.25,5779.5,5712.75,5774.25
2024-03-13,5776,5778.75,5750.25,5768.5
2024-03-14,5772.75,5774.25,5720.75,5750.5
2024-03-15,5718.75,5734.5,5700.5,5716.75
2024-03-18,5758.25,5773,5743,5748.25
2024-03-19,5738.5,5777.5,5728,5773.5
2024-03-20,5773.75,5828.5,5765.75,5827.5
2024-03-21,5847.75,5855.5,5832.75,5839.5
2024-03-22,5834,5838.75,5821.75,5822.5
2024-03-25,5809.5,5821.5,5807,5810.75
2024-03-26,5822.75,5827.25,5795.75,5804
2024-03-27,5825.75,5846.5,5803.5,5844
2024-03-28,5842.25,5853.75,5834.75,5839.25
2024-04-01,5844.5,5850,5815,5827.25
2024-04-02,5786,5795.25,5767.75,5795
2024-04-03,5780.5,5813.5,5779.75,5802.5
2024-04-04,5838,5841.25,5727,5734.5
2024-04-05,5743.75,5805.25,5739.5,5783.25
2024-04-08,5791.25,5801.5,5778,5790.25
2024-04-09,5804.5,5807,5741,5799.75
2024-04-10,5732.5,5759.25,5717.75,5730.75
2024-04-11,5751.5,5790.25,5714.5,5776.25
2024-04-12,5737,5751.5,5682.75,5703
2024-04-15,5744,5745.75,5626.75,5632.5
2024-04-16,5639.75,5656,5611.5,5624.75
2024-04-17,5650.25,5651.75,5579.75,5593.5
2024-04-18,5606.5,5628,5571.25,5582
2024-04-19,5580,5590.75,5524,5536.5
2024-04-22,5563,5609.5,5538.75,5577.5
2024-04-23,5602.25,5645.5,5596.5,5643
2024-04-24,5649.5,5657.5,5614.75,5619
2024-04-25,5572.25,5664.5,5555,5658.25
2024-04-26,5643.75,5679.25,5637.25,5662.5
2024-04-29,5680,5687,5651.5,5680.5
2024-04-30,5663.75,5674,5587,5597.25
2024-05-01,5590.75,5659.5,5575,5583.25
2024-05-02,5616,5633.5,5569,5624.5
2024-05-03,5686,5699.5,5659.5,5694
2024-05-06,5711.25,5740.5,5706.75,5736.75
2024-05-07,5749,5759.5,5738.25,5748.25
2024-05-08,5725,5750,5724,5741.25
2024-05-09,5744,5777.5,5737,5775.25
2024-05-10,5788.25,5796.75,5765.5,5777
2024-05-13,5794.75,5796,5766,5775.25
2024-05-14,5779.5,5807,5774,5801.25
2024-05-15,5826.25,5870,5819.5,5859.5
2024-05-16,5865,5881.75,5849.75,5850.5
2024-05-17,5853.5,5861.5,5838.5,5858.5
2024-05-20,5860.75,5881,5856.5,5862.75
2024-05-21,5857.25,5880.25,5855.25,5877
2024-05-22,5870.75,5877.75,5839.5,5861.25
2024-05-23,5890.25,5891,5806.25,5819
2024-05-24,5837.25,5862,5827.5,5853.5
2024-05-28,5861.25,5864,5829.5,5855
2024-05-29,5814.75,5831,5811.25,5812.75
2024-05-30,5802.5,5809.75,5771,5776
2024-05-31,5790.5,5839.75,5738.25,5830.25
2024-06-03,5845,5846,5779.5,5833.25
2024-06-04,5818,5845,5802.25,5837.25
2024-06-05,5860.25,5899.75,5839.25,5895.25
2024-06-06,5902,5906,5878,5895.25
2024-06-07,5885.25,5918.25,5873.75,5884.75
2024-06-10,5880,5908.5,5873.75,5899
2024-06-11,5888.25,5919,5867.25,5918
2024-06-12,5962.75,5987.25,5949,5958.25
2024-06-13,5977,5978.5,5941.25,5969.25
2024-06-14,5951.75,5971.25,5941.25,5967.25
2024-06-17,5963,6029,5957.75,6013.25
2024-06-18,6015.5,6030.75,6011.5,6030.25
2024-06-20,6038.25,6044.75,5993.5,6009
2024-06-21,6002.25,6013.75,5987,6006.25
2024-06-24,5999,6026.5,5978.25,5984.25
2024-06-25,5995.25,6007.75,5979.75,6001.75
2024-06-26,5991,6017,5984.25,6001.5
2024-06-27,6006.75,6023,5998,6017.25
2024-06-28,6020.75,6053,5978.75,5999.75
2024-07-01,6005,6007.5,5972.5,6000
2024-07-02,5984,6037.75,5983,6033.25
2024-07-03,6032.25,6063.75,6031.75,6059
2024-07-05,6060.25,6094,6053.5,6087.25
2024-07-08,6097,6105.5,6083.25,6095.75
2024-07-09,6104,6113.75,6096.25,6099.5
2024-07-10,6111.25,6158.5,6108.25,6152
2024-07-11,6154.5,6163.75,6098,6107
2024-07-12,6114,6176.25,6110.5,6136.75
2024-07-15,6158.5,6186.75,6134,6153.25
2024-07-16,6166.25,6189.25,6158.25,6183
2024-07-17,6123.25,6140.75,6099.75,6106.75
2024-07-18,6119.75,6129.75,6038.25,6063
2024-07-19,6055.25,6072.75,6010,6016.25
2024-07-22,6061.5,6084,6040.75,6078.25
2024-07-23,6075.5,6097.75,6061.75,6063.75
2024-07-24,6016.5,6019.75,5930,5949.25
2024-07-25,5939.75,6001.25,5900.5,5912.5
2024-07-26,5946.5,5996.25,5938,5968.25
2024-07-29,5982.25,5993.25,5949,5969.25
2024-07-30,5984.25,5995.5,5901,5912
2024-07-31,6011.25,6056.5,5996.75,6035
2024-08-01,6046,6068.75,5912.75,5933
2024-08-02,5872.5,5885.25,5799.75,5840
2024-08-05,5627.5,5747.5,5614,5696.5
2024-08-06,5703.25,5810,5689.75,5729
2024-08-07,5795.75,5827.25,5690.25,5697.25
2024-08-08,5748.75,5828.25,5727.75,5817.75
2024-08-09,5805.5,5853.25,5792.75,5835.75
2024-08-12,5849,5864.75,5815.75,5837
2024-08-13,5871.5,5929.25,5869.5,5926
2024-08-14,5934.25,5955.75,5906.75,5952.5
2024-08-15,6000.5,6039.75,5994.25,6031
2024-08-16,6017.5,6054.25,6015.5,6049
2024-08-19,6050.25,6099.75,6041.5,6093.25
2024-08-20,6094,6111.75,6075.75,6093.25
2024-08-21,6099.25,6123.25,6081.5,6108.25
2024-08-22,6126.75,6133.25,6050.75,6066
2024-08-23,6094,6130.25,6071,6118.5
2024-08-26,6129,6137,6087.75,6099
2024-08-27,6091.25,6117.5,6079.5,6112.5
2024-08-28,6108,6112.5,6045.5,6074.25
2024-08-29,6098.5,6131.75,6066,6085.75
2024-08-30,6099.25,6133,6062.25,6122.25
2024-09-03,6094.25,6098,5984.75,6012.5
2024-09-04,5990.75,6033,5983,5990
2024-09-05,5996.25,6025.25,5958,5985
2024-09-06,5983.5,6000.5,5878.25,5883.5
2024-09-09,5930,5961,5910.5,5950.5
2024-09-10,5966.25,5974,5916.25,5970
2024-09-11,5968.5,6035.5,5880,6025.25
2024-09-12,6030.75,6075,6008.25,6064
2024-09-13,6075.75,6109.5,6073,6096.5
2024-09-16,6095.75,6109.5,6077.25,6102.75
2024-09-17,6128.75,6143.75,6084.5,6109.5
2024-09-18,6114,6162.5,6082,6097.5
2024-09-19,6185,6204.25,6155,6179.5
2024-09-20,6167.25,6181.75,6140.25,6162.5
2024-09-23,6181.25,6191.25,6167.75,6182.5
2024-09-24,6191,6201,6161.5,6197.25
2024-09-25,6197.25,6205.5,6174.75,6191
2024-09-26,6230.5,6234,6185,6210.5
2024-09-27,6218.25,6228.25,6188.75,6196.5
2024-09-30,6187,6227,6163,6214.75
2024-10-01,6215.25,6216.25,6139.75,6167.75
2024-10-02,6156.5,6179,6130.75,6172.5
2024-10-03,6151.25,6176.75,6132.5,6157.75
2024-10-04,6200.25,6211.5,6156.25,6206.75
2024-10-07,6188.5,6195.5,6141,6155.25
2024-10-08,6179.25,6213.5,6170.5,6206.75
2024-10-09,6206.25,6253.25,6200.5,6241.25
2024-10-10,6232.25,6250,6218.25,6234.75
2024-10-11,6231,6275,6230,6262.5
2024-10-14,6283.25,6325.25,6279.75,6314.75
2024-10-15,6317.75,6320.75,6256.75,6266
2024-10-16,6268.5,6299.5,6260,6292.75
2024-10-17,6329.75,6331.75,6291.5,6294.75
2024-10-18,6308.25,6322.25,6293.25,6314.5
2024-10-21,6305.25,6315.25,6271.75,6304.5
2024-10-22,6276,6311,6269,6296.75
2024-10-23,6277,6281.5,6207.75,6248.75
2024-10-24,6263.75,6264.5,6229.25,6262
2024-10-25,6276.75,6307.5,6241.75,6248.75
2024-10-28,6286.5,6287.5,6266.25,6269.25
2024-10-29,6258.75,6290.5,6244.25,6289
2024-10-30,6273,6293.5,6247,6251.75
2024-10-31,6214,6214,6141.25,6150.25
2024-11-01,6167.5,6210.5,6159.25,6169.75
2024-11-04,6164.5,6178.25,6131,6153.75
2024-11-05,6159.75,6228.75,6157.25,6227
2024-11-06,6345.75,6373.75,6307.5,6363.5
2024-11-07,6383.75,6419.75,6382.75,6413.25
2024-11-08,6411.5,6447.25,6411.5,6433.25
2024-11-11,6448.75,6452,6420.25,6436.5
2024-11-12,6437.25,6443.25,6393.5,6423.25
2024-11-13,6422.75,6442,6398.5,6426.5
2024-11-14,6422,6427.25,6371.25,6371.5
2024-11-15,6343.5,6348.5,6283.5,6307
2024-11-18,6307,6339.75,6298,6325
2024-11-19,6290.5,6354.25,6283,6349.75
2024-11-20,6345.5,6351,6286.75,6348.5
2024-11-21,6374.5,6391.75,6314,6376.5
2024-11-22,6375,6400.25,6369.5,6394.25
2024-11-25,6433.5,6446.75,6389.25,6417.75
2024-11-26,6425.25,6450.75,6418,6448.75
2024-11-27,6439.75,6443.75,6407,6422
2024-11-29,6428.25,6466.75,6425.75,6458.25
2024-12-02,6462,6475.25,6456.5,6473.25
2024-12-03,6465.25,6475,6454.25,6474.25
2024-12-04,6486.75,6509,6479.25,6503
2024-12-05,6505.5,6514,6489.75,6490.75
2024-12-06,6501.25,6517.75,6496.75,6505
2024-12-09,6502.75,6504.5,6466.75,6468.25
2024-12-10,6478.5,6482,6446.5,6458.75
2024-12-11,6482.25,6509.25,6479.25,6495
2024-12-12,6489,6494.5,6462.75,6463.75
2024-12-13,6484,6491.5,6448,6456.75
2024-12-16,6479.25,6497.25,6471.5,6482.75
2024-12-17,6460.75,6471.5,6447.5,6458
2024-12-18,6457.25,6481.25,6239.75,6263
2024-12-19,6322,6338.5,6265,6265.75
2024-12-20,6240.5,6384,6231.5,6333.75
2024-12-23,6332,6376.25,6298.25,6371
2024-12-24,6381.25,6432.75,6375.5,6432.25
2024-12-26,6412.5,6440.75,6396.5,6425.75
2024-12-27,6385.75,6388.75,6316,6363.5
2024-12-30,6288.5,6326.5,6251.5,6288.25
2024-12-31,6305.75,6313.5,6250.5,6271
2025-01-02,6301,6318.25,6208,6255
2025-01-03,6278.25,6330,6267.25,6319
2025-01-06,6366,6401.5,6337.25,6360
2025-01-07,6375.25,6378.75,6268.25,6291.25
2025-01-08,6287.25,6305,6250.25,6291.5
2025-01-10,6254,6255,6178.5,6198
2025-01-13,6150.75,6212.75,6146.25,6211.25
2025-01-14,6236,6243,6175.75,6224.25
2025-01-15,6298,6334.5,6285.75,6319.5
2025-01-16,6335,6337.5,6296.5,6297
2025-01-17,6360,6384.75,6346,6363.5
2025-01-21,6397,6426.5,6376.75,6421.25
2025-01-22,6449.5,6469,6444.5,6452
2025-01-23,6446.75,6487.25,6444.5,6482.5
2025-01-24,6485.25,6495.5,6455.25,6462.5
2025-01-27,6331.25,6389.75,6330,6383.5
2025-01-28,6390.75,6438.75,6356.75,6425.25
2025-01-29,6420.5,6424.5,6375.5,6398.25
2025-01-30,6422.75,6449.5,6389.75,6429.75
2025-01-31,6455.75,6481,6391,6397
2025-02-03,6305.5,6382.5,6283.5,6357
2025-02-04,6356.75,6402,6351.25,6384.25
2025-02-05,6384.25,6422.5,6362.75,6421.75
2025-02-06,6437,6441.75,6403.25,6427.25
2025-02-07,6443.75,6456.5,6374.5,6384.5
2025-02-10,6414,6429.25,6401,6417.25
2025-02-11,6398.25,6432,6397.25,6425.5
2025-02-12,6364,6418,6357,6406.75
2025-02-13,6416.75,6471.25,6403.5,6466
2025-02-14,6467.75,6478.5,6459,6466.5
2025-02-18,6476.5,6482.75,6451.5,6480.5
2025-02-19,6467.5,6499.75,6462.5,6487.25
2025-02-20,6481.75,6483.25,6436,6464.25
2025-02-21,6465.75,6466.25,6357.75,6366.25
2025-02-24,6383.25,6393.25,6327.75,6340.75
2025-02-25,6333.75,6341,6257.25,6310.75
2025-02-26,6320.5,6357,6278.75,6308.75
2025-02-27,6328.75,6340.5,6206.25,6212.5
2025-02-28,6213,6304.25,6181.25,6290.5
2025-03-03,6318,6330.25,6155,6203.25
2025-03-04,6152.25,6209,6077.25,6144
2025-03-05,6121.25,6202.75,6084,6178.5
2025-03-06,6107,6154.5,6053.25,6091.5
2025-03-07,6059.5,6124.25,6006.25,6107
2025-03-10,6024.5,6044.5,5904.75,5958.75
2025-03-11,5942.25,5977,5867.25,5920.25
2025-03-12,5968.75,5978.25,5883.5,5930.5
2025-03-13,5931.25,5937,5842.5,5876.75
2025-03-14,5905.25,5982,5897.25,5959.75
2025-03-17,5970.5,6040.75,5966,6010.5
2025-03-18,5990,5992.5,5932,5955.5
2025-03-19,5969,6051.75,5957,6015.5
2025-03-20,5973.25,6046.5,5965.75,5997.75
2025-03-21,5945.25,6003.5,5933.5,6000
2025-03-24,6063.75,6106.75,6057.25,6098.5
2025-03-25,6107.25,6118.5,6090.75,6110
2025-03-26,6105.25,6115.75,6024.25,6039.5
2025-03-27,6024,6061,6001.25,6024.25
2025-03-28,6004.75,6012.5,5893,5895.25
2025-03-31,5844.75,5954,5815,5926.75
2025-04-01,5920,5976,5881.5,5955.75
2025-04-02,5894.25,6042.75,5892,6034.25
2025-04-03,5793.25,5821.75,5709.75,5715.25
2025-04-04,5573.25,5595.75,5369.75,5386.5
2025-04-07,5223,5566.75,5148.25,5410
2025-04-08,5553.25,5586.5,5221.75,5294.25
2025-04-09,5264,5801.25,5261.25,5765
2025-04-10,5656.75,5670.25,5428,5600.5
2025-04-11,5562.5,5699.5,5532.75,5678.5
2025-04-14,5774.5,5777.75,5672.25,5719
2025-04-15,5730.5,5766.25,5700.75,5709.5
2025-04-16,5648.5,5682.25,5532.25,5596.75
2025-04-17,5604,5640.75,5566.75,5607.25
2025-04-21,5538.5,5543.75,5408.5,5461.5
2025-04-22,5526.75,5620.5,5517.25,5595.5
2025-04-23,5731.25,5781,5665,5682
2025-04-24,5693,5822.75,5679.75,5803
2025-04-25,5791.75,5835.75,5761.5,5835
2025-04-28,5838.25,5860,5773.25,5826
2025-04-29,5812.25,5878.5,5809,5867.25
2025-04-30,5797.5,5897.75,5736.75,5887
2025-05-01,5926.25,5963.75,5883,5890.5
2025-05-02,5967.75,6006,5944.25,5992.75
2025-05-05,5945.5,5987.5,5936.5,5949.75
2025-05-06,5897.75,5953,5888.25,5905.75
2025-05-07,5919.75,5956.25,5877.25,5932.5
2025-05-08,5970,6022.25,5934.25,5966.5
2025-05-09,5981,5991.25,5943.75,5960.25
2025-05-12,6131.5,6157.5,6087,6145.5
2025-05-13,6151,6208.25,6144.75,6184.25
2025-05-14,6194.5,6206.25,6171.25,6191.5
2025-05-15,6170.25,6225.75,6165.75,6218.5
2025-05-16,6225.75,6258.75,6206,6253.75
2025-05-19,6193.5,6268.75,6193.5,6254.25
2025-05-20,6243.25,6252.25,6208,6233.5
2025-05-21,6195.75,6237.5,6129,6134.25
2025-05-22,6136.75,6176.25,6124,6140.25
2025-05-23,6065.25,6125,6061.75,6093
2025-05-27,6167.5,6223,6149.5,6221.25
2025-05-28,6221.5,6233.75,6174.5,6184
2025-05-29,6236.25,6237.5,6165.25,6199
2025-05-30,6191.75,6214,6134.5,6198
2025-06-02,6178.75,6234.25,6151.75,6232.75
2025-06-03,6224.75,6272.5,6219.5,6259
2025-06-04,6270.5,6280.25,6255.5,6259.75
2025-06-05,6276.25,6290.25,6210,6231.5
2025-06-06,6284,6306.25,6265.75,6289.5
2025-06-09,6294,6309,6281.25,6290.5
2025-06-10,6297.5,6330.75,6286.25,6318.75
2025-06-11,6336.75,6346,6287.5,6310.75
2025-06-12,6295.25,6332.5,6289.75,6329
2025-06-13,6277.25,6311,6246.5,6269
2025-06-16,6296.25,6338,6295.25,6322.75
2025-06-17,6294,6310.25,6259.25,6266.75
2025-06-18,6274,6302.75,6255.25,6269.25
2025-06-20,6289.5,6300,6232.25,6251.5
2025-06-23,6254,6310.5,6222.25,6305.75
2025-06-24,6347.5,6384.25,6338.25,6373
2025-06-25,6384,6389.25,6359.75,6374.25
2025-06-26,6394.5,6429,6388.25,6419.25
2025-06-27,6433.25,6468,6412.25,6448.5
2025-06-30,6477.25,6494.5,6453.25,6475.25
2025-07-01,6464.25,6490.5,6456.5,6474
2025-07-02,6474,6505.5,6467.25,6501.75
2025-07-03,6522.25,6562.25,6521.75,6552.5
2025-07-07,6531,6538.75,6475.25,6498.5
2025-07-08,6510,6517.75,6491.5,6501.25
2025-07-09,6524.25,6544.25,6505,6538.75
2025-07-10,6536.75,6564.5,6525,6549.25
2025-07-11,6519.5,6541.75,6507.5,6526.25
2025-07-14,6523.25,6544,6509.5,6537.5
2025-07-15,6567,6570.75,6505.25,6506.25
2025-07-16,6527.5,6537.75,6470,6530
2025-07-17,6533.5,6574.5,6531,6569.5
2025-07-18,6581,6582.5,6552.25,6563.25
2025-07-21,6574.5,6603,6570,6577
2025-07-22,6577,6582.75,6547.75,6573.75
2025-07-23,6601.75,6635,6582.5,6633
2025-07-24,6631.25,6647.25,6625.25,6633.25
2025-07-25,6634,6660,6631.5,6654
2025-07-28,6658,6663.25,6637.75,6652.25
2025-07-29,6665.75,6669,6625.25,6632.75
2025-07-30,6641,6664.25,6595.75,6660.75
2025-07-31,6675.75,6680,6587.25,6595.75
2025-08-01,6540,6540.5,6468.5,6497
2025-08-04,6532.25,6594.5,6531,6593
2025-08-05,6592.75,6600.75,6544.5,6558.25
2025-08-06,6564,6608.5,6554.75,6599
2025-08-07,6636.25,6643.5,6563.5,6603.5
2025-08-08,6612,6654.25,6608.75,6654.25
2025-08-11,6645.25,6660.5,6616.5,6626
2025-08-12,6652.75,6699,6637.5,6695.5
2025-08-13,6718.5,6731.5,6695.75,6715.75
2025-08-14,6696.5,6725,6691.75,6710.5
2025-08-15,6725.75,6727,6690.5,6697.5
2025-08-18,6693.5,6704.25,6686.25,6698
2025-08-19,6695.25,6705.25,6648.25,6662.75
2025-08-20,6657,6659.75,6591.75,6642.25
2025-08-21,6624.25,6641.25,6599.25,6620
2025-08-22,6636.75,6725.25,6631.5,6713.25
2025-08-25,6699,6711.75,6682,6688
2025-08-26,6679.75,6715.5,6673.5,6715
2025-08-27,6703,6731.5,6701.75,6722.75
2025-08-28,6729,6752,6709.75,6745.75
2025-08-29,6728,6731.75,6684.5,6703.75
2025-09-02,6627.25,6672.75,6600.75,6668
2025-09-03,6677.75,6693.25,6655.5,6689.5
2025-09-04,6694.75,6745.25,6685.25,6743.75
2025-09-05,6762.5,6770.75,6681,6717.25
2025-09-08,6733.5,6745.5,6719.25,6736.5
2025-09-09,6736.25,6757.5,6718.25,6757
2025-09-10,6782.25,6791.25,6751.5,6766.5
2025-09-11,6786.75,6829,6781,6820.5
2025-09-12,6818.75,6835,6812,6816.25
2025-09-15,6838.25,6852.5,6834.5,6846.25
2025-09-16,6856.25,6859.5,6832.5,6842.75
2025-09-17,6840.25,6857.75,6782.25,6835.75
2025-09-18,6858,6889.25,6841.5,6863.75
2025-09-19,6878.25,6902.75,6858.5,6892.75
2025-09-22,6877.25,6928,6877,6917.75
2025-09-23,6921.5,6927.75,6873,6887.75
2025-09-24,6898.5,6899.75,6849.25,6870.5
2025-09-25,6831.25,6846.25,6795.5,6832.75
2025-09-26,6844.75,6875,6828.5,6872.75
2025-09-29,6893.5,6902.5,6867.5,6884.25
2025-09-30,6878,6914.75,6864.25,6896.75
2025-10-01,6878,6940.75,6876.5,6926.5
2025-10-02,6950.25,6951.5,6912.75,6938.25
2025-10-03,6943.25,6971.25,6925.25,6933
2025-10-06,6959.75,6969,6937.75,6960.25
2025-10-07,6968.5,6973,6918.5,6937.5
2025-10-08,6944.5,6974.75,6935.75,6974.5
2025-10-09,6976.75,6980.75,6932,6950
2025-10-10,6959.25,6977.75,6760.75,6776.25
2025-10-13,6841.5,6882.75,6833,6863.5
2025-10-14,6805.25,6893.75,6764.5,6851.5
2025-10-15,6903.25,6938,6822.75,6886.25
2025-10-16,6902.75,6921.75,6803.25,6823.75
2025-10-17,6825.75,6889.25,6811.75,6881.75
2025-10-20,6904.75,6954.25,6904.25,6948.5
2025-10-21,6945.5,6961,6930.5,6939
2025-10-22,6950.25,6950.5,6862,6910
2025-10-23,6910.5,6957,6907.25,6946.25
2025-10-24,6992,7012.5,6983.75,6996.75
2025-10-27,7054.25,7083.25,7048.25,7081.25
2025-10-28,7097,7116,7074.25,7095.25
2025-10-29,7113.25,7123.25,7053.5,7092.75
2025-10-30,7064.25,7085,7022.25,7046
2025-10-31,7073.25,7073.75,7014.75,7043.25
2025-11-03,7079.5,7080.75,7020.75,7057
2025-11-04,6981.5,7020.5,6966,6974.5
2025-11-05,6969.75,7029,6961,6993.5
2025-11-06,6983.5,6992.75,6904.75,6931
2025-11-07,6894.75,6933.75,6826.75,6931.75
2025-11-10,6987,7037,6964,7033.5
2025-11-11,7013.75,7051,7001.75,7049.75
2025-11-12,7062.5,7064,7023.25,7050.25
2025-11-13,7018.5,7021.75,6917.25,6948
2025-11-14,6863.25,6966.75,6841.75,6935.5
2025-11-17,6905.5,6946,6829.75,6871.25
2025-11-18,6828,6858.75,6765.25,6804.5
2025-11-19,6813.75,6880.25,6793.25,6835.25
2025-11-20,6936.25,6962.5,6721.75,6728.25
2025-11-21,6752.75,6848.75,6710.25,6798.25
2025-11-24,6829,6903,6818,6894.75
2025-11-25,6887.75,6963.75,6845.75,6954
2025-11-26,6976.25,7018,6967,7001.5
2025-11-28,7005.5,7035,7002.5,7028.5
2025-12-01,6984.75,7027,6984,6997
2025-12-02,7015.5,7034.75,6989.25,7011.25
2025-12-03,7000.5,7044.5,6991.5,7035.5
2025-12-04,7047.5,7048,7007.5,7037
2025-12-05,7046.5,7076.25,7037.75,7051.5
2025-12-08,7057,7057.5,7006.5,7026
2025-12-09,7021.75,7044,7015.75,7018
2025-12-10,7014.75,7079.25,7002,7062.5
2025-12-11,7039.25,7086,7009.25,7084
2025-12-12,7067.5,7074.25,6976.25,7006
2025-12-15,7042.25,7043,6977.5,6994.75
2025-12-16,6974.75,6993.75,6930.75,6966.25
2025-12-17,6978.75,6984.5,6888.75,6907.75
2025-12-18,6953,6985.25,6925,6935
2025-12-19,6960.5,7007,6959,7002.75
2025-12-22,7035,7049.5,7021.75,7044.5
2025-12-23,7032.5,7077,7032,7071
2025-12-24,7072.25,7101.25,7070.5,7093.25
2025-12-26,7096.75,7107.25,7082.25,7091
2025-12-29,7064.5,7081,7049.25,7067.75
2025-12-30,7063,7074.75,7054,7058.75
2025-12-31,7058.5,7060.75,7003.5,7010.75
2026-01-02,7041,7053,6980,7016.25
2026-01-05,7047.5,7076.75,7046,7057.75
2026-01-06,7060,7104.75,7058.75,7100.25
2026-01-07,7102.25,7120,7072.25,7073.25
2026-01-08,7067,7085.75,7053.25,7077.5
2026-01-09,7083.5,7130.75,7069,7117.25
2026-01-12,7082.75,7138.5,7082,7129.75
2026-01-13,7131.75,7137.5,7090,7114.25
2026-01-14,7085.5,7093,7036.5,7077.75
2026-01-15,7122.25,7130.5,7088,7094.5
2026-01-16,7109.75,7115.5,7073.75,7089.25
2026-01-20,6985,7018,6935.5,6952.75
2026-01-21,6966,7058.5,6950.5,7031.75
2026-01-22,7069.25,7082.25,7038.75,7057.75
2026-01-23,7048.25,7077.25,7038.25,7051.5
2026-01-26,7071,7108.75,7065.25,7093.25
2026-01-27,7107.5,7131.75,7101.5,7120
2026-01-28,7136,7144.25,7090.5,7123.5
2026-01-29,7128.25,7134.75,7011.5,7102.75
2026-01-30,7079.5,7104.5,7032,7076.75
2026-02-02,7056.75,7130.5,7055,7117.75
2026-02-03,7122.75,7130.25,6999.5,7055
2026-02-04,7062.5,7074,6975.75,7036.5
2026-02-05,6966.75,6994.5,6913.25,6929
2026-02-06,6969.5,7078.75,6963.5,7059.75
2026-02-09,7048.75,7113.75,7037.5,7099.25
2026-02-10,7103,7119.75,7070.25,7079.5
2026-02-11,7117,7124.75,7044.25,7075.75
2026-02-12,7094.75,7106,6955.25,6969.25
2026-02-13,6964.75,7011,6922,6965.75
2026-02-17,6948.25,6997,6904.25,6975
2026-02-18,6987,7039,6974.75,7006.5
2026-02-19,6984,7007.75,6961,6991.5
2026-02-20,6966,7044.75,6960.5,7041.25
2026-02-23,7021.25,7043.5,6946,6971.25
2026-02-24,6960.75,7026,6941.75,7015
2026-02-25,7043.75,7079,7043,7075
2026-02-26,7074.25,7074.5,6984,7031.5
2026-02-27,6969,7007.25,6954.75,6998.5
2026-03-02,6924.25,7024.5,6917.75,6996.25
2026-03-03,6886,6963,6832,6934.5
2026-03-04,6952,7007.25,6931,6991.75
2026-03-05,6955.5,6990.75,6890.25,6941.75
2026-03-06,6865.5,6893.75,6829,6853.75
2026-03-09,6794.75,6931.75,6754.25,6904.75
2026-03-10,6908.25,6965.25,6878.25,6913
2026-03-11,6905.75,6931.25,6863,6890.25
2026-03-12,6840,6845.25,6785,6789.25
2026-03-13,6819.75,6850.75,6740.25,6744.25
2026-03-16,6810.5,6847.5,6797.75,6819.25
2026-03-17,6850.25,6871,6826.75,6836.75
2026-03-18,6809,6822.25,6725.75,6727.25
2026-03-19,6691.75,6754.5,6674.25,6732.75
2026-03-20,6705.25,6705.5,6586.25,6638.25
2026-03-23,6720.5,6767.25,6678.5,6694.75
2026-03-24,6651.75,6708.5,6636,6673.25
2026-03-25,6724.25,6747.25,6679,6703.75
2026-03-26,6655.5,6684.5,6579.5,6616.75
2026-03-27,6557.25,6558.25,6460.75,6464.75
2026-03-30,6530.25,6533.75,6422,6440.5
2026-03-31,6519.75,6645.75,6509.5,6634
2026-04-01,6668.75,6716.25,6660.5,6684.75
2026-04-02,6590.25,6707,6576.75,6685.75
2026-04-06,6684.25,6723.5,6680.25,6710.75
2026-04-07,6692,6727.25,6635.25,6725.25
2026-04-08,6892,6899.25,6842.5,6883
2026-04-09,6875.25,6938.5,6864.25,6921.75
2026-04-10,6937.5,6945.5,6908.75,6918.75
2026-04-13,6897.25,6988,6889,6985.75
2026-04-14,7000.25,7070.5,7000,7065.75
2026-04-15,7076.75,7127,7066.5,7118.5
2026-04-16,7134,7151.5,7109,7138
2026-04-17,7183.75,7248.25,7179.5,7227.75
2026-04-20,7210.75,7222,7184,7209
2026-04-21,7225,7235,7147.5,7187.25
2026-04-22,7212.75,7235.5,7203.25,7226.25
2026-04-23,7214.75,7244,7141.75,7196.5
2026-04-24,7225,7263,7207.5,7255
2026-04-27,7248.75,7273.75,7239.5,7267.25
2026-04-28,7234.5,7245.5,7208.75,7235.75
2026-04-29,7225.75,7253.25,7197.75,7200.25
2026-04-30,7262.5,7314.25,7219.75,7307.5
2026-05-01,7327,7363.25,7314.5,7316.75
2026-05-04,7313,7333.5,7262,7287.75
2026-05-05,7330,7362.25,7326.75,7352.75
2026-05-06,7393.5,7458.25,7389.75,7456.5
2026-05-07,7461.75,7472.5,7408,7432
2026-05-08,7458.25,7490.25,7454.25,7483
2026-05-11,7472.5,7517.25,7472.5,7497
2026-05-12,7476.5,7496.25,7425.75,7482.5
2026-05-13,7491.75,7546.25,7461.5,7535
2026-05-14,7543.5,7602.5,7542.25,7589.5
2026-05-15,7522,7538.25,7471.75,7482.25
2026-05-18,7501,7516.75,7436,7484.5
2026-05-19,7449.25,7477.75,7416.75,7437.25
2026-05-20,7457.5,7520.5,7439.25,7510.5
2026-05-21,7486.25,7549.25,7471,7531
2026-05-22,7559.25,7586.5,7541.25,7556.75
2026-05-26,7596.5,7617.75,7579.5,7598.25
2026-05-27,7604.5,7609.5,7577.5,7605.5
2026-05-28,7597.75,7652.5,7587.75,7652
2026-05-29,7653.25,7674,7640,7658.75
2026-06-01,7645.5,7694.75,7638.75,7678.25
2026-06-02,7660.75,7694.5,7658,7689.25
2026-06-03,7671,7677.25,7625,7629.75
2026-06-04,7610.75,7674,7604.25,7656.5
2026-06-05,7610.25,7615.5,7426.75,7430.75
2026-06-08,7519.75,7539.25,7466.25,7475.75
2026-06-09,7521,7553.5,7309.75,7448
2026-06-10,7417.5,7467.25,7324,7334
2026-06-11,7370.5,7482.5,7325.5,7469.25
2026-06-12,7486,7524.25,7429,7505
2026-06-15,7599.25,7648.75,7598.5,7628
2026-06-16,7627.75,7636.75,7581.25,7582
2026-06-17,7595.75,7604.25,7472.25,7492.5
2026-06-18,7577.25,7581.5,7535.5,7576.5
2026-06-22,7573.25,7599.25,7527.25,7545.5
2026-06-23,7429.5,7491,7415.25,7438.75
2026-06-24,7447.25,7496.5,7404.25,7463.5
2026-06-25,7485.75,7490.5,7390.5,7438.25
2026-06-26,7380.75,7459.5,7360,7412.25
2026-06-29,7457.25,7505,7409,7497.5
2026-06-30,7500,7567.75,7495.75,7545.25
2026-07-01,7532.25,7579,7505.75,7535.25
2026-07-02,7555.25,7593.75,7479.5,7524.25
2026-07-06,7564.75,7602.5,7552.5,7596.5
2026-07-07,7580.75,7587.5,7529.5,7552
2026-07-08,7507,7536.5,7469.5,7523.75
2026-07-09,7546.75,7595,7529.5,7590.75
2026-07-10,7592.25,7627.25,7552.75,7622.5
2026-07-13,7595.5,7610.5,7551,7559.5
2026-07-14,7579.5,7603.75,7556.5,7589.25
2026-07-15,7612.5,7626.25,7571.75,7614.5
2026-07-16,7597,7615,7548.25,7567.25
2026-07-17,7485.25,7539,7473,7488.75
2026-07-20,7534.5,7552,7478,7482
2026-07-21,7526,7554,7504.5,7544.5
2026-07-22,7527.75,7563.5,7525.25,7553.25
2026-07-23,7453.5,7486.25,7411.75,7453.25
2026-07-24,7444,7496.5,7431.5,7444.75
2026-07-27,7507.75,7514,7416.25,7448
2026-07-28,7449.75,7485.75,7417,7467
2026-07-29,7456.25,7482.75,7326.25,7336.5
2026-07-30,7414.5,7492,7399,7486.75
2026-07-31,7499,7541,7427.5,7521.75
2026-08-03,7546.25,7637.75,7542.75,7632
2026-08-04,7657.5,7786,7656,7773.75
2026-08-05,7809.75,7820.25,7745.75,7759.5
2026-08-06,7752,7768.5,7724.25,7737.75
2026-08-07,7757.25,7786.75,7743.5,7775.25
2026-08-10,7773,7798,7764.5,7775.5
2026-08-11,7791.75,7792.5,7738,7752.25
2026-08-12,7791.75,7794,7756.5,7772.25
2026-08-13,7793.25,7838.5,7785.5,7822.5
2026-08-14,7827.75,7830.75,7796.5,7800.75
2026-08-17,7803,7809.5,7765.25,7767.25
2026-08-18,7726.25,7735.25,7710.25,7714.25
2026-08-19,7743.5,7764.75,7720.75,7728.5
2026-08-20,7698,7720,7659,7661.5
2026-08-21,7695.75,7714,7676.75,7691
2026-08-24,7681.75,7686.5,7655,7670.75
2026-08-25,7695,7701.25,7663.25,7692
2026-08-26,7678.75,7705.5,7671,7702.75
2026-08-27,7716.25,7755.5,7702.75,7735.25
2026-08-28,7746.25,7782.5,7711.75,7720.5
2026-08-31,7701.25,7708.25,7674.75,7701.75
2026-09-01,7647,7673.75,7621.5,7644.5
2026-09-02,7650.5,7691.25,7643,7680.25
2026-09-03,7704.25,7766.5,7700,7753.5
2026-09-04,7742.25,7751,7711.75,7718.5
2026-09-08,7711.5,7717.75,7672.25,7678.75
2026-09-09,7660.75,7665,7628.75,7646
