time,open,high,low,close
1997-09-09,1869.25,1876.75,1868.25,1869.5
1997-09-10,1869.25,1869.75,1850,1850.75
1997-09-11,1851.5,1853,1836,1844
1997-09-12,1843.5,1861.75,1839.5,1859.5
1997-09-15,1859.25,1865.5,1854.75,1857.25
1997-09-16,1857,1885.75,1856,1881.75
1997-09-17,1881.75,1888.25,1877.25,1881.75
1997-09-18,1881.5,1896.25,1880.5,1883.5
1997-09-19,1883.5,1889,1878.75,1886.25
1997-09-22,1886,1897.75,1886,1892
1997-09-23,1891,1893,1882.25,1887.75
1997-09-24,1887.25,1896.25,1877.75,1880.25
1997-09-25,1879.5,1883.25,1871.25,1872.25
1997-09-26,1872,1882.25,1872,1879
1997-09-29,1879,1890.25,1876,1887.5
1997-09-30,1886.75,1891,1878.5,1880.25
1997-10-01,1881.25,1892.25,1880.25,1889.25
1997-10-02,1889,1895.25,1886.75,1894.75
1997-10-03,1895,1911.25,1887.5,1901.25
1997-10-06,1902.5,1909.5,1902.25,1907.25
1997-10-07,1907.25,1918,1903.25,1915.25
1997-10-08,1915.25,1917.5,1900.5,1908
1997-10-09,1908,1909,1895,1903.75
1997-10-10,1904.5,1906.75,1889.75,1902.5
1997-10-13,1902.5,1907.5,1899.75,1902
1997-10-14,1902,1907.25,1894.25,1903.25
1997-10-15,1901.5,1902.5,1893.75,1899.25
1997-10-16,1899.25,1907,1881,1885.5
1997-10-17,1884.75,1885.75,1861.25,1874.5
1997-10-20,1889.25,1889.25,1888,1888
1997-10-21,1890,1906.25,1890,1905.25
1997-10-22,1904.75,1906.25,1896.25,1900
1997-10-23,1898.75,1900,1873.25,1881.25
1997-10-24,1881.75,1894.75,1867.25,1869.75
1997-10-27,1868.25,1869.75,1799.75,1799.75
1997-10-28,1787.75,1858.75,1769.75,1850.25
1997-10-29,1850.25,1867.75,1842,1850.25
1997-10-30,1850.25,1854.25,1827.75,1828.75
1997-10-31,1827.75,1852,1815.5,1849.75
1997-11-03,1849.5,1873.75,1847,1871.5
1997-11-04,1871.75,1872.5,1862,1871.5
1997-11-05,1867.25,1881.75,1864,1872.75
1997-11-06,1872.25,1873.25,1863,1868
1997-11-07,1868,1868.75,1842.25,1857
1997-11-10,1855.75,1866.25,1848.5,1852
1997-11-11,1851.75,1855.5,1850,1852.25
1997-11-12,1852.25,1855.25,1831.25,1834
1997-11-13,1832.75,1848.25,1828.25,1845
1997-11-14,1845.75,1858.25,1845.75,1858.25
1997-11-17,1857.75,1880.25,1857.75,1875.75
1997-11-18,1875.75,1880.25,1865.75,1868.25
1997-11-19,1868,1877.25,1862,1873.5
1997-11-20,1873.75,1891.25,1872.75,1888.75
1997-11-21,1888.25,1896.75,1883.25,1895.25
1997-11-24,1894.25,1894.75,1872.75,1875.5
1997-11-25,1875.75,1883.25,1870.5,1877.5
1997-11-26,1877.75,1885.5,1874.5,1880.75
1997-11-28,1880.5,1888,1879.5,1880.75
1997-12-01,1881.25,1905.25,1881.25,1905.25
1997-12-02,1905.75,1907.75,1897.75,1900.75
1997-12-03,1900.5,1907,1894.75,1903.25
1997-12-04,1903.25,1911.5,1898.25,1902.75
1997-12-05,1902,1914.75,1888.75,1912.25
1997-12-08,1912.25,1915.5,1906.25,1910.25
1997-12-09,1910.5,1912,1900.25,1904.75
1997-12-10,1904.5,1905.5,1889.25,1896
1997-12-11,1895.5,1896,1877,1880.25
1997-12-12,1874.25,1890.75,1872.5,1881.25
1997-12-15,1881.5,1893.25,1875.25,1889
1997-12-16,1888.25,1900.5,1888,1895.25
1997-12-17,1895,1902.75,1889.25,1890.25
1997-12-18,1890,1891.25,1875.25,1879.75
1997-12-19,1878.75,1878.75,1872.25,1872.25
1997-12-22,1871.5,1877.5,1871.5,1877.5
1997-12-23,1877.5,1879.75,1858.75,1859.75
1997-12-24,1859.5,1868.25,1856.25,1857
1997-12-26,1858.75,1864.25,1857.75,1860.75
1997-12-29,1860.25,1881.25,1856,1880.5
1997-12-30,1881.25,1895.25,1880.25,1894
1997-12-31,1894.25,1898.75,1890,1893.75
1998-01-02,1894,1899.5,1887.25,1899.5
1998-01-05,1901.75,1907.5,1891.25,1901.75
1998-01-06,1901.75,1902.5,1885.25,1885.75
1998-01-07,1885.5,1889.5,1875.25,1888.75
1998-01-08,1888.5,1892,1875.25,1876
1998-01-09,1876.75,1877.75,1840.25,1844.25
1998-01-12,1843.75,1863,1829.25,1860.25
1998-01-13,1860.25,1874.75,1859.25,1874.25
1998-01-14,1874.75,1881,1868.5,1878
1998-01-15,1878.25,1878.75,1869.5,1869.75
1998-01-16,1869.75,1887.5,1867.25,1883.25
1998-01-20,1883.25,1900.75,1881.5,1900
1998-01-21,1899.25,1900,1882.25,1890.25
1998-01-22,1892,1892.25,1879,1881
1998-01-23,1880.75,1887.25,1869.75,1879.25
1998-01-26,1875.75,1884.5,1868.25,1878.25
1998-01-27,1878,1894.5,1875.5,1888.5
1998-01-28,1888.75,1899.75,1887.75,1896.75
1998-01-29,1896.75,1913.75,1894.5,1901.75
1998-01-30,1902.5,1908.25,1898.75,1902.5
1998-02-02,1902.75,1923.75,1902.5,1918.75
1998-02-03,1917.5,1926.5,1916,1925.5
1998-02-04,1925.75,1929.5,1917.5,1924.5
1998-02-05,1924.25,1934,1918.75,1924.25
1998-02-06,1923.75,1933.75,1922.75,1933.25
1998-02-09,1933.75,1936.75,1925,1929.75
1998-02-10,1929.5,1942.5,1927.25,1939
1998-02-11,1938.75,1941.25,1934.25,1938.5
1998-02-12,1938.25,1946.25,1926,1941.5
1998-02-13,1941.5,1943,1935.5,1937
1998-02-17,1937.25,1948.25,1932.25,1942.25
1998-02-18,1942.25,1950.75,1938.75,1950
1998-02-19,1950.25,1952.75,1939.5,1945.5
1998-02-20,1945,1952.75,1939.5,1952.25
1998-02-23,1952,1960.5,1948.5,1956
1998-02-24,1956.25,1956.5,1945,1948.5
1998-02-25,1948,1964.25,1947.5,1960.25
1998-02-26,1960.25,1967.25,1956.75,1966.75
1998-02-27,1965.25,1969.75,1960.75,1965.25
1998-03-02,1964,1971.75,1961.25,1964.75
1998-03-03,1964.25,1971.25,1959.5,1970.25
1998-03-04,1970,1970.25,1958.25,1962.75
1998-03-05,1960.5,1960.75,1946.75,1953.5
1998-03-06,1953.25,1972.75,1949.25,1972
1998-03-09,1968.75,1976.25,1965.75,1968.75
1998-03-10,1968.75,1982,1968,1979.75
1998-03-11,1979.75,1985.75,1979,1983.25
1998-03-12,1983.25,1988.25,1978.25,1987.25
1998-03-13,1987,1994.75,1981.75,1984.25
1998-03-16,1984,1995.75,1980,1994.75
1998-03-17,1994.25,1997.25,1989,1997.25
1998-03-18,1997,2001,1992.25,2000.75
1998-03-19,2000.25,2005,1998.75,2004.75
1998-03-20,2006.75,2016.75,2003.5,2014.25
1998-03-23,2013.5,2016.5,2007,2011.25
1998-03-24,2011.5,2022.25,2010.5,2020
1998-03-25,2020,2028.25,2005.5,2016.75
1998-03-26,2016.75,2021,2010,2013.75
1998-03-27,2013.75,2022.5,2001.75,2010.5
1998-03-30,2009.25,2014,2003.25,2008.75
1998-03-31,2008.5,2025.25,2007.25,2013.5
1998-04-01,2012.75,2024.25,2007.25,2021.25
1998-04-02,2022,2035.75,2019,2034
1998-04-03,2034,2040.5,2031,2037.75
1998-04-06,2037.5,2045.5,2029.75,2030
1998-04-07,2030.25,2034,2013.5,2022
1998-04-08,2021.5,2026.5,2008,2014.75
1998-04-09,2015.5,2024.25,2014.5,2022.5
1998-04-13,2022,2027.25,2010.5,2020.25
1998-04-14,2020.25,2029,2019.25,2028
1998-04-15,2026.75,2031.75,2022.5,2031.25
1998-04-16,2031.25,2032,2014.75,2018.5
1998-04-17,2019.5,2034.5,2008.75,2033.5
1998-04-20,2033.5,2035.75,2028,2032
1998-04-21,2032,2040.5,2028.75,2038.5
1998-04-22,2038,2043,2036.25,2039.5
1998-04-23,2039,2039.25,2026.5,2029.5
1998-04-24,2028.5,2033.5,2012,2015.75
1998-04-27,2015,2016.75,1984.5,1996.5
1998-04-28,1996.5,2006,1990,1994
1998-04-29,1994.25,2007,1991.75,1999.75
1998-04-30,1999.75,2027,1997.5,2022.25
1998-05-01,2022.25,2033.25,2020.75,2032.5
1998-05-04,2032.5,2040,2029,2031
1998-05-05,2030.75,2031.25,2017.75,2023
1998-05-06,2023,2027.5,2009.25,2009.75
1998-05-07,2001.75,2014,2000.25,2001.25
1998-05-08,2001.75,2019.75,1999,2018.5
1998-05-11,2018.5,2027.75,2010.25,2015.25
1998-05-12,2014.5,2026,2009.5,2025
1998-05-13,2025,2031,2021.5,2027
1998-05-14,2027,2032.25,2019,2022.5
1998-05-15,2022.5,2026.5,2013,2015.5
1998-05-18,2013.5,2020.25,2003.5,2011.25
1998-05-19,2012.5,2021.75,2010.5,2018.5
1998-05-20,2017.75,2027.75,2013.5,2027
1998-05-21,2028,2031.75,2017.5,2021.25
1998-05-22,2021,2024.25,2013.75,2017
1998-05-26,2015.5,2023.75,1995,1997
1998-05-27,1998,2001.5,1978,1999.5
1998-05-28,2000.25,2006.25,1994,2003.75
1998-05-29,2004,2010.75,1993.75,1993.75
1998-06-01,1993,2004.5,1987.5,1998.25
1998-06-02,1998.25,2005.5,1994,1998.75
1998-06-03,1998.5,2003.25,1981,1981.25
1998-06-04,1981,2002,1980.25,2000.75
1998-06-05,2000.5,2021,1997.5,2020.5
1998-06-08,2020.25,2025.5,2017.5,2020
1998-06-09,2019.75,2025,2015.75,2022.5
1998-06-10,2022.5,2030.75,2012.5,2016
1998-06-11,2016.25,2019,1993,1995
1998-06-12,1996,2005,1984,2003.5
1998-06-15,2004.5,2006.5,1976.5,1976.75
1998-06-16,1976.5,1992,1974.25,1991
1998-06-17,1990.75,2018.25,1990,2013.5
1998-06-18,2013.5,2018.5,2007.5,2009.5
1998-06-19,2009.75,2015.5,1999.25,2003.75
1998-06-22,2002,2013,1999.25,2008.25
1998-06-23,2008,2023.25,2006.25,2021.5
1998-06-24,2021.5,2039,2017.75,2037
1998-06-25,2038.25,2046,2030,2035
1998-06-26,2035,2040.5,2033,2039
1998-06-29,2039.25,2049.5,2039,2043
1998-06-30,2043.25,2045,2032.5,2034.5
1998-07-01,2034.5,2050.5,2034,2048
1998-07-02,2048,2051,2043.25,2049.5
1998-07-06,2049.75,2061.25,2047.25,2061
1998-07-07,2061,2062.75,2054,2058.75
1998-07-08,2058.5,2069.25,2056.5,2066.5
1998-07-09,2066.5,2068.25,2056.25,2059
1998-07-10,2059,2069,2051,2064
1998-07-13,2061.75,2068.25,2055.5,2065.25
1998-07-14,2065,2081.25,2064.5,2077.25
1998-07-15,2075.25,2082,2074.25,2075
1998-07-16,2075,2085,2069.75,2082.75
1998-07-17,2082.5,2088.5,2082,2085.25
1998-07-20,2085.25,2091.25,2078.5,2085
1998-07-21,2085.25,2088.25,2061.75,2064.25
1998-07-22,2064,2068.5,2053.5,2063.5
1998-07-23,2064,2066.5,2037.5,2039
1998-07-24,2039,2048.25,2026.75,2039
1998-07-27,2037.5,2046.5,2025.5,2044.75
1998-07-28,2045,2046.25,2013.25,2027
1998-07-29,2027,2037.25,2018,2020.75
1998-07-30,2021.25,2042,2020.5,2037.5
1998-07-31,2037.75,2040.75,2007.75,2014.5
1998-08-03,2013.75,2019.75,2005.75,2009
1998-08-04,2009.75,2018.25,1965,1965.5
1998-08-05,1965.25,1983.5,1951.5,1980
1998-08-06,1981,1989,1970,1984
1998-08-07,1985,2000,1979.25,1986.25
1998-08-10,1985,1989.5,1977,1980
1998-08-11,1979.75,1981.75,1949.5,1962.5
1998-08-12,1963,1982.75,1961.5,1982
1998-08-13,1981.75,1989.25,1967,1967.25
1998-08-14,1966.75,1980.5,1951.25,1953.75
1998-08-17,1954.75,1979,1939.5,1976
1998-08-18,1976.5,1998.5,1972.25,1997.5
1998-08-19,1998.25,2004.5,1989.5,1994.25
1998-08-20,1994.25,1997,1984.25,1986
1998-08-21,1985.75,1987.5,1946.75,1978.25
1998-08-24,1978.25,1990.25,1972,1984.75
1998-08-25,1984.5,2002.5,1979.75,1987
1998-08-26,1985,1988,1969,1979.25
1998-08-27,1979.25,1981.5,1925.5,1927.5
1998-08-28,1927,1948.5,1911.5,1922.5
1998-08-31,1922.25,1932.5,1843.5,1845.5
1998-09-01,1843.25,1896.25,1826.5,1891
1998-09-02,1891.25,1906.5,1877.5,1882.25
1998-09-03,1882.75,1883.25,1856.5,1877
1998-09-04,1876.5,1885.75,1846,1867.5
1998-09-08,1869,1919,1868.5,1919
1998-09-09,1918,1920.5,1893.5,1894.5
1998-09-10,1894,1895.25,1857.5,1861
1998-09-11,1863.5,1907.5,1849.5,1904.75
1998-09-14,1908.5,1933,1902.75,1921.75
1998-09-15,1920.75,1930.25,1911.75,1927.75
1998-09-16,1928,1940.75,1919.75,1939.5
1998-09-17,1939,1940.5,1906,1910.75
1998-09-18,1909.75,1919.25,1902.5,1912.25
1998-09-21,1911.75,1911.75,1911.75,1911.75
1998-09-22,1912.25,1926,1911.5,1920.75
1998-09-23,1920.5,1960.5,1916,1959
1998-09-24,1959.25,1962,1922.25,1935
1998-09-25,1934.25,1944.75,1913.25,1932.25
1998-09-28,1931.5,1953.25,1930.25,1944.5
1998-09-29,1942.25,1949.25,1924.25,1938.75
1998-09-30,1938.75,1938.75,1903.25,1907.25
1998-10-01,1907.75,1914.25,1868.75,1876
1998-10-02,1875.5,1897.75,1859.75,1894.25
1998-10-05,1893,1894.75,1851.25,1875.75
1998-10-06,1875.75,1900.25,1863.25,1875.5
1998-10-07,1875.25,1899.25,1845.75,1860.25
1998-10-08,1860.75,1866.25,1810.5,1850.5
1998-10-09,1851.25,1876,1839.25,1872.75
1998-10-12,1872.75,1900.25,1867.75,1886.5
1998-10-13,1886.5,1895.25,1874.75,1884.25
1998-10-14,1883,1904.25,1874.25,1892
1998-10-15,1892,1945.25,1885.25,1945.25
1998-10-16,1942.75,1953.25,1936,1947.5
1998-10-19,1947.25,1955.25,1939.75,1950.75
1998-10-20,1949.75,1974.25,1948.75,1955.25
1998-10-21,1954,1963,1944.75,1954
1998-10-22,1954,1969.5,1948.25,1968
1998-10-23,1968.25,1969,1954,1955.25
1998-10-26,1953.25,1971.25,1951,1961.75
1998-10-27,1961.75,1975.25,1949,1955.75
1998-10-28,1954.75,1960.5,1946.25,1952.25
1998-10-29,1952.25,1978.75,1950.25,1977.75
1998-10-30,1978,1991.5,1976.25,1986.5
1998-11-02,1986.25,2002.75,1983,2002.5
1998-11-03,2001.75,2003,1992.75,1995.25
1998-11-04,1995,2014.75,1994.75,2005.75
1998-11-05,2005.25,2024,1994.75,2022
1998-11-06,2022,2030,2016.5,2029.25
1998-11-09,2027.75,2030.5,2008.75,2017.75
1998-11-10,2017.5,2021.75,2009.25,2010.25
1998-11-11,2011.5,2023.25,2002.5,2007.5
1998-11-12,2007.25,2013.25,1999.5,2005
1998-11-13,2004.75,2015.25,2002.25,2014.5
1998-11-16,2016,2025.75,2011,2023.5
1998-11-17,2023.25,2038.75,2013.75,2024.75
1998-11-18,2024.75,2032.25,2017.25,2031.25
1998-11-19,2030.75,2040.25,2028.5,2040
1998-11-20,2039,2049,2037.75,2048.75
1998-11-23,2048.75,2076.25,2048.75,2075.25
1998-11-24,2075,2079.25,2065.5,2068
1998-11-25,2068.75,2072.25,2063.25,2067.25
1998-11-27,2067.5,2077.5,2066.75,2075.5
1998-11-30,2076.5,2078.75,2043.25,2043.75
1998-12-01,2044,2060.25,2032.5,2055.5
1998-12-02,2056,2059,2039.75,2053.5
1998-12-03,2053.25,2062,2030.75,2034.25
1998-12-04,2033.25,2066.5,2031.75,2061.5
1998-12-07,2062,2073,2058.5,2068.75
1998-12-08,2068.5,2076.75,2054.5,2062.75
1998-12-09,2063.25,2068.75,2057.75,2065.75
1998-12-10,2066.25,2070.75,2045,2047.75
1998-12-11,2046.75,2050.75,2035.25,2044.75
1998-12-14,2042.25,2042.25,2016.75,2017.75
1998-12-15,2018.25,2045.75,2017.25,2044.25
1998-12-16,2044.25,2049,2035,2044
1998-12-17,2044,2063.25,2036.25,2061.5
1998-12-18,2061.25,2071.25,2056,2066.5
1998-12-21,2064.75,2094.5,2060.75,2083.75
1998-12-22,2083.5,2092.25,2072.75,2085.25
1998-12-23,2083.75,2112.75,2081.25,2111.75
1998-12-24,2110.75,2112,2106.25,2108.75
1998-12-28,2107,2118.25,2100.75,2102.75
1998-12-29,2103,2124.5,2100.75,2123.75
1998-12-30,2123.75,2126,2110,2111.25
1998-12-31,2111.25,2118.25,2103.5,2114.75
1999-01-04,2112.5,2130.25,2095.75,2110.25
1999-01-05,2109.25,2127.25,2105.25,2122.5
1999-01-06,2122.25,2154.75,2121.25,2149.5
1999-01-07,2150.25,2150.75,2135.5,2147
1999-01-08,2146.75,2160.25,2140.5,2157.25
1999-01-11,2143.25,2143.25,2143,2143
1999-01-12,2121.75,2122.25,2121.5,2121.75
1999-01-13,2108.75,2109.5,2108.75,2109.5
1999-01-14,2088.75,2089,2088.75,2088.75
1999-01-15,2088.25,2119,2072.75,2116.25
1999-01-19,2129.75,2130,2129.25,2129.75
1999-01-20,2136.5,2136.75,2136.25,2136.75
1999-01-21,2103.25,2104.5,2103.25,2104
1999-01-22,2104.25,2113,2091.25,2101.75
1999-01-25,2113.25,2113.25,2112.25,2112.75
1999-01-26,2117.25,2135,2106.5,2134.5
1999-01-27,2133.5,2139.25,2122.25,2123.5
1999-01-28,2135.25,2135.75,2135.25,2135.75
1999-01-29,2135.25,2157.75,2128.5,2150.5
1999-02-01,2143.5,2144,2143.5,2144
1999-02-02,2134,2134.5,2134,2134
1999-02-03,2148,2148.5,2148,2148
1999-02-04,2127.25,2127.25,2126.75,2126.75
1999-02-05,2127,2130.5,2105,2113
1999-02-08,2117,2117,2116.75,2116.75
1999-02-09,2087,2087.5,2086.75,2087.25
1999-02-10,2095.25,2095.75,2095,2095
1999-02-11,2132,2132,2131.25,2131.25
1999-02-12,2131.25,2135.25,2097,2107
1999-02-16,2108.5,2109.25,2108.5,2109.25
1999-02-17,2098,2098.25,2097.5,2098.25
1999-02-18,2108,2108.25,2108,2108.25
1999-02-19,2107.5,2121.5,2103.25,2113.25
1999-02-22,2143.75,2143.75,2143.5,2143.5
1999-02-23,2145.25,2145.25,2145,2145
1999-02-24,2122.25,2122.75,2122.25,2122.25
1999-02-25,2110.25,2110.75,2110.25,2110.75
1999-02-26,2110.25,2119.5,2096.25,2105
1999-03-01,2108.5,2109,2108.5,2108.5
1999-03-02,2097.75,2097.75,2097.25,2097.25
1999-03-03,2102.75,2102.75,2102.25,2102.75
1999-03-04,2102.5,2121.75,2099.75,2119.5
1999-03-05,2119.75,2149,2119,2148.75
1999-03-08,2152.75,2153.75,2152.75,2153.75
1999-03-09,2148.75,2148.75,2148.25,2148.25
1999-03-10,2148.75,2159.25,2144.75,2158.25
1999-03-11,2174.45,2174.45,2173.45,2173.75
1999-03-12,2174.45,2178.25,2158.45,2160.45
1999-03-15,2175.25,2175.25,2175,2175
1999-03-16,2174.75,2175.25,2174.5,2174.75
1999-03-17,2166.75,2168,2166.75,2167.75
1999-03-18,2166.5,2189,2158.25,2187.5
1999-03-19,2187,2194.25,2164,2164
1999-03-22,2164.25,2173.25,2161.75,2168.25
1999-03-23,2165.25,2166.25,2123.75,2128
1999-03-24,2127.25,2137.5,2123.5,2136.25
1999-03-25,2139.25,2161.25,2138,2159.75
1999-03-26,2158.5,2159.75,2143.25,2152.75
1999-03-29,2151,2180.25,2149.25,2173
1999-03-30,2173,2177.25,2161.75,2171
1999-03-31,2171.5,2180.75,2148.75,2150.25
1999-04-01,2149,2161.5,2147.25,2160
1999-04-05,2189,2189.25,2188,2188.25
1999-04-06,2186,2188,2186,2188
1999-04-07,2194.5,2194.5,2191.25,2193.25
1999-04-08,2211.75,2212,2210.5,2210.5
1999-04-09,2211.75,2219.25,2200.75,2214.5
1999-04-12,2227.5,2228.25,2226.75,2227.25
1999-04-13,2217.25,2218.25,2213.25,2214.25
1999-04-14,2194.75,2198.25,2194.75,2196.5
1999-04-15,2188.25,2190.5,2187.5,2188.75
1999-04-16,2188.25,2191.75,2173.75,2179.25
1999-04-19,2157,2157.5,2154.5,2156.5
1999-04-20,2171.25,2172.25,2170,2170.5
1999-04-21,2209,2213,2208.25,2211.5
1999-04-22,2225,2225,2222.25,2222.75
1999-04-23,2225,2229,2211,2221.25
1999-04-26,2227.25,2227.5,2224.75,2225.5
1999-04-27,2232.5,2233,2229.75,2231
1999-04-28,2214.75,2215.25,2213.25,2213.75
1999-04-29,2204.25,2207.25,2204.25,2207.25
1999-04-30,2204.25,2216,2175,2194
1999-05-03,2215.25,2216.75,2214.75,2216
1999-05-04,2198.25,2198.5,2196.75,2197.25
1999-05-05,2208,2209,2207.25,2207.25
1999-05-06,2197.5,2198.25,2197,2198.25
1999-05-07,2197.5,2210,2191.25,2207.5
1999-05-10,2202.5,2203,2202,2202.75
1999-05-11,2214.5,2216,2214.5,2215.75
1999-05-12,2224.75,2226.25,2224.25,2225.75
1999-05-13,2230.25,2230.75,2230,2230.25
1999-05-14,2230.25,2232.25,2192.75,2195.5
1999-05-17,2197.5,2197.5,2195.25,2196
1999-05-18,2195.75,2198,2195,2198
1999-05-19,2205.5,2206.75,2205.5,2206
1999-05-20,2198.75,2200,2197.5,2200
1999-05-21,2198.75,2201.25,2185.5,2191
1999-05-24,2166.25,2168.5,2166.25,2168
1999-05-25,2139.75,2141.5,2139.5,2141.5
1999-05-26,2139.75,2167,2136.75,2161.5
1999-05-27,2161.5,2164.25,2134.25,2141.5
1999-05-28,2142.5,2164.25,2140.5,2153
1999-06-01,2155,2159.25,2138.75,2152.25
1999-06-02,2152,2155.5,2134.25,2152.25
1999-06-03,2153,2162.75,2148.75,2161
1999-06-04,2161,2187.25,2151.75,2185.75
1999-06-07,2185.25,2195.25,2183.25,2188.25
1999-06-08,2188.75,2191.25,2170.5,2176.5
1999-06-09,2176.75,2183.75,2171.75,2174.75
1999-06-10,2175.25,2176,2149.5,2162.75
1999-06-11,2162,2170.5,2144.5,2150.75
1999-06-14,2150.75,2164.75,2148.75,2151.75
1999-06-15,2151.75,2167.75,2149,2160.5
1999-06-16,2160.5,2189.5,2160.25,2185.25
1999-06-17,2185,2200.25,2178.25,2198
1999-06-18,2196.75,2204.75,2189,2199
1999-06-21,2197.75,2206.75,2191.75,2202.25
1999-06-22,2202.25,2206.75,2190.25,2192
1999-06-23,2191.5,2192.75,2178,2184.25
1999-06-24,2184.5,2188,2161.25,2175.5
1999-06-25,2174.5,2184.25,2166.5,2171.75
1999-06-28,2172,2189,2171.75,2186.25
1999-06-29,2185.75,2204.75,2181.5,2199.5
1999-06-30,2199.25,2228.75,2191.75,2223.75
1999-07-01,2224,2237.75,2214.25,2234.75
1999-07-02,2232.5,2245.75,2226.5,2243.5
1999-07-06,2251.25,2259.5,2243,2253.5
1999-07-07,2245.75,2247.25,2237.5,2242
1999-07-08,2248.25,2258,2238,2247.25
1999-07-09,2246.5,2255.5,2245.75,2253.25
1999-07-12,2256.5,2260,2246.75,2251
1999-07-13,2248.5,2249.25,2238.5,2241.5
1999-07-14,2245.25,2259.25,2238,2248.75
1999-07-15,2251.5,2263.75,2250,2262
1999-07-16,2261.75,2270.5,2258,2268.25
1999-07-19,2269.75,2274,2256,2256.25
1999-07-20,2259.25,2260.75,2228.5,2230.75
1999-07-21,2231,2237.75,2222.5,2225.75
1999-07-22,2226.5,2228.25,2203.5,2210
1999-07-23,2209.75,2220,2200.75,2203.25
1999-07-26,2205,2209.75,2195,2201.25
1999-07-27,2198.5,2217,2198.5,2214.75
1999-07-28,2207.25,2220.75,2204,2215.25
1999-07-29,2209.75,2210.25,2180.5,2187.5
1999-07-30,2190.25,2200.5,2178,2181.75
1999-08-02,2174.75,2196.25,2167.75,2187.75
1999-08-03,2178.5,2185.5,2162.5,2168.5
1999-08-04,2169.5,2179.5,2160.75,2168
1999-08-05,2155.5,2160.25,2133.75,2158.75
1999-08-06,2165.5,2169.75,2143,2148.25
1999-08-09,2147.5,2156.75,2146,2151
1999-08-10,2145,2147.75,2113.25,2122.25
1999-08-11,2135.5,2145.75,2131,2144
1999-08-12,2147,2161.75,2145,2151
1999-08-13,2141.25,2174.75,2141,2173.75
1999-08-16,2175.5,2178.25,2170,2171.25
1999-08-17,2180.75,2193,2175.25,2181.5
1999-08-18,2189.5,2191,2176,2176.75
1999-08-19,2175.25,2178.5,2160.75,2169.5
1999-08-20,2171.25,2181.25,2169.5,2180.75
1999-08-23,2183.25,2201.25,2182.5,2198
1999-08-24,2208.25,2224.25,2197.5,2213.75
1999-08-25,2212,2230,2204.25,2225.75
1999-08-26,2224.5,2226.25,2207.75,2210
1999-08-27,2209.75,2214,2192.75,2193.75
1999-08-30,2192.75,2196.5,2166.25,2168.5
1999-08-31,2168.75,2179.25,2150.5,2162
1999-09-01,2162.25,2177.25,2162.25,2176.25
1999-09-02,2176,2177,2147,2162.25
1999-09-03,2162.25,2205.5,2162.25,2205.5
1999-09-07,2204,2207.75,2193,2194.5
1999-09-08,2195,2200,2179.75,2188.25
1999-09-09,2188.5,2191.75,2176.5,2187.25
1999-09-10,2188.5,2203.25,2179.25,2194.75
1999-09-13,2195.5,2198,2183.25,2188.75
1999-09-14,2189,2191.75,2172.25,2179.75
1999-09-15,2179.5,2195,2157,2158
1999-09-16,2158.75,2164.75,2139.25,2161
1999-09-17,2160.75,2180,2160,2178.25
1999-09-20,2178.5,2183.75,2171,2175.25
1999-09-21,2175,2177.25,2142.25,2148
1999-09-22,2149.5,2157.75,2137,2148
1999-09-23,2149,2156,2115,2118
1999-09-24,2117.5,2121.75,2101.75,2116
1999-09-27,2117.25,2135.25,2117.25,2123.75
1999-09-28,2124,2129.75,2094.25,2121.5
1999-09-29,2122.25,2128.75,2105.5,2106.75
1999-09-30,2106.5,2131,2106,2124.5
1999-10-01,2123.75,2125.75,2103.25,2120.75
1999-10-04,2120.75,2146.25,2120.25,2145.5
1999-10-05,2145.5,2158,2123.5,2142.25
1999-10-06,2142.5,2164.5,2139.25,2161.25
1999-10-07,2162.25,2167.5,2151.25,2155.25
1999-10-08,2155.5,2175,2145,2173.5
1999-10-11,2173.5,2177.25,2168.75,2172.5
1999-10-12,2173.75,2174.75,2148.25,2152.75
1999-10-13,2148.75,2148.75,2116.25,2116.25
1999-10-14,2117.5,2126.75,2102.5,2117
1999-10-15,2116.75,2117.25,2079.25,2083.25
1999-10-18,2081.25,2093.5,2068.25,2092.25
1999-10-19,2092,2115.75,2088.25,2101.5
1999-10-20,2102.25,2126.5,2102,2119
1999-10-21,2118.5,2123.25,2099.25,2122.75
1999-10-22,2122.5,2144.75,2120,2133.25
1999-10-25,2133,2139.25,2120.5,2128
1999-10-26,2127.5,2139,2111.25,2111.75
1999-10-27,2111.75,2135.25,2103.5,2132.75
1999-10-28,2132.5,2181,2130,2177.25
1999-10-29,2176.75,2209.75,2174.5,2203
1999-11-01,2201.75,2203.75,2188.5,2189
1999-11-02,2189,2204.75,2178.75,2179
1999-11-03,2180.75,2194.75,2179,2187.25
1999-11-04,2190.75,2204.25,2187,2196
1999-11-05,2195.5,2221.5,2193.75,2210.75
1999-11-08,2203.5,2214.75,2189.25,2210.75
1999-11-09,2209.5,2222.5,2192.75,2198
1999-11-10,2199.25,2213,2188,2207.25
1999-11-11,2206.5,2215.25,2204.25,2214.5
1999-11-12,2215,2230,2200.75,2229.5
1999-11-15,2228.75,2232.5,2224,2230
1999-11-16,2229,2259.25,2227.75,2258
1999-11-17,2257.25,2257.5,2243.25,2244.5
1999-11-18,2244.25,2258.5,2244,2255.25
1999-11-19,2255,2258.25,2248.75,2254.75
1999-11-22,2254.75,2257.5,2243.25,2253.5
1999-11-23,2253.75,2256.5,2232.5,2239
1999-11-24,2238.5,2251.25,2229.25,2248
1999-11-26,2250.75,2255.75,2235,2241.5
1999-11-29,2241.75,2246.75,2232.5,2237.75
1999-11-30,2238.25,2241.25,2217.5,2218.5
1999-12-01,2218.25,2231,2213,2229.5
1999-12-02,2229.25,2239.5,2227.25,2238.75
1999-12-03,2238.5,2279,2235.25,2264.5
1999-12-06,2264.5,2268.75,2248,2252.75
1999-12-07,2251.75,2257.75,2238.75,2241.5
1999-12-08,2242,2244.5,2230.25,2231.75
1999-12-09,2232,2249,2218,2237.75
1999-12-10,2237.75,2251,2233.25,2243.5
1999-12-13,2243.25,2249.75,2237.25,2243.75
1999-12-14,2243,2254.75,2228.5,2232
1999-12-15,2233,2245.25,2222.5,2235.75
1999-12-16,2239.5,2248.5,2234.25,2245
1999-12-17,2244.75,2258,2242,2251.5
1999-12-20,2248.75,2256,2236.5,2242.5
1999-12-21,2241.5,2263.5,2237.75,2261.75
1999-12-22,2261.5,2265.5,2252.5,2265.5
1999-12-23,2262.75,2288.5,2262.5,2287.5
1999-12-27,2285.25,2293.75,2276.75,2285.75
1999-12-28,2285,2289.5,2278.25,2285.5
1999-12-29,2285.25,2290.75,2283.5,2290.25
1999-12-30,2290.25,2306.75,2283.75,2288
1999-12-31,2288,2296,2283.25,2292.25
2000-01-03,2296.25,2303.25,2259.5,2274
2000-01-04,2274.25,2276,2216.75,2218.75
2000-01-05,2218.75,2234.5,2192.25,2220.25
2000-01-06,2218.25,2233.5,2203,2212
2000-01-07,2211,2268.75,2204.75,2267
2000-01-10,2267,2288.25,2262.5,2281.5
2000-01-11,2281,2282.25,2254.25,2261.25
2000-01-12,2260.75,2266.75,2246,2248.75
2000-01-13,2248.75,2274,2248.5,2266.25
2000-01-14,2269.5,2292.25,2262.75,2285.75
2000-01-18,2285.25,2287.5,2269.25,2276.5
2000-01-19,2276,2281.25,2257.5,2279.75
2000-01-20,2289,2292.25,2255.25,2263.5
2000-01-21,2262.5,2270.5,2256.5,2261.5
2000-01-24,2261.25,2275.75,2210.5,2220
2000-01-25,2218.25,2232,2204.75,2226.25
2000-01-26,2224.75,2230,2215.5,2223.25
2000-01-27,2219.75,2235.75,2195.25,2218
2000-01-28,2221,2227.25,2168.5,2174.25
2000-01-31,2172.5,2210.25,2164.25,2208
2000-02-01,2210,2229,2198.5,2224
2000-02-02,2224,2236.75,2217.25,2221.5
2000-02-03,2224,2245.5,2212.5,2243
2000-02-04,2243.75,2256.75,2233.75,2238.5
2000-02-07,2236.75,2239,2226.25,2234.25
2000-02-08,2233.75,2256.75,2232.75,2253
2000-02-09,2257,2262,2224.25,2225.75
2000-02-10,2224.25,2236.5,2219.5,2225.75
2000-02-11,2225.75,2233.75,2191.5,2203.25
2000-02-14,2203.5,2210.75,2194,2205.5
2000-02-15,2206.25,2222,2188.25,2216.5
2000-02-16,2218.75,2220.75,2197.5,2200
2000-02-17,2200.5,2214.25,2191.5,2192.75
2000-02-18,2194,2200.75,2156.25,2161.25
2000-02-22,2159.5,2171,2143.75,2155.75
2000-02-23,2158.75,2181.5,2151.75,2171.25
2000-02-24,2173.25,2177.25,2138.25,2162.75
2000-02-25,2163.75,2173.75,2138.25,2145
2000-02-28,2144.75,2173.25,2134.75,2155.75
2000-02-29,2157.25,2181.25,2155.25,2179.25
2000-03-01,2180.75,2196,2178.25,2191.75
2000-03-02,2191.25,2197.75,2179.75,2192.25
2000-03-03,2192.75,2221.75,2191,2217.75
2000-03-06,2218.25,2220,2193.5,2202.25
2000-03-07,2202.25,2211.75,2158.25,2159
2000-03-08,2160.5,2183.25,2155.75,2173.25
2000-03-09,2174.75,2212.25,2164.75,2211.25
2000-03-10,2213.25,2222.75,2201.5,2206.25
2000-03-13,2205.25,2223,2172,2191
2000-03-14,2192.25,2203.5,2166,2169.75
2000-03-15,2168,2206.75,2163.75,2201.75
2000-03-16,2202.5,2270.75,2201.5,2268.75
2000-03-17,2266.5,2287,2257.5,2277.75
2000-03-20,2275.25,2279.75,2256,2267.25
2000-03-21,2268.25,2303.5,2252.5,2297
2000-03-22,2295.75,2314.5,2293.25,2307.25
2000-03-23,2305.5,2342.25,2299.25,2333.25
2000-03-24,2332,2363.5,2324.5,2344.75
2000-03-27,2341.5,2343.75,2325.25,2328.25
2000-03-28,2328.25,2338.75,2312.5,2318.5
2000-03-29,2318.5,2330.5,2304.25,2319.25
2000-03-30,2284.25,2324.25,2282.75,2293.75
2000-03-31,2298,2328,2290.25,2306.75
2000-04-03,2303.25,2318,2291.25,2317.75
2000-04-04,2317.5,2334,2220.25,2307.5
2000-04-05,2303.5,2311,2280.5,2294
2000-04-06,2291.75,2320,2291,2305.75
2000-04-07,2307.75,2324.25,2303,2318.75
2000-04-10,2319.75,2333.25,2307.25,2310.75
2000-04-11,2309.5,2318.5,2286.75,2307
2000-04-12,2307.75,2313.75,2264.25,2265.25
2000-04-13,2265.75,2281.75,2240.5,2243.5
2000-04-14,2246,2252,2136.25,2156.75
2000-04-17,2156,2203.75,2131.5,2202
2000-04-18,2202.5,2244.75,2190.25,2242
2000-04-19,2239.5,2249.25,2224.5,2229.5
2000-04-20,2229.25,2236.5,2220.75,2236.5
2000-04-24,2232,2232,2206.25,2226.25
2000-04-25,2227.5,2279,2226.5,2278.5
2000-04-26,2277.5,2284.5,2256.25,2264.75
2000-04-27,2264.25,2270,2229.75,2256.5
2000-04-28,2257.25,2276.5,2247.25,2249.25
2000-05-01,2248.25,2282,2247.25,2266.25
2000-05-02,2265.75,2268,2238.25,2240.75
2000-05-03,2240,2240.75,2193.75,2211.75
2000-05-04,2213.25,2218,2200.75,2212.5
2000-05-05,2212.75,2235.25,2195.25,2228.25
2000-05-08,2227.75,2228.75,2213.75,2219.25
2000-05-09,2219.5,2229,2198.75,2209
2000-05-10,2208,2215,2172.25,2177
2000-05-11,2177.5,2208.25,2171.75,2204.25
2000-05-12,2207.25,2228,2203.5,2220
2000-05-15,2218.75,2248.75,2212.5,2247
2000-05-16,2246.75,2268,2245.5,2261
2000-05-17,2260,2260,2237.5,2246
2000-05-18,2245.25,2255,2230.75,2231.25
2000-05-19,2231,2236.25,2196.25,2204.25
2000-05-22,2202.25,2212.5,2161.75,2193.75
2000-05-23,2193.25,2200.75,2168,2171.75
2000-05-24,2171.25,2197.25,2154.75,2191
2000-05-25,2193.25,2207,2167.25,2178.25
2000-05-26,2177.25,2185.75,2162.5,2170.5
2000-05-30,2172.75,2218,2170.75,2216.5
2000-05-31,2216.5,2228.25,2208.75,2211.5
2000-06-01,2211.25,2243,2209.5,2240.75
2000-06-02,2240,2281.25,2236.25,2264.75
2000-06-05,2266.25,2269.75,2257,2259.75
2000-06-06,2260.5,2266,2246.5,2252.25
2000-06-07,2252.75,2266.75,2246.75,2261.25
2000-06-08,2261.25,2267,2247.5,2256.25
2000-06-09,2255.25,2273.25,2244.75,2251.25
2000-06-12,2251,2257,2235.25,2236
2000-06-13,2235.5,2263,2232.75,2261.5
2000-06-14,2261.25,2274.5,2256.5,2265
2000-06-15,2264,2273.25,2253.25,2265.25
2000-06-16,2265,2271,2246.5,2255
2000-06-19,2254.5,2281.25,2250.25,2271.5
2000-06-20,2272.75,2276.25,2257.75,2265.75
2000-06-21,2264.5,2270.5,2255.25,2265.5
2000-06-22,2265,2266.75,2235.5,2243.25
2000-06-23,2242.5,2246.5,2224,2230.5
2000-06-26,2230.5,2247.25,2230.5,2246
2000-06-27,2246.25,2251.25,2236.5,2238
2000-06-28,2238,2255,2237,2238.25
2000-06-29,2238.75,2240.75,2218,2225
2000-06-30,2223.5,2238,2222,2235
2000-07-03,2239.25,2257.75,2234.5,2257.5
2000-07-05,2256.75,2260.25,2225.5,2230.25
2000-07-06,2230.5,2246,2223.25,2240.75
2000-07-07,2241.25,2269.25,2240.25,2261.75
2000-07-10,2261,2269.75,2257,2258.75
2000-07-11,2258,2272.5,2253,2261.75
2000-07-12,2264,2281.75,2264,2272.75
2000-07-13,2273.25,2283.75,2269.5,2276.5
2000-07-14,2277,2293,2276.5,2291
2000-07-17,2290.25,2300,2286.5,2289
2000-07-18,2288.5,2291.5,2273,2278.5
2000-07-19,2279,2281,2260.25,2267.25
2000-07-20,2267.5,2284.25,2265,2283.25
2000-07-21,2282.75,2283.25,2255.5,2256.75
2000-07-24,2256.25,2266.5,2243.25,2248.5
2000-07-25,2247.75,2255,2244.75,2251.5
2000-07-26,2251.75,2252.25,2233,2237
2000-07-27,2235,2242.75,2223,2230.75
2000-07-28,2230.25,2236,2190.5,2199
2000-07-31,2198.5,2216.25,2195.75,2206
2000-08-01,2206.5,2221.5,2204,2214.5
2000-08-02,2214,2228.75,2209.5,2219.5
2000-08-03,2217.75,2232,2200.25,2229
2000-08-04,2229,2240.5,2226,2238.75
2000-08-07,2238.25,2257.5,2236.5,2253.25
2000-08-08,2253.25,2261.25,2246,2258.75
2000-08-09,2259.5,2266.5,2246.25,2248
2000-08-10,2248.25,2251.75,2235.25,2241.25
2000-08-11,2240.25,2251.75,2227.5,2245.5
2000-08-14,2246.25,2266.5,2242.75,2265
2000-08-15,2265,2268,2258,2261.75
2000-08-16,2261,2269.75,2249,2258.5
2000-08-17,2258.75,2274,2253.5,2270.5
2000-08-18,2270.5,2275,2262,2267.75
2000-08-21,2268,2276.75,2264.25,2273.75
2000-08-22,2274,2281.75,2270,2274.25
2000-08-23,2274.5,2280.5,2261.75,2277.25
2000-08-24,2277.5,2283.25,2273.25,2282.25
2000-08-25,2282.25,2286,2277,2280.5
2000-08-28,2280.5,2297,2278,2285.75
2000-08-29,2286,2286.5,2276.25,2285.25
2000-08-30,2285.5,2286,2270,2270.5
2000-08-31,2271.5,2296.5,2270.75,2288.25
2000-09-01,2289.75,2307,2286.25,2290.25
2000-09-05,2290,2324.5,2273.5,2279.25
2000-09-06,2279.25,2282,2259.75,2261.25
2000-09-07,2261,2274.75,2260.5,2274.25
2000-09-08,2273.25,2273.5,2258,2263.75
2000-09-11,2264,2275.75,2251,2257
2000-09-12,2257,2263.5,2245.5,2247
2000-09-13,2246.25,2253.5,2237.25,2250.25
2000-09-14,2250.75,2259.5,2241.75,2245.75
2000-09-15,2245,2252.5,2223.75,2226.5
2000-09-18,2228,2232.5,2205,2210.25
2000-09-19,2209.75,2225.5,2209.5,2221.25
2000-09-20,2221.5,2223.25,2193,2212.25
2000-09-21,2213,2216.75,2198.25,2212.25
2000-09-22,2197.5,2213.75,2179.5,2211.25
2000-09-25,2212.25,2220.5,2198.25,2203.75
2000-09-26,2203.75,2209.75,2185.25,2185.75
2000-09-27,2186.75,2198.75,2181,2189.5
2000-09-28,2190.5,2223.75,2187.75,2218.75
2000-09-29,2215.75,2216,2196.75,2196.75
2000-10-02,2196.5,2207,2190.25,2199
2000-10-03,2200,2216.75,2181.5,2184.25
2000-10-04,2184.75,2200,2175.25,2193
2000-10-05,2192.25,2204.75,2190,2198.75
2000-10-06,2198.75,2203.25,2154.25,2169
2000-10-09,2168,2169.5,2150.75,2159.25
2000-10-10,2160.25,2167.25,2132.75,2133.75
2000-10-11,2136.25,2140.75,2104.5,2121.25
2000-10-12,2122.25,2130.5,2081.75,2086.75
2000-10-13,2089,2130.5,2082.25,2129
2000-10-16,2128.75,2136.5,2121,2134.75
2000-10-17,2133.75,2138.25,2097.75,2102.5
2000-10-18,2105.5,2114.75,2066.75,2096.5
2000-10-19,2098.75,2146.75,2098.75,2144.5
2000-10-20,2144.75,2164.75,2137.25,2153.75
2000-10-23,2153.75,2162.5,2142.5,2159.75
2000-10-24,2158,2171.5,2141.75,2147
2000-10-25,2148,2148.25,2113.25,2116.75
2000-10-26,2117.5,2127,2091.25,2113.75
2000-10-27,2112.75,2144.75,2110.75,2143.75
2000-10-30,2140.75,2162.25,2129.75,2154
2000-10-31,2156,2188.25,2151,2183.5
2000-11-01,2183.75,2183.75,2162.25,2175.25
2000-11-02,2175,2187.25,2172.75,2177.75
2000-11-03,2177,2187.25,2173.25,2179.5
2000-11-06,2178.75,2195.25,2178.75,2188.25
2000-11-07,2187.25,2188.75,2174.75,2186.75
2000-11-08,2186.5,2197.75,2153.25,2154.75
2000-11-09,2156.5,2163.5,2121.25,2146.25
2000-11-10,2147.5,2150.75,2113.25,2115
2000-11-13,2111.75,2115.75,2077.75,2101.5
2000-11-14,2101.75,2142.5,2101.25,2136.75
2000-11-15,2137,2147.25,2124.25,2140.25
2000-11-16,2139.5,2145.5,2119.25,2122
2000-11-17,2121.5,2136.25,2103,2113.25
2000-11-20,2112.5,2116.25,2088,2090.5
2000-11-21,2091,2105.5,2079.25,2098.75
2000-11-22,2098.75,2103.75,2064.75,2065.75
2000-11-24,2066,2092.25,2063,2089.25
2000-11-27,2091.25,2110.5,2091.25,2101.75
2000-11-28,2101.25,2107.25,2080.25,2081.25
2000-11-29,2080.75,2100.25,2075.75,2078
2000-11-30,2075.5,2076.5,2039.5,2063.75
2000-12-01,2064.25,2081,2052.75,2063.5
2000-12-04,2065.75,2080.25,2056,2072.25
2000-12-05,2074.25,2123,2071.75,2117
2000-12-06,2115.75,2122.25,2082,2097.25
2000-12-07,2097,2104.75,2078,2079.75
2000-12-08,2074.75,2127,2074.75,2096
2000-12-11,2111.25,2134.75,2105.25,2125.75
2000-12-12,2125.75,2125.75,2113.25,2122.5
2000-12-13,2123.25,2132,2098.25,2100
2000-12-14,2100.75,2106.25,2078.75,2081
2000-12-15,2073,2081.5,2046.25,2048.5
2000-12-18,2052.75,2075.5,2052.25,2068.75
2000-12-19,2069.5,2089.5,2040,2040.5
2000-12-20,2041.5,2048.75,1998.75,2003
2000-12-21,2003.25,2027,1993,2011.25
2000-12-22,2012.5,2050.25,2012.5,2050
2000-12-26,2046.75,2060.75,2041.25,2059.25
2000-12-27,2060.25,2074.25,2050.25,2073.25
2000-12-28,2072.5,2077,2064.25,2075.75
2000-12-29,2075.5,2079.25,2048.75,2049.75
2001-01-02,2053.75,2059.5,2012,2022.75
2001-01-03,2023.75,2090,2011.5,2081.75
2001-01-04,2082.75,2088.25,2064.25,2071.75
2001-01-05,2068.5,2102.75,2025.75,2026.75
2001-01-08,2031,2035.25,2010.25,2032.25
2001-01-09,2034.75,2048.25,2026.5,2031.5
2001-01-10,2032.25,2051.5,2020,2049.75
2001-01-11,2048.5,2066.25,2042.25,2057.75
2001-01-12,2054.75,2067.5,2044.75,2052.75
2001-01-16,2051.5,2062.25,2046.25,2058
2001-01-17,2060,2080.5,2057.25,2064.25
2001-01-18,2065.25,2086.75,2059.75,2078.75
2001-01-19,2081.75,2094.5,2068.5,2071.25
2001-01-22,2068.75,2086.75,2064,2080.75
2001-01-23,2079.5,2095.5,2071.25,2088.75
2001-01-24,2089,2101.75,2088,2093
2001-01-25,2092.5,2101.5,2085.5,2087.75
2001-01-26,2087,2089.5,2073,2086
2001-01-29,2085.75,2096.75,2081.25,2092.75
2001-01-30,2093,2107,2086,2105.5
2001-01-31,2103.75,2116.75,2094,2096.25
2001-02-01,2096.25,2106.25,2089,2105.25
2001-02-02,2105.25,2108.75,2075.5,2076
2001-02-05,2077,2085.75,2074,2084.75
2001-02-06,2085.5,2093.25,2078.75,2079
2001-02-07,2077.75,2079.25,2062.25,2072.25
2001-02-08,2071.5,2079.25,2056.5,2058
2001-02-09,2059,2061.25,2041.5,2043.75
2001-02-12,2044.5,2060.75,2042,2056.5
2001-02-13,2057,2064.75,2045,2048.75
2001-02-14,2049,2049.5,2031.25,2042.5
2001-02-15,2042.75,2058.5,2041.25,2055.75
2001-02-16,2053,2053,2019,2027.75
2001-02-20,2027,2034.25,2004.5,2008
2001-02-21,2007.25,2011.25,1977.75,1979.25
2001-02-22,1980.75,1987.5,1953,1980
2001-02-23,1980.25,1984.5,1939.75,1970.25
2001-02-26,1974,1997,1966.5,1996
2001-02-27,1995.75,1999.75,1977,1986.75
2001-02-28,1986.5,1991.75,1953.5,1964.75
2001-03-01,1962,1966.75,1938.25,1966.25
2001-03-02,1965.75,1977,1943.75,1956.75
2001-03-05,1959,1967.25,1957.5,1966.5
2001-03-06,1966.25,1993.25,1965.25,1979.5
2001-03-07,1979.75,1989.5,1977.5,1988.5
2001-03-08,1989.75,1992,1981,1988.25
2001-03-09,1989.25,1989.25,1950,1954.5
2001-03-12,1952.75,1956,1895.75,1900.75
2001-03-13,1902.75,1921.75,1893.75,1919.25
2001-03-14,1919.75,1921.25,1875.75,1890.75
2001-03-15,1890.5,1904.25,1884.25,1895
2001-03-16,1896.25,1902.75,1867.75,1871.25
2001-03-19,1874.5,1896.5,1868,1890.25
2001-03-20,1890.25,1903,1861,1862.25
2001-03-21,1862.75,1871,1836.75,1842.5
2001-03-22,1842.75,1846.5,1797.75,1828.75
2001-03-23,1832,1864.75,1830.25,1863
2001-03-26,1863,1880.5,1860.5,1876.25
2001-03-27,1876,1904.25,1870.5,1899.5
2001-03-28,1899,1899,1865.25,1869.25
2001-03-29,1870.25,1883,1853.5,1871.25
2001-03-30,1870.75,1884.75,1861.25,1883.75
2001-04-02,1882.75,1888.5,1855,1859.5
2001-04-03,1860.5,1863.5,1816.25,1818.25
2001-04-04,1818.75,1836,1808.25,1822.25
2001-04-05,1822.75,1871,1822.75,1864.75
2001-04-06,1865.75,1875,1836.25,1850.25
2001-04-09,1847.75,1865,1843.25,1860
2001-04-10,1859.5,1892.25,1859.25,1881.75
2001-04-11,1882.75,1903.75,1875.75,1883
2001-04-12,1883.25,1903.75,1872.75,1902
2001-04-16,1902.25,1905,1883.5,1891.75
2001-04-17,1890,1910.5,1876.75,1905.25
2001-04-18,1915.75,1977.25,1915.75,1956
2001-04-19,1958.75,1972.25,1948.25,1968.5
2001-04-20,1970,1977.75,1950,1961.25
2001-04-23,1960.75,1961.75,1932.25,1935.75
2001-04-24,1935.75,1949.25,1923.5,1926.25
2001-04-25,1926.25,1948.25,1922.5,1941.75
2001-04-26,1940.75,1963.75,1935.25,1950.25
2001-04-27,1950.75,1969.5,1947.75,1967.75
2001-04-30,1968.5,1984.5,1958,1964
2001-05-01,1963,1983,1955.5,1982
2001-05-02,1981.25,1988,1971.25,1980.75
2001-05-03,1980.5,1982,1953.25,1964
2001-05-04,1963.5,1983.75,1944.75,1982.5
2001-05-07,1983.25,1984.5,1972.5,1973.25
2001-05-08,1976,1986.75,1965.75,1973.25
2001-05-09,1975.25,1975.25,1960.5,1967.5
2001-05-10,1966.75,1983.5,1966,1971.25
2001-05-11,1971.25,1975,1953.25,1961.5
2001-05-14,1961.75,1963.75,1953.75,1961.75
2001-05-15,1962,1971.75,1955.5,1967.25
2001-05-16,1966.25,2001,1945.75,1998.25
2001-05-17,1998.75,2009.25,1994.5,2001.25
2001-05-18,2001.25,2005.75,1993.25,2005.5
2001-05-21,2005.25,2026.75,2000,2024.5
2001-05-22,2024.5,2029,2018.75,2022.25
2001-05-23,2022.25,2023,2000,2000.5
2001-05-24,2000,2007.25,1992.75,2004.25
2001-05-25,2005,2009.75,1985.5,1989.25
2001-05-29,1990,1993.25,1976.25,1978.25
2001-05-30,1977,1978,1956.5,1960.25
2001-05-31,1960.75,1974,1959,1964.25
2001-06-01,1965.5,1977,1957,1974.75
2001-06-04,1974.25,1979.75,1966.75,1979
2001-06-05,1979,1998.25,1977,1994.25
2001-06-06,1994.5,1996,1979.25,1983.25
2001-06-07,1981.5,1988.75,1975.5,1986.75
2001-06-08,1987,1995,1966.25,1978.5
2001-06-11,1974,1976.75,1958.75,1965
2001-06-12,1965.75,1971,1944.25,1963.25
2001-06-13,1964,1969.25,1949.75,1951.5
2001-06-14,1951.75,1952.25,1920.5,1922.5
2001-06-15,1922.5,1930,1910.75,1924.75
2001-06-18,1925,1929.5,1914.75,1919.25
2001-06-19,1919,1934.5,1914.5,1923.5
2001-06-20,1922.5,1933.75,1915.5,1928.5
2001-06-21,1928,1948.25,1925.25,1942
2001-06-22,1941.5,1943.25,1927,1934
2001-06-25,1933,1939,1919.75,1922.5
2001-06-26,1922.75,1928.5,1905,1919.75
2001-06-27,1919.75,1926.5,1912.75,1918
2001-06-28,1919,1943.75,1912.25,1926.25
2001-06-29,1926.75,1944.5,1926.75,1936.75
2001-07-02,1932.5,1947.25,1928,1945
2001-07-03,1945,1946.25,1934.75,1944.25
2001-07-05,1944.25,1944.25,1920.5,1921.25
2001-07-06,1921,1922.5,1892,1892.5
2001-07-09,1893.5,1908.25,1888,1899.75
2001-07-10,1901.5,1909.75,1885,1885.5
2001-07-11,1884.25,1892.25,1873,1884.25
2001-07-12,1886.5,1916.5,1885.25,1913.25
2001-07-13,1913.5,1924.75,1908.5,1924
2001-07-16,1923.5,1924.5,1904.75,1909.5
2001-07-17,1909.25,1921.5,1900.5,1919.5
2001-07-18,1918.25,1920,1901.5,1911
2001-07-19,1909,1930.5,1906.75,1922
2001-07-20,1916.75,1920.25,1910.25,1913.75
2001-07-23,1914,1922.5,1890.5,1891
2001-07-24,1892.75,1895.75,1867.5,1877.5
2001-07-25,1878,1894.75,1875,1890.5
2001-07-26,1891.5,1908.75,1885,1904.25
2001-07-27,1904.75,1913.25,1899,1909
2001-07-30,1909,1913.5,1902,1908.75
2001-07-31,1909.25,1926.75,1908,1914.25
2001-08-01,1913,1926.5,1909.75,1920.5
2001-08-02,1919.25,1933.25,1918,1925
2001-08-03,1925.25,1926.75,1908,1918.75
2001-08-06,1918.75,1920,1899.75,1902
2001-08-07,1902.75,1911.25,1897.25,1906.75
2001-08-08,1909,1910.5,1882.75,1884.5
2001-08-09,1884.75,1888.25,1876.75,1886.75
2001-08-10,1887,1896.5,1871,1890.25
2001-08-13,1892,1896.75,1885.75,1891.5
2001-08-14,1892,1901.75,1886.25,1891.25
2001-08-15,1891.5,1894.25,1878.5,1880
2001-08-16,1880.25,1885,1867.25,1883.75
2001-08-17,1884,1884,1857.25,1865
2001-08-20,1863.75,1876,1860,1874.75
2001-08-21,1875.25,1882.5,1854.75,1855.75
2001-08-22,1855.25,1871,1854.25,1866.75
2001-08-23,1868,1871.75,1861.25,1862
2001-08-24,1863.75,1888,1863.75,1886.5
2001-08-27,1886.75,1891,1878.5,1879.25
2001-08-28,1879.5,1881.5,1861.75,1862.25
2001-08-29,1862,1867.75,1847.25,1851
2001-08-30,1851.25,1855.25,1824.5,1828.5
2001-08-31,1828.75,1843.25,1826,1837.5
2001-09-04,1836.5,1857.5,1827.25,1830
2001-09-05,1830,1837.5,1814,1832
2001-09-06,1832.5,1836,1802,1802.5
2001-09-07,1805.75,1808,1780.75,1782.25
2001-09-10,1783,1798,1766.5,1794.75
2001-09-11,1795.25,1802,1767,1794.75
2001-09-17,1734.75,1757.25,1717.5,1738
2001-09-18,1738.5,1746.75,1727.75,1734.5
2001-09-19,1734.5,1744.75,1679,1713
2001-09-20,1712.5,1717.5,1673,1679.75
2001-09-21,1678,1687,1634,1669
2001-09-24,1671.75,1707.75,1668.75,1703.25
2001-09-25,1703.5,1716.5,1692.5,1713.75
2001-09-26,1713.5,1720.75,1700,1710
2001-09-27,1709.5,1719.25,1695.75,1718
2001-09-28,1718.25,1740.75,1717.25,1739.25
2001-10-01,1739.75,1739.75,1724.25,1738.75
2001-10-02,1737.5,1751.5,1729.75,1751
2001-10-03,1749.75,1774.25,1736.75,1770
2001-10-04,1768,1783,1764,1771
2001-10-05,1769.25,1777.25,1750.75,1767.25
2001-10-08,1762.5,1768.25,1751.25,1760.75
2001-10-09,1759.75,1767,1751.25,1755.5
2001-10-10,1755.5,1780.75,1750.25,1778.75
2001-10-11,1779.25,1798.25,1775,1795.25
2001-10-12,1797.75,1801.5,1768.5,1789.5
2001-10-15,1788.25,1789.25,1775.75,1788
2001-10-16,1786.75,1800.5,1784.25,1794.25
2001-10-17,1793,1810,1771,1771.5
2001-10-18,1771.25,1776.5,1761.25,1769.25
2001-10-19,1769.25,1773.5,1754.25,1768
2001-10-22,1768,1790,1763.5,1789
2001-10-23,1788.5,1797.25,1777,1783.75
2001-10-24,1782.5,1794.75,1775.75,1780.5
2001-10-25,1781.25,1800,1761.25,1798.5
2001-10-26,1798.5,1808,1790.5,1797.5
2001-10-29,1798.75,1798.75,1767.75,1768.5
2001-10-30,1769.75,1770.25,1749,1754.75
2001-10-31,1754.5,1771.75,1751,1751.75
2001-11-01,1753,1783.25,1748.75,1777.5
2001-11-02,1778,1786.75,1770.5,1785
2001-11-05,1784.75,1803.75,1783.5,1799.25
2001-11-06,1801.5,1817.25,1790.75,1816.5
2001-11-07,1816,1823.5,1804.25,1814.5
2001-11-08,1814,1833,1811.5,1819
2001-11-09,1818.25,1822,1806.75,1819
2001-11-12,1818,1822.5,1792,1812.75
2001-11-13,1812.25,1837.5,1810.75,1837.25
2001-11-14,1837,1847.75,1829.25,1839
2001-11-15,1837.75,1847.5,1830.75,1840.75
2001-11-16,1841,1847,1825.75,1835.5
2001-11-19,1836,1850.25,1835.75,1849.5
2001-11-20,1849.75,1851,1837.75,1839.75
2001-11-21,1838.75,1844.5,1826.5,1832.5
2001-11-23,1832.5,1849.25,1827,1848.25
2001-11-26,1848,1854.5,1841.75,1850.5
2001-11-27,1851,1860.25,1836.25,1846
2001-11-28,1845.5,1846.5,1823.75,1824.75
2001-11-29,1825.25,1840,1820.5,1840
2001-11-30,1840,1840,1830.5,1830.75
2001-12-03,1832.75,1833.75,1820.75,1825
2001-12-04,1824.5,1843.5,1823.25,1843.25
2001-12-05,1843,1870.75,1841,1864.5
2001-12-06,1864,1870,1859.5,1864
2001-12-07,1864.25,1866,1847.75,1856
2001-12-10,1856,1858,1834,1834.25
2001-12-11,1834.75,1847.25,1829,1831.75
2001-12-12,1832.25,1839,1821.25,1833.25
2001-12-13,1833.5,1834,1810,1811.25
2001-12-14,1811,1833.5,1809.75,1821.5
2001-12-17,1819.75,1833.5,1814.75,1831.5
2001-12-18,1831,1840.5,1828.5,1838.5
2001-12-19,1838.25,1847.75,1828.75,1846.5
2001-12-20,1846,1846.5,1834.25,1835
2001-12-21,1834.75,1843.75,1832.75,1842
2001-12-24,1841.5,1842.5,1836,1840
2001-12-26,1838.5,1854.25,1836.5,1846.25
2001-12-27,1845.75,1853,1843.75,1852.75
2001-12-28,1852.25,1859.5,1851,1852.5
2001-12-31,1852.5,1856.25,1834.5,1842.5
2002-01-02,1837,1849.5,1829.75,1847.25
2002-01-03,1847.25,1861.25,1844,1860
2002-01-04,1860.25,1871.5,1857,1868.5
2002-01-07,1866.5,1871.75,1857,1860
2002-01-08,1859.75,1863.5,1851.25,1856.75
2002-01-09,1856.25,1869,1844.75,1847.75
2002-01-10,1847,1854.75,1844.25,1852.75
2002-01-11,1852.25,1856.75,1838.5,1841
2002-01-14,1840.75,1841.25,1830.75,1833.75
2002-01-15,1833.5,1843.25,1830,1841.75
2002-01-16,1837.25,1838.5,1818,1819
2002-01-17,1819.75,1833.25,1819.75,1827.75
2002-01-18,1824.5,1829.25,1817.5,1822.25
2002-01-22,1822.5,1830,1811,1814.5
2002-01-23,1815.75,1826,1810.75,1822.25
2002-01-24,1822.5,1833,1822,1826.5
2002-01-25,1826,1832.25,1820.75,1826.5
2002-01-28,1825.75,1832.25,1819.5,1828.75
2002-01-29,1829.25,1831.5,1790.75,1793.75
2002-01-30,1793.75,1809,1774,1808.5
2002-01-31,1808.75,1823.75,1806.25,1823.75
2002-02-01,1822,1825.5,1811.75,1816.5
2002-02-04,1816.5,1817.25,1784.25,1788.75
2002-02-05,1788.75,1794.75,1775.5,1782.25
2002-02-06,1782.5,1787.75,1770.25,1776.5
2002-02-07,1779.5,1788.25,1769.5,1770.25
2002-02-08,1769.5,1790,1768.75,1788.5
2002-02-11,1790.25,1806,1787.5,1803.25
2002-02-12,1803.75,1806.5,1795.75,1800.75
2002-02-13,1800.5,1814.75,1798.5,1812
2002-02-14,1812.25,1818.75,1805,1810
2002-02-15,1809.75,1811.25,1796.25,1798
2002-02-18,1797.25,1801.25,1796.75,1798
2002-02-19,1797.25,1801.25,1775,1777
2002-02-20,1777.25,1794.75,1767,1794.25
2002-02-21,1793.75,1795.25,1771.5,1772.25
2002-02-22,1772.5,1788.25,1767.5,1785
2002-02-25,1785.25,1806.75,1780.25,1803
2002-02-26,1802.5,1809.25,1793.75,1801.25
2002-02-27,1801.25,1817,1795,1805
2002-02-28,1805.25,1816,1799,1800.25
2002-03-01,1799.5,1826.75,1799.25,1826
2002-03-04,1824.25,1848,1823.25,1845.5
2002-03-05,1845.75,1852,1837.75,1842.25
2002-03-06,1841.75,1859.5,1838.5,1856
2002-03-07,1855.5,1862,1843.5,1853
2002-03-08,1852,1866.5,1851.25,1857.25
2002-03-11,1857.25,1866.75,1852,1859.75
2002-03-12,1859.75,1860.75,1847.5,1859.75
2002-03-13,1860.25,1864.75,1844,1848
2002-03-14,1848.25,1851.75,1844,1847
2002-03-15,1846.75,1860.5,1845.25,1857.5
2002-03-18,1856.75,1866.5,1851.75,1858
2002-03-19,1857.75,1868.25,1857.5,1865
2002-03-20,1865,1866,1842.5,1843
2002-03-21,1843,1849.25,1832,1843.5
2002-03-22,1843.75,1849.75,1837.5,1840.5
2002-03-25,1839.75,1844,1823.75,1826.25
2002-03-26,1826.25,1840.25,1824.75,1833.25
2002-03-27,1832.75,1840,1827.5,1835.75
2002-03-28,1835.25,1847.5,1834,1835.5
2002-04-01,1836,1840.75,1825,1835.25
2002-04-02,1835.75,1835.75,1827.75,1829.25
2002-04-03,1828.25,1832,1811.5,1821
2002-04-04,1820.5,1823.5,1811.75,1816.75
2002-04-05,1818,1825.75,1811.25,1816.25
2002-04-08,1816.75,1819.5,1800.75,1818.75
2002-04-09,1820,1822.25,1808.5,1811.25
2002-04-10,1811.25,1824.25,1809.75,1823
2002-04-11,1822.75,1823.75,1793.75,1794.75
2002-04-12,1794.25,1805.25,1794.25,1802.75
2002-04-15,1803.25,1807.5,1790.75,1795
2002-04-16,1794.75,1821.75,1794.75,1820.5
2002-04-17,1822.25,1826.5,1814.5,1818.75
2002-04-18,1818,1823.5,1799.25,1813.75
2002-04-19,1809.75,1821.5,1807.25,1817.25
2002-04-22,1818.25,1818.75,1796.75,1799.25
2002-04-23,1800,1804.5,1790,1793.5
2002-04-24,1793.5,1800.5,1782.25,1782.5
2002-04-25,1783.5,1785.75,1774.25,1783.25
2002-04-26,1783.75,1788.5,1761,1762
2002-04-29,1763,1770.5,1754.25,1755.75
2002-04-30,1756.25,1774,1754.25,1766.75
2002-05-01,1767.5,1780,1755.5,1779
2002-05-02,1779,1783,1770,1775.5
2002-05-03,1775.75,1778.75,1759.5,1763.75
2002-05-06,1764.5,1767.25,1740.75,1742.5
2002-05-07,1742.5,1750.5,1736.5,1738.25
2002-05-08,1742.5,1780.75,1742,1776.75
2002-05-09,1776.25,1780.75,1763,1765
2002-05-10,1764.75,1770.25,1743.25,1744.75
2002-05-13,1744.75,1766.75,1744.25,1766.25
2002-05-14,1766.25,1790.5,1765,1789
2002-05-15,1789.5,1796,1779.75,1785
2002-05-16,1784.25,1791.5,1780,1789.75
2002-05-17,1790.25,1799.75,1787.75,1796
2002-05-20,1795.5,1797.25,1781.5,1784.25
2002-05-21,1784,1791.5,1770,1773.5
2002-05-22,1773.75,1777.5,1766.25,1775.75
2002-05-23,1775.25,1790,1771.25,1787.25
2002-05-24,1788.25,1791.75,1772.75,1773.25
2002-05-27,1774,1780.75,1773.5,1776.25
2002-05-28,1774,1780.75,1760.75,1767.25
2002-05-29,1767.25,1768.25,1757.5,1759
2002-05-30,1759,1763.75,1745,1756.25
2002-05-31,1756.25,1771.5,1753.5,1754.75
2002-06-03,1757,1761.75,1727.25,1729.25
2002-06-04,1729.5,1737.75,1721.5,1732.75
2002-06-05,1733.25,1742.25,1729.25,1741.25
2002-06-06,1742.25,1744.5,1716,1720.25
2002-06-07,1706.75,1724.75,1701,1719
2002-06-10,1720,1730,1715.75,1723
2002-06-11,1722.5,1735.75,1702.75,1704.75
2002-06-12,1704.75,1713.5,1693.25,1711.25
2002-06-13,1710.75,1717.75,1698.5,1701.25
2002-06-14,1701.5,1701.75,1669.5,1699.75
2002-06-17,1701.5,1728.5,1694.25,1726
2002-06-18,1726.5,1735.5,1720.75,1735.25
2002-06-19,1732.25,1732.5,1707.75,1711
2002-06-20,1711,1716,1694.75,1697.75
2002-06-21,1697.5,1703.75,1675,1681.5
2002-06-24,1682.5,1695.5,1661,1686.75
2002-06-25,1685.75,1697.25,1663.75,1664.5
2002-06-26,1665,1669.75,1635.5,1664.75
2002-06-27,1665.5,1683,1654,1681.75
2002-06-28,1682.25,1693.25,1676,1678
2002-07-01,1679,1686.25,1657,1659
2002-07-02,1659.75,1664.25,1635.5,1637.75
2002-07-03,1638.25,1645.5,1624.75,1643
2002-07-04,1643.25,1644.25,1640.25,1642.5
2002-07-05,1643.25,1683,1640.25,1681
2002-07-08,1680.5,1685.75,1663.25,1668.25
2002-07-09,1668.25,1671.75,1641.5,1644.75
2002-07-10,1644.5,1651.5,1607.75,1608.75
2002-07-11,1609.75,1620.5,1590.5,1617
2002-07-12,1618,1628,1602.75,1606.75
2002-07-15,1606.75,1611.75,1565.75,1610.5
2002-07-16,1610.5,1614,1584.75,1593.25
2002-07-17,1591,1619.75,1581.5,1594.5
2002-07-18,1596.5,1608.75,1564.25,1565.5
2002-07-19,1564.5,1569,1529.75,1534.5
2002-07-22,1532.75,1546.25,1500.75,1509
2002-07-23,1510.5,1526.25,1484.25,1486.25
2002-07-24,1485.25,1537.5,1461,1534.75
2002-07-25,1534.75,1544.75,1502.5,1526.5
2002-07-26,1527.25,1545.75,1514.75,1542.75
2002-07-29,1545,1590,1542.5,1583.5
2002-07-30,1584.25,1600.25,1573.5,1595.5
2002-07-31,1594.5,1606,1578.75,1598
2002-08-01,1599.25,1601.5,1569,1573.75
2002-08-02,1573.5,1575.5,1542.5,1554
2002-08-05,1555,1557.75,1521.5,1523.75
2002-08-06,1523.25,1565,1518.5,1551.75
2002-08-07,1549.5,1570.5,1543.5,1566.25
2002-08-08,1566.5,1596.75,1563.75,1595.5
2002-08-09,1594.75,1604.75,1579.75,1597.75
2002-08-12,1596.5,1598.25,1581.25,1592.25
2002-08-13,1592.5,1602.25,1572,1575.5
2002-08-14,1574.25,1611.25,1565.75,1608
2002-08-15,1608.75,1625.75,1605.75,1620
2002-08-16,1619.75,1626,1605,1617.5
2002-08-19,1618.25,1642.5,1611.5,1638.75
2002-08-20,1638.25,1639.5,1621.5,1629.75
2002-08-21,1629.75,1643,1621,1642
2002-08-22,1641.25,1656,1636,1651
2002-08-23,1651,1652.25,1626.5,1630.75
2002-08-26,1630.25,1641.5,1619.75,1637.75
2002-08-27,1637.25,1646.5,1619.75,1626.25
2002-08-28,1626.75,1627,1603,1606.5
2002-08-29,1606.5,1615.25,1592.5,1606.5
2002-08-30,1605.5,1618.75,1599,1602.25
2002-09-02,1603.25,1603.25,1597.5,1598.5
2002-09-03,1603.25,1603.25,1566,1567.75
2002-09-04,1567.25,1586.75,1565,1580.5
2002-09-05,1580,1581,1559.25,1573.25
2002-09-06,1574.5,1590,1571.5,1584.75
2002-09-09,1582.5,1598,1572.5,1590.75
2002-09-10,1590.25,1602.25,1588.5,1601.25
2002-09-11,1601,1617.5,1595.5,1595.75
2002-09-12,1596.25,1598.75,1574.25,1579.5
2002-09-13,1579,1583.25,1566,1581.5
2002-09-16,1581.25,1584,1569,1582.5
2002-09-17,1582,1605.5,1561.25,1562.25
2002-09-18,1557.5,1568.5,1546.25,1553.5
2002-09-19,1552.75,1553.25,1530.5,1531
2002-09-20,1532.5,1540.5,1527.75,1531.5
2002-09-23,1533,1535.5,1514,1523.25
2002-09-24,1525,1525.25,1505,1510.25
2002-09-25,1511.25,1534.5,1499.75,1530.75
2002-09-26,1532.25,1546.75,1526.75,1544
2002-09-27,1542.5,1546.5,1513.75,1514.75
2002-09-30,1514.75,1515.5,1487.75,1504.5
2002-10-01,1506,1544,1499.75,1544
2002-10-02,1543.25,1544.25,1512.5,1520.25
2002-10-03,1518.5,1530,1505.75,1509.5
2002-10-04,1509.25,1519.75,1481.75,1495.5
2002-10-07,1494.25,1498.25,1471.5,1478
2002-10-08,1477.75,1499.5,1468,1490
2002-10-09,1491,1493,1464,1467.75
2002-10-10,1468,1496.75,1456.75,1492.5
2002-10-11,1492.5,1533.5,1488.75,1527.75
2002-10-14,1526.25,1534.5,1517,1531.75
2002-10-15,1531.75,1573.5,1531,1573.25
2002-10-16,1564,1574.75,1545,1552.25
2002-10-17,1555,1578.25,1553,1568.25
2002-10-18,1575,1579,1555.25,1572.75
2002-10-21,1571.5,1591.25,1562,1588.25
2002-10-22,1586.75,1586.75,1571,1581
2002-10-23,1580,1588.5,1562.5,1587.75
2002-10-24,1587.25,1594.5,1567,1570
2002-10-25,1568.5,1589.5,1564.75,1588.25
2002-10-28,1589.75,1598.75,1574.5,1581.25
2002-10-29,1581.25,1582.75,1555.5,1571
2002-10-30,1571,1585.25,1566.5,1579.25
2002-10-31,1578.5,1588.25,1567.25,1575
2002-11-01,1571.5,1593.5,1564.5,1588
2002-11-04,1595.25,1614.5,1594.25,1597
2002-11-05,1596,1605.25,1593.25,1603.5
2002-11-06,1604.75,1616,1592.5,1615.25
2002-11-07,1615.5,1615.75,1586.5,1592.25
2002-11-08,1595.25,1600.25,1580,1581
2002-11-11,1581.5,1583.5,1562.5,1567.25
2002-11-12,1567.25,1584,1565.25,1574.25
2002-11-13,1574.5,1582.25,1559.75,1575.25
2002-11-14,1575.5,1595.25,1570.75,1592
2002-11-15,1591.75,1600,1584,1598.5
2002-11-18,1598.5,1607,1588,1589.5
2002-11-19,1589,1595.25,1581.75,1587.5
2002-11-20,1587.75,1608.75,1582.75,1608.25
2002-11-21,1608.5,1626.25,1606,1625
2002-11-22,1625.25,1627,1616.75,1618.25
2002-11-25,1618.5,1626.75,1612,1619.25
2002-11-26,1619.5,1622,1600.25,1601
2002-11-27,1602.25,1630.5,1601.5,1627.25
2002-11-28,1627.75,1631,1624.5,1629
2002-11-29,1627.75,1632,1620.25,1625.5
2002-12-02,1623.5,1644.75,1616.25,1624.75
2002-12-03,1625.25,1629,1607.25,1613.25
2002-12-04,1612.75,1615.25,1598.25,1608.5
2002-12-05,1608.75,1615.75,1594.75,1598
2002-12-06,1599.25,1605.5,1581.25,1603.25
2002-12-09,1603.25,1607.25,1578.5,1579
2002-12-10,1579,1594.75,1578.25,1591.5
2002-12-11,1591.75,1599.75,1585,1591.75
2002-12-12,1591.75,1598.25,1585.75,1591.5
2002-12-13,1591.25,1592.75,1576.5,1577
2002-12-16,1575.75,1601.5,1575,1599.75
2002-12-17,1599.75,1601.5,1590.5,1592.25
2002-12-18,1593.5,1593.75,1576.25,1581.75
2002-12-19,1582.25,1590.5,1569,1575
2002-12-20,1574.75,1587.5,1574.5,1587
2002-12-23,1586.5,1592.25,1580.5,1587.25
2002-12-24,1587.25,1590.25,1580.25,1581.75
2002-12-26,1580.5,1593.5,1576,1581
2002-12-27,1580.5,1581.75,1561.5,1562
2002-12-30,1562.5,1571.75,1559.25,1567.75
2002-12-31,1568.25,1571.25,1558.25,1569.25
2003-01-02,1573.25,1600,1572.75,1597.75
2003-01-03,1597.75,1601,1592,1600.25
2003-01-06,1601.25,1621.75,1594,1616.75
2003-01-07,1616.25,1620.75,1609,1614
2003-01-08,1614,1614,1597.5,1600.25
2003-01-09,1600.5,1618.75,1598.25,1615
2003-01-10,1616,1623.25,1605.25,1616.75
2003-01-13,1616.75,1627.25,1611,1616.75
2003-01-14,1616.5,1621.75,1610.75,1619.5
2003-01-15,1617.5,1623,1605.75,1611.25
2003-01-16,1610,1616,1601,1606.75
2003-01-17,1607.25,1613.75,1588,1593.25
2003-01-20,1593.5,1597.5,1592,1594
2003-01-21,1593.5,1597.5,1576.25,1578.75
2003-01-22,1578.75,1582,1566.25,1567.75
2003-01-23,1568.5,1580,1565.75,1573.25
2003-01-24,1573.25,1575.75,1547.75,1550.5
2003-01-27,1550.5,1554,1532.5,1537.5
2003-01-28,1538.5,1550.25,1535.25,1544.75
2003-01-29,1545.5,1558,1526.25,1551
2003-01-30,1551.25,1557,1530,1530.25
2003-01-31,1530.75,1548,1526.75,1545
2003-02-03,1545,1554.25,1544.25,1548.75
2003-02-04,1548.75,1551.25,1528.5,1539.5
2003-02-05,1537.75,1551.25,1530.75,1534.75
2003-02-06,1534.5,1535.75,1522.25,1530.75
2003-02-07,1529.75,1539.75,1515.5,1520.75
2003-02-10,1521.75,1527,1512.5,1526.25
2003-02-11,1526.75,1533,1513.75,1520
2003-02-12,1520,1521.75,1506.5,1507
2003-02-13,1507.75,1512.75,1495.5,1509.25
2003-02-14,1510,1527.5,1504,1527.25
2003-02-17,1529.5,1532.25,1526.25,1531.5
2003-02-18,1529.5,1543.5,1526.25,1541.75
2003-02-19,1541.5,1542.25,1528,1537
2003-02-20,1537,1542,1526,1529
2003-02-21,1529,1542.5,1520,1537.5
2003-02-24,1537.75,1540.75,1521.25,1522.75
2003-02-25,1522.75,1530.25,1507.5,1530
2003-02-26,1530,1533.5,1516,1518
2003-02-27,1517.75,1533,1515.5,1528.5
2003-02-28,1528.5,1537.25,1524,1531.25
2003-03-03,1534.25,1543.25,1522.25,1525.75
2003-03-04,1525.5,1527,1511.5,1512.5
2003-03-05,1512.5,1520.25,1508.5,1519.75
2003-03-06,1519.75,1520.75,1509.25,1512
2003-03-07,1510,1520,1499.25,1518.75
2003-03-10,1517.75,1518.5,1495.75,1498
2003-03-11,1497.75,1505,1489.75,1490.5
2003-03-12,1490.75,1496.25,1478.75,1496
2003-03-13,1496,1524,1494.25,1523.5
2003-03-14,1523.25,1533.75,1518.25,1524.5
2003-03-17,1521.75,1554.25,1513.75,1552.25
2003-03-18,1552.5,1564,1547.25,1557.5
2003-03-19,1557.75,1565.75,1551.5,1564
2003-03-20,1564,1570.5,1548.5,1566
2003-03-21,1566,1587,1564.25,1584.5
2003-03-24,1576.75,1576.75,1551.75,1554.75
2003-03-25,1555,1570.5,1547.25,1563.5
2003-03-26,1564,1566.75,1556,1559.25
2003-03-27,1559.25,1564.75,1548,1558.75
2003-03-28,1558.75,1560.75,1550.5,1554.25
2003-03-31,1549.75,1551,1531.25,1538.25
2003-04-01,1535.75,1551.75,1534.25,1548
2003-04-02,1547.25,1575.5,1546.25,1568.5
2003-04-03,1569,1580,1564.25,1564.5
2003-04-04,1564.75,1575.5,1562,1569.75
2003-04-07,1574.25,1596.25,1567.5,1568.25
2003-04-08,1568.5,1579.25,1564.75,1569.5
2003-04-09,1569.75,1578.5,1555.5,1558
2003-04-10,1558.25,1563.75,1552.75,1563
2003-04-11,1563,1574.75,1556,1559.5
2003-04-14,1562.25,1577.75,1556.75,1577.25
2003-04-15,1577.75,1585.25,1571.25,1585
2003-04-16,1587.5,1594.75,1567.75,1570
2003-04-17,1570.75,1584.75,1569,1582.5
2003-04-21,1584.25,1589,1578,1584.25
2003-04-22,1583.75,1603.25,1576.25,1600.75
2003-04-23,1601.5,1610.75,1599.75,1608.75
2003-04-24,1608.75,1609.75,1596.75,1601
2003-04-25,1601,1604,1587.25,1589.75
2003-04-28,1590.25,1609.25,1586.5,1604.75
2003-04-29,1604.5,1615,1601,1607.25
2003-04-30,1607.5,1612.75,1601.25,1607.25
2003-05-01,1606.75,1607.25,1591.75,1606.25
2003-05-02,1608,1621.5,1602,1618.75
2003-05-05,1618.25,1624.75,1614.75,1617.5
2003-05-06,1617,1630.75,1615.5,1626
2003-05-07,1625.75,1628.25,1616.5,1620.75
2003-05-08,1620.25,1620.5,1609.5,1611.75
2003-05-09,1611.5,1624.75,1610.5,1623.5
2003-05-12,1624.5,1638,1619.5,1635.5
2003-05-13,1635,1638.5,1629.5,1634
2003-05-14,1633.75,1639.5,1625.75,1631.5
2003-05-15,1631.25,1640,1629.25,1637.5
2003-05-16,1637,1641,1629.25,1635.5
2003-05-19,1633,1633,1610.75,1613.75
2003-05-20,1613.75,1617,1602.5,1610.5
2003-05-21,1611,1615.5,1604.5,1613.25
2003-05-22,1613.75,1626.75,1611,1622
2003-05-23,1621.75,1626.5,1617.75,1623.5
2003-05-26,1623.5,1626.25,1622.75,1625.75
2003-05-27,1623.5,1644.5,1618.25,1640.75
2003-05-28,1640.75,1650.75,1640,1643.25
2003-05-29,1642.75,1653.5,1637,1640.5
2003-05-30,1640.25,1657.25,1639.5,1654.5
2003-06-02,1655,1670.75,1654.75,1659.5
2003-06-03,1658,1664.5,1654.75,1663.5
2003-06-04,1663.75,1679.25,1661.5,1677.5
2003-06-05,1677.25,1682.5,1668.75,1682
2003-06-06,1681.75,1699.75,1677.25,1679
2003-06-09,1677.5,1683.25,1663.5,1668.25
2003-06-10,1668.25,1678.25,1667.5,1678
2003-06-11,1677.75,1689.5,1673,1688.5
2003-06-12,1688.25,1695.75,1681.5,1691.75
2003-06-13,1691,1693.5,1675,1681
2003-06-16,1680.25,1702.5,1677.75,1701.75
2003-06-17,1701.75,1708.25,1698,1702
2003-06-18,1702,1707,1695.5,1700.75
2003-06-19,1700.75,1705.25,1683.75,1686.25
2003-06-20,1686,1694,1683.25,1684
2003-06-23,1684.75,1685.25,1668,1673.5
2003-06-24,1673.5,1679.25,1669.5,1674
2003-06-25,1674.25,1682.75,1662.5,1664.5
2003-06-26,1664,1678.75,1663.75,1676
2003-06-27,1676.25,1680.5,1664.5,1665.75
2003-06-30,1667,1675.25,1663.5,1665.75
2003-07-01,1665.25,1675,1652.75,1673.75
2003-07-02,1674,1686.25,1673.75,1685.5
2003-07-03,1685.5,1686.75,1667,1675
2003-07-07,1676.25,1697.5,1675.75,1695
2003-07-08,1695.25,1701,1689.75,1700
2003-07-09,1699.75,1702.5,1688.5,1693.5
2003-07-10,1692,1692.5,1674.5,1681.25
2003-07-11,1681.25,1692.75,1677.75,1689.75
2003-07-14,1689.75,1707.25,1688.5,1695.25
2003-07-15,1694.75,1703.5,1687.5,1693.5
2003-07-16,1695,1699.75,1680,1687.5
2003-07-17,1686.25,1686.5,1669.25,1673.25
2003-07-18,1674.5,1685.75,1670,1683
2003-07-21,1683.75,1684.75,1666,1670.5
2003-07-22,1670,1682,1666.75,1679.25
2003-07-23,1680.25,1683.5,1670.25,1680
2003-07-24,1679.75,1690.75,1671.25,1672.75
2003-07-25,1671.5,1690.25,1667.5,1689.25
2003-07-28,1690.5,1693,1684,1686.5
2003-07-29,1686.25,1690.5,1674,1681.5
2003-07-30,1681.25,1686.25,1676.5,1679
2003-07-31,1678.75,1696.5,1678,1681.75
2003-08-01,1681.25,1685.25,1669.5,1672
2003-08-04,1671.75,1677.5,1657.25,1672.75
2003-08-05,1672.75,1674.75,1650.75,1652
2003-08-06,1651.5,1667.75,1651,1657.5
2003-08-07,1657.5,1667.75,1654.5,1667
2003-08-08,1666.5,1672.5,1664.75,1670.5
2003-08-11,1670.5,1677.25,1665.25,1673.75
2003-08-12,1673.75,1683,1671.25,1682.5
2003-08-13,1682,1686,1672.25,1677.25
2003-08-14,1676.75,1684.25,1671.75,1680.25
2003-08-15,1672.25,1685,1665.75,1683
2003-08-18,1682.5,1692.75,1682.25,1691.25
2003-08-19,1691.25,1695.75,1686.75,1695.5
2003-08-20,1694.25,1695.75,1688.25,1691.5
2003-08-21,1691.5,1702,1690.75,1694.5
2003-08-22,1694.75,1704.75,1684.25,1685
2003-08-25,1684.25,1686.75,1679.5,1686.25
2003-08-26,1686.25,1690.5,1675,1688
2003-08-27,1688.25,1690.25,1685,1688.25
2003-08-28,1687.75,1696.5,1682.75,1693.75
2003-08-29,1693.75,1701.75,1691.5,1700.25
2003-09-01,1700.75,1705,1698.75,1704.5
2003-09-02,1700.75,1715.25,1697,1714.5
2003-09-03,1714.5,1722.25,1712.75,1719.5
2003-09-04,1719.5,1722,1713.75,1720.75
2003-09-05,1721.5,1722.25,1710.25,1714.75
2003-09-08,1714.25,1725.25,1713.75,1723
2003-09-09,1723.5,1727.25,1713,1716.5
2003-09-10,1715.75,1716.75,1701.75,1706
2003-09-11,1706.25,1713.75,1703.25,1709.25
2003-09-12,1709.5,1712.5,1699.5,1710.5
2003-09-15,1711.5,1713.25,1706,1707
2003-09-16,1707,1722.75,1706.5,1722.25
2003-09-17,1722.25,1724.25,1716.75,1720
2003-09-18,1720,1733,1718,1731.75
2003-09-19,1732,1733.5,1724,1727.5
2003-09-22,1726.25,1726.25,1710.25,1715.75
2003-09-23,1715.75,1723,1713.75,1720
2003-09-24,1720,1722.75,1700.75,1701.75
2003-09-25,1701.75,1709,1691.75,1692.25
2003-09-26,1692.25,1696.5,1688.5,1689
2003-09-29,1689.75,1700,1687.25,1698.75
2003-09-30,1698.25,1699.5,1682.25,1688.5
2003-10-01,1690,1711.5,1689.5,1711
2003-10-02,1710.75,1715.5,1706,1714
2003-10-03,1714,1732.5,1712.5,1723
2003-10-06,1721.5,1729.5,1720.75,1728
2003-10-07,1728,1732.75,1718.75,1731.75
2003-10-08,1732.25,1734.25,1723.5,1729.5
2003-10-09,1729.5,1741.75,1727.5,1733
2003-10-10,1732.25,1737,1728.5,1735
2003-10-13,1735,1742.5,1734,1739
2003-10-14,1739,1744,1733.5,1742
2003-10-15,1742.75,1750.25,1736,1739
2003-10-16,1737.5,1746.75,1735.75,1743.75
2003-10-17,1742.25,1746.5,1729.25,1732.25
2003-10-20,1732,1740,1728.75,1739.75
2003-10-21,1739.75,1744,1735.25,1738
2003-10-22,1738.25,1738.75,1721,1725
2003-10-23,1724.25,1729,1714.25,1723
2003-10-24,1722.75,1724.75,1710.75,1724.5
2003-10-27,1722.75,1731.25,1721.75,1725.25
2003-10-28,1724.5,1740.5,1724.25,1739.25
2003-10-29,1738.75,1743.25,1734.5,1740.75
2003-10-30,1740.5,1749,1736.75,1743
2003-10-31,1743,1746.75,1741,1744
2003-11-03,1741.75,1755,1741,1748.75
2003-11-04,1748.75,1751.5,1744.5,1746.75
2003-11-05,1746.75,1749,1737.75,1748
2003-11-06,1748.25,1753.25,1739.75,1753
2003-11-07,1752.75,1759,1744.5,1745
2003-11-10,1745.75,1748.25,1738.75,1740.75
2003-11-11,1740.75,1742.25,1736,1740.25
2003-11-12,1739.75,1753.5,1739,1751.5
2003-11-13,1751.25,1754.5,1746.5,1752.5
2003-11-14,1752.75,1758.75,1741.5,1743.5
2003-11-17,1742.5,1742.5,1728.75,1738
2003-11-18,1737.75,1743,1725.5,1727.25
2003-11-19,1727.5,1738.25,1725.5,1735.5
2003-11-20,1735.75,1740.75,1725.5,1726.5
2003-11-21,1726.25,1731.5,1724.75,1730.75
2003-11-24,1730.25,1746,1729.75,1744
2003-11-25,1744,1752.25,1742,1747.75
2003-11-26,1747.5,1753,1741.75,1751.25
2003-11-27,1751.75,1754.25,1750,1753.5
2003-11-28,1751.75,1754.75,1748.25,1752.25
2003-12-01,1753.5,1765,1750.25,1763.5
2003-12-02,1763.5,1765.5,1758.75,1761.5
2003-12-03,1761,1768.75,1758.75,1759.5
2003-12-04,1759.25,1765,1757.25,1764
2003-12-05,1761.5,1763.25,1754,1756.75
2003-12-08,1755.5,1764,1752.25,1763.5
2003-12-09,1763.75,1767.25,1753.25,1755
2003-12-10,1755.25,1757.5,1747.5,1755.25
2003-12-11,1755,1768.5,1753.75,1766.75
2003-12-12,1768.75,1769.5,1761.5,1768.75
2003-12-15,1781.75,1784.75,1762.25,1763.25
2003-12-16,1763.25,1770.5,1761.25,1769.25
2003-12-17,1769.25,1772.5,1765.25,1772
2003-12-18,1772,1784.5,1770.5,1784.25
2003-12-19,1783.75,1786,1778,1781.25
2003-12-22,1778.25,1788.75,1776.25,1788.5
2003-12-23,1788.25,1791.5,1786,1789.25
2003-12-24,1789.25,1791,1785.25,1788.75
2003-12-26,1789.25,1792.75,1788.25,1789.25
2003-12-29,1789.25,1805,1788.75,1803.5
2003-12-30,1803.5,1804.75,1800.75,1803.5
2003-12-31,1803.5,1807.25,1800.5,1806.25
2004-01-02,1806.75,1813.75,1799.25,1804.75
2004-01-05,1804.5,1817.25,1804.5,1815.75
2004-01-06,1815.5,1819.25,1811.25,1817.75
2004-01-07,1817.5,1822.5,1810.5,1821.25
2004-01-08,1821.25,1826.25,1819.5,1825.25
2004-01-09,1825.25,1826.75,1814.75,1815.75
2004-01-12,1815.25,1824.25,1814,1824
2004-01-13,1824,1825,1809.5,1817
2004-01-14,1817,1828.25,1815,1827
2004-01-15,1825.5,1832.25,1818.75,1829
2004-01-16,1828.75,1834.75,1827.75,1833.75
2004-01-19,1833.5,1836.5,1831.25,1832
2004-01-20,1833.5,1838,1829.75,1833.25
2004-01-21,1833,1844.5,1828.5,1841.75
2004-01-22,1841.75,1845,1837.25,1839.75
2004-01-23,1837.5,1845,1831,1836
2004-01-26,1835.75,1850.75,1833.75,1850
2004-01-27,1850,1850.5,1837.75,1838.25
2004-01-28,1838,1843.75,1820.5,1825
2004-01-29,1824.25,1829.5,1816.5,1826
2004-01-30,1826.75,1828,1821.75,1825.75
2004-02-02,1826,1838,1822.25,1830.25
2004-02-03,1830.25,1832.25,1825.25,1828.75
2004-02-04,1828.75,1829.25,1817.75,1819.75
2004-02-05,1819.5,1826,1818.25,1822.25
2004-02-06,1822.5,1837.75,1820.75,1834.75
2004-02-09,1835,1839.5,1833.5,1835.75
2004-02-10,1836,1842.5,1833.25,1839
2004-02-11,1839,1854.5,1837,1851
2004-02-12,1851,1853.25,1846.25,1846.75
2004-02-13,1847.25,1852.5,1837.75,1841.5
2004-02-16,1841.25,1844,1841,1843.75
2004-02-17,1841.25,1854.5,1841,1852.25
2004-02-18,1852.25,1854.5,1844,1847
2004-02-19,1847,1854.25,1841,1843
2004-02-20,1842.5,1846.75,1833.5,1839.5
2004-02-23,1839.75,1843.25,1831.75,1836
2004-02-24,1839.75,1840,1829,1834.25
2004-02-25,1834.75,1840.75,1832.75,1838.75
2004-02-26,1839,1843,1833.5,1839
2004-02-27,1839.5,1847.75,1836.25,1840.25
2004-03-01,1840,1853.25,1840,1851.25
2004-03-02,1851.25,1852.5,1842.25,1844.75
2004-03-03,1845,1848.5,1839,1846.5
2004-03-04,1846.25,1851,1845,1850
2004-03-05,1849,1859.5,1842.25,1853.5
2004-03-08,1853.75,1855.75,1839,1839.75
2004-03-09,1839.75,1842.75,1832,1835.25
2004-03-10,1835.25,1837.5,1815.25,1816
2004-03-11,1816,1822.25,1800.25,1801.25
2004-03-12,1801.5,1816.5,1798,1815
2004-03-15,1813.25,1817.75,1798.25,1802
2004-03-16,1802,1810,1798,1807.25
2004-03-17,1807.25,1822,1806.5,1819.5
2004-03-18,1819.5,1823.5,1808.5,1819.75
2004-03-19,1820,1824.25,1803.5,1804.25
2004-03-22,1804.5,1804.5,1784.5,1790.25
2004-03-23,1790.25,1797.25,1786.75,1788.25
2004-03-24,1788.5,1794.5,1781.75,1788.5
2004-03-25,1788.75,1806.25,1787,1803
2004-03-26,1803.25,1811,1801.25,1803
2004-03-29,1803,1820.5,1803,1818.75
2004-03-30,1818.75,1823.75,1814.5,1823
2004-03-31,1823,1826.75,1816.75,1822
2004-04-01,1823.75,1831.75,1820.5,1830.5
2004-04-02,1830.25,1842,1829,1839
2004-04-05,1838.5,1846.5,1835,1845.25
2004-04-06,1845.25,1845.5,1838.5,1841.75
2004-04-07,1841.5,1843.5,1834,1839.25
2004-04-08,1839.25,1851.5,1830,1836.5
2004-04-12,1836,1843.5,1833,1841
2004-04-13,1841.25,1847,1823.25,1825.25
2004-04-14,1825,1829,1817.75,1826.75
2004-04-15,1826.25,1830.5,1816,1822
2004-04-16,1821.5,1833,1819,1831
2004-04-19,1829.5,1832.25,1825.25,1830.75
2004-04-20,1830.5,1835.5,1810.25,1811.5
2004-04-21,1812.5,1821.75,1811.25,1819.5
2004-04-22,1821,1839,1815.25,1833.75
2004-04-23,1837,1839.25,1830.25,1836.5
2004-04-26,1835.25,1841.25,1828,1835
2004-04-27,1834.75,1843.25,1831.75,1835
2004-04-28,1835,1835.25,1817,1820.5
2004-04-29,1820,1825,1803.5,1811
2004-04-30,1810.25,1816,1800.75,1803
2004-05-03,1802.25,1815,1801.25,1813
2004-05-04,1813,1824.5,1808.5,1812.5
2004-05-05,1812.5,1821.5,1809.5,1819
2004-05-06,1819,1819.25,1801.75,1810
2004-05-07,1810,1814,1791.5,1792.5
2004-05-10,1792,1794,1775,1780.5
2004-05-11,1780.5,1792.25,1778.25,1789.25
2004-05-12,1789.5,1796.75,1772.25,1795.75
2004-05-13,1795.5,1799.5,1787.75,1790.75
2004-05-14,1790.5,1799,1782.75,1791.75
2004-05-17,1791,1791.75,1775.25,1782.5
2004-05-18,1782.25,1791.5,1781.5,1787.25
2004-05-19,1787.75,1802.75,1782.75,1783.75
2004-05-20,1784,1789.75,1781,1787.5
2004-05-21,1787,1796.75,1785.75,1789.5
2004-05-24,1789.75,1798.75,1788,1793.5
2004-05-25,1793.5,1810.75,1787,1809.5
2004-05-26,1809,1814,1805.75,1813
2004-05-27,1813,1821.5,1811.5,1819.75
2004-05-28,1819.25,1820.75,1814.5,1817.25
2004-05-31,1818.5,1820,1815.75,1818.5
2004-06-01,1818.25,1819.75,1809.5,1818.25
2004-06-02,1818.5,1825.5,1815.25,1822.5
2004-06-03,1822.25,1823,1811.5,1812
2004-06-04,1813,1826.5,1812.5,1820.25
2004-06-07,1819.5,1839,1819.5,1837.25
2004-06-08,1837.25,1839.75,1832.5,1839
2004-06-09,1838.75,1840,1827.5,1828.5
2004-06-10,1828.75,1834,1825.5,1833.5
2004-06-11,1833.25,1834,1829.75,1833.5
2004-06-14,1831.75,1832,1819,1822.5
2004-06-15,1822.5,1834.75,1822.25,1830.75
2004-06-16,1830.25,1834,1827,1830
2004-06-17,1830,1831,1823.25,1828.5
2004-06-18,1828.25,1836.5,1823.5,1831
2004-06-21,1831.75,1836.25,1825.25,1826.25
2004-06-22,1826.25,1832.75,1820.75,1832
2004-06-23,1831.75,1842.25,1828,1841
2004-06-24,1841,1843.25,1836.5,1838.25
2004-06-25,1838.5,1843,1830.5,1832.25
2004-06-28,1833.75,1842.75,1828,1828.75
2004-06-29,1829,1835.5,1824.75,1832.75
2004-06-30,1832.75,1841.5,1830,1837.5
2004-07-01,1837.75,1840.75,1819.25,1823.25
2004-07-02,1823.5,1826.5,1819.5,1822.75
2004-07-05,1822.75,1823.25,1819.75,1821.25
2004-07-06,1822.75,1826,1809.5,1812
2004-07-07,1812,1819,1810.5,1815
2004-07-08,1814.5,1816.25,1805,1807.75
2004-07-09,1807.75,1812.5,1807,1809.75
2004-07-12,1810.75,1813.25,1803,1810.5
2004-07-13,1810.5,1813,1808,1811.25
2004-07-14,1808.75,1816.75,1803.75,1808.25
2004-07-15,1808.5,1812,1800,1800.5
2004-07-16,1802,1809.5,1797,1799.75
2004-07-19,1800,1803,1792.5,1795.75
2004-07-20,1795.75,1811.75,1792.75,1809
2004-07-21,1809,1813,1786.5,1787.5
2004-07-22,1787.25,1796.25,1780,1790.75
2004-07-23,1789,1791,1779.25,1782.5
2004-07-26,1782.75,1786.5,1774,1780
2004-07-27,1780,1793,1779.75,1789.5
2004-07-28,1789.5,1795.5,1777.75,1792.5
2004-07-29,1792.75,1800.75,1789.5,1797.25
2004-07-30,1797.25,1801,1793,1798
2004-08-02,1795,1805.25,1792.5,1802.5
2004-08-03,1802.75,1803.5,1793.5,1794.25
2004-08-04,1794.5,1799.25,1786,1794
2004-08-05,1794,1795.75,1774.25,1775.5
2004-08-06,1775.75,1780,1757.75,1760.5
2004-08-09,1761.25,1766.25,1759.5,1761.25
2004-08-10,1761.5,1775.75,1761,1773.25
2004-08-11,1773.25,1774.25,1762.25,1772.75
2004-08-12,1772.75,1775,1757,1760.75
2004-08-13,1761.5,1764.75,1757,1763.25
2004-08-16,1762.5,1777.75,1758,1774.5
2004-08-17,1774.25,1784,1772.5,1780
2004-08-18,1780,1793,1775,1791.5
2004-08-19,1791.25,1792.5,1782.75,1788.25
2004-08-20,1788.25,1797.5,1784.25,1795.75
2004-08-23,1794.5,1798.75,1791.25,1793.25
2004-08-24,1793.25,1798.25,1789.25,1794.5
2004-08-25,1794.25,1803.5,1789.75,1800.75
2004-08-26,1800.75,1803.75,1799,1801.5
2004-08-27,1801,1806.75,1800.25,1805.25
2004-08-30,1804.5,1805,1795,1796
2004-08-31,1796.25,1802.25,1791.25,1801
2004-09-01,1802,1806.75,1795,1803.75
2004-09-02,1803.5,1817.25,1801.5,1816.5
2004-09-03,1813.25,1818.25,1809.75,1811.5
2004-09-06,1811.75,1815.5,1811.75,1815.25
2004-09-07,1811.75,1821.5,1811.75,1819.25
2004-09-08,1819,1820.5,1813,1815.75
2004-09-09,1815.25,1818.75,1810.5,1814.5
2004-09-10,1815,1822.5,1810.75,1820.25
2004-09-13,1820.5,1827.25,1819.75,1824.75
2004-09-14,1824.5,1827,1821.75,1826.5
2004-09-15,1826.25,1826.75,1816.5,1817.25
2004-09-16,1817.75,1823.5,1817.25,1821
2004-09-17,1821,1828,1819.25,1825.5
2004-09-20,1825.25,1825.5,1817,1818.75
2004-09-21,1819,1829,1817.75,1823.75
2004-09-22,1823.5,1824,1808.5,1809.5
2004-09-23,1809.25,1811.5,1803.5,1803.75
2004-09-24,1803.75,1811,1803.5,1808
2004-09-27,1807.75,1810.5,1799.75,1801.75
2004-09-28,1801.75,1809,1797.75,1806.25
2004-09-29,1806.25,1812,1803.75,1811.75
2004-09-30,1811.75,1813.5,1806,1811.5
2004-10-01,1811.5,1830,1808.25,1829.75
2004-10-04,1828,1837.75,1827.5,1832
2004-10-05,1831.75,1836.5,1828.75,1833
2004-10-06,1832.25,1840.25,1830,1839.25
2004-10-07,1839.5,1839.5,1827,1828
2004-10-08,1828,1832.5,1816.75,1818.5
2004-10-11,1818.5,1823.5,1818.5,1822.5
2004-10-12,1822.25,1823.25,1812.5,1819
2004-10-13,1820,1824,1806,1808.75
2004-10-14,1808.5,1812,1798.5,1799.5
2004-10-15,1799.5,1810.25,1798.5,1804.75
2004-10-18,1805.25,1811.75,1799,1809.5
2004-10-19,1810,1815,1798.5,1800
2004-10-20,1800,1800.75,1790.25,1798.25
2004-10-21,1798.25,1805.75,1794.5,1804.25
2004-10-22,1802.75,1806.25,1791.25,1792.5
2004-10-25,1792,1793.5,1784.5,1791.75
2004-10-26,1792,1808.5,1791,1808
2004-10-27,1807.5,1823.25,1803.25,1821.25
2004-10-28,1820.5,1827.75,1816.75,1824
2004-10-29,1824.25,1828.5,1821,1826.75
2004-11-01,1824,1830.5,1822.75,1827.25
2004-11-02,1827.25,1837.5,1824.25,1827
2004-11-03,1827,1845.5,1823.75,1841.5
2004-11-04,1840.75,1858.5,1838.5,1857
2004-11-05,1857,1868.25,1854.75,1864.25
2004-11-08,1863.5,1864,1858.75,1863
2004-11-09,1863,1866.5,1859.25,1860.75
2004-11-10,1861,1867,1859.25,1861.25
2004-11-11,1861.5,1872.5,1859.5,1870.25
2004-11-12,1869.75,1881.25,1868.25,1879.25
2004-11-15,1879.5,1882.5,1877,1882.5
2004-11-16,1881.75,1882.25,1872.25,1874
2004-11-17,1874,1886.25,1873.75,1880.75
2004-11-18,1880.5,1882.75,1877,1881.5
2004-11-19,1881.5,1882.25,1865.75,1868.75
2004-11-22,1868.5,1875.5,1863,1874.5
2004-11-23,1874.5,1877,1868,1875.75
2004-11-24,1875.25,1879.75,1874.5,1878.5
2004-11-25,1878.5,1883,1877.25,1882.75
2004-11-26,1878.5,1883.5,1875.75,1877.25
2004-11-29,1877,1887.75,1868.75,1872.5
2004-11-30,1873,1876,1869.5,1870.5
2004-12-01,1873.75,1888.75,1871.5,1886.25
2004-12-02,1886,1892.25,1883.5,1887
2004-12-03,1890.25,1895,1882.25,1885.75
2004-12-06,1885.75,1889.75,1881.75,1885.75
2004-12-07,1885.75,1890,1873.5,1874.25
2004-12-08,1873.75,1881.25,1872.5,1880.5
2004-12-09,1880,1888,1870,1885
2004-12-10,1885,1888.5,1881.25,1886.25
2004-12-13,1886,1897,1886,1896.75
2004-12-14,1896.5,1902.5,1893.5,1900.75
2004-12-15,1900.75,1903.75,1895.75,1901.5
2004-12-16,1901.25,1905,1894.5,1900.75
2004-12-17,1900.5,1903.25,1889.5,1892.5
2004-12-20,1891.75,1901,1889.5,1893
2004-12-21,1892.75,1902.75,1891.5,1902.25
2004-12-22,1901.5,1908.5,1901,1905.25
2004-12-23,1905,1910.75,1903.25,1906
2004-12-27,1906.5,1911.25,1901.5,1902.75
2004-12-28,1902.75,1911,1902,1909.75
2004-12-29,1909.75,1911.5,1907,1911.25
2004-12-30,1911,1913.25,1907.75,1909
2004-12-31,1909,1914,1905,1908
2005-01-03,1907.75,1915.5,1896,1900.5
2005-01-04,1900.5,1903.75,1881,1885.25
2005-01-05,1885,1889.25,1877,1877.5
2005-01-06,1877.5,1888,1877,1882.5
2005-01-07,1882.75,1888.75,1877.75,1880.5
2005-01-10,1881.25,1891,1879.5,1886
2005-01-11,1885.5,1887,1876,1878.25
2005-01-12,1880.25,1884,1871,1881.75
2005-01-13,1882,1884.5,1870.5,1872.25
2005-01-14,1872.5,1881,1871,1878
2005-01-18,1879.25,1892,1874.75,1890
2005-01-19,1890.25,1891.5,1877.5,1877.75
2005-01-20,1875.75,1877.25,1868.25,1870.75
2005-01-21,1871.5,1875,1861.5,1862.75
2005-01-24,1864.25,1868.5,1858.5,1860.5
2005-01-25,1860.5,1869.75,1860.25,1864
2005-01-26,1864,1871,1863.75,1867.5
2005-01-27,1867.25,1872.25,1864.5,1869
2005-01-28,1869.5,1871.75,1860.5,1869
2005-01-31,1871,1877.25,1871,1876
2005-02-01,1875.5,1885.25,1873.75,1883.5
2005-02-02,1884,1890.25,1883.25,1887.5
2005-02-03,1886.5,1887.75,1880,1883.75
2005-02-04,1884,1898.75,1882.5,1896.25
2005-02-07,1897,1899.25,1893.75,1895
2005-02-08,1895.25,1900.5,1894.25,1896.5
2005-02-09,1896,1898.75,1886,1887.25
2005-02-10,1886.75,1893.75,1886,1890.75
2005-02-11,1891,1904.25,1888,1901.25
2005-02-14,1902,1902.75,1898.25,1900.5
2005-02-15,1900.5,1907.75,1899.75,1905
2005-02-16,1904.75,1907.75,1897.75,1904.75
2005-02-17,1905,1906.25,1895,1895.25
2005-02-18,1895.5,1898,1891.75,1896.5
2005-02-22,1897.25,1897.5,1878.25,1879
2005-02-23,1879.25,1888.25,1877.75,1887
2005-02-24,1887,1895.75,1882.25,1895
2005-02-25,1895,1907.5,1894,1906.25
2005-02-28,1906.25,1909,1892.5,1898.25
2005-03-01,1898.75,1907.5,1897.25,1904.25
2005-03-02,1904.5,1911.25,1898.25,1903.75
2005-03-03,1904,1911,1898.75,1904.25
2005-03-04,1904.25,1920,1903.5,1918.5
2005-03-07,1920,1924,1917.5,1919.5
2005-03-08,1920,1920.75,1912.75,1914.75
2005-03-09,1915,1918.25,1900.75,1901.25
2005-03-10,1901,1906,1895.25,1903.75
2005-03-11,1905,1908.25,1892.25,1895.25
2005-03-14,1895.75,1902.5,1893.5,1902
2005-03-15,1902.25,1906.25,1891.75,1892.75
2005-03-16,1892.5,1896.25,1879.5,1882
2005-03-17,1882.5,1888,1880.25,1884
2005-03-18,1884.25,1887,1876.5,1880.75
2005-03-21,1881.5,1883.5,1872.5,1876.25
2005-03-22,1876.25,1883.75,1862,1864.25
2005-03-23,1863,1870.25,1858.75,1864.5
2005-03-24,1864.75,1874.25,1864.5,1865.5
2005-03-28,1866,1873.5,1866,1867.5
2005-03-29,1867.75,1873.25,1856.75,1860
2005-03-30,1860,1875.75,1859,1875.5
2005-03-31,1875.5,1878.25,1872,1874
2005-04-01,1873.25,1883.5,1862.5,1867.75
2005-04-04,1867.25,1872,1860.75,1869.75
2005-04-05,1870,1877,1868.5,1875.25
2005-04-06,1874.75,1883,1874,1879.25
2005-04-07,1879.25,1885.75,1876.25,1885.25
2005-04-08,1885.25,1885.5,1872.75,1873.5
2005-04-11,1872.75,1877.25,1871.25,1873.75
2005-04-12,1873.75,1883.25,1863,1880
2005-04-13,1879.75,1880.5,1863.5,1866
2005-04-14,1865.75,1868.5,1850,1850.5
2005-04-15,1850.25,1854,1833,1833.5
2005-04-18,1834,1841.5,1825.75,1836.75
2005-04-19,1837,1847,1836.5,1845.75
2005-04-20,1847.75,1849.75,1826.75,1829.75
2005-04-21,1829.25,1853.75,1827.75,1851.5
2005-04-22,1851,1851.25,1833.75,1847.25
2005-04-25,1847,1856.25,1845.5,1854
2005-04-26,1854.25,1856,1842.5,1843.75
2005-04-27,1843,1851.5,1835.25,1847.25
2005-04-28,1847.5,1848.5,1832.5,1833
2005-04-29,1834,1849.5,1830.25,1848.5
2005-05-02,1847.75,1854.5,1845.5,1853.5
2005-05-03,1854,1858.75,1847.25,1856
2005-05-04,1855.75,1867.75,1852.75,1865.25
2005-05-05,1865.5,1870,1857.5,1865
2005-05-06,1864.5,1872.25,1861,1861.25
2005-05-09,1862.5,1870.75,1860,1868.25
2005-05-10,1868.25,1868.5,1853.5,1856.25
2005-05-11,1856,1863.5,1848,1862.5
2005-05-12,1862,1865.25,1848.5,1849.25
2005-05-13,1850.25,1855.5,1836.75,1846.75
2005-05-16,1846.75,1857.75,1844.75,1857
2005-05-17,1857,1866.25,1850.75,1865.25
2005-05-18,1865,1879.5,1862.25,1876.75
2005-05-19,1876.75,1882.75,1875.25,1881.25
2005-05-20,1881.5,1883,1876,1880.25
2005-05-23,1880.75,1889,1879.25,1886.25
2005-05-24,1886.25,1886.75,1880.5,1883.75
2005-05-25,1882.25,1883.75,1876.25,1882.5
2005-05-26,1882.25,1890.25,1881.75,1888
2005-05-27,1888,1890.5,1886,1890.25
2005-05-31,1890,1892,1881.5,1882.25
2005-06-01,1882.5,1897,1881.75,1891.25
2005-06-02,1891.5,1895.75,1888.5,1895.25
2005-06-03,1895,1897,1884.75,1888.5
2005-06-06,1888.25,1889.5,1883,1888
2005-06-07,1888,1899.75,1887.5,1889
2005-06-08,1889.25,1893.5,1883.5,1886
2005-06-09,1885.75,1892.75,1881.25,1891
2005-06-10,1891,1893.75,1882.5,1889
2005-06-13,1889,1897.25,1884.75,1892.5
2005-06-14,1892.25,1898.5,1890.25,1895
2005-06-15,1894.75,1899.25,1888.5,1896.75
2005-06-16,1896.75,1902.75,1895.25,1900.75
2005-06-17,1900.75,1910.25,1900.25,1905.5
2005-06-20,1905.5,1909.5,1900.25,1905
2005-06-21,1905,1907.5,1901.25,1906
2005-06-22,1906,1910,1901,1906
2005-06-23,1906.25,1907.5,1888.75,1889
2005-06-24,1889,1891.25,1878.25,1880.75
2005-06-27,1880.5,1884.25,1877.5,1881.25
2005-06-28,1881,1892.25,1880.75,1891.75
2005-06-29,1891.75,1893.75,1887,1888
2005-06-30,1888,1892.75,1879,1880.5
2005-07-01,1880.75,1887.25,1880.25,1885
2005-07-05,1885,1895.75,1880.5,1894
2005-07-06,1893.75,1895.75,1883,1883.5
2005-07-07,1883.25,1888.25,1855.75,1887.75
2005-07-08,1887.75,1902.25,1885.75,1901.5
2005-07-11,1901.5,1909.75,1900.5,1908.5
2005-07-12,1908.25,1914.75,1904.75,1910.5
2005-07-13,1910.75,1913.5,1907.75,1913
2005-07-14,1912.75,1922.5,1912,1916.75
2005-07-15,1916.25,1918.5,1911.5,1916.25
2005-07-18,1915.5,1916.5,1909,1911.5
2005-07-19,1911.5,1919,1911.5,1918.25
2005-07-20,1916.75,1925,1910.5,1921.5
2005-07-21,1923.25,1931,1912,1915
2005-07-22,1914.25,1923,1912.25,1922
2005-07-25,1921.75,1926.75,1915.5,1919
2005-07-26,1919,1922.5,1916.5,1920
2005-07-27,1920,1925.5,1917.25,1924.75
2005-07-28,1924.5,1933.25,1923.25,1932
2005-07-29,1932,1933.75,1921.5,1921.75
2005-08-01,1924.25,1927,1920.75,1922.5
2005-08-02,1922.25,1932.5,1922,1930
2005-08-03,1929.75,1933.5,1927.25,1932.75
2005-08-04,1932.75,1933.5,1921.5,1923
2005-08-05,1923.25,1926,1912.25,1914.75
2005-08-08,1914.75,1919.5,1909.25,1912.25
2005-08-09,1911.75,1921.25,1910.5,1919.25
2005-08-10,1919,1930.25,1913.25,1918.75
2005-08-11,1918.5,1925.5,1915,1923.5
2005-08-12,1923.25,1923.5,1912.25,1916
2005-08-15,1915.75,1923.5,1912.75,1922.5
2005-08-16,1922.25,1924,1905,1906.5
2005-08-17,1906.5,1912.75,1903.25,1906.5
2005-08-18,1906.5,1909.75,1901.75,1906
2005-08-19,1905.75,1912.25,1905,1908.75
2005-08-22,1908.25,1916,1902.5,1909
2005-08-23,1908.25,1910,1900.5,1906.5
2005-08-24,1906,1910.75,1894,1895
2005-08-25,1894.25,1900,1893.5,1898.5
2005-08-26,1898.75,1900.25,1889.75,1891
2005-08-29,1888.25,1900.75,1879,1899.5
2005-08-30,1899.5,1900,1886.5,1893.5
2005-08-31,1893.5,1909.25,1889.75,1906.5
2005-09-01,1907.25,1913.75,1901.5,1906.75
2005-09-02,1906.75,1911.25,1902.5,1904.75
2005-09-06,1904.5,1920,1904.25,1919.25
2005-09-07,1919.25,1923,1916.25,1920.5
2005-09-08,1920.25,1921.25,1914.5,1917
2005-09-09,1917,1928.75,1916.25,1927
2005-09-12,1927.25,1929.5,1924,1925.25
2005-09-13,1924.75,1925.5,1916.25,1917.75
2005-09-14,1917.5,1921,1910.75,1913.25
2005-09-15,1913.25,1917.25,1909.5,1912.25
2005-09-16,1912.25,1923.5,1911.5,1921
2005-09-19,1921.25,1921.75,1912,1916.75
2005-09-20,1916.75,1921.75,1904.25,1906.25
2005-09-21,1906.25,1908.25,1893,1894.75
2005-09-22,1894.75,1901.5,1889.5,1898.5
2005-09-23,1898.25,1903.5,1893.75,1899.25
2005-09-26,1902.75,1907.75,1895.5,1900.25
2005-09-27,1900.25,1904.75,1894.75,1900.5
2005-09-28,1900.5,1905.75,1896.25,1901.5
2005-09-29,1901.25,1913.25,1895,1910.5
2005-09-30,1910.25,1914.75,1908.75,1913
2005-10-03,1914,1917.75,1908.5,1910.5
2005-10-04,1910.25,1914.25,1895.25,1895.5
2005-10-05,1895.5,1897.25,1878.75,1879.5
2005-10-06,1879.5,1885.75,1864.5,1875.75
2005-10-07,1875.5,1883.5,1873.75,1878.75
2005-10-10,1878.25,1883.25,1868.25,1868.75
2005-10-11,1869,1876.75,1865.75,1867.25
2005-10-12,1868,1873.75,1856,1857.25
2005-10-13,1857.75,1863.25,1850.5,1856.75
2005-10-14,1857.25,1870.25,1857.25,1868.75
2005-10-17,1868.5,1874.5,1865,1873
2005-10-18,1873,1875.5,1859.5,1860.25
2005-10-19,1861,1879.75,1852.5,1879.25
2005-10-20,1877.75,1879.75,1854,1858.25
2005-10-21,1858.5,1868.75,1854.5,1862.5
2005-10-24,1862.5,1882,1862,1881.25
2005-10-25,1880.75,1883.5,1870.5,1877.75
2005-10-26,1877.5,1886,1872.5,1874.75
2005-10-27,1874.25,1874.75,1859.5,1861.25
2005-10-28,1860.25,1880,1858.25,1878.5
2005-10-31,1878.5,1893.25,1878.25,1888.5
2005-11-01,1884,1889.25,1881.75,1885
2005-11-02,1885,1897.25,1881.25,1896.75
2005-11-03,1896.75,1906.5,1894.75,1902.5
2005-11-04,1902.25,1904.5,1895.25,1900.75
2005-11-07,1901.25,1905.75,1898,1901.5
2005-11-08,1901.25,1903.25,1897.25,1901.5
2005-11-09,1901.25,1908.25,1897.5,1902.5
2005-11-10,1902.25,1914.25,1896,1912.5
2005-11-11,1912.5,1917.5,1911.25,1916.75
2005-11-14,1916.75,1919,1912.75,1916
2005-11-15,1915.75,1919.75,1907.25,1911.25
2005-11-16,1911.25,1914,1908,1913.5
2005-11-17,1913.25,1925,1912.5,1924
2005-11-18,1923.75,1931,1921.25,1929
2005-11-21,1929,1937,1927.25,1935.75
2005-11-22,1935.5,1942.75,1931.75,1940.75
2005-11-23,1940.5,1951.75,1939.5,1947.25
2005-11-24,1947.25,1947.25,1944.5,1946.25
2005-11-25,1946.75,1949.5,1944.75,1948.75
2005-11-28,1948.5,1951.75,1937.5,1939.75
2005-11-29,1939.5,1946.75,1937.5,1938
2005-11-30,1938,1941.75,1929.25,1929.75
2005-12-01,1931.75,1946.75,1930.5,1943.25
2005-12-02,1943.75,1947,1941.25,1944.75
2005-12-05,1944.75,1945.75,1937.75,1942.25
2005-12-06,1942.25,1953.25,1941.75,1944.25
2005-12-07,1944.5,1946,1932.25,1936.75
2005-12-08,1936.5,1943.5,1930,1935.5
2005-12-09,1934.5,1943.25,1933,1938
2005-12-12,1938.75,1944.75,1934.5,1939.75
2005-12-13,1940,1952,1937.75,1947.5
2005-12-14,1948,1955.5,1943.75,1952.5
2005-12-15,1952.5,1954.25,1946,1948.25
2005-12-16,1948,1955,1944.25,1944.75
2005-12-19,1945.75,1950.25,1937.25,1938
2005-12-20,1938.25,1942.5,1935.25,1938.5
2005-12-21,1938.5,1947.5,1937.25,1940.5
2005-12-22,1939.75,1946.5,1939.5,1946
2005-12-23,1946.25,1948.25,1943.5,1947
2005-12-27,1947.5,1951.5,1933,1934.5
2005-12-28,1934,1938.75,1933.5,1935.75
2005-12-29,1935.75,1938.25,1929,1930.5
2005-12-30,1930.75,1932,1921.75,1925.25
2006-01-03,1925.75,1948,1922,1945.25
2006-01-04,1945,1952.75,1941.25,1951
2006-01-05,1951,1953.75,1946.25,1951.75
2006-01-06,1951.75,1963.5,1950.75,1962.25
2006-01-09,1961.75,1968,1960.75,1965.5
2006-01-10,1964.75,1967.25,1959.75,1966.5
2006-01-11,1966.25,1971.5,1964,1970.25
2006-01-12,1970,1970.25,1961,1964
2006-01-13,1964,1966.25,1958.25,1963.25
2006-01-16,1963.25,1965.75,1959.25,1965.25
2006-01-17,1963.25,1965.75,1954,1960
2006-01-18,1957.25,1958.25,1945.75,1954.25
2006-01-19,1953,1963.5,1950.75,1958.75
2006-01-20,1958.5,1959.75,1934.75,1935.25
2006-01-23,1935.75,1943.25,1934.25,1939.75
2006-01-24,1939.75,1946.75,1937.75,1941
2006-01-25,1941,1946.5,1932.75,1941.5
2006-01-26,1940.75,1951.25,1940.25,1948.25
2006-01-27,1948.75,1961,1947.75,1959.75
2006-01-30,1959.5,1962.25,1957.25,1959
2006-01-31,1958.75,1961,1949,1954
2006-02-01,1948.75,1958,1946.75,1957.75
2006-02-02,1957.25,1957.75,1941,1942.5
2006-02-03,1942.25,1947,1934,1936
2006-02-06,1936.25,1941,1934.5,1939.25
2006-02-07,1939,1940.5,1926.5,1928
2006-02-08,1928,1940.25,1926.25,1938.75
2006-02-09,1938.5,1948.25,1935.75,1936.25
2006-02-10,1936.5,1943.5,1927.5,1938.75
2006-02-13,1938.75,1939.75,1931,1936.25
2006-02-14,1936.25,1952,1933.5,1948.75
2006-02-15,1948.75,1954.25,1943.25,1952.75
2006-02-16,1952.5,1963.25,1951.5,1962.25
2006-02-17,1962.25,1962.75,1956.5,1959.5
2006-02-20,1958.75,1960.25,1957,1959.25
2006-02-21,1958.75,1964.75,1953.5,1955.75
2006-02-22,1955.75,1966.75,1954.25,1962.75
2006-02-23,1962.75,1966.5,1957,1960.75
2006-02-24,1960.5,1964.75,1957.5,1963.5
2006-02-27,1963.5,1970.25,1962.5,1964.5
2006-02-28,1964.75,1965.5,1950.5,1953
2006-03-01,1952.25,1964,1952,1962.5
2006-03-02,1962.25,1963.5,1954.75,1962
2006-03-03,1962,1969.5,1950.5,1957
2006-03-06,1957.25,1961.75,1946.75,1950
2006-03-07,1950,1950,1942.25,1948
2006-03-08,1948.25,1952.25,1939.25,1950
2006-03-09,1950.25,1954.25,1942,1942.5
2006-03-10,1942.25,1955.75,1941.25,1953.5
2006-03-13,1952.75,1959,1952.75,1956
2006-03-14,1956,1970,1952.75,1969
2006-03-15,1969,1975.75,1965.5,1974.5
2006-03-16,1974.25,1981.75,1971.75,1977
2006-03-17,1976.75,1981,1975,1977.75
2006-03-20,1977.75,1981.25,1973.75,1975.75
2006-03-21,1975.5,1981.75,1965.75,1967.75
2006-03-22,1967.5,1976.25,1965,1974.75
2006-03-23,1975,1976.25,1967.25,1972
2006-03-24,1972,1976.5,1967.75,1973
2006-03-27,1973.25,1974.75,1968,1971.25
2006-03-28,1971,1975.75,1960.5,1962.75
2006-03-29,1962.5,1975.25,1961,1970.25
2006-03-30,1970.75,1979.5,1965,1967.75
2006-03-31,1968,1972,1963,1967.75
2006-04-03,1967.25,1978.25,1964.5,1966
2006-04-04,1966.25,1976.5,1962.5,1975
2006-04-05,1975,1981.5,1972.5,1979.25
2006-04-06,1979.25,1980.75,1970.25,1977.75
2006-04-07,1977.25,1984.25,1961.5,1964.25
2006-04-10,1964,1969,1960.5,1965.75
2006-04-11,1966,1968,1949.5,1954.25
2006-04-12,1954.25,1958.5,1952.75,1955.75
2006-04-13,1955.75,1959.5,1949.75,1954.5
2006-04-17,1954.5,1959.5,1946.75,1953.25
2006-04-18,1953,1976.25,1952.75,1973.75
2006-04-19,1973.75,1979,1968.5,1975.5
2006-04-20,1975,1985,1972,1977.25
2006-04-21,1977.5,1984.25,1972.25,1977.25
2006-04-24,1976.5,1978.75,1969.25,1974.75
2006-04-25,1974.75,1977,1964.5,1969.75
2006-04-26,1969.5,1976.75,1968,1969.25
2006-04-27,1969.25,1981.25,1960.5,1975.25
2006-04-28,1975,1982.25,1971,1976.25
2006-05-01,1978.75,1982.75,1967.25,1968.5
2006-05-02,1968.5,1979.25,1968.5,1978.25
2006-05-03,1978.25,1979,1968.25,1972.5
2006-05-04,1972.25,1980.25,1971.5,1977.25
2006-05-05,1977.25,1991.5,1976.5,1989.25
2006-05-08,1989.5,1991.25,1987,1987.5
2006-05-09,1987.75,1991.25,1986,1989.5
2006-05-10,1989.5,1990.25,1981,1988
2006-05-11,1987.75,1990.75,1967.5,1972
2006-05-12,1971.5,1973,1953.75,1954.5
2006-05-15,1949.25,1959.25,1945.5,1957.5
2006-05-16,1957.25,1961.75,1952,1955.25
2006-05-17,1955.5,1960,1928.5,1929.25
2006-05-18,1930,1938.25,1921.75,1923.25
2006-05-19,1924,1935.75,1918.5,1931
2006-05-22,1931,1934.25,1915.5,1922.25
2006-05-23,1923,1936.75,1912.25,1912.75
2006-05-24,1913.25,1927.25,1907,1921.25
2006-05-25,1921.5,1936.75,1918,1936.25
2006-05-26,1936.25,1943.5,1934.25,1943
2006-05-29,1942.5,1943.5,1940,1940.25
2006-05-30,1940,1942,1919.5,1920.25
2006-05-31,1920.75,1933.5,1916.25,1932.25
2006-06-01,1933.25,1948,1926.5,1946
2006-06-02,1946,1954.25,1941.5,1948.5
2006-06-05,1948,1948.75,1926,1929.75
2006-06-06,1929.5,1934,1915.5,1926
2006-06-07,1926.25,1934,1915,1916.25
2006-06-08,1917,1921.5,1895.5,1915.75
2006-06-09,1915.25,1924,1910.25,1911.25
2006-06-12,1911.25,1918.25,1895.25,1896.75
2006-06-13,1897.25,1905,1881.75,1882.25
2006-06-14,1882.5,1892.5,1878.75,1891
2006-06-15,1890.75,1920.5,1890.75,1917.5
2006-06-16,1917.5,1917.75,1906.5,1909.75
2006-06-19,1910.75,1916.75,1897,1898.25
2006-06-20,1898.5,1909.75,1897.25,1902.25
2006-06-21,1902.25,1918.25,1898.75,1911.5
2006-06-22,1912,1916.5,1900.75,1905.75
2006-06-23,1905.25,1913.75,1900.75,1905.25
2006-06-26,1905.5,1911,1903,1910
2006-06-27,1910.5,1913,1897.75,1899.5
2006-06-28,1899.5,1907.75,1896.25,1907.5
2006-06-29,1907.5,1933.5,1906.75,1932.25
2006-06-30,1931.75,1937,1929,1929.25
2006-07-03,1931.5,1939.5,1931.25,1938
2006-07-04,1937.75,1938,1935.5,1937.5
2006-07-05,1937.75,1938,1923.75,1929.5
2006-07-06,1929.5,1937.25,1927.75,1932.5
2006-07-07,1932.5,1939.75,1920.75,1924.75
2006-07-10,1924.25,1932.5,1922.25,1926.75
2006-07-11,1926.25,1932.25,1917.25,1932
2006-07-12,1931.75,1933.5,1914.25,1918
2006-07-13,1918.25,1919.5,1896.5,1897.25
2006-07-14,1897.75,1901.25,1884.75,1892
2006-07-17,1892.75,1897.25,1884.5,1890.25
2006-07-18,1890,1896.5,1880.75,1895.5
2006-07-19,1895.75,1918.75,1893.75,1912.25
2006-07-20,1912.25,1918.75,1902.25,1904
2006-07-21,1905.75,1910,1893.25,1894.5
2006-07-24,1894.25,1918.75,1893.25,1917.25
2006-07-25,1917,1928.5,1912.25,1921.25
2006-07-26,1921,1929.5,1916.5,1923
2006-07-27,1923.25,1931.5,1916.5,1922
2006-07-28,1921.5,1935.75,1920.25,1934
2006-07-31,1933.5,1934,1928.75,1931.5
2006-08-01,1932,1932.75,1920,1926.5
2006-08-02,1926.25,1938,1925.5,1934
2006-08-03,1933.75,1938.75,1924.5,1937
2006-08-04,1937,1947.5,1927.75,1935.75
2006-08-07,1935.5,1935.5,1926.75,1932
2006-08-08,1931.75,1937.5,1921.75,1926.5
2006-08-09,1926.25,1938,1918,1921.25
2006-08-10,1921.25,1926.75,1912.25,1925.25
2006-08-11,1925,1926.75,1915.5,1922
2006-08-14,1924,1933,1920.5,1923
2006-08-15,1922.75,1940.25,1922.75,1937.5
2006-08-16,1937.5,1950,1936.5,1948.75
2006-08-17,1948.5,1954.5,1945.25,1950.75
2006-08-18,1950.5,1957.5,1946.5,1956.75
2006-08-21,1956.25,1956.5,1948.25,1952
2006-08-22,1951.25,1955.5,1947,1951.75
2006-08-23,1951.5,1954,1941.25,1947.5
2006-08-24,1947.25,1950.5,1943.25,1945.75
2006-08-25,1946.5,1951.5,1944.5,1947.25
2006-08-28,1947.5,1957.25,1944.25,1953.5
2006-08-29,1953.5,1957.25,1946.75,1954.75
2006-08-30,1954.75,1958.5,1953.5,1954.75
2006-08-31,1954.75,1958,1952.75,1955.25
2006-09-01,1954.75,1963.75,1954.5,1962.25
2006-09-04,1961.5,1966.5,1961.25,1966
2006-09-05,1961.5,1966.5,1959.75,1964.25
2006-09-06,1964,1964,1950,1952.5
2006-09-07,1952,1952.25,1942.75,1946
2006-09-08,1946,1951,1944.75,1949
2006-09-11,1949.75,1953.25,1941.25,1950.25
2006-09-12,1950.5,1965,1946.75,1963.75
2006-09-13,1963,1970.75,1961,1967.75
2006-09-14,1967.75,1969.75,1963.25,1968.25
2006-09-15,1968,1975.5,1966.75,1971
2006-09-18,1970.25,1975.25,1967.75,1973
2006-09-19,1972.5,1973.25,1961.5,1969.25
2006-09-20,1969.5,1978.5,1968.25,1975.25
2006-09-21,1975.25,1978.75,1964.25,1969
2006-09-22,1968.75,1970.25,1959.75,1964.75
2006-09-25,1964.5,1978.75,1960.25,1974.5
2006-09-26,1974.5,1986,1972.25,1985.5
2006-09-27,1985.25,1989,1981.75,1986.5
2006-09-28,1986.25,1989.25,1981.75,1986
2006-09-29,1986,1989.25,1983.5,1984.25
2006-10-02,1984.5,1987.5,1978,1979.25
2006-10-03,1979.25,1986.5,1974.75,1982
2006-10-04,1982.25,1997.75,1978.5,1997
2006-10-05,1996.75,2002,1995.25,1999.5
2006-10-06,1999.25,2000.25,1991.25,1997.5
2006-10-09,1996.5,2000.5,1993,1998
2006-10-10,1998,2002,1995.75,1999.5
2006-10-11,1999.5,2001.25,1989.75,1997.75
2006-10-12,1997.75,2010.75,1997.25,2009.5
2006-10-13,2009.5,2013.5,2006.75,2012.25
2006-10-16,2012,2017,2010.25,2014.75
2006-10-17,2014.75,2014.75,2002.75,2010.5
2006-10-18,2011,2019,2006.5,2011.25
2006-10-19,2011.5,2014.25,2007.75,2013
2006-10-20,2013.25,2015.5,2008.5,2013.75
2006-10-23,2013.5,2036.75,2008.75,2019.5
2006-10-24,2019.5,2024.25,2016.75,2023.5
2006-10-25,2022.75,2028.5,2020,2028
2006-10-26,2027.75,2034,2023.75,2031.75
2006-10-27,2031.25,2032.25,2019.75,2023.5
2006-10-30,2023,2025.75,2017.5,2022
2006-10-31,2022,2026,2015.75,2022
2006-11-01,2021.5,2026.25,2009.5,2011.75
2006-11-02,2011.5,2014.75,2006,2010
2006-11-03,2010,2016,2004.25,2007.25
2006-11-06,2007.75,2025.25,2006,2022.5
2006-11-07,2022.5,2031.75,2021.25,2027.75
2006-11-08,2027.75,2032,2019,2030.25
2006-11-09,2029.75,2032.5,2020,2022.75
2006-11-10,2022.75,2025,2018,2023.5
2006-11-13,2023.75,2031,2021.25,2026.75
2006-11-14,2026.75,2038,2021.75,2036.5
2006-11-15,2036.25,2044.5,2035,2040.25
2006-11-16,2040,2046.75,2038,2043.75
2006-11-17,2043,2044,2036.75,2043.5
2006-11-20,2043.75,2046.75,2037.75,2044
2006-11-21,2043.75,2045.75,2041.5,2045
2006-11-22,2045.25,2050,2043.25,2047.25
2006-11-23,2047.25,2047.5,2044.5,2046
2006-11-24,2047.25,2047.5,2038.75,2041.75
2006-11-27,2041.5,2045,2021.5,2022.25
2006-11-28,2022.5,2029.25,2017.25,2027.25
2006-11-29,2027.25,2042.25,2027.25,2041
2006-11-30,2040.75,2047.5,2034.25,2041.75
2006-12-01,2041.75,2045.25,2026.25,2039.25
2006-12-04,2038,2052.25,2036.5,2049.5
2006-12-05,2049,2056.25,2048.25,2055.5
2006-12-06,2055.5,2056.5,2050.75,2053.5
2006-12-07,2053,2058.75,2046.5,2047.5
2006-12-08,2047.5,2054.25,2043,2048.75
2006-12-11,2048.5,2055.75,2048.25,2053.25
2006-12-12,2053.25,2053.5,2043.5,2051.5
2006-12-13,2051.25,2057.5,2049.5,2053
2006-12-14,2053,2066.5,2051,2064.75
2006-12-15,2065,2071.5,2063.75,2064.75
2006-12-18,2064.75,2070.5,2058.75,2061.25
2006-12-19,2061.25,2067,2053,2062.75
2006-12-20,2063,2067,2060.5,2061.75
2006-12-21,2062,2066,2053.25,2056.25
2006-12-22,2056.5,2058.25,2046.25,2046.75
2006-12-26,2047.5,2056,2047,2055.25
2006-12-27,2055.25,2065.25,2055,2063.5
2006-12-28,2063.5,2064.5,2058.5,2060.25
2006-12-29,2060.75,2064,2052,2055
2007-01-03,2059.5,2066.5,2043,2051.25
2007-01-04,2051.75,2058,2043.25,2054
2007-01-05,2054.25,2055,2040.75,2043
2007-01-08,2043.75,2051,2039.5,2049
2007-01-09,2049,2053.5,2040.5,2047
2007-01-10,2047.25,2051.25,2038.75,2051
2007-01-11,2051,2062.25,2047.25,2057.5
2007-01-12,2057.75,2068,2054.75,2067.25
2007-01-16,2067.5,2071,2062.75,2065.25
2007-01-17,2065,2069.5,2061.75,2065.25
2007-01-18,2065,2068.75,2057.5,2059.75
2007-01-19,2058.75,2065.5,2057.75,2063.25
2007-01-22,2063.75,2065.75,2053.25,2057.5
2007-01-23,2057.75,2064.5,2054.25,2062
2007-01-24,2061.5,2073,2061.25,2072.75
2007-01-25,2072.75,2073.75,2054,2055.75
2007-01-26,2056.75,2059.5,2048.5,2054
2007-01-29,2054.5,2059,2049.75,2052.75
2007-01-30,2052.75,2061,2052,2060.5
2007-01-31,2060.5,2073.25,2055.5,2069.5
2007-02-01,2069.5,2078.25,2067.5,2077.25
2007-02-02,2077.25,2081.25,2075.25,2079.5
2007-02-05,2079,2080.75,2074.5,2080.25
2007-02-06,2079.75,2082.25,2074,2079.75
2007-02-07,2079.5,2084.25,2077,2082.25
2007-02-08,2082,2082.25,2073.25,2080.5
2007-02-09,2080.25,2083.5,2063.5,2069.5
2007-02-12,2069.25,2071.25,2061.5,2064.5
2007-02-13,2064.75,2076.25,2064,2076
2007-02-14,2075.5,2088,2075.25,2085
2007-02-15,2085,2088.25,2082.75,2086
2007-02-16,2086,2086.25,2081,2085.5
2007-02-19,2085,2089.25,2084.5,2086
2007-02-20,2085,2090.5,2078.75,2088.25
2007-02-21,2088.25,2089.5,2080.75,2087
2007-02-22,2086.75,2091.25,2079.25,2085.75
2007-02-23,2085.25,2085.75,2077,2080.25
2007-02-26,2080.5,2086.25,2074.25,2079
2007-02-27,2079.25,2079.25,2015.5,2021.75
2007-02-28,2022.25,2045.25,2017,2035.5
2007-03-01,2034.25,2040,2007.25,2031.5
2007-03-02,2031.25,2036.5,2011.5,2012.25
2007-03-05,2013.5,2020.25,1997.5,1998.75
2007-03-06,1999.5,2026,1995.25,2022
2007-03-07,2021.75,2029,2017.5,2019.75
2007-03-08,2019.25,2035.75,2016.75,2031.25
2007-03-09,2031.25,2040.25,2024.25,2031.5
2007-03-12,2031.25,2037,2025,2033.5
2007-03-13,2033.5,2034,2003,2006
2007-03-14,2006.25,2016,1989.25,2015.75
2007-03-15,2015.5,2022.5,2010.5,2017.5
2007-03-16,2017,2023.75,2009.25,2013
2007-03-19,2011.75,2030,2008.75,2029.75
2007-03-20,2029.5,2038,2026.5,2037.5
2007-03-21,2037.5,2063.75,2035,2059
2007-03-22,2059,2065,2055,2059
2007-03-23,2058.75,2065,2057.5,2061
2007-03-26,2060.25,2063.25,2047.75,2059.25
2007-03-27,2059,2060,2050,2054.5
2007-03-28,2054.5,2054.75,2038.25,2043.5
2007-03-29,2043.75,2052.25,2037.25,2045.5
2007-03-30,2045.75,2053.75,2032,2045.25
2007-04-02,2045.75,2050,2039.75,2047.25
2007-04-03,2047.5,2064.5,2047.25,2061.25
2007-04-04,2061,2064,2058.25,2062.5
2007-04-05,2062,2068.75,2060.25,2066.75
2007-04-06,2066.5,2073,2066,2066.75
2007-04-09,2071.25,2073,2066.5,2068.5
2007-04-10,2068.5,2072.25,2065.25,2070
2007-04-11,2069.75,2072.25,2058.5,2062.5
2007-04-12,2062.5,2071,2056.25,2069.5
2007-04-13,2069.25,2075.75,2066.25,2075.25
2007-04-16,2075.5,2091.25,2075,2089.5
2007-04-17,2088.75,2096.75,2085.25,2093
2007-04-18,2092.75,2098.5,2087,2094.25
2007-04-19,2094.5,2095.75,2082.25,2094.25
2007-04-20,2093.75,2107.5,2092.75,2107
2007-04-23,2106.75,2108.75,2101,2102.25
2007-04-24,2102,2105.5,2094.25,2102.5
2007-04-25,2102.25,2117.5,2100.75,2114.75
2007-04-26,2114.75,2119,2111.25,2116.75
2007-04-27,2116,2117.75,2108.5,2116
2007-04-30,2115,2119,2102,2102.5
2007-05-01,2102,2107,2096.25,2106.75
2007-05-02,2106.5,2118.75,2106,2115
2007-05-03,2114.75,2123.25,2112.75,2122.25
2007-05-04,2121.75,2131,2121,2128.25
2007-05-07,2127.25,2130.75,2126.25,2128.25
2007-05-08,2128,2128,2119.75,2126.25
2007-05-09,2125.75,2133,2121.75,2129.5
2007-05-10,2129.5,2129.75,2110,2113.25
2007-05-11,2113,2126.75,2110,2126.25
2007-05-14,2126,2130.25,2116.75,2122.75
2007-05-15,2122.25,2133.75,2117,2122.5
2007-05-16,2122,2132.5,2120,2132
2007-05-17,2131.75,2135.75,2127,2129.25
2007-05-18,2129.5,2142.25,2127.75,2142
2007-05-21,2141.5,2148,2140.25,2142
2007-05-22,2141.5,2147.25,2139,2139.25
2007-05-23,2139.5,2149.75,2138,2139.5
2007-05-24,2139.25,2146.5,2121.75,2125.5
2007-05-25,2125.25,2134.5,2124.25,2131.25
2007-05-29,2131.5,2138.5,2128.25,2136.5
2007-05-30,2135.75,2148.75,2126.5,2148
2007-05-31,2147.25,2152,2144.25,2147
2007-06-01,2148,2157,2146.75,2153.5
2007-06-04,2153.25,2156.75,2147.25,2154.25
2007-06-05,2153.75,2155.25,2141,2147.75
2007-06-06,2147.5,2150,2129,2130.5
2007-06-07,2130.75,2137.75,2101.75,2103.25
2007-06-08,2104.25,2123.25,2094.5,2122
2007-06-11,2121,2130.75,2118,2124.5
2007-06-12,2124.25,2126.25,2105.75,2106.75
2007-06-13,2106.75,2131,2103,2129.5
2007-06-14,2128.75,2141.25,2127.75,2138.75
2007-06-15,2138.75,2153.25,2137.5,2147
2007-06-18,2146.25,2152.25,2143,2145.25
2007-06-19,2144.75,2150,2139.75,2148.25
2007-06-20,2148,2153.5,2124.5,2126.25
2007-06-21,2126.5,2136.25,2117.25,2135
2007-06-22,2134.75,2135.25,2112.75,2119.75
2007-06-25,2118.5,2127.25,2104.25,2112.75
2007-06-26,2113,2118.75,2096.5,2097
2007-06-27,2097.75,2119.25,2091.25,2118.25
2007-06-28,2117.75,2127.25,2114.75,2116.5
2007-06-29,2117,2129.5,2103.75,2114.75
2007-07-02,2114.5,2132,2114,2130.25
2007-07-03,2130.25,2136.25,2130,2135.5
2007-07-05,2135,2140,2127.75,2133.75
2007-07-06,2133.5,2143.25,2130.5,2141.75
2007-07-09,2141.5,2145.25,2137.25,2141.75
2007-07-10,2141.5,2143.25,2118.25,2119.25
2007-07-11,2119.5,2131,2114.5,2130.25
2007-07-12,2130.5,2158.25,2129,2155
2007-07-13,2154.5,2165,2152.75,2159.25
2007-07-16,2159.5,2165.5,2155.75,2159
2007-07-17,2158.5,2164.75,2154.25,2158
2007-07-18,2156.75,2157.25,2141.75,2154
2007-07-19,2154.75,2164.25,2147.75,2159
2007-07-20,2158.25,2161,2136.5,2144.25
2007-07-23,2143,2155.5,2142.75,2148.25
2007-07-24,2148.5,2151,2115.75,2121.75
2007-07-25,2121.75,2131.5,2109.75,2124
2007-07-26,2122.75,2128.75,2070.25,2087.25
2007-07-27,2089,2095.75,2056.5,2057.25
2007-07-30,2059.25,2084,2054.25,2080
2007-07-31,2079.75,2095,2055.5,2061.25
2007-08-01,2061.75,2074.25,2041.5,2069.25
2007-08-02,2068.75,2082.25,2063.75,2081
2007-08-03,2080.5,2083.5,2035.5,2042.25
2007-08-06,2038.75,2072.75,2031.5,2067
2007-08-07,2067.5,2094,2060,2081.75
2007-08-08,2081.25,2109.75,2079.75,2103.25
2007-08-09,2101.5,2103.75,2055.75,2057.25
2007-08-10,2057.25,2067.75,2032.25,2050.25
2007-08-13,2053.75,2071.75,2052.75,2054.25
2007-08-14,2054.5,2062,2029.5,2033.5
2007-08-15,2032.25,2046.25,2008,2013.75
2007-08-16,2013.75,2032.25,1973.75,2023.75
2007-08-17,2024,2070.75,1998.75,2049.25
2007-08-20,2048,2056.25,2033.75,2048.25
2007-08-21,2048,2059.25,2039.5,2049.5
2007-08-22,2049.5,2068.75,2048,2068
2007-08-23,2067.25,2083,2056.25,2065.75
2007-08-24,2065.75,2083.25,2059.25,2082.75
2007-08-27,2082.5,2082.75,2067.25,2069
2007-08-28,2068.75,2069.75,2034,2037.5
2007-08-29,2037.75,2066.5,2034.25,2064.75
2007-08-30,2064.5,2070.75,2051.75,2060.75
2007-08-31,2060.75,2084,2060.5,2076
2007-09-04,2075.25,2098.5,2067.75,2088.75
2007-09-05,2088,2088.75,2067.5,2075.75
2007-09-06,2075.5,2083.75,2068.75,2078.75
2007-09-07,2078.5,2079.5,2049.5,2059
2007-09-10,2057.75,2064.75,2040,2054.5
2007-09-11,2054,2073.75,2052.5,2072
2007-09-12,2071.25,2080.5,2065,2075.5
2007-09-13,2075,2090.25,2070.25,2084.25
2007-09-14,2084,2086.25,2072.5,2084.25
2007-09-17,2083.75,2083.75,2071.5,2076.25
2007-09-18,2076.75,2120.75,2071.5,2119.5
2007-09-19,2118.75,2138.5,2118,2128
2007-09-20,2127.25,2128.75,2115.25,2118.25
2007-09-21,2117.5,2130.5,2115,2121
2007-09-24,2119.75,2129.25,2114.5,2118.25
2007-09-25,2117.75,2118,2105.25,2115.5
2007-09-26,2115.5,2128.25,2115,2122.75
2007-09-27,2122.5,2131.5,2122.25,2131
2007-09-28,2130.5,2132,2119.5,2124.5
2007-10-01,2127,2147.5,2121.75,2143
2007-10-02,2143,2146.5,2137.75,2141
2007-10-03,2140.75,2143,2133,2137.25
2007-10-04,2137.25,2141.25,2134.5,2138.75
2007-10-05,2139,2160,2137,2157.25
2007-10-08,2156.75,2157,2146.25,2149.25
2007-10-09,2149.5,2164,2147,2162.75
2007-10-10,2162.5,2162.75,2151.75,2159.75
2007-10-11,2159.5,2173.25,2142.75,2151.75
2007-10-12,2151.5,2161.5,2145.5,2161
2007-10-15,2161,2162.5,2136.5,2146.75
2007-10-16,2146.75,2148.25,2131.75,2134
2007-10-17,2135.5,2147.75,2120.5,2139
2007-10-18,2140,2141.5,2126.5,2133.25
2007-10-19,2133.5,2136,2091.5,2092.25
2007-10-22,2091.75,2102.25,2079,2100
2007-10-23,2100,2114,2096.75,2112
2007-10-24,2109.75,2111,2081.75,2108.5
2007-10-25,2108.75,2116.25,2092,2111.5
2007-10-26,2114.5,2129.75,2108.25,2129
2007-10-29,2128.5,2137.5,2127.25,2133.5
2007-10-30,2133.75,2134.5,2121.25,2122.5
2007-10-31,2122.75,2145.25,2120.25,2141.5
2007-11-01,2140.5,2141.5,2097,2102.25
2007-11-02,2102.25,2111.5,2083.25,2104
2007-11-05,2102.25,2102.75,2080.75,2092
2007-11-06,2092,2112.5,2090,2111.5
2007-11-07,2111.25,2111.5,2065.25,2069.25
2007-11-08,2068.5,2077.5,2040.5,2062
2007-11-09,2063,2066.75,2038.25,2041.5
2007-11-12,2040.25,2055.75,2026,2026.75
2007-11-13,2027.5,2072.75,2023.75,2069.75
2007-11-14,2069.5,2083.25,2056.5,2064.5
2007-11-15,2064.5,2068.5,2033.25,2044.5
2007-11-16,2044.25,2053.25,2034,2046.75
2007-11-19,2046.75,2052.25,2019.75,2024
2007-11-20,2025,2043,2008.5,2032.5
2007-11-21,2033.25,2034.5,2003.5,2004.25
2007-11-23,2005,2030.5,2004,2028.5
2007-11-26,2028.5,2040.75,1993.25,1995.75
2007-11-27,1996,2019.25,1992.75,2013
2007-11-28,2013,2061.5,2007,2057
2007-11-29,2057.5,2063.5,2047.25,2058
2007-11-30,2057,2078.75,2055,2070.25
2007-12-03,2070.5,2072.75,2058.5,2062
2007-12-04,2062,2062.5,2049,2049.75
2007-12-05,2050,2075.5,2049.5,2073.5
2007-12-06,2073.75,2097.25,2068.5,2094
2007-12-07,2094,2101.75,2087.25,2093.75
2007-12-10,2093,2107.25,2087.5,2105.25
2007-12-11,2105,2113.5,2062,2064.5
2007-12-12,2063.75,2103.5,2055.25,2076.75
2007-12-13,2076.5,2078.75,2056.25,2074.5
2007-12-14,2074.75,2080.5,2054,2054.5
2007-12-17,2054.5,2054.5,2031.25,2033
2007-12-18,2033.75,2048.25,2022,2042.75
2007-12-19,2042.75,2051.75,2032,2041.25
2007-12-20,2040.75,2051.25,2033.75,2051
2007-12-21,2050.25,2075.25,2047.5,2074.25
2007-12-24,2073.25,2086,2071.25,2082.75
2007-12-26,2082.75,2087.25,2075.5,2086
2007-12-27,2086,2087.25,2061.25,2066
2007-12-28,2066,2079.25,2057.25,2061.75
2007-12-31,2061.5,2065.25,2047.25,2053.5
2008-01-02,2055,2059,2025.25,2034.75
2008-01-03,2034.75,2041,2027.25,2035
2008-01-04,2035,2039.5,1993.75,1999.25
2008-01-07,1998.75,2008.5,1986.25,1997.75
2008-01-08,1998,2014,1969.25,1973.25
2008-01-09,1973.5,1992.75,1961.25,1987.75
2008-01-10,1988.75,2012.5,1977.75,1997.25
2008-01-11,1996.75,2000,1976.5,1984
2008-01-14,1984.75,2000.75,1974.25,1996.5
2008-01-15,1997.25,1998.75,1961.5,1964.25
2008-01-16,1958,1973.75,1944.75,1952.25
2008-01-17,1953.5,1965.5,1910.25,1916
2008-01-18,1917,1936.75,1892,1901.5
2008-01-22,1904,1907.75,1831.75,1885.5
2008-01-23,1888,1920.75,1837.25,1917.75
2008-01-24,1918.5,1933.5,1909.5,1928.5
2008-01-25,1932.25,1947,1904.5,1910.25
2008-01-28,1912.25,1934.5,1886.5,1930.75
2008-01-29,1930,1943.25,1926.5,1938.25
2008-01-30,1937.75,1963.75,1923.5,1926.75
2008-01-31,1926,1963.5,1907.75,1955.75
2008-02-01,1950.25,1974.25,1947.75,1973.25
2008-02-04,1973,1976.25,1954.25,1955
2008-02-05,1955.5,1957.5,1913.75,1919.5
2008-02-06,1919.5,1929.5,1901,1906.25
2008-02-07,1908,1924.75,1889,1916.5
2008-02-08,1916.75,1920,1897.25,1906.5
2008-02-11,1905.75,1918.75,1896.5,1914.5
2008-02-12,1914,1939.75,1909,1926
2008-02-13,1925.75,1946.75,1919.75,1940
2008-02-14,1940.25,1947.75,1923.5,1927.25
2008-02-15,1926.5,1933.5,1913.25,1927.5
2008-02-19,1926.25,1946,1921.5,1931.75
2008-02-20,1931.25,1941,1909,1935.25
2008-02-21,1934.5,1945.5,1915.5,1923.25
2008-02-22,1922.75,1933.75,1903.25,1931.75
2008-02-25,1930.75,1951.75,1922.5,1947.85
2008-02-26,1947.25,1964.75,1940,1959
2008-02-27,1958,1966.25,1947.25,1956.75
2008-02-28,1956.25,1957.75,1939.75,1942
2008-02-29,1942.25,1943.25,1901.5,1907.5
2008-03-03,1905.75,1912,1896.25,1908.25
2008-03-04,1908.75,1913.75,1883.25,1903.25
2008-03-05,1904.25,1921.25,1896.5,1911.75
2008-03-06,1912,1919.25,1878.5,1884.25
2008-03-07,1883.25,1894.75,1858.5,1869
2008-03-10,1868.25,1875.75,1848.75,1851.75
2008-03-11,1852.75,1900.25,1848.5,1900.25
2008-03-12,1899.25,1910.5,1884.25,1885.75
2008-03-13,1886.25,1898.75,1858.25,1889.5
2008-03-14,1889,1910,1850.5,1867.75
2008-03-17,1864.25,1888.75,1827.75,1854.25
2008-03-18,1856.25,1909.25,1853.5,1908.75
2008-03-19,1907.75,1918.5,1871.5,1874.25
2008-03-20,1875,1907.25,1861.25,1899.5
2008-03-24,1901,1936.25,1900,1926.25
2008-03-25,1926.25,1934.25,1916.75,1926.25
2008-03-26,1926,1926.5,1908.75,1910.25
2008-03-27,1909.75,1922.75,1901.25,1904.5
2008-03-28,1905,1915.25,1888.5,1893.75
2008-03-31,1893.75,1905.25,1884.25,1898.75
2008-04-01,1896.75,1947.25,1890.5,1945.25
2008-04-02,1945,1954.75,1937.75,1945.75
2008-04-03,1944.75,1952.5,1934.25,1948.25
2008-04-04,1948.25,1962.75,1939,1946.75
2008-04-07,1947.25,1963.75,1944.5,1947
2008-04-08,1946,1947,1937,1945.75
2008-04-09,1945.5,1952.25,1926,1935
2008-04-10,1934,1944,1926,1937.5
2008-04-11,1937.25,1943.75,1906.5,1910.25
2008-04-14,1910,1912,1900.5,1906
2008-04-15,1905.75,1913.5,1899.75,1910.75
2008-04-16,1917.5,1946.25,1912,1945.75
2008-04-17,1945.75,1949.25,1933.25,1947
2008-04-18,1949.25,1973,1944.75,1962.75
2008-04-21,1963.75,1968.75,1955.5,1963
2008-04-22,1962,1965.5,1945.5,1955.5
2008-04-23,1955.25,1964.5,1947.5,1953.25
2008-04-24,1954.5,1974,1942.75,1960.75
2008-04-25,1961.25,1975.5,1955.25,1971.75
2008-04-28,1973.5,1979.5,1968.25,1972.25
2008-04-29,1972,1973.75,1961.75,1966
2008-04-30,1962.75,1981.75,1958.25,1960.75
2008-05-01,1957.75,1987,1957,1986.25
2008-05-02,1986,2001.75,1980.75,1990.5
2008-05-05,1988.25,1992,1975.5,1983
2008-05-06,1983.75,1997,1971.75,1995.5
2008-05-07,1996,1998.75,1965.25,1970
2008-05-08,1968.75,1977.75,1964,1966.75
2008-05-09,1966,1968,1956.5,1963.75
2008-05-12,1962.25,1979.75,1961,1979.5
2008-05-13,1978.25,1985.5,1971.25,1979.5
2008-05-14,1978.75,1996.25,1973.5,1982.5
2008-05-15,1982.25,2000.25,1979.75,1999.25
2008-05-16,1999,2004.25,1989.5,2000.5
2008-05-19,2000,2015.75,1996.5,2004.5
2008-05-20,2003.5,2004,1983.75,1992.25
2008-05-21,1991.75,1995.75,1962.75,1967.75
2008-05-22,1967.75,1974.5,1965,1968
2008-05-23,1968.5,1969.75,1947.5,1948.25
2008-05-26,1949,1952.25,1947.25,1949.5
2008-05-27,1949,1962.5,1945.25,1959.5
2008-05-28,1959.75,1968,1952.5,1966.25
2008-05-29,1964.75,1981.75,1961.5,1972.5
2008-05-30,1972.5,1979.75,1969.75,1975.25
2008-06-02,1975.5,1975.75,1952.25,1960.25
2008-06-03,1960.5,1968.25,1944,1953.25
2008-06-04,1953,1963.25,1945.75,1952.25
2008-06-05,1951.5,1980.5,1950.25,1980
2008-06-06,1979.25,1985.75,1933.25,1934.25
2008-06-09,1933.5,1946.25,1925.25,1938.25
2008-06-10,1936.75,1942,1922,1931
2008-06-11,1931,1938.25,1909.75,1910.5
2008-06-12,1910,1928.25,1905.75,1915.75
2008-06-13,1915.5,1936.25,1911.75,1932.25
2008-06-16,1931.75,1939.75,1924,1932.5
2008-06-17,1932.75,1944.5,1923.75,1925.5
2008-06-18,1925.25,1928,1907,1911.25
2008-06-19,1911.25,1922.25,1904.75,1914
2008-06-20,1915,1916,1887.75,1891.5
2008-06-23,1893.25,1900.25,1888.75,1890.75
2008-06-24,1890.25,1900.5,1877.75,1888
2008-06-25,1887.5,1910.25,1887,1895
2008-06-26,1894.75,1894.75,1855.5,1857
2008-06-27,1857.5,1864.25,1845.25,1852.5
2008-06-30,1854.25,1864.5,1847.75,1853.5
2008-07-01,1856,1859.25,1833.5,1858.75
2008-07-02,1858.75,1867.25,1833.5,1835.25
2008-07-03,1836,1846.25,1824.25,1837.5
2008-07-04,1838,1841.75,1829,1837.5
2008-07-07,1831,1847.5,1813.25,1824.25
2008-07-08,1824.5,1848.25,1809,1846.25
2008-07-09,1847,1851.25,1817.25,1820.5
2008-07-10,1821.5,1831.75,1809.5,1827
2008-07-11,1827.25,1834.25,1798,1812.25
2008-07-14,1812.5,1833,1797.25,1800.75
2008-07-15,1801.5,1808.25,1773.25,1784
2008-07-16,1785.25,1818.75,1775,1813.5
2008-07-17,1812.5,1835.5,1810.5,1826
2008-07-18,1822.75,1835.5,1813.5,1833
2008-07-21,1831.75,1841.5,1827.5,1834
2008-07-22,1830.5,1850.5,1819.75,1846.75
2008-07-23,1847.5,1863.75,1845.25,1855
2008-07-24,1853.75,1857.5,1823.5,1826.25
2008-07-25,1825.75,1835.25,1821.75,1826.25
2008-07-28,1827.75,1832.5,1805.5,1807.5
2008-07-29,1807.25,1835.75,1804,1834.25
2008-07-30,1834,1857.5,1832.25,1857.25
2008-07-31,1857,1862.5,1837.5,1839.5
2008-08-01,1839.5,1847.5,1825.5,1832.75
2008-08-04,1833.75,1835.75,1818.75,1821.25
2008-08-05,1821.75,1857,1819.75,1855.5
2008-08-06,1855.25,1864.25,1847.75,1860.25
2008-08-07,1860.75,1861.5,1836,1840.5
2008-08-08,1840.5,1870.5,1834.5,1864.75
2008-08-11,1864,1886,1860.5,1877.5
2008-08-12,1876.25,1880.25,1857.75,1864
2008-08-13,1863.75,1867,1847,1857
2008-08-14,1857.25,1873.25,1847.75,1866.25
2008-08-15,1866,1875,1863,1872.25
2008-08-18,1872,1878.5,1846.5,1854.5
2008-08-19,1854.5,1855.5,1835.25,1841
2008-08-20,1840.5,1849.25,1833,1846.25
2008-08-21,1846.25,1854.25,1835.75,1848
2008-08-22,1847.75,1866.5,1844,1864.75
2008-08-25,1863.5,1864.75,1836.75,1839
2008-08-26,1839.25,1848.25,1835,1844.25
2008-08-27,1844,1857.75,1838,1854.5
2008-08-28,1854.25,1872.5,1848,1870.5
2008-08-29,1869.5,1870.5,1854,1855
2008-09-02,1854.5,1876,1844,1849
2008-09-03,1848.75,1853.5,1837.75,1847.75
2008-09-04,1848,1849.5,1807.5,1809
2008-09-05,1809,1817.75,1789,1813.5
2008-09-08,1836,1854.5,1819.25,1839.5
2008-09-09,1839.5,1847.5,1796,1799
2008-09-10,1800.5,1817.25,1792.75,1805.75
2008-09-11,1804.75,1825.25,1783.75,1823.5
2008-09-12,1823.5,1830.25,1806,1829.75
2008-09-15,1802.75,1810.25,1767,1767.5
2008-09-16,1767,1792.5,1734.5,1787.75
2008-09-17,1789.25,1801,1728.5,1734.5
2008-09-18,1738.5,1790.25,1707.75,1774.75
2008-09-19,1774.75,1862.75,1774,1817.5
2008-09-22,1815.5,1821.75,1776.75,1785.25
2008-09-23,1784.5,1794.25,1757,1758.5
2008-09-24,1759.5,1781.75,1751.75,1764.5
2008-09-25,1763.75,1796.25,1757.5,1785
2008-09-26,1783.75,1792.75,1756.25,1786
2008-09-29,1791.5,1792.75,1685,1690.25
2008-09-30,1689.75,1747.25,1683.5,1740.5
2008-10-01,1739,1744.5,1715.25,1740
2008-10-02,1739.75,1745.5,1686.75,1696
2008-10-03,1696.25,1732.5,1674,1679.75
2008-10-06,1675.25,1675.5,1580.5,1624.75
2008-10-07,1625.5,1649.5,1571,1577.25
2008-10-08,1575.5,1616.5,1534.5,1552.5
2008-10-09,1552.75,1581.5,1477,1484
2008-10-10,1485,1514.5,1408.5,1462.5
2008-10-13,1481,1589,1480.75,1588.25
2008-10-14,1583.5,1638.5,1545.75,1573.75
2008-10-15,1575.5,1580,1468.75,1474.75
2008-10-16,1475,1521.5,1436.75,1512.5
2008-10-17,1512.5,1559.25,1479.5,1505
2008-10-20,1509,1564.25,1497,1562
2008-10-21,1564.25,1564.25,1522.5,1530.75
2008-10-22,1530,1540.75,1444,1474.25
2008-10-23,1476,1494.75,1427.5,1486.75
2008-10-24,1486,1488.75,1411.75,1437.5
2008-10-27,1435.75,1465.5,1396.5,1406.25
2008-10-28,1408,1514.25,1398.75,1510.25
2008-10-29,1510.25,1542.75,1485.75,1498.5
2008-10-30,1499.25,1540,1498.25,1533
2008-10-31,1531.25,1555.5,1511.5,1538.75
2008-11-03,1537.25,1551.25,1528.5,1541
2008-11-04,1541,1578.25,1535.5,1574.75
2008-11-05,1574,1580,1518.5,1529.5
2008-11-06,1529,1529.5,1468.5,1476
2008-11-07,1475,1509,1472.5,1507.75
2008-11-10,1512.5,1534,1477,1493
2008-11-11,1491,1498.75,1454.25,1464.5
2008-11-12,1465,1482.5,1420,1425
2008-11-13,1425.5,1485.25,1388.25,1479.25
2008-11-14,1479,1489.5,1431.75,1433
2008-11-17,1433.5,1453.25,1418.5,1422.5
2008-11-18,1422.25,1440.5,1396.25,1438
2008-11-19,1436.75,1437.5,1375.75,1384
2008-11-20,1382,1392.25,1316.5,1319.75
2008-11-21,1321.25,1373.75,1310.5,1363.5
2008-11-24,1372.5,1437.75,1354.75,1419.5
2008-11-25,1418.75,1445.5,1405,1424.75
2008-11-26,1424.5,1459.25,1401,1457.75
2008-11-28,1458,1468.5,1446.5,1466.75
2008-12-01,1469,1469,1384.5,1387.25
2008-12-02,1387.5,1422.25,1384.5,1420.5
2008-12-03,1420,1445.25,1397.5,1440
2008-12-04,1440.5,1447,1403.5,1419
2008-12-05,1419,1451,1388.5,1444
2008-12-08,1443.75,1490.75,1439,1476.25
2008-12-09,1477.75,1487.75,1456,1461
2008-12-10,1462,1480.25,1456,1467.25
2008-12-11,1469.75,1476.5,1439.75,1446.5
2008-12-12,1444.5,1458.75,1400.5,1457.5
2008-12-15,1455,1465.5,1428.75,1444.75
2008-12-16,1445,1487.5,1441,1485.25
2008-12-17,1486,1490.75,1459.25,1475.5
2008-12-18,1479.5,1484,1446,1465
2008-12-19,1463.5,1476,1449,1453.75
2008-12-22,1456.75,1464,1425.25,1443.75
2008-12-23,1443.75,1450.5,1427.75,1431
2008-12-24,1431.75,1439,1428.5,1437.5
2008-12-26,1439,1444.25,1435.25,1441.5
2008-12-29,1441.5,1446,1425.75,1443
2008-12-30,1442.75,1461.5,1441.25,1460.75
2008-12-31,1460.5,1480.5,1459,1472.5
2009-01-02,1472.5,1505.25,1466,1498
2009-01-05,1497.25,1506.75,1489,1500
2009-01-06,1499.75,1515.25,1496,1503
2009-01-07,1502.75,1504.25,1471.25,1477.75
2009-01-08,1477.5,1480.25,1464,1479.25
2009-01-09,1479.25,1487.25,1455.25,1458
2009-01-12,1457.5,1458,1432.75,1440.5
2009-01-13,1441,1446.5,1429.5,1441
2009-01-14,1441.25,1447.5,1405,1412.25
2009-01-15,1412,1421,1385.25,1411.75
2009-01-16,1414.25,1430.25,1398.75,1421
2009-01-20,1424.25,1438.25,1370,1378.5
2009-01-21,1379.25,1411,1373,1409.25
2009-01-22,1409.5,1416.5,1380,1398
2009-01-23,1396.75,1408.5,1372,1396
2009-01-26,1396,1422,1383.25,1403.25
2009-01-27,1406,1420,1403.75,1411.75
2009-01-28,1412.75,1448.5,1410.25,1444
2009-01-29,1444,1444.25,1412.75,1415.25
2009-01-30,1415.5,1421.5,1390,1395
2009-02-02,1396.25,1400,1378.75,1393.75
2009-02-03,1394.25,1412.25,1388.5,1404
2009-02-04,1404.25,1422,1398.5,1402.25
2009-02-05,1403,1421.5,1389.25,1413
2009-02-06,1413.75,1441.75,1409.25,1440.25
2009-02-09,1440.5,1445.5,1425.25,1437.5
2009-02-10,1436.75,1438.5,1392,1399.5
2009-02-11,1399,1408.75,1392,1404
2009-02-12,1403.5,1409.25,1378,1408
2009-02-13,1407.5,1413,1391.25,1392.5
2009-02-17,1386.5,1391.25,1358,1358
2009-02-18,1359.25,1368.75,1349,1352
2009-02-19,1352.75,1369.25,1347.5,1352
2009-02-20,1351,1352,1325,1342
2009-02-23,1342.5,1359,1312.25,1317.5
2009-02-24,1317.5,1347.25,1315.75,1341.25
2009-02-25,1341.5,1352,1323.75,1334
2009-02-26,1333.5,1351.5,1322.75,1324.5
2009-02-27,1324.75,1328.5,1302,1306.75
2009-03-02,1303.75,1306.25,1271.25,1278
2009-03-03,1277.5,1287.75,1261.25,1262
2009-03-04,1263,1296.25,1254,1281
2009-03-05,1282,1284.25,1248.75,1258.5
2009-03-06,1258.75,1271.75,1238.25,1260.25
2009-03-09,1261.25,1267.25,1243.25,1248.5
2009-03-10,1247.25,1294.25,1245.75,1288.5
2009-03-11,1288.25,1305,1284.5,1293
2009-03-12,1293.75,1325.5,1283.75,1324
2009-03-13,1323.25,1333.75,1314.75,1330.25
2009-03-16,1327.25,1347.25,1322.5,1329.75
2009-03-17,1329.25,1352.75,1321.75,1351
2009-03-18,1351.75,1376.25,1337.5,1367.25
2009-03-19,1366.5,1377.25,1353,1355.75
2009-03-20,1355.75,1361.25,1337.25,1339.75
2009-03-23,1342.5,1396.75,1341.25,1393
2009-03-24,1393.75,1395.75,1377,1379.25
2009-03-25,1379,1399.25,1362.75,1384
2009-03-26,1383.25,1406.25,1383,1403
2009-03-27,1402.5,1405.75,1385.25,1391.75
2009-03-30,1388.25,1391,1351.25,1360
2009-03-31,1360.25,1382.75,1359.75,1370.5
2009-04-01,1366.25,1386,1354.75,1385
2009-04-02,1384.75,1418,1383,1411.25
2009-04-03,1411,1420.25,1398.5,1416.25
2009-04-06,1415.75,1423.75,1394.5,1406.25
2009-04-07,1406.75,1409.5,1386.5,1389.75
2009-04-08,1390.75,1401,1378,1398.25
2009-04-09,1399,1430.25,1398,1428.25
2009-04-13,1424.5,1437,1417.25,1429.75
2009-04-14,1428.75,1433.25,1412,1416
2009-04-15,1413.5,1426.25,1407.25,1424.25
2009-04-16,1424.25,1442.75,1416,1437.25
2009-04-17,1437.25,1447.75,1429.5,1442.5
2009-04-20,1441.25,1441.25,1404.5,1408.75
2009-04-21,1407.25,1424.5,1398.75,1423.5
2009-04-22,1423.5,1434.5,1411,1412.75
2009-04-23,1411.75,1425.75,1407,1424.5
2009-04-24,1424.25,1444.5,1417.25,1442.25
2009-04-27,1439,1441.5,1422.5,1432.5
2009-04-28,1430.75,1437.25,1414.25,1427.5
2009-04-29,1426,1455,1425,1444.75
2009-04-30,1444.25,1462.75,1440.25,1445.75
2009-05-01,1441.75,1454,1438.25,1451.75
2009-05-04,1451.75,1480.5,1451.75,1478.5
2009-05-05,1478.5,1480.75,1469.25,1479.25
2009-05-06,1478.75,1493.75,1466.75,1493
2009-05-07,1492.5,1505.25,1473.75,1482.75
2009-05-08,1483,1503.5,1478.75,1500.5
2009-05-11,1496.75,1498.75,1481.5,1484.75
2009-05-12,1484.5,1491,1469.75,1482.5
2009-05-13,1483.25,1487,1455.75,1461
2009-05-14,1460.75,1472.5,1454.5,1465.25
2009-05-15,1465.75,1471.25,1452.5,1458.75
2009-05-18,1458,1484.5,1451,1482.75
2009-05-19,1483.5,1491.5,1479.25,1482.25
2009-05-20,1481.5,1499.25,1475,1475.75
2009-05-21,1475.75,1476.75,1453.5,1464.5
2009-05-22,1464.5,1471.75,1457.75,1460.75
2009-05-26,1460.75,1486.75,1452.5,1484.5
2009-05-27,1483.75,1489.75,1466.25,1468.25
2009-05-28,1468,1484.5,1462,1480.75
2009-05-29,1480.75,1503.5,1478,1493.75
2009-06-01,1496,1523,1492.25,1514.75
2009-06-02,1514.75,1524.75,1510.25,1518.25
2009-06-03,1518.5,1521.5,1498.25,1507.5
2009-06-04,1506.75,1517.75,1503.75,1516.25
2009-06-05,1516.75,1533.25,1509,1516.25
2009-06-08,1515.25,1522.25,1501.25,1514.5
2009-06-09,1514.5,1522.75,1510,1515.25
2009-06-10,1515,1530.75,1502.75,1516.25
2009-06-11,1515.5,1532.25,1512.5,1517.75
2009-06-12,1516.75,1522.5,1511,1520.5
2009-06-15,1518.5,1518.5,1495,1499.25
2009-06-16,1499.5,1504.5,1486.25,1487.5
2009-06-17,1487.75,1494,1479,1485
2009-06-18,1485.25,1497.5,1482.75,1493
2009-06-19,1492,1502.75,1490.5,1495.5
2009-06-22,1494.25,1499,1467.5,1468.25
2009-06-23,1468.5,1474.25,1464,1470
2009-06-24,1470.25,1486.25,1468,1477.75
2009-06-25,1477.75,1497.5,1470.75,1496.25
2009-06-26,1496.75,1498.75,1488.25,1493.75
2009-06-29,1492.75,1503.75,1487,1501
2009-06-30,1501.25,1506,1488,1495.25
2009-07-01,1495.25,1508,1493.25,1499
2009-07-02,1499,1499.5,1472.5,1473
2009-07-06,1471.75,1476,1461.75,1475.25
2009-07-07,1475.5,1478,1455,1459
2009-07-08,1459.25,1463.25,1445,1453.5
2009-07-09,1453.75,1464.25,1453.5,1458.75
2009-07-10,1458.5,1460,1448.5,1454
2009-07-13,1454.5,1477.5,1445.25,1475.25
2009-07-14,1475.25,1483.75,1472.25,1481.25
2009-07-15,1486.5,1510.5,1486.25,1507
2009-07-16,1505.5,1520.5,1500.75,1515.5
2009-07-17,1515,1518.5,1507.75,1516.75
2009-07-20,1516.75,1529,1513.5,1528.75
2009-07-21,1527.5,1536,1519.25,1533.25
2009-07-22,1531.5,1536.5,1523.25,1529.25
2009-07-23,1530,1556.25,1528.5,1548.75
2009-07-24,1544.75,1558.75,1542.25,1557.5
2009-07-27,1556.75,1563.75,1548.75,1559.75
2009-07-28,1558.25,1561.25,1545.75,1555.75
2009-07-29,1555,1555.75,1543.75,1554.75
2009-07-30,1553.75,1573.75,1553.25,1562
2009-07-31,1562,1570.25,1558,1564.25
2009-08-03,1562.5,1581,1561.75,1580.5
2009-08-04,1580,1584.75,1571.75,1584.5
2009-08-05,1584.25,1586.25,1571,1580.5
2009-08-06,1580,1587.5,1569.5,1574.75
2009-08-07,1574.5,1595.75,1569.75,1586.25
2009-08-10,1585.5,1587.5,1578,1587.25
2009-08-11,1586.75,1590.5,1569.75,1572.75
2009-08-12,1572.25,1591,1565.5,1582
2009-08-13,1582,1595,1577.75,1593.25
2009-08-14,1592.75,1595.5,1572,1585.5
2009-08-17,1584,1584,1555.25,1558
2009-08-18,1558,1569.75,1556,1569.25
2009-08-19,1569.25,1578.5,1556.5,1576.75
2009-08-20,1576.5,1587.5,1574,1584.5
2009-08-21,1584.25,1606.75,1576.25,1605
2009-08-24,1604.75,1614.75,1601,1604.25
2009-08-25,1604,1617.75,1598,1605.75
2009-08-26,1605.5,1611.75,1600,1606.5
2009-08-27,1606,1612.5,1594.5,1609
2009-08-28,1609,1618.5,1601.75,1607.25
2009-08-31,1606.25,1610.75,1593,1599.5
2009-09-01,1600.75,1607.5,1575,1576.25
2009-09-02,1576,1580.75,1570.75,1574
2009-09-03,1573.75,1584,1571,1581.5
2009-09-04,1581.25,1596,1579.75,1593.75
2009-09-08,1593.25,1606.75,1592,1604.75
2009-09-09,1604.25,1616,1598.5,1612.25
2009-09-10,1612.25,1623.75,1607.25,1621.5
2009-09-11,1621,1628,1617.75,1621.25
2009-09-14,1620.25,1629.5,1612.5,1627.75
2009-09-15,1627.5,1636.25,1622.5,1630.25
2009-09-16,1630,1648.25,1628.75,1647.75
2009-09-17,1647.5,1655.75,1640.5,1647
2009-09-18,1647.25,1652,1640.25,1645.25
2009-09-21,1643.5,1647,1635.75,1644.75
2009-09-22,1644.25,1653.5,1643.75,1651.5
2009-09-23,1651.5,1660,1639.5,1643.25
2009-09-24,1642.75,1648.25,1625.25,1628.5
2009-09-25,1628.25,1633.75,1620.5,1625.25
2009-09-28,1626.5,1645.25,1620,1643.25
2009-09-29,1643.5,1650,1637.5,1639
2009-09-30,1639,1647.5,1625.75,1637.25
2009-10-01,1637.75,1640.25,1608.75,1611.75
2009-10-02,1611.25,1612,1596.25,1606
2009-10-05,1606,1622.75,1603.75,1620.75
2009-10-06,1621,1641,1619.75,1632.75
2009-10-07,1632.5,1639,1629.5,1637.75
2009-10-08,1637.75,1651.5,1637.5,1648
2009-10-09,1647.5,1652.75,1642.75,1652.25
2009-10-12,1652,1661,1651.25,1655.75
2009-10-13,1655.25,1658.5,1647.25,1653
2009-10-14,1657,1674,1657,1672
2009-10-15,1671.75,1677.5,1664.75,1674
2009-10-16,1674.5,1679.75,1661.75,1666.25
2009-10-19,1664.5,1681,1660.5,1675.25
2009-10-20,1674,1683.25,1666.25,1673.75
2009-10-21,1673.25,1682.75,1656.75,1662.25
2009-10-22,1660.75,1676.5,1654.5,1675
2009-10-23,1674.75,1679.5,1655.75,1661.25
2009-10-26,1660.75,1672.75,1645.5,1650.75
2009-10-27,1650.5,1654,1641.25,1644.75
2009-10-28,1645.25,1647.25,1622.25,1622.75
2009-10-29,1623,1648.25,1621.5,1645.75
2009-10-30,1645.5,1647,1613.75,1617.25
2009-11-02,1615.5,1633.75,1610.25,1623.25
2009-11-03,1623.5,1628.25,1610.75,1626
2009-11-04,1626,1642.75,1625,1631.25
2009-11-05,1631,1648.25,1623.25,1647.5
2009-11-06,1647.5,1653.75,1637.75,1650.5
2009-11-09,1650,1676.25,1649.25,1676
2009-11-10,1675.75,1678.75,1669.25,1676.25
2009-11-11,1676,1687.5,1675.5,1680.5
2009-11-12,1680.25,1685.25,1666.75,1671.5
2009-11-13,1671.75,1680.25,1667,1675.75
2009-11-16,1676.25,1696.5,1675.25,1690.5
2009-11-17,1690.5,1693.25,1684.25,1691.75
2009-11-18,1691.75,1695,1685,1692.75
2009-11-19,1692.75,1693.75,1670.75,1678.5
2009-11-20,1678.25,1679.25,1667.75,1674.25
2009-11-23,1674,1695.75,1673.25,1688
2009-11-24,1687.75,1691.25,1679.25,1687.25
2009-11-25,1687.5,1695.5,1686.5,1693.25
2009-11-27,1693,1695.5,1651.25,1673.75
2009-11-30,1675.75,1682.25,1668.75,1679
2009-12-01,1677,1696,1676.5,1692.75
2009-12-02,1692.5,1699.75,1688.5,1692.25
2009-12-03,1692,1701.25,1681.75,1682.25
2009-12-04,1682,1703.25,1679.5,1692.25
2009-12-07,1692.25,1695,1683,1688
2009-12-08,1689,1691.75,1672,1674.25
2009-12-09,1674.25,1681.75,1669.25,1679.75
2009-12-10,1679.25,1690.5,1676.75,1686.25
2009-12-11,1686.75,1694.75,1685.5,1692.25
2009-12-14,1691.75,1702.25,1688.75,1697.75
2009-12-15,1697.5,1700.25,1689.5,1693.25
2009-12-16,1693,1701.25,1692.25,1695
2009-12-17,1694.5,1695.75,1680,1683.5
2009-12-18,1683.5,1692,1677.75,1687
2009-12-21,1688,1702.5,1685.75,1697.5
2009-12-22,1697,1705,1696.5,1702.75
2009-12-23,1703,1709.25,1700.5,1704.75
2009-12-24,1704.5,1711.75,1704,1711.25
2009-12-28,1709.75,1715.5,1706.75,1712.25
2009-12-29,1712,1717.75,1709.75,1711
2009-12-30,1710.5,1711.75,1702.25,1711.25
2009-12-31,1711,1714.5,1699,1700
2010-01-04,1703,1719,1702.5,1718
2010-01-05,1717.75,1722.25,1714.25,1721.5
2010-01-06,1721.25,1724.75,1716.5,1722.25
2010-01-07,1722.25,1728,1716.25,1726.75
2010-01-08,1726.5,1731,1720.25,1730.75
2010-01-11,1731,1737.25,1727,1731.75
2010-01-12,1730.5,1732.25,1717,1723.25
2010-01-13,1723.5,1734.5,1718.5,1730.75
2010-01-14,1730.75,1736.25,1727.5,1734.5
2010-01-15,1736,1736.5,1716.75,1721.5
2010-01-19,1721,1736.25,1715.5,1735
2010-01-20,1734.25,1735.75,1714.5,1723.25
2010-01-21,1723.75,1728.5,1699.5,1700.25
2010-01-22,1699,1705,1675.5,1680.25
2010-01-25,1683.25,1692.25,1679,1681.75
2010-01-26,1683.25,1689.25,1670.25,1676.5
2010-01-27,1676.75,1685.5,1667.75,1683.75
2010-01-28,1683.75,1692.75,1663.5,1668.5
2010-01-29,1670.25,1682.5,1655.75,1659.75
2010-02-01,1659.25,1675.75,1657.25,1675.5
2010-02-02,1675.25,1690.75,1671.25,1686.5
2010-02-03,1686.25,1689.5,1679.75,1685.75
2010-02-04,1685.5,1687.5,1648.5,1651
2010-02-05,1651,1654.25,1630,1649
2010-02-08,1651.25,1657.75,1642.25,1645.25
2010-02-09,1644.75,1666.25,1643.25,1655.5
2010-02-10,1655.75,1661.75,1645.5,1652.5
2010-02-11,1652.75,1667.25,1646.75,1665.75
2010-02-12,1665.5,1669,1649.25,1668.25
2010-02-16,1666.75,1683.25,1662.75,1682.5
2010-02-17,1682.5,1689.25,1681.75,1688.75
2010-02-18,1689,1696,1682.25,1694.75
2010-02-19,1694.75,1700.25,1681.75,1695.5
2010-02-22,1695.25,1702,1692.75,1696.75
2010-02-23,1696.25,1702,1679.5,1686.5
2010-02-24,1686,1694.75,1681.75,1692.75
2010-02-25,1692.25,1692.75,1673.75,1691.5
2010-02-26,1691.25,1697,1685.5,1692.75
2010-03-01,1694.75,1704.75,1693.5,1703.75
2010-03-02,1703.5,1712,1702,1706.75
2010-03-03,1706.75,1714.25,1704.25,1707.75
2010-03-04,1707.5,1712.75,1703.25,1711.5
2010-03-05,1711.25,1728,1710.75,1725.75
2010-03-08,1725.5,1729.75,1724.25,1726.25
2010-03-09,1726.5,1734.5,1720.75,1729.75
2010-03-10,1729.25,1737.25,1727,1735
2010-03-11,1734.75,1740.25,1727.75,1739.75
2010-03-12,1740,1748.75,1736,1740.5
2010-03-15,1740.25,1740.25,1730.5,1739.5
2010-03-16,1739.5,1749.5,1738.25,1748.5
2010-03-17,1748.5,1759.25,1747.75,1754.75
2010-03-18,1754.5,1757.75,1750,1755
2010-03-19,1755,1758.75,1744,1750
2010-03-22,1744.5,1757,1740.5,1755.75
2010-03-23,1755.5,1764.25,1752.75,1763.25
2010-03-24,1763,1763.75,1754.75,1758.25
2010-03-25,1758,1770.25,1754,1756.5
2010-03-26,1756,1763.5,1750.25,1757.25
2010-03-29,1758.5,1764.75,1757.75,1762.5
2010-03-30,1762.25,1767.5,1758,1763.25
2010-03-31,1762.75,1764.25,1755,1759
2010-04-01,1760.75,1771.25,1759.5,1767.5
2010-04-02,1767.25,1772.5,1764,1767.45
2010-04-05,1772.5,1777.5,1768.25,1776.75
2010-04-06,1776.75,1781.75,1771,1779.5
2010-04-07,1779.5,1780,1767,1772.75
2010-04-08,1772.25,1778.75,1764.75,1777.5
2010-04-09,1777.25,1786.75,1776.75,1786.25
2010-04-12,1788.5,1792.25,1784.5,1786.25
2010-04-13,1786,1789.5,1778.75,1786.75
2010-04-14,1789.25,1801,1788.25,1800.25
2010-04-15,1800.25,1804.25,1794.75,1802.25
2010-04-16,1801.75,1802.25,1776.5,1784
2010-04-19,1779.75,1790.25,1773.5,1789.25
2010-04-20,1789.5,1799.5,1787.75,1799.25
2010-04-21,1798.75,1803.25,1788.75,1794.25
2010-04-22,1792.25,1800.75,1780,1795.5
2010-04-23,1795,1807.5,1791.25,1806
2010-04-26,1805,1810.5,1801.25,1802
2010-04-27,1801.5,1803.75,1771.25,1774.75
2010-04-28,1775.25,1785.75,1770.5,1783.75
2010-04-29,1783.75,1800,1781.75,1799
2010-04-30,1799.25,1801.75,1776.5,1777.25
2010-05-03,1778.25,1795.75,1777.5,1792.25
2010-05-04,1792,1793.5,1758,1766.25
2010-05-05,1765.5,1768.75,1748.5,1757.75
2010-05-06,1757.5,1762.5,1649.75,1716.25
2010-05-07,1717.5,1729.25,1684.5,1700.75
2010-05-10,1719,1755.75,1715.25,1750.25
2010-05-11,1749.75,1762.75,1734.25,1746
2010-05-12,1745.5,1765,1734.75,1763.5
2010-05-13,1762.75,1768.5,1747.5,1750.5
2010-05-14,1749.25,1753.25,1717.5,1729
2010-05-17,1727.5,1734,1706.5,1728.25
2010-05-18,1729.25,1741.25,1709,1712.5
2010-05-19,1711.75,1716.5,1692.5,1703.75
2010-05-20,1703.75,1710.25,1661,1663.75
2010-05-21,1663,1682.5,1645,1678.25
2010-05-24,1679.25,1682.5,1663.75,1664.75
2010-05-25,1663.25,1668.5,1630.5,1666.75
2010-05-26,1666.25,1683.25,1654.25,1655
2010-05-27,1653.75,1696.75,1649.25,1694.75
2010-05-28,1694,1700.5,1677,1682.25
2010-06-01,1682.25,1689.75,1662.25,1663.25
2010-06-02,1663,1692,1661,1690.5
2010-06-03,1690.75,1699,1684.5,1697.25
2010-06-04,1697.75,1701.5,1653,1659.75
2010-06-07,1657.75,1664.5,1640.75,1641.75
2010-06-08,1642,1657,1635,1653
2010-06-09,1652.75,1671.5,1645,1649.25
2010-06-10,1648.75,1681.5,1646,1677.5
2010-06-11,1677.75,1686,1668.25,1683
2010-06-14,1684.25,1699.75,1682.5,1684.25
2010-06-15,1683.75,1709.5,1682.25,1707.25
2010-06-16,1707.25,1712.75,1698,1707.5
2010-06-17,1708,1715.5,1698.75,1709.75
2010-06-18,1709.5,1714.75,1706.25,1708.25
2010-06-21,1714,1727.5,1701.25,1708.5
2010-06-22,1708.5,1715,1687.5,1688.5
2010-06-23,1688.75,1695.75,1678.25,1685.5
2010-06-24,1684.5,1689,1664.5,1668.5
2010-06-25,1668.25,1677.5,1660.75,1672.75
2010-06-28,1672.25,1677.75,1664.5,1669
2010-06-29,1668.5,1672.75,1628.25,1633.25
2010-06-30,1633.25,1642.5,1621,1624.5
2010-07-01,1622.5,1627.75,1604,1619.75
2010-07-02,1620.25,1630.5,1608.75,1612.25
2010-07-06,1613,1636.5,1600.75,1622.25
2010-07-07,1622,1657.75,1614.25,1657.25
2010-07-08,1656.75,1666.5,1652,1665
2010-07-09,1664.75,1673,1661.25,1670.5
2010-07-12,1669.5,1675.25,1663.5,1674.5
2010-07-13,1674,1694,1671,1687.75
2010-07-14,1693,1697,1681.5,1689
2010-07-15,1689.25,1697.25,1674.25,1688.5
2010-07-16,1688.5,1692.75,1657,1661
2010-07-19,1659.75,1669,1655,1661.75
2010-07-20,1661.25,1678.75,1648.75,1678
2010-07-21,1677.5,1685.75,1659,1662
2010-07-22,1661.25,1692.5,1659.25,1685.75
2010-07-23,1685.25,1699.5,1682,1698.5
2010-07-26,1699.25,1709.75,1695,1707.5
2010-07-27,1707.25,1716.75,1704,1709
2010-07-28,1708.5,1713.75,1697.25,1700
2010-07-29,1700.5,1711,1686.75,1695
2010-07-30,1694.25,1701.5,1681.5,1696.25
2010-08-02,1702.5,1722.25,1699.75,1719.75
2010-08-03,1719.75,1720.75,1711.25,1716.25
2010-08-04,1716,1724,1710.25,1722.5
2010-08-05,1722.75,1725.75,1713.5,1721.5
2010-08-06,1721.5,1725,1701.75,1717.5
2010-08-09,1718,1724.75,1714.5,1723.5
2010-08-10,1723.25,1723.75,1706.25,1717.75
2010-08-11,1717.25,1717.75,1682.5,1683
2010-08-12,1683,1685.5,1668.5,1677.25
2010-08-13,1677.5,1687,1670.5,1674
2010-08-16,1675.5,1679.5,1664.25,1675
2010-08-17,1675.25,1696.5,1672.5,1687
2010-08-18,1687,1696.5,1681.75,1684.75
2010-08-19,1685,1693,1666.5,1669.25
2010-08-20,1668.75,1674,1659.75,1668.25
2010-08-23,1668,1678.25,1662.25,1663.5
2010-08-24,1663.5,1663.75,1642,1647.75
2010-08-25,1648,1655.75,1635,1652.5
2010-08-26,1653.25,1659.75,1641,1642.75
2010-08-27,1641.75,1662.5,1635.25,1661.75
2010-08-30,1662.5,1670.75,1642.5,1643
2010-08-31,1643,1652.25,1635.5,1646.25
2010-09-01,1649.75,1680.5,1648.75,1679.75
2010-09-02,1679.5,1688.5,1674.5,1687.5
2010-09-03,1687.75,1702.5,1684.25,1701.5
2010-09-07,1701.75,1705.25,1687.75,1689.25
2010-09-08,1689.5,1701,1684.25,1697.25
2010-09-09,1697.25,1710,1694.75,1700.5
2010-09-10,1701,1708.5,1698.5,1707.75
2010-09-13,1710.5,1722,1710,1719.25
2010-09-14,1718.75,1725.5,1713.25,1718.75
2010-09-15,1718.5,1724.5,1712,1723.75
2010-09-16,1724,1727,1715.75,1725.5
2010-09-17,1725.75,1735.75,1720,1722.75
2010-09-20,1721.5,1743.25,1720,1739.5
2010-09-21,1739.5,1747,1733.25,1737.75
2010-09-22,1738,1743.25,1729.5,1732.75
2010-09-23,1733,1737.5,1720.25,1723.5
2010-09-24,1723.5,1747.5,1721.5,1746.25
2010-09-27,1747,1752.75,1740,1740.75
2010-09-28,1740.75,1749,1730.25,1744.75
2010-09-29,1744.75,1749.75,1738.5,1744
2010-09-30,1744,1756.5,1734.25,1739.75
2010-10-01,1738.75,1749.5,1737.5,1745.25
2010-10-04,1746.25,1747,1730,1737.75
2010-10-05,1737.75,1761.75,1735.75,1757.75
2010-10-06,1758,1763,1754,1758.75
2010-10-07,1758.75,1766.75,1750.25,1759.5
2010-10-08,1759.5,1767,1748.5,1763.5
2010-10-11,1764.5,1768,1760.75,1765.25
2010-10-12,1765.5,1772,1754.75,1767.5
2010-10-13,1768.25,1784,1767.25,1777.25
2010-10-14,1777.75,1783.75,1765.5,1776.5
2010-10-15,1777,1783,1766,1778
2010-10-18,1777.25,1785.25,1767.75,1781.25
2010-10-19,1781.75,1782.5,1758.5,1766.75
2010-10-20,1767,1783,1763.5,1777.75
2010-10-21,1777.75,1789.25,1770.25,1778.75
2010-10-22,1778.25,1784.5,1776.25,1783.75
2010-10-25,1783.75,1796,1783.5,1785.75
2010-10-26,1785,1787.25,1777,1785.75
2010-10-27,1786.25,1789.25,1770.75,1781.75
2010-10-28,1781.5,1790.5,1776.5,1782.25
2010-10-29,1782.25,1785.5,1775,1782.75
2010-11-01,1783.5,1795.75,1776.75,1786
2010-11-02,1785.75,1796.5,1783.75,1795.75
2010-11-03,1795.75,1801,1782.5,1800.25
2010-11-04,1800.5,1821.75,1798.25,1821.5
2010-11-05,1821.25,1827.5,1815.5,1825
2010-11-08,1823.5,1825.25,1817.75,1823
2010-11-09,1822.25,1827.75,1809.25,1814
2010-11-10,1813.5,1820,1804.75,1817
2010-11-11,1816.5,1816.75,1805,1814
2010-11-12,1813.5,1814.75,1794.5,1798.5
2010-11-15,1798.5,1808.75,1795.5,1798.75
2010-11-16,1798.25,1798.25,1774,1777.75
2010-11-17,1778.75,1785,1776.25,1780.5
2010-11-18,1780.75,1802,1780,1800.75
2010-11-19,1800.5,1803,1790.5,1801.25
2010-11-22,1805.75,1809,1785.5,1801
2010-11-23,1800,1800.75,1777.75,1781.25
2010-11-24,1781,1800.5,1778.5,1799.5
2010-11-26,1798.75,1803.5,1785.5,1786.25
2010-11-29,1791.5,1796.75,1775.25,1789.5
2010-11-30,1789.5,1791.25,1776,1782.5
2010-12-01,1780.75,1810.75,1779.25,1807.5
2010-12-02,1807,1826.25,1805,1825.75
2010-12-03,1825.75,1830.25,1816,1826.5
2010-12-06,1826.25,1829.75,1819.25,1825
2010-12-07,1825.75,1838,1822,1826.25
2010-12-08,1825.75,1832.25,1820.25,1831.75
2010-12-09,1831.5,1841,1829.5,1836
2010-12-10,1835.75,1844.5,1834.5,1844
2010-12-13,1845,1850,1839.75,1844.25
2010-12-14,1844,1850.25,1840.75,1844.75
2010-12-15,1844.75,1847.5,1836.75,1840
2010-12-16,1840,1847.75,1835.5,1846.5
2010-12-17,1846.5,1849,1842.5,1846.5
2010-12-20,1848,1853.75,1842,1849.25
2010-12-21,1849,1859.25,1848.75,1858.75
2010-12-22,1858,1863,1857,1862.5
2010-12-23,1862.5,1863.75,1857.25,1861
2010-12-27,1857.5,1862.25,1853.5,1861.25
2010-12-28,1861.5,1864.5,1859.5,1862
2010-12-29,1862,1866.5,1861.25,1863.75
2010-12-30,1863.75,1865.5,1859.5,1862.5
2010-12-31,1862.25,1865.75,1857.5,1861
2011-01-03,1864,1880.5,1863.25,1873.25
2011-01-04,1872.75,1878,1866.25,1873.25
2011-01-05,1873.5,1881.75,1863.75,1879.75
2011-01-06,1879.75,1885,1874.25,1878.25
2011-01-07,1877.75,1882,1865.75,1875.5
2011-01-10,1874.25,1876,1866,1873.5
2011-01-11,1873.5,1881.75,1872,1878.5
2011-01-12,1878,1892.25,1877.25,1891.5
2011-01-13,1891.25,1892.5,1884.25,1889.25
2011-01-14,1889.25,1898,1882.25,1897.5
2011-01-18,1897.5,1903,1890.75,1902.75
2011-01-19,1902.5,1904.25,1883,1886.5
2011-01-20,1887.25,1889.5,1875.5,1884.25
2011-01-21,1884,1896,1881.25,1887.75
2011-01-24,1887.5,1897.75,1885.75,1896.5
2011-01-25,1896.5,1899.75,1885,1895.5
2011-01-26,1895.25,1904.75,1894,1901.5
2011-01-27,1901.75,1906.25,1897.25,1903.75
2011-01-28,1903.25,1907.5,1878.5,1879.5
2011-01-31,1877.5,1891.75,1870.25,1890.5
2011-02-01,1890.5,1914,1889.25,1910.75
2011-02-02,1910.25,1913.5,1906,1908
2011-02-03,1908.25,1913.75,1899.5,1911.25
2011-02-04,1911.25,1916.5,1906,1915.25
2011-02-07,1915.25,1928,1914,1923.75
2011-02-08,1923,1930.25,1921,1929.75
2011-02-09,1929.5,1930,1919.75,1927.25
2011-02-10,1926.5,1928.5,1916.5,1926.75
2011-02-11,1926.25,1936.75,1918,1935.25
2011-02-14,1934,1939.25,1932.5,1935.75
2011-02-15,1936,1937.25,1930.25,1934.25
2011-02-16,1934.25,1944,1933.75,1941
2011-02-17,1941,1948,1936.5,1945.75
2011-02-18,1945.75,1951,1943,1950.5
2011-02-22,1950.25,1950.5,1918.25,1922.5
2011-02-23,1922,1928.5,1905.5,1913.5
2011-02-24,1913.75,1918.75,1900.5,1910.75
2011-02-25,1910.5,1928,1909.5,1926.75
2011-02-28,1926.25,1937,1921,1934
2011-03-01,1934.5,1944.5,1908.75,1909
2011-03-02,1909.25,1921.75,1904.25,1913.75
2011-03-03,1914.25,1940,1913,1937.75
2011-03-04,1937.75,1942.5,1919.25,1928.25
2011-03-07,1928.25,1935.25,1910.75,1917
2011-03-08,1916.75,1933.75,1914,1928
2011-03-09,1927.75,1933,1919.5,1923.5
2011-03-10,1923.75,1925.25,1900.75,1902.25
2011-03-11,1901.75,1916.75,1891,1914
2011-03-14,1910.25,1913.75,1894,1903.5
2011-03-15,1903.5,1906.25,1864,1888.25
2011-03-16,1887.75,1896.5,1856.25,1867
2011-03-17,1867.75,1887.5,1854.25,1881.75
2011-03-18,1881.5,1900.5,1874.5,1887.25
2011-03-21,1889.25,1909.25,1887.75,1906
2011-03-22,1905.5,1909.5,1900.5,1901.25
2011-03-23,1900.75,1909,1892,1905
2011-03-24,1905,1919.75,1902.25,1918.25
2011-03-25,1917.5,1927.5,1917,1923
2011-03-28,1922.25,1928.25,1915,1915.25
2011-03-29,1915.75,1930.75,1913.25,1929.5
2011-03-30,1929.25,1940.75,1927.75,1937
2011-03-31,1937.5,1938.75,1933.5,1934
2011-04-01,1934.25,1946.75,1933.5,1940.75
2011-04-04,1940,1945.75,1937.5,1942.25
2011-04-05,1942.75,1947.25,1936,1939.75
2011-04-06,1940,1949.5,1939,1942
2011-04-07,1942,1948.25,1935.25,1941.5
2011-04-08,1941.5,1948.75,1931.75,1936.75
2011-04-11,1938.75,1943.25,1930,1932.5
2011-04-12,1933.25,1933.5,1918.25,1921.25
2011-04-13,1921.25,1931.75,1918,1921.75
2011-04-14,1922.25,1926.25,1911.25,1923.25
2011-04-15,1923.5,1932.25,1918.75,1931.75
2011-04-18,1931.25,1931.75,1903.25,1914
2011-04-19,1914,1922.5,1907,1921.5
2011-04-20,1921.75,1943.5,1921.5,1941.25
2011-04-21,1941.5,1950.75,1941,1944
2011-04-25,1943.5,1948.25,1940.25,1943.75
2011-04-26,1943.75,1959.25,1941,1954
2011-04-27,1954,1967.25,1953.25,1964
2011-04-28,1964.5,1971.5,1959.75,1968
2011-04-29,1968,1976.75,1965.75,1972.75
2011-05-02,1976.25,1986.5,1967.75,1970.75
2011-05-03,1970.75,1971.5,1958.75,1965
2011-05-04,1964.75,1968,1950.5,1956
2011-05-05,1956.25,1961.75,1938.25,1948
2011-05-06,1947.25,1964.75,1944.75,1947.5
2011-05-09,1950.25,1959.25,1947.5,1955.75
2011-05-10,1955.5,1969.5,1952,1966.75
2011-05-11,1966.75,1971.25,1946,1951.75
2011-05-12,1952.25,1961.75,1941.75,1960.5
2011-05-13,1960.25,1965.5,1943.5,1947
2011-05-16,1945,1954.25,1937.75,1938.5
2011-05-17,1938.25,1945,1929,1938.5
2011-05-18,1939.25,1953.5,1937.5,1951.5
2011-05-19,1951.25,1958.5,1947.5,1954.75
2011-05-20,1954.5,1957,1940,1940.75
2011-05-23,1939,1940,1923.75,1928.25
2011-05-24,1927.75,1935.5,1924.75,1926.5
2011-05-25,1926,1937.5,1915.25,1929.5
2011-05-26,1929.5,1940.5,1925.5,1939.5
2011-05-27,1939.5,1946.75,1937.5,1943
2011-05-31,1942.75,1958.75,1941.25,1957
2011-06-01,1957.75,1960.75,1924.25,1925
2011-06-02,1926.25,1930.75,1917.25,1925.5
2011-06-03,1925.25,1926.5,1907.5,1909.25
2011-06-06,1911.75,1912,1896.25,1898
2011-06-07,1898.25,1908.5,1895.5,1897.75
2011-06-08,1898,1900.75,1889.25,1890
2011-06-09,1890.75,1907,1888.25,1900.5
2011-06-10,1900.75,1901.75,1880,1882.25
2011-06-13,1883,1890.25,1878,1884.5
2011-06-14,1885.75,1905.25,1883.5,1902.75
2011-06-15,1902,1902,1874,1878.25
2011-06-16,1879.25,1887.25,1870.5,1881.75
2011-06-17,1882,1895.5,1876.75,1884.25
2011-06-20,1883.25,1893.5,1874.5,1892
2011-06-21,1891.5,1911,1890,1906.25
2011-06-22,1906,1912,1897.75,1898
2011-06-23,1898.25,1899,1875.25,1895.25
2011-06-24,1895.75,1904.25,1879.5,1882.25
2011-06-27,1883.25,1898.25,1875.25,1894.5
2011-06-28,1895.25,1913.25,1889.75,1912.75
2011-06-29,1911.75,1923.75,1909.75,1922.5
2011-06-30,1922.25,1935.75,1920.5,1933.75
2011-07-01,1933,1954.75,1930.75,1953
2011-07-05,1952.75,1956,1946.5,1955
2011-07-06,1954.25,1959,1944.75,1954
2011-07-07,1954.25,1971,1954,1970
2011-07-08,1969.75,1972.75,1947.5,1960
2011-07-11,1957.5,1957.75,1930,1936.75
2011-07-12,1936.25,1941.5,1913.5,1929
2011-07-13,1929,1946,1925.5,1930.5
2011-07-14,1930.5,1941.5,1920.25,1925
2011-07-15,1926,1933.75,1918.75,1933.25
2011-07-18,1932.75,1933,1909.5,1918.75
2011-07-19,1919.75,1942.5,1918.5,1939.5
2011-07-20,1939.5,1948,1937.5,1939.5
2011-07-21,1940,1961.75,1933.25,1960.75
2011-07-22,1959.5,1966,1951,1959.25
2011-07-25,1948.25,1958.5,1940.25,1951.75
2011-07-26,1951.75,1958,1943.75,1944.5
2011-07-27,1944.25,1946.75,1916.25,1917.25
2011-07-28,1917.5,1931.25,1913.5,1915
2011-07-29,1916,1919,1896.75,1906.75
2011-08-01,1924.25,1928,1888.5,1898
2011-08-02,1898,1903.25,1865,1865.5
2011-08-03,1866.5,1876.25,1848.5,1872.75
2011-08-04,1872.5,1882.5,1811.5,1817
2011-08-05,1817.75,1837.25,1781.5,1816
2011-08-08,1785.5,1807.25,1727.75,1729.5
2011-08-09,1731.25,1793.75,1695.25,1790
2011-08-10,1789.25,1797,1732,1741.75
2011-08-11,1741.25,1802.25,1721.25,1786.75
2011-08-12,1786.5,1805,1765,1795
2011-08-15,1798,1820,1794.5,1816.75
2011-08-16,1814.75,1819.75,1795.75,1810.5
2011-08-17,1810,1825,1799.75,1808.25
2011-08-18,1807.75,1808.25,1746.5,1761.75
2011-08-19,1762,1771.5,1735.75,1742.25
2011-08-22,1740.25,1764.75,1729.5,1741.5
2011-08-23,1741.75,1779,1736.75,1776.75
2011-08-24,1777.25,1795,1760.75,1790.25
2011-08-25,1789.75,1806.75,1771.25,1775.75
2011-08-26,1775.25,1798,1751,1794.25
2011-08-29,1793.75,1827,1790.5,1826.25
2011-08-30,1826.25,1837,1811.75,1823
2011-08-31,1822.5,1848,1819.5,1836
2011-09-01,1836.25,1846.75,1819,1819.5
2011-09-02,1819.25,1821.5,1786.75,1787.5
2011-09-06,1783.25,1785,1754.25,1782.75
2011-09-07,1782.75,1818,1782,1817.25
2011-09-08,1817.5,1822,1800.25,1804
2011-09-09,1804,1812.25,1765,1776.25
2011-09-12,1761.75,1782.25,1747.75,1781.5
2011-09-13,1781,1794.75,1763.25,1789.5
2011-09-14,1789.75,1820.5,1772.25,1806.5
2011-09-15,1806.5,1829.75,1800,1828.5
2011-09-16,1827.25,1838.75,1819,1836
2011-09-19,1823.5,1828,1805.75,1822
2011-09-20,1821,1838.75,1809.5,1820.25
2011-09-21,1820.75,1828,1779.25,1780
2011-09-22,1779.5,1783.25,1731,1747.75
2011-09-23,1748.5,1762.75,1726.25,1754
2011-09-26,1746.25,1783.25,1739.25,1782.75
2011-09-27,1781.75,1814.25,1779.25,1793.75
2011-09-28,1793.25,1806,1767.75,1773
2011-09-29,1772.5,1795,1757.75,1780.5
2011-09-30,1781.5,1784,1745.75,1750.25
2011-10-03,1747.25,1757.75,1709.5,1710.5
2011-10-04,1711.75,1744,1692.25,1737.75
2011-10-05,1738.75,1765.5,1730.75,1759.25
2011-10-06,1759.25,1784.75,1753.25,1781.75
2011-10-07,1781.5,1798,1769,1779.25
2011-10-10,1782,1816.5,1780.75,1815.25
2011-10-11,1814.75,1819,1805,1813.75
2011-10-12,1811.75,1840.25,1805,1822.5
2011-10-13,1822.75,1828.5,1809.5,1822.25
2011-10-14,1821.75,1845.75,1817.25,1843.5
2011-10-17,1842.5,1855,1817.75,1818.25
2011-10-18,1818.25,1854,1809.75,1847.25
2011-10-19,1847,1851.5,1825.75,1830.75
2011-10-20,1831,1840.5,1816.75,1834.25
2011-10-21,1833,1860,1832.25,1859.5
2011-10-24,1854,1876.75,1851,1871.25
2011-10-25,1871.25,1878.75,1846.5,1848.75
2011-10-26,1849.25,1866.75,1840.75,1861.75
2011-10-27,1862.25,1913.5,1861.75,1906.75
2011-10-28,1906.5,1908.5,1897,1905.25
2011-10-31,1904.25,1905,1869.5,1873.5
2011-11-01,1871.75,1872.25,1832.75,1848.75
2011-11-02,1847.75,1863,1840.75,1858.5
2011-11-03,1858.5,1884,1837.75,1880
2011-11-04,1880,1883,1858.75,1875.25
2011-11-07,1875.25,1883.75,1856.25,1881.75
2011-11-08,1881.75,1899.5,1872.75,1897.5
2011-11-09,1897.5,1898.25,1847,1850
2011-11-10,1850.5,1869.25,1842.5,1861.75
2011-11-11,1861.75,1889,1858,1885.75
2011-11-14,1888.5,1895,1867.75,1876.75
2011-11-15,1875.75,1886.5,1858.25,1878.25
2011-11-16,1878.75,1883,1854.75,1855.25
2011-11-17,1855.5,1866,1830.75,1839
2011-11-18,1839.25,1854,1833,1838.25
2011-11-21,1832.25,1833.25,1804.75,1815
2011-11-22,1815,1823.25,1803.5,1807
2011-11-23,1807,1809.25,1782.75,1784.25
2011-11-25,1784.5,1798,1771.75,1777.75
2011-11-28,1796.25,1820.5,1793.5,1815.25
2011-11-29,1815,1830.25,1810.5,1820.75
2011-11-30,1819.25,1871,1807.25,1870.25
2011-12-01,1868,1875.25,1860,1867.75
2011-12-02,1867.75,1887,1866.25,1867.75
2011-12-05,1872.25,1890.5,1872.25,1879.25
2011-12-06,1877.5,1890,1869.5,1879.25
2011-12-07,1879.75,1892.25,1868.25,1888.25
2011-12-08,1888,1896.25,1855,1860.25
2011-12-09,1859.75,1884.75,1852.75,1883
2011-12-12,1880.25,1884.75,1850.25,1859.5
2011-12-13,1859.5,1874.25,1842.75,1850.5
2011-12-14,1850,1856.75,1832.75,1836.5
2011-12-15,1836.5,1850.75,1828.25,1842
2011-12-16,1842.5,1855.25,1838.5,1841.25
2011-12-19,1842.25,1850,1825.75,1829.25
2011-12-20,1829.25,1867.5,1829,1866.25
2011-12-21,1866.25,1879.25,1853.25,1866.5
2011-12-22,1866.25,1881.25,1862.5,1879.25
2011-12-23,1879.75,1891,1879,1890.5
2011-12-27,1890.75,1894.25,1886.25,1890.5
2011-12-28,1890.25,1894.75,1873.25,1874.75
2011-12-29,1874.25,1888.75,1874,1887.75
2011-12-30,1887,1890.75,1881,1882.75
2012-01-03,1905,1910.25,1900.5,1902.25
2012-01-04,1902.25,1905,1893,1903.25
2012-01-05,1903.5,1908.25,1890,1903.25
2012-01-06,1903.5,1912.5,1897,1904.5
2012-01-09,1905,1908,1897.5,1905.75
2012-01-10,1905.25,1922.25,1904.75,1916.25
2012-01-11,1916.25,1919.75,1909.5,1918.5
2012-01-12,1918.5,1927.75,1911,1922
2012-01-13,1922.25,1925.25,1903,1919.25
2012-01-17,1915.5,1932.75,1911.5,1919.5
2012-01-18,1919.25,1934.5,1916.75,1932.5
2012-01-19,1933,1941.75,1929.5,1940.75
2012-01-20,1940.25,1942,1935,1941
2012-01-23,1937.75,1948.5,1935.25,1941.25
2012-01-24,1941.5,1942,1931.75,1941.75
2012-01-25,1941.5,1955,1933.25,1950.5
2012-01-26,1951,1960,1939.5,1945.5
2012-01-27,1945,1949.5,1937.25,1942.75
2012-01-30,1944.25,1944.75,1926.25,1939.25
2012-01-31,1939.25,1947.75,1932.5,1938.5
2012-02-01,1938,1957.25,1934,1950
2012-02-02,1950.5,1956.25,1947.25,1953
2012-02-03,1953,1972.25,1950.25,1969.25
2012-02-06,1966.75,1970.75,1960.5,1969.25
2012-02-07,1969.25,1976,1962,1975
2012-02-08,1974.5,1978.5,1968.5,1977.25
2012-02-09,1977.25,1983,1971,1978.5
2012-02-10,1978.25,1978.5,1964,1970.75
2012-02-13,1977.5,1982.5,1973,1979.25
2012-02-14,1979.5,1982.25,1968,1978
2012-02-15,1977.75,1988.25,1968.25,1972.5
2012-02-16,1972,1987.5,1964.5,1985
2012-02-17,1985,1991.5,1983.25,1990
2012-02-21,1997,1999.75,1986,1990.25
2012-02-22,1990,1994.25,1983.25,1986.25
2012-02-23,1986.25,1994,1980.5,1993.25
2012-02-24,1993.25,1998.75,1991.75,1993.5
2012-02-27,1993.5,2001,1983.25,1997.5
2012-02-28,1997.5,2004,1994.75,2001.75
2012-02-29,2001.5,2007.5,1987,1994.75
2012-03-01,1992.5,2005.5,1989,2004.75
2012-03-02,2004.75,2007.25,1995.25,1999
2012-03-05,1997.5,1999.75,1988.25,1994.75
2012-03-06,1994.25,1996,1968.75,1972.25
2012-03-07,1971.75,1984.5,1971.5,1983
2012-03-08,1983,1998.75,1980.75,1996.75
2012-03-09,1996.5,2004.75,1993.5,2002.75
2012-03-12,2003,2003,1996.25,2002.75
2012-03-13,2002.75,2027.25,2002,2026.75
2012-03-14,2026.5,2030.25,2020.25,2024.75
2012-03-15,2024.25,2033.5,2020.75,2032
2012-03-16,2031.75,2036.5,2030,2034.5
2012-03-19,2033.25,2044,2029.5,2040
2012-03-20,2040,2041,2027.75,2036
2012-03-21,2036,2041.75,2030.25,2033.5
2012-03-22,2033.75,2036.75,2018.5,2025
2012-03-23,2025,2031.25,2016.5,2030
2012-03-26,2029.75,2051.5,2028.5,2051
2012-03-27,2051,2055.75,2042,2042.5
2012-03-28,2042.25,2048.25,2028,2036.25
2012-03-29,2035.5,2040,2022.25,2034.25
2012-03-30,2034,2042.25,2031.75,2039.25
2012-04-02,2043.25,2053.75,2035,2048.5
2012-04-03,2048,2050.25,2035.5,2044.75
2012-04-04,2045,2045,2024.5,2029.25
2012-04-05,2029.25,2033.75,2020,2026.25
2012-04-06,2026.5,2030.75,2008,2026.25
2012-04-09,2011,2018.75,2007.75,2011
2012-04-10,2010.25,2016.75,1988.5,1993
2012-04-11,1993.75,2006.5,1993.5,2000
2012-04-12,2000.25,2022.25,1999.25,2022
2012-04-13,2021.75,2024.5,1999.75,2001
2012-04-16,2002,2011.25,1996.5,2000
2012-04-17,2000.25,2024.75,1995.25,2019.5
2012-04-18,2019.75,2022.75,2013.75,2014.25
2012-04-19,2014.75,2026,2001.5,2008.5
2012-04-20,2009.75,2019.25,2007.25,2011.25
2012-04-23,2008.25,2010.75,1990,1998.75
2012-04-24,1999,2007.25,1997,2006
2012-04-25,2006.75,2023.75,2005.5,2023.25
2012-04-26,2023.25,2034.25,2017,2032.75
2012-04-27,2032.75,2039,2022.5,2034.5
2012-04-30,2036.25,2038.5,2025.75,2029.5
2012-05-01,2030.25,2047.75,2027.25,2036.5
2012-05-02,2036.5,2040.75,2025.25,2033.5
2012-05-03,2033.5,2038.75,2020.5,2022
2012-05-04,2022.5,2025,1997.5,1998.5
2012-05-07,1990,2006.25,1978.5,2001.75
2012-05-08,2001.25,2004,1979.75,1994.5
2012-05-09,1995,1996.75,1975.25,1987
2012-05-10,1987.25,1999.75,1981.75,1993.5
2012-05-11,1993.5,1999.25,1980,1986
2012-05-14,1982,1987,1969.25,1970
2012-05-15,1970.5,1983,1961.5,1964.25
2012-05-16,1964.75,1975.75,1956.75,1958.5
2012-05-17,1959,1966.75,1936.5,1937.25
2012-05-18,1938,1946.5,1925.75,1926.75
2012-05-21,1927.75,1952,1923.25,1951.75
2012-05-22,1951.25,1962.5,1943.5,1950.75
2012-05-23,1951.5,1955,1930,1951.75
2012-05-24,1951.75,1959.5,1942,1958.5
2012-05-25,1958.5,1965.75,1948,1951
2012-05-29,1958,1970.25,1953.5,1969.5
2012-05-30,1969.5,1970.25,1944,1944.5
2012-05-31,1945,1955,1933.25,1945.25
2012-06-01,1942.25,1943.5,1909.5,1910
2012-06-04,1911,1917.5,1898,1909
2012-06-05,1909.25,1922.75,1903.5,1921
2012-06-06,1921.25,1951.75,1919,1951.5
2012-06-07,1951.25,1965.5,1948,1952.75
2012-06-08,1952.25,1965.5,1941.5,1964.75
2012-06-11,1978,1985,1942.25,1943
2012-06-12,1943.75,1963.25,1939.75,1962.75
2012-06-13,1962.5,1964,1946.25,1951.5
2012-06-14,1951.75,1970.5,1948,1969
2012-06-15,1968,1981.25,1967.25,1980.25
2012-06-18,1988,1990.25,1970,1983.75
2012-06-19,1983.5,1999.75,1979.25,1993.25
2012-06-20,1992.75,1998.25,1981.5,1993.5
2012-06-21,1993.5,1996,1960.25,1961
2012-06-22,1961.25,1974.5,1961,1969.5
2012-06-25,1968.25,1969.25,1945.25,1949.25
2012-06-26,1949.5,1960.75,1946,1958.25
2012-06-27,1958.5,1971.25,1954.75,1968.25
2012-06-28,1968.5,1970.5,1949.5,1965.25
2012-06-29,1964.75,2002.25,1958.75,1999.25
2012-07-02,2001.5,2005,1992.25,2000.25
2012-07-03,2001,2012.25,1998,2010.75
2012-07-05,2009.25,2017.75,1999.75,2004.25
2012-07-06,2004.25,2006.75,1985,1994.5
2012-07-09,1992,1993,1983.75,1992
2012-07-10,1991.75,1999.25,1973.25,1978.25
2012-07-11,1977.75,1985.25,1970.5,1979
2012-07-12,1979.25,1982.25,1962.5,1972
2012-07-13,1972,1996,1971.5,1994.5
2012-07-16,1994,1995.25,1985.75,1990.25
2012-07-17,1990,2003.25,1982,2001.25
2012-07-18,2001.25,2013.25,1995.25,2010
2012-07-19,2010,2018.75,2008.75,2014.75
2012-07-20,2014.25,2014.75,1999.75,2001
2012-07-23,1998.25,1999.5,1974.75,1986.5
2012-07-24,1986.5,1989.25,1966.5,1972.25
2012-07-25,1973.75,1982.75,1964,1977.75
2012-07-26,1977.5,2001.5,1970.5,1997.5
2012-07-27,1997.5,2027.75,1995.5,2025.25
2012-07-30,2022,2030.25,2018.5,2023.25
2012-07-31,2022.75,2029.25,2013.75,2017.25
2012-08-01,2014.75,2024.25,2010.5,2013.25
2012-08-02,2012.75,2025.75,1992,2004.75
2012-08-03,2005,2033.25,2002.75,2031.75
2012-08-06,2033,2038.5,2030,2032.75
2012-08-07,2032.75,2046,2030.25,2039.75
2012-08-08,2039.25,2043,2033.25,2041
2012-08-09,2041.25,2046.5,2036.5,2043.25
2012-08-10,2043,2045.5,2034.75,2045.25
2012-08-13,2043.25,2046.75,2037,2045.25
2012-08-14,2044.75,2052.25,2040,2044.25
2012-08-15,2044,2048.5,2039.75,2046.25
2012-08-16,2046.25,2058.25,2044.5,2055.75
2012-08-17,2056.5,2059.5,2053.5,2058
2012-08-20,2057.75,2060.75,2052.25,2057.5
2012-08-21,2057.5,2067.5,2050.75,2055.25
2012-08-22,2055.5,2057,2047,2055
2012-08-23,2055,2060.75,2040.75,2042.75
2012-08-24,2042.5,2054.75,2038,2052.5
2012-08-27,2052.75,2058.75,2049.75,2051
2012-08-28,2051,2054.75,2046,2050.5
2012-08-29,2050,2055.25,2047.5,2050
2012-08-30,2049.75,2050.5,2038,2039.75
2012-08-31,2039.75,2055,2038.25,2047.75
2012-09-04,2049,2052.25,2037.25,2048.75
2012-09-05,2049,2051,2040,2046.25
2012-09-06,2046.25,2075,2046,2073.75
2012-09-07,2073.75,2081.5,2073.25,2081
2012-09-10,2079.5,2080.75,2068.5,2069.25
2012-09-11,2068.25,2080.25,2064.25,2073.25
2012-09-12,2073.25,2083,2071.25,2082.25
2012-09-13,2081,2107,2077.75,2100
2012-09-14,2099.25,2117.5,2099.25,2108.5
2012-09-17,2108.5,2108.5,2100.25,2103.5
2012-09-18,2103.5,2105.75,2098.5,2102.5
2012-09-19,2102.75,2108.75,2100.75,2102.75
2012-09-20,2103,2104.5,2093,2103.25
2012-09-21,2103.75,2111.75,2100,2101.5
2012-09-24,2099.75,2104,2094.25,2101
2012-09-25,2101.25,2106.5,2084.5,2086.75
2012-09-26,2086.25,2089.25,2073.5,2076.5
2012-09-27,2077,2094,2077,2090.5
2012-09-28,2090.5,2093,2078.5,2083.75
2012-10-01,2082.25,2101,2077.25,2086.5
2012-10-02,2086,2095.5,2081.75,2090.5
2012-10-03,2089.75,2098.25,2085,2094.25
2012-10-04,2093.5,2107.25,2093.5,2105.25
2012-10-05,2105.25,2115.5,2100.75,2105
2012-10-08,2106.75,2106.75,2097,2099.25
2012-10-09,2099.25,2104,2084.75,2085.5
2012-10-10,2086.5,2087.25,2074.5,2075.75
2012-10-11,2075.25,2088.75,2070.75,2078
2012-10-12,2077.75,2084,2069.5,2071
2012-10-15,2073,2086,2066,2085
2012-10-16,2085.5,2101,2084,2098.75
2012-10-17,2098.75,2107.25,2095.75,2106.5
2012-10-18,2106.5,2109.25,2097.25,2101
2012-10-19,2100.75,2103,2073,2073.5
2012-10-22,2074,2080.75,2066.25,2079.5
2012-10-23,2080.25,2082.75,2051.5,2056.25
2012-10-24,2056,2064.5,2051.25,2054.75
2012-10-25,2055.75,2066.25,2049,2057.75
2012-10-26,2059.25,2062,2044,2057
2012-10-29,2055.75,2057,2046.5,2057
2012-10-30,2048.75,2061.75,2042.5,2057
2012-10-31,2062,2067.75,2050,2056.25
2012-11-01,2051.5,2074.5,2048,2072.75
2012-11-02,2072.75,2081,2054.5,2055
2012-11-05,2052.25,2065,2052,2061.5
2012-11-06,2060.5,2078.75,2059.25,2074.75
2012-11-07,2074.5,2081.25,2033.5,2038.5
2012-11-08,2039.75,2047,2022,2024.75
2012-11-09,2025.25,2037.5,2013,2025.25
2012-11-12,2024.75,2031.25,2022,2027.75
2012-11-13,2027.75,2035.75,2015.25,2020.5
2012-11-14,2022.75,2031.25,1999,2002.5
2012-11-15,2003.5,2008.5,1994.75,2000.75
2012-11-16,2001,2010,1989.75,2009.25
2012-11-19,2010.25,2035.25,2009.75,2032
2012-11-20,2029.5,2037,2023.5,2035.75
2012-11-21,2035.5,2039.25,2026.5,2037.75
2012-11-23,2038.5,2057,2036.75,2054.75
2012-11-26,2052.75,2054.5,2044.5,2052.75
2012-11-27,2053.5,2057.25,2045,2047
2012-11-28,2047,2058.25,2032.5,2056.5
2012-11-29,2056.25,2068,2054,2065.25
2012-11-30,2061,2069,2059.25,2064
2012-12-03,2062.75,2073.5,2054,2056.5
2012-12-04,2055.5,2061.25,2051,2055
2012-12-05,2052.25,2064.25,2046.25,2057.75
2012-12-06,2056,2063,2053.5,2062.5
2012-12-07,2061.75,2071.75,2058,2065.5
2012-12-10,2065.5,2070.5,2060.25,2069.75
2012-12-11,2067,2083.75,2064.5,2081
2012-12-12,2080.75,2088.25,2075.25,2076.75
2012-12-13,2075.25,2081,2065.25,2067.5
2012-12-14,2066.25,2075,2061,2064.5
2012-12-17,2070.75,2083.75,2064.5,2082
2012-12-18,2083.25,2098.5,2080.25,2096
2012-12-19,2095.5,2101,2083.25,2088
2012-12-20,2084,2096.25,2082.25,2095.5
2012-12-21,2096,2096.25,2046.25,2081
2012-12-24,2079.25,2079.5,2072.5,2074.75
2012-12-26,2079,2080.5,2065.75,2068.5
2012-12-27,2068.25,2073.5,2051,2065.75
2012-12-28,2068.25,2071.75,2037.25,2039
2012-12-31,2043.25,2080.75,2038.5,2075
2013-01-02,2098,2113,2093.25,2112
2013-01-03,2111,2115.5,2105,2108.5
2013-01-04,2109,2118,2106.25,2112.75
2013-01-07,2115.25,2115.75,2105.75,2110.75
2013-01-08,2111.75,2112,2101,2107.25
2013-01-09,2106.5,2114.5,2106.25,2110.75
2013-01-10,2111.5,2125.25,2109.75,2122
2013-01-11,2124.75,2126.5,2117.25,2122.25
2013-01-14,2121.75,2126.25,2115.25,2119.25
2013-01-15,2120,2123.25,2111.5,2120.25
2013-01-16,2122,2124,2115,2120.5
2013-01-17,2120,2135.5,2115.5,2130.75
2013-01-18,2130.5,2136,2125.5,2134
2013-01-22,2133,2146.5,2130,2144.5
2013-01-23,2145.5,2146.25,2139.5,2145.25
2013-01-24,2138.25,2152.75,2137.75,2146.75
2013-01-25,2142.75,2154.25,2141.75,2150.75
2013-01-28,2150.75,2155,2146.25,2152
2013-01-29,2150.5,2160.75,2146,2160
2013-01-30,2160,2161,2148.5,2150.25
2013-01-31,2149.25,2155,2146.25,2148.25
2013-02-01,2151,2165.5,2150.75,2161.75
2013-02-04,2163,2163.5,2145.25,2148.5
2013-02-05,2147.5,2166,2147.25,2161
2013-02-06,2162.25,2165.25,2154,2161.75
2013-02-07,2162.25,2166,2149.5,2160.25
2013-02-08,2160,2170,2158.75,2167.5
2013-02-11,2168.5,2172,2164.75,2168
2013-02-12,2167.5,2174,2163.5,2171.25
2013-02-13,2172.5,2177,2168,2172.25
2013-02-14,2171.25,2175.75,2165,2173.5
2013-02-15,2173.75,2176.75,2166.25,2172
2013-02-19,2171,2184,2170.25,2183
2013-02-20,2183.75,2185,2161.5,2162
2013-02-21,2162.75,2164.75,2150,2156
2013-02-22,2157.25,2170,2157,2169.5
2013-02-25,2170.5,2179.5,2136.75,2142.25
2013-02-26,2140.5,2152.75,2137.75,2147.5
2013-02-27,2148.25,2174.25,2145,2170.75
2013-02-28,2171.25,2179.5,2163.75,2168.25
2013-03-01,2167.5,2174,2154.5,2171.5
2013-03-04,2169.75,2182.5,2162,2180.75
2013-03-05,2181.75,2197.75,2179.5,2192
2013-03-06,2194,2199.75,2192,2194
2013-03-07,2194.75,2200.5,2192.5,2197.75
2013-03-08,2197.75,2208.5,2195.25,2204.5
2013-03-11,2202.25,2212.25,2200.5,2211
2013-03-12,2212,2212,2202.25,2207.25
2013-03-13,2208.25,2211.75,2202.75,2210.5
2013-03-14,2211.25,2217.75,2209.5,2216.5
2013-03-15,2215,2219.25,2209.5,2214
2013-03-18,2204.5,2213,2190,2207.25
2013-03-19,2207.75,2211.75,2192.25,2202.75
2013-03-20,2199.75,2216.25,2197,2209.5
2013-03-21,2210,2211.25,2197,2199.5
2013-03-22,2199,2214.5,2195.5,2212.5
2013-03-25,2210.5,2221,2199.5,2207.5
2013-03-26,2208.75,2219.25,2207.25,2217.75
2013-03-27,2218.75,2221,2206.25,2217.25
2013-03-28,2217.25,2225,2210.25,2223.25
2013-04-01,2223.5,2225.5,2213,2216.5
2013-04-02,2216.75,2228.5,2214.75,2225
2013-04-03,2226.5,2228.25,2204.5,2209
2013-04-04,2209,2218,2206.5,2215
2013-04-05,2215.25,2215.75,2193.75,2206.5
2013-04-08,2206,2223.25,2203.5,2219.75
2013-04-09,2221.25,2229.5,2216,2223.75
2013-04-10,2224.25,2245,2221.5,2243.25
2013-04-11,2244,2253.5,2241.25,2248.25
2013-04-12,2248.75,2250.25,2235.5,2242.5
2013-04-15,2242.75,2243.5,2199.25,2204
2013-04-16,2203,2231.25,2202.75,2229.25
2013-04-17,2229.75,2230,2198.5,2206.5
2013-04-18,2205,2214,2191.25,2194.5
2013-04-19,2197.5,2211.25,2195.75,2208
2013-04-22,2209,2221.5,2203.25,2216.5
2013-04-23,2217.75,2237.5,2209.25,2234
2013-04-24,2234,2239.5,2231.25,2234.5
2013-04-25,2233.5,2248.75,2231.25,2242.25
2013-04-26,2242,2243,2233,2237
2013-04-29,2236.75,2252.75,2234.25,2248.75
2013-04-30,2249,2254.75,2241.75,2252.75
2013-05-01,2254.25,2256,2236.5,2237.75
2013-05-02,2239.75,2254.75,2239.25,2252.75
2013-05-03,2252.75,2274.75,2250,2269
2013-05-06,2268.75,2275.75,2267.75,2274
2013-05-07,2273,2282.25,2269.75,2281
2013-05-08,2281.25,2290,2277.5,2289.25
2013-05-09,2288.75,2292.75,2280.5,2285
2013-05-10,2286.5,2291.5,2280.75,2290
2013-05-13,2286,2293.75,2282,2291.25
2013-05-14,2291.25,2309.25,2287,2308.5
2013-05-15,2308,2320.25,2303.25,2314.75
2013-05-16,2315.75,2319.25,2306.5,2308.5
2013-05-17,2310,2326.25,2308.75,2323.5
2013-05-20,2323,2331.25,2320.25,2325
2013-05-21,2324,2333.75,2320.5,2326
2013-05-22,2326.25,2346.25,2307,2316
2013-05-23,2318,2319.5,2293.25,2310.5
2013-05-24,2311.75,2315.75,2295,2311
2013-05-28,2310.5,2333.25,2304.75,2315
2013-05-29,2314.75,2317.25,2298.5,2307.5
2013-05-30,2307,2321.25,2301.5,2314
2013-05-31,2314.25,2318.5,2286.75,2289.5
2013-06-03,2290,2299.5,2281.25,2296.75
2013-06-04,2296.25,2306.25,2282,2291.75
2013-06-05,2289.75,2292.75,2266,2268.5
2013-06-06,2269,2284.75,2257,2283.25
2013-06-07,2282.5,2304.5,2278.5,2299
2013-06-10,2297,2309,2295,2302.5
2013-06-11,2302.5,2303,2282,2287.5
2013-06-12,2288,2298.75,2270,2270.5
2013-06-13,2271.25,2300,2258,2297.25
2013-06-14,2298.25,2301.25,2283.75,2284.75
2013-06-17,2285,2307.25,2284.5,2300.25
2013-06-18,2301.25,2315.25,2298.75,2311.75
2013-06-19,2313,2315.5,2286.75,2290.25
2013-06-20,2287.25,2289.5,2243.5,2250.5
2013-06-21,2250.75,2263.75,2237,2250.5
2013-06-24,2250.25,2252.75,2219.75,2232.75
2013-06-25,2233,2254.25,2224.75,2248
2013-06-26,2246.75,2267.75,2239.5,2262
2013-06-27,2263.25,2280.75,2261.25,2273
2013-06-28,2272.75,2281,2260.75,2265.75
2013-07-01,2266.75,2287,2259.75,2273.25
2013-07-02,2273.25,2285,2266.75,2273.75
2013-07-03,2273.5,2279.5,2260.5,2275.5
2013-07-05,2275.5,2297.25,2274.75,2293.75
2013-07-08,2295,2306,2292.5,2302
2013-07-09,2303.25,2315.5,2302.25,2312
2013-07-10,2313.5,2325.25,2307.75,2315
2013-07-11,2324.75,2338.25,2324,2336.5
2013-07-12,2335.5,2340.75,2332.75,2336.75
2013-07-15,2336.5,2346,2336.25,2344
2013-07-16,2344.25,2346,2333,2337.75
2013-07-17,2338.25,2347,2332.25,2342
2013-07-18,2343.25,2355,2338.25,2347
2013-07-19,2346.5,2357,2341.75,2356
2013-07-22,2356.5,2360.75,2352,2356.75
2013-07-23,2357,2362,2352.5,2354.75
2013-07-24,2356,2361.75,2343.75,2350.25
2013-07-25,2350.5,2353,2338.25,2350.5
2013-07-26,2352.25,2355.5,2337,2353
2013-07-29,2353,2354.5,2343,2349
2013-07-30,2348.75,2355,2343.75,2351.25
2013-07-31,2350.5,2360.5,2346.75,2347
2013-08-01,2352,2370.25,2351,2366.75
2013-08-02,2368.75,2371.5,2362.25,2370.5
2013-08-05,2369.25,2371.5,2365.25,2369
2013-08-06,2367.75,2370,2355.25,2360.5
2013-08-07,2359.25,2360,2347,2354.75
2013-08-08,2355.25,2363.5,2351,2360.25
2013-08-09,2360.5,2362.75,2349,2352.75
2013-08-12,2351.5,2355,2341.75,2353.5
2013-08-13,2354.5,2361,2345.75,2357.25
2013-08-14,2358,2359.75,2347.5,2348.5
2013-08-15,2347,2348.5,2320.75,2322.25
2013-08-16,2321.25,2328.5,2316,2317.5
2013-08-19,2317.5,2323.5,2308.75,2311.5
2013-08-20,2310.75,2323.25,2307.5,2317
2013-08-21,2317.5,2321.25,2300.5,2303
2013-08-22,2301.5,2324.25,2298,2321.25
2013-08-23,2322,2329.25,2317,2328
2013-08-26,2327.25,2334,2319.75,2320.75
2013-08-27,2321,2322,2292.75,2294.75
2013-08-28,2294.75,2305.75,2291.25,2298.75
2013-08-29,2297,2311.25,2294.25,2303.25
2013-08-30,2305.5,2311.5,2292,2297.75
2013-09-03,2306.75,2316.5,2297.25,2305.5
2013-09-04,2304.5,2321.75,2301.5,2320
2013-09-05,2321.25,2324.75,2317,2319.5
2013-09-06,2318.5,2330.5,2305.25,2320
2013-09-09,2318.5,2338.25,2318.5,2335.5
2013-09-10,2337.5,2349.75,2335.5,2349
2013-09-11,2348.75,2357,2344.25,2355.25
2013-09-12,2356.25,2356.5,2347.75,2351.5
2013-09-13,2351.25,2357,2347,2355
2013-09-16,2365,2377,2361.25,2364.5
2013-09-17,2362.25,2373,2361,2371.5
2013-09-18,2372.5,2396.5,2366.5,2391
2013-09-19,2391.75,2400,2386.5,2390.75
2013-09-20,2390.5,2392.75,2374.5,2375.75
2013-09-23,2379.75,2380.75,2362.75,2366
2013-09-24,2366.5,2374.25,2360.75,2365.75
2013-09-25,2365.5,2368.25,2357.75,2359
2013-09-26,2359.75,2370.75,2359,2365.75
2013-09-27,2367.75,2368.75,2353.25,2359.75
2013-09-30,2348.25,2354.25,2340,2347.5
2013-10-01,2351.75,2365.5,2348.5,2362.75
2013-10-02,2364.75,2365,2346.5,2356.25
2013-10-03,2356.25,2358,2336.5,2343
2013-10-04,2341.25,2359.25,2340.75,2358
2013-10-07,2350,2352.75,2339.75,2341
2013-10-08,2340.25,2344.75,2319.25,2323.75
2013-10-09,2321.25,2331.5,2313.25,2322
2013-10-10,2321.75,2361,2321.25,2358.25
2013-10-11,2356.25,2373.5,2346.25,2372.25
2013-10-14,2357.25,2380,2354,2377.5
2013-10-15,2379.5,2383,2362.75,2365.25
2013-10-16,2367.5,2390.25,2364.5,2386.5
2013-10-17,2385.25,2402,2379.5,2401
2013-10-18,2400.75,2413.5,2400.25,2409.75
2013-10-21,2411.25,2415.75,2408,2411.5
2013-10-22,2411,2427.75,2409.25,2422.75
2013-10-23,2422.75,2422.75,2407.75,2415
2013-10-24,2416,2425,2413.25,2421.75
2013-10-25,2421.25,2429,2416,2427.25
2013-10-28,2427,2435.5,2424.75,2432.25
2013-10-29,2432.25,2442,2427.75,2440.75
2013-10-30,2441.5,2446.5,2425,2433.75
2013-10-31,2431,2437.25,2423.5,2424.25
2013-11-01,2428.75,2434.5,2420.25,2428
2013-11-04,2427.25,2437.25,2426.5,2436.25
2013-11-05,2436,2437.25,2423.75,2429.75
2013-11-06,2430.5,2443.25,2429,2438.75
2013-11-07,2437,2447.75,2415.5,2418.5
2013-11-08,2418,2441.25,2409.75,2439.25
2013-11-11,2440.25,2443.5,2436,2440.75
2013-11-12,2441,2443,2431.75,2438.25
2013-11-13,2438,2455.5,2427.5,2452
2013-11-14,2453,2462.25,2450.5,2461
2013-11-15,2461,2469.25,2459.75,2466.75
2013-11-18,2466.75,2473,2458,2462
2013-11-19,2462.75,2467,2455.25,2458.5
2013-11-20,2458.75,2467.5,2447.75,2453
2013-11-21,2452.75,2468.75,2449,2467
2013-11-22,2466.5,2476.5,2465.25,2474.5
2013-11-25,2475.25,2482.5,2471.75,2475.75
2013-11-26,2474.5,2480.25,2472,2475.25
2013-11-27,2475.25,2480.75,2474.5,2477.5
2013-11-29,2477.75,2485.75,2476,2477.25
2013-12-02,2479.5,2482.25,2470.25,2473
2013-12-03,2473.5,2475,2459.5,2464.75
2013-12-04,2465.25,2472.75,2451,2465
2013-12-05,2465.75,2467.5,2455.25,2457.25
2013-12-06,2457.75,2479.25,2457.5,2478.25
2013-12-09,2479.75,2484.75,2478,2482.25
2013-12-10,2482.5,2484.75,2474.25,2476.25
2013-12-11,2477.5,2481.25,2452.5,2454
2013-12-12,2454,2457.25,2445,2448.25
2013-12-13,2446.75,2456.25,2445,2448
2013-12-16,2448,2465.75,2433.5,2459.75
2013-12-17,2457.75,2462,2449.75,2452.5
2013-12-18,2451.5,2486.25,2440.25,2484.25
2013-12-19,2483.5,2486.25,2474.5,2481.5
2013-12-20,2482,2497.5,2482,2494
2013-12-23,2496.5,2504,2496.25,2502.25
2013-12-24,2502.25,2509,2500,2508.5
2013-12-26,2509.5,2517.25,2509.25,2516
2013-12-27,2516,2519.5,2512.75,2516
2013-12-30,2515.5,2518,2513,2514.25
2013-12-31,2515,2526,2513.75,2520.5
2014-01-02,2517.25,2520.25,2501.25,2506
2014-01-03,2506.75,2512.5,2500,2505
2014-01-06,2503.5,2512,2496.75,2500.25
2014-01-07,2499.25,2514.25,2499,2510.25
2014-01-08,2510.25,2514.25,2505,2512
2014-01-09,2511.25,2518.5,2503.75,2512.5
2014-01-10,2512.75,2522,2505.75,2517.25
2014-01-13,2518,2518.25,2489,2494.5
2014-01-14,2495.25,2513.75,2492.25,2512.5
2014-01-15,2512.5,2525.25,2511,2521
2014-01-16,2521,2523.25,2514,2515.75
2014-01-17,2517.5,2522.25,2508.75,2513.75
2014-01-21,2513.5,2523.5,2505.75,2518
2014-01-22,2517,2522.75,2514.25,2518
2014-01-23,2518.5,2523.5,2493.25,2503.75
2014-01-24,2503.5,2507.5,2459.5,2461.5
2014-01-27,2461.25,2471.5,2446.5,2455.25
2014-01-28,2450.75,2476.5,2450.5,2467.75
2014-01-29,2475.5,2480.75,2443.5,2450.75
2014-01-30,2449.5,2473.25,2447.25,2460.75
2014-01-31,2463,2467.75,2440.75,2456
2014-02-03,2457,2463.25,2411.75,2412.25
2014-02-04,2417.75,2433,2413.5,2423.25
2014-02-05,2423.75,2430.25,2411.5,2423.5
2014-02-06,2424.25,2449.25,2423.5,2446
2014-02-07,2447.5,2473.5,2437.75,2473
2014-02-10,2472.5,2475.5,2465.75,2474.25
2014-02-11,2474.75,2499,2473.75,2493
2014-02-12,2492.75,2502.75,2490.75,2496.5
2014-02-13,2496.25,2506.5,2481.75,2503.75
2014-02-14,2503.25,2518.25,2495.5,2514.5
2014-02-18,2513,2519.75,2511,2517
2014-02-19,2516.75,2524,2502.75,2505
2014-02-20,2505.5,2519.75,2496.75,2515.75
2014-02-21,2515.5,2523.5,2512.25,2513.75
2014-02-24,2514.75,2536.25,2508.75,2525.5
2014-02-25,2524.25,2530.5,2516.75,2525.75
2014-02-26,2527,2532.75,2517.5,2521.5
2014-02-27,2523.25,2535.25,2512.25,2533.5
2014-02-28,2534,2546,2524.75,2537
2014-03-03,2525.5,2529,2511.75,2522.5
2014-03-04,2523.25,2554.25,2523,2551
2014-03-05,2550.25,2555,2547.25,2552
2014-03-06,2553.25,2560.5,2550.5,2555.75
2014-03-07,2555.75,2567,2548.75,2557.5
2014-03-10,2555,2558.25,2545.25,2556.75
2014-03-11,2555.75,2561.75,2542.5,2544.75
2014-03-12,2544.25,2548.5,2533.25,2547.25
2014-03-13,2548.25,2554.5,2521,2526.25
2014-03-14,2526.75,2532.5,2518.5,2519.5
2014-03-17,2519,2542.25,2510,2537.25
2014-03-18,2538.25,2553.5,2532,2550.25
2014-03-19,2550.5,2554,2528.5,2538.75
2014-03-20,2537.75,2553,2531.25,2552.5
2014-03-21,2551.25,2563.25,2542,2543.5
2014-03-24,2542,2552.5,2527.75,2536
2014-03-25,2536.75,2551,2534.5,2545.75
2014-03-26,2545.5,2555.25,2528,2529
2014-03-27,2531.5,2535,2520.5,2527
2014-03-28,2530,2546,2528,2537
2014-03-31,2541.5,2554.5,2541.5,2551
2014-04-01,2551,2565.25,2548.75,2564.25
2014-04-02,2564.25,2572.75,2562.75,2569.5
2014-04-03,2569.25,2574,2562,2569.5
2014-04-04,2570.75,2579,2542.25,2546.5
2014-04-07,2547.5,2548.25,2521,2524.5
2014-04-08,2526.5,2535.5,2517.25,2531.5
2014-04-09,2531.5,2553,2530.25,2551.25
2014-04-10,2552.25,2554,2510.25,2513.5
2014-04-11,2516,2518.5,2493.75,2498.25
2014-04-14,2492.5,2514.5,2489.75,2511
2014-04-15,2511.5,2530.5,2495.75,2526
2014-04-16,2529.25,2543.5,2527,2539.25
2014-04-17,2539,2550.25,2533.75,2544.5
2014-04-21,2545.75,2552,2543,2551
2014-04-22,2550.75,2565.25,2547.25,2560.5
2014-04-23,2559.5,2567.25,2554,2559.5
2014-04-24,2565.5,2569,2550.25,2559.5
2014-04-25,2559,2560.25,2539.5,2546.5
2014-04-28,2548.25,2558.25,2530.5,2552.5
2014-04-29,2552.5,2561.75,2551.5,2558.25
2014-04-30,2557,2566.75,2552.75,2564.5
2014-05-01,2566,2569.25,2558,2564.25
2014-05-02,2565.25,2572.5,2558.5,2561
2014-05-05,2562,2566.5,2547,2562.25
2014-05-06,2564,2568,2548.25,2550.75
2014-05-07,2550.5,2562.25,2541,2560.75
2014-05-08,2561.25,2571.25,2551.5,2558.75
2014-05-09,2556.75,2561.5,2549,2560
2014-05-12,2560.5,2580.5,2560.5,2579.25
2014-05-13,2580,2585,2578.5,2580.75
2014-05-14,2581.25,2583.75,2568.75,2571.75
2014-05-15,2572.25,2575,2545.5,2553.75
2014-05-16,2553.5,2562.25,2547.75,2561.25
2014-05-19,2562.75,2569.5,2552.25,2568.75
2014-05-20,2568,2571,2551.25,2554.5
2014-05-21,2555,2573,2553,2571.5
2014-05-22,2570.25,2580.5,2569.25,2576.75
2014-05-23,2576.75,2585.75,2576,2583.5
2014-05-27,2584.5,2596.5,2583.5,2595.75
2014-05-28,2596.25,2600.5,2591,2595.5
2014-05-29,2596.25,2604.5,2593.75,2604.5
2014-05-30,2603.5,2608.75,2600.75,2608
2014-06-02,2607.75,2610.75,2600.25,2608.25
2014-06-03,2608,2610,2602.5,2608.5
2014-06-04,2609.25,2613.5,2602.5,2612.25
2014-06-05,2612,2627.25,2607.5,2625
2014-06-06,2625,2636.25,2624.25,2635.75
2014-06-09,2635.75,2641.25,2632.25,2636.75
2014-06-10,2635.75,2638.25,2629.5,2637
2014-06-11,2637.25,2637.5,2625,2630.5
2014-06-12,2630.25,2634.25,2611.25,2617
2014-06-13,2617.25,2623.5,2613,2622.25
2014-06-16,2620.75,2627.25,2613,2623
2014-06-17,2622.75,2629.5,2617.5,2627.5
2014-06-18,2627.25,2644,2623,2642.75
2014-06-19,2641.75,2646,2637.75,2644
2014-06-20,2642.75,2650.5,2642,2647
2014-06-23,2646.5,2653.5,2643.75,2646.75
2014-06-24,2645,2653.75,2633.5,2637
2014-06-25,2636,2647,2631,2643.25
2014-06-26,2642.5,2646.25,2630,2642.5
2014-06-27,2642,2647.75,2636.5,2645.75
2014-06-30,2645.5,2650.5,2641.75,2646.25
2014-07-01,2648.25,2665.5,2647.25,2659.5
2014-07-02,2660,2663.75,2658.25,2661.5
2014-07-03,2661.75,2672,2659.75,2671.25
2014-07-07,2669.5,2671.25,2661,2664.75
2014-07-08,2664.25,2664.5,2646.5,2654.25
2014-07-09,2654.25,2662,2652,2661
2014-07-10,2661.25,2662,2639,2651.5
2014-07-11,2651,2657.25,2646.75,2656.25
2014-07-14,2656.5,2667.75,2656.25,2664.75
2014-07-15,2665,2670,2652.5,2661.75
2014-07-16,2661.75,2671.75,2660.75,2668.5
2014-07-17,2665,2669.75,2642.25,2647.25
2014-07-18,2643,2668,2636.25,2665.25
2014-07-21,2664,2665.25,2652.75,2660
2014-07-22,2659.5,2674.25,2659,2668.75
2014-07-23,2666.75,2677.25,2666.5,2674.5
2014-07-24,2674.75,2679.5,2670.5,2674.5
2014-07-25,2672.5,2674.5,2661.75,2665.25
2014-07-28,2664.5,2669.75,2654.5,2666.75
2014-07-29,2666.25,2673.25,2655.75,2656.75
2014-07-30,2658,2668,2650.25,2658.75
2014-07-31,2658.75,2659.25,2617.25,2618.5
2014-08-01,2619.75,2626,2604,2612.25
2014-08-04,2613.25,2631.25,2608.5,2625.75
2014-08-05,2624.75,2627,2601.25,2606.75
2014-08-06,2608.5,2617.25,2596.75,2608.5
2014-08-07,2608.5,2619.5,2593.5,2599
2014-08-08,2599,2622,2584,2617.5
2014-08-11,2617.25,2634.75,2617,2626.25
2014-08-12,2627.75,2632.5,2617.25,2624.25
2014-08-13,2626,2640.25,2624.5,2638.5
2014-08-14,2639.75,2648.75,2635.75,2647.25
2014-08-15,2648,2654.75,2631,2646.25
2014-08-18,2649.5,2662.75,2649.5,2661.25
2014-08-19,2662.25,2673.5,2662,2671
2014-08-20,2671.5,2679.75,2666.75,2677
2014-08-21,2676.5,2685.75,2674.5,2683.25
2014-08-22,2683.5,2685.25,2675.25,2681.5
2014-08-25,2683.75,2693.5,2682.5,2688.75
2014-08-26,2688.25,2696.5,2686,2692.25
2014-08-27,2693,2694.25,2687.25,2690.75
2014-08-28,2690.5,2693.25,2681.25,2690.5
2014-08-29,2693,2697.5,2686,2695.25
2014-09-02,2692.75,2700,2686.5,2693.5
2014-09-03,2694.25,2704.75,2690,2692.5
2014-09-04,2692.5,2703.75,2684.5,2691.5
2014-09-05,2692.75,2701.5,2682,2699.75
2014-09-08,2700.25,2700.5,2687.75,2694.25
2014-09-09,2694,2696.75,2677,2683.5
2014-09-10,2683.25,2690,2675.25,2688.75
2014-09-11,2688.25,2693.25,2678.75,2690.75
2014-09-12,2693,2693,2673.25,2678.5
2014-09-15,2675.5,2681,2665.75,2678
2014-09-16,2678.75,2696.5,2672.25,2693.5
2014-09-17,2693.5,2705.25,2685.25,2695.75
2014-09-18,2697.5,2708.75,2695,2706.5
2014-09-19,2708,2716.5,2700.25,2705.75
2014-09-22,2704,2705,2684.5,2688.25
2014-09-23,2686,2690,2670.25,2674.25
2014-09-24,2671.75,2694.5,2671.5,2693
2014-09-25,2692.75,2693.5,2659.75,2663.5
2014-09-26,2663,2681.25,2658.5,2678
2014-09-29,2676.75,2679,2657.5,2671.5
2014-09-30,2670.75,2680.25,2662.5,2667.5
2014-10-01,2663,2669,2635.75,2642.75
2014-10-02,2642.75,2647.75,2620.25,2640.5
2014-10-03,2640.5,2666.5,2637.75,2662.25
2014-10-06,2663,2673,2652.5,2658
2014-10-07,2655.25,2658.25,2626.25,2630
2014-10-08,2628.25,2666,2620,2663.75
2014-10-09,2663.5,2670.5,2617.25,2627
2014-10-10,2619,2633.25,2595.25,2596.25
2014-10-13,2594,2608,2565.75,2567.5
2014-10-14,2568.25,2594.75,2566.75,2576.75
2014-10-15,2580.25,2585.25,2515,2548.75
2014-10-16,2548.75,2571.75,2517.25,2552.5
2014-10-17,2555,2593.75,2553,2583
2014-10-20,2586,2606.5,2574.25,2602
2014-10-21,2605.5,2641.75,2587.75,2640
2014-10-22,2640.25,2645.75,2622.25,2627
2014-10-23,2626.5,2658.25,2624.25,2648
2014-10-24,2648,2663.25,2633.75,2661.75
2014-10-27,2662.25,2667.75,2646.5,2659
2014-10-28,2659.75,2682.75,2658.75,2682
2014-10-29,2678,2687.75,2664,2674.25
2014-10-30,2673.75,2696.25,2661.25,2690.5
2014-10-31,2689.75,2718.75,2688.75,2713.5
2014-11-03,2713.25,2721.25,2709,2713
2014-11-04,2712.5,2715.75,2697.25,2707.5
2014-11-05,2708.25,2722.5,2705.75,2720.75
2014-11-06,2720.5,2731.25,2712.75,2730
2014-11-07,2729.25,2735.5,2722.5,2728
2014-11-10,2727.75,2737,2723,2736
2014-11-11,2735.75,2741,2733,2738.5
2014-11-12,2738.5,2739.25,2728.75,2738
2014-11-13,2736.75,2745.75,2728.75,2736
2014-11-14,2735,2741.75,2734,2740
2014-11-17,2740.5,2742.5,2727.25,2741.75
2014-11-18,2741.25,2756,2737.75,2750.5
2014-11-19,2750.75,2752.5,2739.75,2749.25
2014-11-20,2749,2754.75,2737.25,2754
2014-11-21,2754.25,2774.25,2751.75,2763.75
2014-11-24,2764.25,2771,2762.75,2769.5
2014-11-25,2769.25,2775,2764.75,2769.5
2014-11-26,2770.25,2777.25,2767.25,2774.25
2014-11-28,2776,2776.75,2765.5,2768.25
2014-12-01,2765.25,2766,2750.25,2752.75
2014-12-02,2753,2770,2752.75,2768
2014-12-03,2768.5,2778,2765.25,2774.5
2014-12-04,2775,2779.25,2763.25,2774
2014-12-05,2773.75,2781,2770.5,2778
2014-12-08,2777.75,2779.5,2755.75,2761.5
2014-12-09,2762.25,2764.25,2735.25,2759.5
2014-12-10,2759.75,2762,2725.25,2728.5
2014-12-11,2728.25,2758.5,2725.75,2733
2014-12-12,2731.5,2734.25,2698.5,2699.25
2014-12-15,2700.75,2721.25,2683.5,2692
2014-12-16,2693.25,2720,2670.25,2673.75
2014-12-17,2675.5,2719.75,2674.75,2717
2014-12-18,2716.75,2771.5,2713.25,2768.75
2014-12-19,2769,2785,2765.25,2775.75
2014-12-22,2773.75,2784.75,2772.75,2781.25
2014-12-23,2781.75,2793.25,2780.25,2787.75
2014-12-24,2787.5,2792.25,2785.75,2787.5
2014-12-26,2787.5,2797.5,2787.25,2793
2014-12-29,2794.75,2797.5,2784.75,2794.5
2014-12-30,2796.25,2797.25,2781.75,2785.5
2014-12-31,2785,2791.5,2759.5,2761.25
2015-01-02,2763.75,2776,2747.5,2755
2015-01-05,2754.5,2757,2718.25,2724.75
2015-01-06,2727.75,2732.25,2693,2703.25
2015-01-07,2705.25,2732.5,2704.5,2728.25
2015-01-08,2729.25,2767.25,2729,2763.75
2015-01-09,2762.5,2770.75,2740,2744
2015-01-12,2743.25,2757,2724,2731.25
2015-01-13,2732.5,2760.5,2709.75,2724.75
2015-01-14,2726,2728.25,2690,2716.25
2015-01-15,2718.5,2736,2687,2697.75
2015-01-16,2689.5,2723,2679,2721.75
2015-01-20,2722.25,2735.25,2706.25,2725.5
2015-01-21,2724.5,2741.5,2714,2735.25
2015-01-22,2735.5,2768,2728,2765.25
2015-01-23,2765.25,2771.25,2751,2752.75
2015-01-26,2743.75,2763.75,2734.25,2762.25
2015-01-27,2762.75,2763.5,2722,2738.75
2015-01-28,2745.25,2755.25,2700,2700.25
2015-01-29,2702.25,2728.75,2690.75,2727.25
2015-01-30,2728,2729.25,2695,2697.25
2015-02-02,2699.25,2727.25,2682.5,2725.75
2015-02-03,2723.75,2752.75,2715.75,2750.75
2015-02-04,2749.25,2758,2731.5,2738.75
2015-02-05,2733.75,2767.5,2729.5,2763.75
2015-02-06,2765,2776.75,2753.25,2761.75
2015-02-09,2758.75,2760.5,2745.25,2751.25
2015-02-10,2752.5,2775.25,2749.25,2771
2015-02-11,2771.5,2788.25,2762,2774.5
2015-02-12,2780.25,2794.25,2767.25,2792.75
2015-02-13,2791.75,2803.75,2790.25,2802.25
2015-02-17,2800,2807.5,2789.5,2804.75
2015-02-18,2805.25,2807.25,2797.25,2804.25
2015-02-19,2804,2808.25,2796,2804
2015-02-20,2804.75,2817.5,2791,2815.75
2015-02-23,2816,2817,2808.5,2815.5
2015-02-24,2815,2824.5,2811.5,2822.5
2015-02-25,2822.5,2826.5,2816,2819
2015-02-26,2819.25,2823.5,2810.25,2818.75
2015-02-27,2818.25,2819.75,2809.5,2811.5
2015-03-02,2812.75,2824.25,2809.25,2822.75
2015-03-03,2822.75,2823.25,2804.25,2813.5
2015-03-04,2813.5,2813.5,2794,2805.25
2015-03-05,2805.25,2812.25,2802,2808.5
2015-03-06,2808.25,2812.25,2774.25,2779.5
2015-03-09,2782.25,2791.25,2774.75,2786.5
2015-03-10,2786.25,2786.75,2750,2750.75
2015-03-11,2753,2761,2747,2748.25
2015-03-12,2750.75,2775.25,2747,2772.75
2015-03-13,2773,2777.5,2748.75,2758.5
2015-03-16,2759.5,2790.5,2753.25,2785.25
2015-03-17,2783.25,2787.25,2773,2783
2015-03-18,2783,2816.5,2769,2809.25
2015-03-19,2810.25,2815.75,2793.25,2798.25
2015-03-20,2796.25,2823.5,2794.5,2816
2015-03-23,2814.5,2823.75,2810,2811.5
2015-03-24,2810.75,2817.75,2799.75,2801.75
2015-03-25,2802,2806,2769,2770.5
2015-03-26,2772.75,2775.5,2750,2765.25
2015-03-27,2766.75,2774.5,2757.75,2769.25
2015-03-30,2769.5,2798.5,2764,2792.25
2015-03-31,2791.5,2793.5,2773,2777.5
2015-04-01,2774.75,2777.5,2750.25,2769.75
2015-04-02,2772,2781.5,2760.75,2776.25
2015-04-03,2776.75,2780.5,2754.75,2776.25
2015-04-06,2756.25,2796.75,2755.5,2790
2015-04-07,2788.25,2799.5,2782.75,2784.5
2015-04-08,2785.25,2797,2781.25,2792.75
2015-04-09,2794.5,2803.75,2783.5,2802.5
2015-04-10,2802.75,2813,2799.75,2812.25
2015-04-13,2812,2818,2802,2803.25
2015-04-14,2803.75,2809.5,2792.5,2807.75
2015-04-15,2808.5,2822.25,2804,2816.5
2015-04-16,2818.25,2821.5,2805.75,2817.5
2015-04-17,2818,2818.5,2781.25,2792.25
2015-04-20,2797.75,2814.25,2795.25,2807.75
2015-04-21,2806.25,2822,2804,2807.75
2015-04-22,2808.75,2820.5,2797,2817
2015-04-23,2816,2831.25,2804.25,2823.75
2015-04-24,2824.25,2831.5,2819.75,2828.5
2015-04-27,2830,2836.5,2817,2821.5
2015-04-28,2820.5,2829.25,2805,2828.75
2015-04-29,2827.5,2829.25,2807.25,2815.75
2015-04-30,2815,2818.75,2787,2795.75
2015-05-01,2799.5,2819.25,2797.25,2818.25
2015-05-04,2818.5,2831.75,2814.75,2826
2015-05-05,2826.25,2828.5,2798.25,2800.75
2015-05-06,2802.25,2810.5,2778,2791
2015-05-07,2791.5,2805,2773.75,2801
2015-05-08,2802,2830.25,2800.75,2825.25
2015-05-11,2826.75,2830.25,2812.5,2814.5
2015-05-12,2814.5,2817.75,2796,2811.75
2015-05-13,2813,2823.25,2808.25,2811.25
2015-05-14,2812.75,2835,2808.75,2834.25
2015-05-15,2834,2839.5,2830,2835.75
2015-05-18,2836,2845.5,2829,2842.75
2015-05-19,2843.5,2850.75,2838,2841.25
2015-05-20,2841,2849,2836,2839.25
2015-05-21,2837.5,2848.75,2831.75,2844.75
2015-05-22,2846,2847.75,2839.5,2841.25
2015-05-26,2841.25,2843.75,2812.75,2821.75
2015-05-27,2822.5,2841,2818,2837.75
2015-05-28,2836.75,2839.5,2827.25,2838.5
2015-05-29,2838.5,2839.5,2819,2822.75
2015-06-01,2823.75,2834.5,2817,2826
2015-06-02,2827.75,2832.75,2810.75,2823.5
2015-06-03,2823.75,2837.5,2823.5,2832.75
2015-06-04,2833,2833.25,2808,2815.75
2015-06-05,2815.5,2819.5,2800.25,2809
2015-06-08,2808.75,2810,2793,2795
2015-06-09,2796.75,2801.5,2785.5,2796.75
2015-06-10,2797.5,2824.75,2796.75,2823.75
2015-06-11,2822.75,2831.5,2820,2826
2015-06-12,2825.75,2826,2807,2809.75
2015-06-15,2803.75,2806.5,2788,2800.75
2015-06-16,2800.5,2815.25,2787.25,2814.25
2015-06-17,2815,2824,2804,2814.5
2015-06-18,2814.25,2844.5,2807.25,2840
2015-06-19,2840,2843,2822.25,2823
2015-06-22,2831,2847.25,2828.75,2838
2015-06-23,2840,2845.75,2836.5,2841.75
2015-06-24,2842.75,2843.75,2824.25,2824.75
2015-06-25,2826.5,2838,2817.25,2819.25
2015-06-26,2820,2826,2811.5,2821
2015-06-29,2789.25,2808.5,2772.5,2775.75
2015-06-30,2779.75,2794.25,2772,2779.75
2015-07-01,2779.75,2802.75,2779.75,2796.25
2015-07-02,2796.75,2804.25,2787.5,2794
2015-07-06,2793.75,2797,2759.5,2789.75
2015-07-07,2793,2803.25,2760.25,2799
2015-07-08,2798.25,2798.5,2761.5,2764.5
2015-07-09,2765,2793.25,2763.5,2766.5
2015-07-10,2770,2800,2770,2794.25
2015-07-13,2780,2820,2777.25,2819.75
2015-07-14,2819.25,2830.75,2815.75,2827.25
2015-07-15,2827.75,2833,2820.25,2829.5
2015-07-16,2829.25,2843.75,2828,2842.25
2015-07-17,2842.25,2845.25,2838,2844
2015-07-20,2843.25,2851.5,2841.75,2847.25
2015-07-21,2846.5,2850.25,2832,2839.75
2015-07-22,2833,2837.25,2827.5,2833.25
2015-07-23,2834.5,2839,2816.75,2823.75
2015-07-24,2826.25,2829.25,2795,2802.75
2015-07-27,2803.5,2806,2781.75,2789.75
2015-07-28,2790.75,2814.25,2786.75,2812.5
2015-07-29,2813.25,2829.5,2809.75,2826.75
2015-07-30,2824.75,2829.5,2813,2829
2015-07-31,2827,2834.5,2820.5,2823.75
2015-08-03,2824,2827.75,2805.25,2816.25
2015-08-04,2815.75,2821.5,2806.75,2808.25
2015-08-05,2807.75,2832.25,2807.5,2819
2015-08-06,2819.25,2824.5,2795.25,2804.75
2015-08-07,2805.25,2808,2787.25,2798.75
2015-08-10,2797.25,2826.5,2797,2825
2015-08-11,2826,2827,2796,2805
2015-08-12,2806,2810.5,2771.75,2809.5
2015-08-13,2808,2818.25,2798.5,2805.75
2015-08-14,2804.5,2815.75,2799,2814.75
2015-08-17,2814.75,2825.75,2800,2824.5
2015-08-18,2823.5,2829,2815.5,2819.25
2015-08-19,2818.5,2823.25,2791.75,2798
2015-08-20,2798.75,2803,2749.75,2750.75
2015-08-21,2751.5,2754.25,2692.5,2696.75
2015-08-24,2689.75,2690,2556.25,2596.5
2015-08-25,2598,2673.75,2585.25,2598
2015-08-26,2601.25,2668.25,2575.75,2663.25
2015-08-27,2666.5,2715.5,2659.75,2714.5
2015-08-28,2713.5,2718,2692.5,2715
2015-08-31,2711.5,2713,2684.5,2694.5
2015-09-01,2690.75,2691.5,2624,2641.25
2015-09-02,2638.75,2674.25,2632.5,2672.25
2015-09-03,2672.75,2698.75,2667.25,2671.25
2015-09-04,2672.5,2674.5,2633,2647
2015-09-08,2642,2694,2641,2691
2015-09-09,2691.75,2717.25,2660.75,2668
2015-09-10,2669,2692.5,2653.75,2674.75
2015-09-11,2674.75,2687.75,2662.5,2685.5
2015-09-14,2689,2699.5,2671.75,2679.25
2015-09-15,2678.75,2708.25,2670.5,2705.25
2015-09-16,2705.5,2724.25,2698,2723.25
2015-09-17,2721.75,2747,2707.25,2712.5
2015-09-18,2711.75,2718.25,2676.5,2685.75
2015-09-21,2684.5,2704.25,2673.75,2698.25
2015-09-22,2699.5,2700.25,2653,2667.25
2015-09-23,2665.75,2677,2645.75,2663.75
2015-09-24,2667,2671.5,2632.5,2654
2015-09-25,2648.5,2686.25,2645.5,2654.5
2015-09-28,2650.75,2665,2604,2607.25
2015-09-29,2611.5,2625,2596.25,2609.75
2015-09-30,2610.25,2645.75,2606.5,2644
2015-10-01,2637.75,2664.75,2625.5,2652
2015-10-02,2652.25,2679,2618.25,2678.25
2015-10-05,2676.25,2715.25,2672.5,2710
2015-10-06,2708.25,2717.5,2697.75,2703.75
2015-10-07,2696.25,2726.5,2695.75,2722.5
2015-10-08,2723,2744,2706.25,2741.75
2015-10-09,2739.25,2749.25,2734,2742.75
2015-10-12,2740.5,2749.25,2737,2746.25
2015-10-13,2747.25,2750,2726.5,2729.25
2015-10-14,2726.75,2737,2717.75,2719.25
2015-10-15,2721,2754.75,2720.25,2754.25
2015-10-16,2753.5,2761.75,2747.5,2760.75
2015-10-19,2759.75,2763.25,2749.5,2762.75
2015-10-20,2761.75,2766.75,2753.75,2755.75
2015-10-21,2755,2769.5,2742.75,2743.75
2015-10-22,2745.75,2791.25,2743.75,2788.25
2015-10-23,2789.5,2809.75,2788.5,2801.25
2015-10-26,2801.25,2803.25,2792.75,2797.5
2015-10-27,2799,2800,2786.5,2795.75
2015-10-28,2797.25,2820.5,2790.75,2819.75
2015-10-29,2816.25,2821.75,2808.5,2818.25
2015-10-30,2820,2830,2805,2809
2015-11-02,2808.25,2835.25,2799.5,2830.75
2015-11-03,2828.5,2845.5,2824.25,2838.25
2015-11-04,2837.75,2845,2825.75,2830
2015-11-05,2830.75,2840,2819.25,2829.25
2015-11-06,2830,2834.25,2812.75,2829
2015-11-09,2827.25,2833,2797.25,2808.25
2015-11-10,2807.5,2814.25,2799.75,2813.25
2015-11-11,2811.75,2822.5,2803,2804.25
2015-11-12,2803.75,2812.75,2774.75,2775.75
2015-11-13,2775.75,2781.25,2746.75,2753.75
2015-11-16,2741.75,2786.25,2733.75,2783.25
2015-11-17,2783,2798.75,2776.75,2784.25
2015-11-18,2785,2817.75,2778.25,2815
2015-11-19,2813.5,2824.5,2810.5,2814.5
2015-11-20,2813.5,2829.75,2811.25,2824
2015-11-23,2825,2828.25,2813.5,2819.5
2015-11-24,2818.25,2826.75,2800.75,2820
2015-11-25,2819.25,2827.75,2817.5,2823.25
2015-11-27,2824.75,2833.5,2816.75,2825.25
2015-11-30,2824.75,2830.25,2813.75,2815
2015-12-01,2820.75,2836.75,2818.75,2835.25
2015-12-02,2834.75,2840.25,2810.25,2816.75
2015-12-03,2818.5,2830.5,2775.25,2786.5
2015-12-04,2788.5,2828.25,2782,2823.75
2015-12-07,2827.5,2830.75,2799.75,2816.25
2015-12-08,2815.25,2816.75,2785.5,2794
2015-12-09,2794.75,2815,2769.5,2777.25
2015-12-10,2781,2802.25,2779,2784.5
2015-12-11,2786,2791.5,2740.25,2745
2015-12-14,2743.25,2763.5,2727.5,2753.75
2015-12-15,2757.25,2790,2754.25,2781.25
2015-12-16,2781.75,2813,2775.25,2808
2015-12-17,2805,2817,2767,2769
2015-12-18,2768.25,2774,2735.25,2736.25
2015-12-21,2741.5,2763.75,2739.5,2759.25
2015-12-22,2761.25,2780.75,2751.5,2780.25
2015-12-23,2778.25,2802,2775,2797.25
2015-12-24,2797,2804,2793.25,2795.5
2015-12-28,2795.5,2798.75,2779.5,2793
2015-12-29,2794,2818.75,2791.75,2817
2015-12-30,2816.25,2819.25,2797.75,2798.75
2015-12-31,2799.5,2802,2774.5,2779.75
2016-01-04,2782,2787.75,2724.5,2753.25
2016-01-05,2753.25,2761.25,2736.5,2756
2016-01-06,2755,2757.5,2714.75,2730.25
2016-01-07,2732,2735.25,2672.75,2677.25
2016-01-08,2680.75,2709,2654.25,2655.75
2016-01-11,2653.5,2673.25,2636.75,2658.5
2016-01-12,2657.75,2684.5,2643.25,2669.25
2016-01-13,2666.75,2690.75,2622.25,2625.75
2016-01-14,2628,2671.75,2615.25,2658.75
2016-01-15,2657.75,2665.25,2593.5,2619.25
2016-01-19,2614,2651.75,2600.5,2617.25
2016-01-20,2616,2622.75,2548.5,2599.25
2016-01-21,2599,2627.5,2580.5,2605.25
2016-01-22,2602.75,2646.5,2600,2643.5
2016-01-25,2643.75,2648.5,2611.75,2614.5
2016-01-26,2616,2644,2595.5,2640.25
2016-01-27,2629.5,2654.25,2608.75,2619.25
2016-01-28,2624.25,2646.75,2610,2625
2016-01-29,2623,2677.25,2620.75,2674.25
2016-02-01,2674,2684.25,2656.75,2675.5
2016-02-02,2672.75,2673.5,2633.25,2641.75
2016-02-03,2639.25,2656.5,2609.25,2652.75
2016-02-04,2652,2666.5,2634.5,2652
2016-02-05,2649.5,2658.75,2610,2619.5
2016-02-08,2620.5,2628.75,2566,2596.25
2016-02-09,2594,2608,2570,2592.5
2016-02-10,2594.25,2622,2582.75,2591
2016-02-11,2586.5,2591.5,2546.75,2568.75
2016-02-12,2571.5,2605,2566.75,2602.5
2016-02-16,2609.5,2637,2609.25,2633
2016-02-17,2632.5,2672.25,2625.75,2667
2016-02-18,2671,2677.75,2655.5,2660.75
2016-02-19,2661.75,2667,2642.75,2658.75
2016-02-22,2655.25,2688,2652.5,2680.5
2016-02-23,2678.25,2682.25,2658,2660.25
2016-02-24,2658.25,2678,2631,2674.5
2016-02-25,2677.25,2695.75,2664.5,2694.75
2016-02-26,2693.25,2713,2685.5,2687
2016-02-29,2687.25,2700.5,2670.75,2673.75
2016-03-01,2672.25,2722.75,2665,2722.25
2016-03-02,2720.5,2729,2710.5,2727.75
2016-03-03,2726,2736.75,2719,2734.75
2016-03-04,2735.25,2751.75,2728.25,2739.25
2016-03-07,2738.75,2748.75,2728.75,2743.25
2016-03-08,2743.25,2744.5,2720.25,2725.25
2016-03-09,2726,2738.25,2722.25,2733.25
2016-03-10,2734.25,2754.5,2711.5,2733
2016-03-11,2732.75,2766.5,2731.75,2764.25
2016-03-14,2763.5,2768.75,2756.25,2763
2016-03-15,2763,2763.75,2748.75,2760.25
2016-03-16,2760.5,2776.5,2750.75,2771
2016-03-17,2770.75,2790.5,2759.5,2784
2016-03-18,2785,2796.5,2780.75,2791.25
2016-03-21,2790.25,2798.25,2784.75,2796.5
2016-03-22,2797,2801.25,2782.5,2796.25
2016-03-23,2796.75,2799,2779,2782.5
2016-03-24,2781.75,2784,2766,2782.25
2016-03-28,2784,2793.5,2775.75,2781.75
2016-03-29,2781.5,2803,2773,2801.25
2016-03-30,2802.25,2818.25,2800.5,2809
2016-03-31,2809.25,2813.5,2801,2805.25
2016-04-01,2806.5,2820.75,2789,2818.75
2016-04-04,2817.75,2825.25,2808,2811.25
2016-04-05,2809.25,2809.25,2788,2792.5
2016-04-06,2795.75,2814.25,2788.75,2814
2016-04-07,2813.5,2815.75,2779.75,2788.75
2016-04-08,2788.25,2808,2784,2794.5
2016-04-11,2794.75,2810.25,2786.25,2788.25
2016-04-12,2786.25,2812.25,2783,2809.5
2016-04-13,2809,2830.75,2807.75,2829.75
2016-04-14,2830,2835.5,2822.25,2830.25
2016-04-15,2831.5,2833.75,2823.25,2828.75
2016-04-18,2818,2842.5,2812.25,2840.5
2016-04-19,2839,2852.25,2838.5,2847.5
2016-04-20,2848,2859,2839.5,2851.75
2016-04-21,2851.5,2857.75,2832.5,2836.5
2016-04-22,2833.5,2842.75,2828.75,2839.75
2016-04-25,2845.25,2845.25,2824.75,2837
2016-04-26,2838,2845,2833.25,2842.25
2016-04-27,2836,2847.75,2830,2844.5
2016-04-28,2846.25,2848,2819,2826.25
2016-04-29,2827.5,2829.75,2799.5,2812.75
2016-05-02,2814.5,2831.25,2809.25,2828
2016-05-03,2829.25,2830,2801.75,2810.75
2016-05-04,2811.25,2814,2792.75,2800.75
2016-05-05,2800.25,2813.75,2793.25,2797.75
2016-05-06,2797.25,2808.25,2784.25,2806.5
2016-05-09,2806.75,2813.5,2802,2808
2016-05-10,2807.75,2833.5,2801.75,2831.25
2016-05-11,2831,2832.5,2811.25,2811.75
2016-05-12,2812.75,2826.5,2802.25,2812.5
2016-05-13,2813,2817.25,2792.25,2797.25
2016-05-16,2795,2822.25,2788.75,2816.5
2016-05-17,2815.75,2823.25,2790.5,2797.25
2016-05-18,2797.5,2811.5,2784.5,2795.25
2016-05-19,2797.25,2798.5,2775.75,2792.5
2016-05-20,2792.5,2809.25,2791,2803.75
2016-05-23,2807,2809.75,2797.25,2799
2016-05-24,2798.75,2831,2795,2828.75
2016-05-25,2828.75,2846.25,2827.25,2841
2016-05-26,2842.5,2845.5,2836.25,2843.5
2016-05-27,2844.25,2852.5,2841.75,2851
2016-05-31,2853.75,2857.5,2839.75,2848.75
2016-06-01,2847.75,2853,2837,2851.75
2016-06-02,2850.5,2858.5,2840.5,2857.5
2016-06-03,2857.25,2859.75,2836.5,2851.5
2016-06-06,2851.25,2866,2847.75,2862
2016-06-07,2862,2871.75,2860.25,2864
2016-06-08,2864,2873.5,2860.25,2871.75
2016-06-09,2871.5,2872.25,2860,2868
2016-06-10,2867.5,2867.75,2842.25,2850
2016-06-13,2843,2852,2829.5,2832.5
2016-06-14,2830,2835.5,2817.5,2828.75
2016-06-15,2827.25,2842.25,2822.5,2826.25
2016-06-16,2825.25,2834.25,2803.5,2833.25
2016-06-17,2831.5,2837.5,2816,2821.75
2016-06-20,2833.75,2855.25,2833,2837
2016-06-21,2841.75,2848.75,2836.75,2843.25
2016-06-22,2842,2854,2838,2839.5
2016-06-23,2845.75,2876,2845.75,2868.5
2016-06-24,2878.5,2882.25,2761.75,2781.25
2016-06-27,2776.5,2785.25,2744.25,2747.75
2016-06-28,2745.25,2792.5,2745,2791.25
2016-06-29,2791,2837.5,2785.5,2829.5
2016-06-30,2835,2854,2819.25,2853
2016-07-01,2849.25,2863.5,2844.25,2859
2016-07-05,2862.5,2867.5,2835.25,2845.5
2016-07-06,2846.75,2857.25,2828.5,2856.75
2016-07-07,2854.75,2864.75,2844.5,2854.75
2016-07-08,2854.75,2888.25,2850.25,2883.25
2016-07-11,2883,2899.5,2882.75,2893
2016-07-12,2893.5,2912,2891.25,2908.5
2016-07-13,2908.5,2915,2902.25,2908.75
2016-07-14,2908,2930.75,2905.5,2920
2016-07-15,2919.25,2927.5,2906,2915.5
2016-07-18,2917.25,2926,2915.5,2922.75
2016-07-19,2922.75,2923.5,2914,2921.5
2016-07-20,2921.75,2932.5,2918,2930.25
2016-07-21,2931,2933,2916.25,2920.75
2016-07-22,2921.75,2932,2918.75,2930.25
2016-07-25,2930.5,2935.25,2918.5,2925
2016-07-26,2925.5,2930.75,2916.5,2926
2016-07-27,2928.75,2932,2914.75,2923.25
2016-07-28,2925.5,2931.25,2916.25,2927.5
2016-07-29,2928.25,2934.5,2920.25,2931
2016-08-01,2936.75,2940.5,2922.5,2927.25
2016-08-02,2928.75,2933.75,2904.25,2915.5
2016-08-03,2915,2921,2908,2919.75
2016-08-04,2919.5,2927,2916.75,2922
2016-08-05,2922.25,2941.25,2922,2939.5
2016-08-08,2938.75,2945.75,2936,2938.25
2016-08-09,2938.75,2946.25,2936.5,2940.25
2016-08-10,2940.75,2944.25,2930.5,2935.5
2016-08-11,2935.25,2948,2932.75,2944.5
2016-08-12,2944.5,2946.75,2938.25,2943
2016-08-15,2943.5,2953.5,2943.25,2948.75
2016-08-16,2948.75,2949,2938,2939.5
2016-08-17,2940.25,2944.75,2928.25,2942.5
2016-08-18,2943.5,2947.25,2939,2946.25
2016-08-19,2946.25,2947,2935.25,2944.5
2016-08-22,2944.5,2947.25,2936.25,2944.25
2016-08-23,2943.5,2954.25,2942,2948
2016-08-24,2948.5,2950.5,2931.5,2937.75
2016-08-25,2937.75,2940,2930.25,2936.25
2016-08-26,2936.75,2949.5,2920.25,2931.25
2016-08-29,2930.5,2945,2927.25,2942
2016-08-30,2942.75,2944.25,2931.25,2938
2016-08-31,2938.5,2939,2922.25,2932.25
2016-09-01,2931.75,2940,2917.5,2930
2016-09-02,2929,2946.5,2927,2940.75
2016-09-06,2942,2949,2935.75,2947.25
2016-09-07,2948,2949.5,2940.25,2947.25
2016-09-08,2947.25,2952,2938.5,2940.25
2016-09-09,2940,2941,2882.5,2885.5
2016-09-12,2884.5,2925.5,2869.75,2921.25
2016-09-13,2919.75,2920,2881.5,2891.5
2016-09-14,2894.25,2903.75,2881.25,2882.5
2016-09-15,2884.25,2913.75,2877,2907.25
2016-09-16,2905.75,2906.25,2892.25,2901.75
2016-09-19,2901.5,2916,2897,2902.25
2016-09-20,2903,2912.75,2898.25,2900.25
2016-09-21,2899.25,2926.75,2895.5,2925.5
2016-09-22,2925.5,2942,2922,2937.5
2016-09-23,2937.5,2938.75,2925.25,2927.25
2016-09-26,2925.5,2928.75,2906,2909
2016-09-27,2908.5,2923.25,2902,2922
2016-09-28,2921.25,2934.5,2913.25,2932.5
2016-09-29,2931.5,2936.25,2906.5,2917.75
2016-09-30,2915,2937.5,2905,2929.75
2016-10-03,2928,2933.25,2916,2922.5
2016-10-04,2923,2929,2905.25,2914
2016-10-05,2913.5,2927.25,2910.25,2922.5
2016-10-06,2922.5,2926.5,2912.5,2925.75
2016-10-07,2924.5,2930.75,2907.25,2915.75
2016-10-10,2921.25,2932.75,2917.75,2928.25
2016-10-11,2928.75,2930,2891,2903.75
2016-10-12,2902.25,2910,2895.5,2900.75
2016-10-13,2897,2901.5,2877,2895.5
2016-10-14,2895.5,2912.5,2891.5,2896.25
2016-10-17,2895.5,2899.25,2886,2892.25
2016-10-18,2891.75,2909,2889.5,2901.25
2016-10-19,2900.75,2911.75,2895.75,2907.25
2016-10-20,2906.75,2913.75,2896,2906.25
2016-10-21,2905.25,2907.75,2892.5,2904
2016-10-24,2906.25,2918.25,2904,2913.5
2016-10-25,2914,2919,2904.5,2907.25
2016-10-26,2904.5,2909.25,2894,2903.25
2016-10-27,2903,2913,2891.75,2892.75
2016-10-28,2896.5,2904.5,2881.75,2893
2016-10-31,2889.25,2899.75,2884,2889.25
2016-11-01,2892.75,2898.75,2860.25,2873
2016-11-02,2871.5,2875.75,2856.5,2861.5
2016-11-03,2857.5,2868,2849,2852.75
2016-11-04,2853.25,2863.5,2848,2849.25
2016-11-07,2875.25,2900,2872,2898.25
2016-11-08,2898.25,2912.5,2888.25,2904.75
2016-11-09,2907.25,2936,2797.75,2929.5
2016-11-10,2928.75,2949.75,2917,2936.5
2016-11-11,2934.25,2939.75,2917.75,2930.75
2016-11-14,2933.75,2943.75,2921.5,2929.75
2016-11-15,2930.25,2949,2927.75,2948.5
2016-11-16,2948.25,2954.25,2938,2942
2016-11-17,2941.75,2954.75,2941,2953.5
2016-11-18,2953.25,2956.75,2945.75,2950
2016-11-21,2948.75,2965.75,2947.75,2962.25
2016-11-22,2962.5,2972.25,2961,2969.5
2016-11-23,2970.5,2972.75,2961.25,2970
2016-11-25,2970.25,2981,2966.75,2980.5
2016-11-28,2977.25,2978.75,2967.5,2970
2016-11-29,2969.5,2978.75,2965.5,2973
2016-11-30,2972.5,2983,2966.5,2968
2016-12-01,2968.75,2972.25,2955.25,2961.25
2016-12-02,2959.75,2966.5,2953.5,2961.25
2016-12-05,2953.25,2978,2948.25,2973.5
2016-12-06,2974.25,2981.25,2969.5,2979.25
2016-12-07,2980.5,3010.5,2976,3006
2016-12-08,3005.75,3020.75,3001.75,3017
2016-12-09,3016,3030.5,3014.25,3029.25
2016-12-12,3030,3039.5,3021.5,3025.25
2016-12-13,3025,3047.75,3022.5,3042.5
2016-12-14,3042.75,3047.25,3017.75,3026.75
2016-12-15,3026.5,3042.5,3022,3033.25
2016-12-16,3034.25,3038.75,3024.25,3030
2016-12-19,3030.75,3038.5,3028.75,3034.75
2016-12-20,3035,3044.25,3034.75,3041.25
2016-12-21,3042,3042.75,3032.75,3035.25
2016-12-22,3033,3035.75,3026.25,3033.5
2016-12-23,3032.25,3035.75,3029,3034.75
2016-12-27,3033.5,3044.25,3032.5,3035.75
2016-12-28,3036,3042.25,3018.25,3020
2016-12-29,3020.25,3024.75,3014.25,3019.75
2016-12-30,3021,3027.5,3002.75,3011
2017-01-03,3015.5,3034.25,3014.25,3027.25
2017-01-04,3027.5,3042,3025.75,3039
2017-01-05,3039.25,3040.75,3028.75,3039
2017-01-06,3039,3051.75,3033,3046.25
2017-01-09,3046,3050,3038.25,3039.75
2017-01-10,3039.25,3048.75,3034.25,3038.5
2017-01-11,3038.5,3046.5,3029.75,3045.25
2017-01-12,3045.25,3045.25,3023.25,3038.25
2017-01-13,3039.25,3048.25,3037.5,3047.25
2017-01-17,3045,3045.25,3032,3037.5
2017-01-18,3036.75,3043.25,3033,3041.25
2017-01-19,3040.25,3044.25,3027.75,3036.25
2017-01-20,3035.75,3047.5,3034.5,3040.75
2017-01-23,3040.75,3042.25,3026.5,3036.75
2017-01-24,3035.5,3055.25,3034.25,3049.25
2017-01-25,3050.5,3070,3049.5,3068.75
2017-01-26,3068.5,3074.25,3064.25,3068.75
2017-01-27,3068.75,3071.5,3061.75,3063.75
2017-01-30,3056.75,3060.5,3038,3050.75
2017-01-31,3050.5,3053,3037,3049.25
2017-02-01,3051.75,3059.75,3043,3049.25
2017-02-02,3049.75,3054.5,3039.25,3050.25
2017-02-03,3048.75,3068.75,3045.25,3065.75
2017-02-06,3067.75,3069,3058.25,3061.25
2017-02-07,3061,3069.75,3058.75,3063.25
2017-02-08,3060.5,3066.75,3055.75,3065
2017-02-09,3065.25,3082.5,3062.5,3079
2017-02-10,3079,3090.5,3077.75,3087.5
2017-02-13,3089,3103.75,3088,3101
2017-02-14,3101.25,3112.5,3094.5,3111.75
2017-02-15,3110.25,3126.25,3106,3125.25
2017-02-16,3125,3125.5,3111.5,3120.25
2017-02-17,3119.75,3123.5,3111.25,3122.75
2017-02-21,3121.25,3139.75,3120.75,3134.75
2017-02-22,3134.75,3138.5,3130,3135.75
2017-02-23,3136.75,3142.25,3127.75,3137.5
2017-02-24,3136.25,3140.5,3124.25,3139.75
2017-02-27,3137.5,3145.5,3135.75,3143
2017-02-28,3140.5,3143.5,3132.25,3137.5
2017-03-01,3139.25,3175.75,3138,3168.25
2017-03-02,3167,3169,3152.75,3156.75
2017-03-03,3154.5,3158,3148.5,3156
2017-03-06,3155,3155.5,3141.75,3150.25
2017-03-07,3146,3150.25,3139.25,3141.25
2017-03-08,3140.5,3147.75,3134.25,3138.75
2017-03-09,3138.5,3144,3128.75,3141
2017-03-10,3142.25,3154.5,3137,3146.5
2017-03-13,3145.5,3150,3142.75,3149.75
2017-03-14,3148.75,3149.5,3132.75,3141
2017-03-15,3141.5,3165.75,3141,3158.5
2017-03-16,3157.25,3166.75,3151.5,3157
2017-03-17,3157.25,3160.25,3150.75,3153.25
2017-03-20,3151.75,3154,3143.5,3148.25
2017-03-21,3147,3156.75,3116,3120.25
2017-03-22,3118.5,3126.75,3110.25,3120.5
2017-03-23,3120.25,3134,3116.25,3118
2017-03-24,3119,3130.75,3109.75,3122.75
2017-03-27,3115,3119.5,3095.75,3116.5
2017-03-28,3118.5,3138.5,3111.5,3129.5
2017-03-29,3131,3137.75,3126.75,3135
2017-03-30,3135,3144.75,3131.25,3142.5
2017-03-31,3143.5,3144.75,3134.75,3137.25
2017-04-03,3135.5,3141.25,3118,3134
2017-04-04,3132.25,3136.75,3122.75,3134.5
2017-04-05,3136.75,3153,3121.75,3124.5
2017-04-06,3123.5,3139.25,3116,3131.75
2017-04-07,3133.25,3138.75,3114.75,3130.25
2017-04-10,3129.75,3141.25,3125.5,3130.5
2017-04-11,3132.25,3133.75,3111.25,3129
2017-04-12,3129.75,3134.5,3115.5,3118.75
2017-04-13,3116.75,3123,3102,3105.5
2017-04-17,3102,3124,3100.75,3123
2017-04-18,3123,3125,3108.25,3115.25
2017-04-19,3115.75,3127.25,3109.25,3111.75
2017-04-20,3111.25,3136.25,3110.5,3130
2017-04-21,3130.75,3134,3118.5,3125.5
2017-04-24,3143.75,3154.75,3143.25,3148
2017-04-25,3148,3167.25,3146.25,3163
2017-04-26,3161,3172.75,3159.5,3160.25
2017-04-27,3159.5,3166.75,3156.75,3164
2017-04-28,3164.25,3166.75,3156.25,3158.5
2017-05-01,3159.5,3168.75,3155,3165
2017-05-02,3164.25,3166.75,3159.75,3163.75
2017-05-03,3162,3164,3153.5,3161.25
2017-05-04,3160,3168.75,3154,3163.5
2017-05-05,3164,3177.25,3157,3175.75
2017-05-08,3180.5,3181.75,3167.75,3173
2017-05-09,3172.5,3178,3166.75,3171.25
2017-05-10,3169.75,3175,3165.5,3173.25
2017-05-11,3173,3173.25,3157,3169
2017-05-12,3168.25,3169.5,3162.25,3166.75
2017-05-15,3166.75,3180.25,3166,3176.5
2017-05-16,3177.75,3182.5,3171.75,3175
2017-05-17,3174.5,3174.75,3132.75,3135.5
2017-05-18,3133,3153,3122.5,3141.5
2017-05-19,3142,3166,3139,3159.5
2017-05-22,3159.75,3172.25,3156.25,3170.75
2017-05-23,3171.5,3177.5,3164.75,3176
2017-05-24,3175,3182,3172.75,3180
2017-05-25,3181,3195.75,3180.5,3191.5
2017-05-26,3191,3193.75,3186,3191.75
2017-05-30,3192,3195,3185.75,3188.75
2017-05-31,3188.5,3194.75,3180.75,3189
2017-06-01,3191.75,3208.5,3188.5,3207.5
2017-06-02,3207.25,3217.75,3205,3215.75
2017-06-05,3213.25,3217,3211,3212.5
2017-06-06,3212.25,3213.75,3204.25,3208.75
2017-06-07,3207.5,3213,3202,3210
2017-06-08,3209.5,3217,3205.25,3210.5
2017-06-09,3205.25,3223.75,3192.75,3208.5
2017-06-12,3208,3209,3197,3206.5
2017-06-13,3206.5,3219.25,3205.25,3218
2017-06-14,3218.25,3223.25,3205.75,3215.25
2017-06-15,3213.75,3214.5,3196.25,3212
2017-06-16,3211.25,3216.75,3200.25,3211
2017-06-19,3213.5,3231.5,3212.75,3227.5
2017-06-20,3227.75,3231,3214,3217.5
2017-06-21,3215.75,3220,3208,3213.5
2017-06-22,3211.75,3219,3208,3211.75
2017-06-23,3211.25,3218.75,3208.25,3215
2017-06-26,3212,3227.5,3210,3216
2017-06-27,3215.75,3217.25,3196.5,3200.5
2017-06-28,3197,3222.5,3193.75,3218.5
2017-06-29,3222,3225,3182.25,3200
2017-06-30,3200.75,3209.75,3195,3201
2017-07-03,3202,3216.5,3201.5,3205
2017-07-05,3203.75,3212.25,3199.25,3208
2017-07-06,3208,3210.5,3185.25,3188.5
2017-07-07,3189.25,3205,3187.5,3202.5
2017-07-10,3203,3210,3199.25,3204.5
2017-07-11,3203.75,3207.75,3190.25,3204.5
2017-07-12,3205,3223.75,3202.5,3220
2017-07-13,3221.25,3227,3219,3225.5
2017-07-14,3226.5,3241.25,3222,3236
2017-07-17,3237,3240.5,3234,3238.5
2017-07-18,3239.25,3241,3228,3237.75
2017-07-19,3239.75,3252,3237.75,3251.5
2017-07-20,3251,3256.25,3245.5,3251.25
2017-07-21,3252.5,3255.25,3242.75,3249.5
2017-07-24,3249.75,3250.5,3243.5,3248.5
2017-07-25,3247,3258.75,3246.25,3254
2017-07-26,3255.25,3259.75,3251.5,3253.25
2017-07-27,3254.5,3260.5,3237,3252
2017-07-28,3252,3252,3241.5,3250.25
2017-07-31,3250.5,3255,3245.25,3248
2017-08-01,3248,3257.25,3246.25,3252.25
2017-08-02,3254,3256,3243.25,3253.5
2017-08-03,3253.25,3254.5,3246,3251.75
2017-08-04,3250.75,3257.75,3247.75,3252
2017-08-07,3252.25,3258.25,3252,3257.5
2017-08-08,3257.5,3268.5,3247.5,3252.75
2017-08-09,3250,3254.5,3239,3253
2017-08-10,3254,3254.25,3212.75,3217.5
2017-08-11,3214.5,3226.5,3210.25,3220
2017-08-14,3221.5,3246.5,3221.5,3243.5
2017-08-15,3244.5,3253.25,3240,3243.75
2017-08-16,3244.5,3254,3241.5,3247.5
2017-08-17,3246.75,3248.5,3203.75,3209.5
2017-08-18,3206.75,3219.5,3199.5,3206.75
2017-08-21,3208.75,3211.5,3195.75,3208
2017-08-22,3208,3234.25,3207.5,3232.75
2017-08-23,3233,3234.75,3218.75,3221.5
2017-08-24,3220.25,3229,3214.5,3220.75
2017-08-25,3222.5,3233.5,3217.5,3222.5
2017-08-28,3222,3229.25,3216.25,3223.75
2017-08-29,3214,3228.5,3201,3227
2017-08-30,3226.5,3239.75,3222.75,3235.75
2017-08-31,3235.25,3254.25,3234.75,3250
2017-09-01,3250.25,3259.75,3250,3254.25
2017-09-05,3241.25,3251.25,3225.5,3239.75
2017-09-06,3240.25,3249,3236.5,3245.5
2017-09-07,3244,3248.75,3237.5,3246.5
2017-09-08,3246.5,3247.5,3236.75,3242.5
2017-09-11,3248,3269,3248,3267.5
2017-09-12,3268.25,3276.75,3267,3276
2017-09-13,3277,3277.25,3270.75,3276.5
2017-09-14,3276.25,3278,3269.25,3276
2017-09-15,3275.5,3281.75,3268.75,3279
2017-09-18,3280.75,3287.75,3279.5,3284.5
2017-09-19,3284.5,3287.75,3282.75,3286.5
2017-09-20,3285.5,3289,3275.75,3287
2017-09-21,3286.25,3288,3278.25,3282.75
2017-09-22,3282.5,3282.75,3273.75,3281.25
2017-09-25,3280.75,3286.25,3266.75,3278.75
2017-09-26,3279.75,3283,3274,3277.25
2017-09-27,3276.75,3291,3274.75,3286.25
2017-09-28,3285,3290,3280.75,3289.5
2017-09-29,3289.5,3299.5,3286.5,3297.75
2017-10-02,3299.75,3309.75,3298.75,3308
2017-10-03,3309,3315.25,3307.25,3314.5
2017-10-04,3314.75,3319.75,3310.75,3318
2017-10-05,3317,3332.5,3316.25,3331.75
2017-10-06,3330.5,3331.5,3323.25,3326.75
2017-10-09,3325,3332.25,3321,3325.5
2017-10-10,3325,3335,3324.5,3330.25
2017-10-11,3330.5,3335.25,3326,3334.75
2017-10-12,3334,3335,3328,3331.25
2017-10-13,3329.75,3337.25,3328.75,3334.5
2017-10-16,3334,3339.5,3332.5,3338
2017-10-17,3337.25,3339.5,3334,3338.75
2017-10-18,3338.25,3344,3338,3341.75
2017-10-19,3341.75,3343.25,3324.25,3342.25
2017-10-20,3342.75,3356.25,3341.25,3355.75
2017-10-23,3354.5,3359,3343.25,3345.25
2017-10-24,3344.25,3352,3344,3349
2017-10-25,3346.5,3348,3323.25,3340.25
2017-10-26,3341.25,3346.75,3337.25,3343.25
2017-10-27,3343.25,3362.5,3339.25,3360.25
2017-10-30,3357.25,3360,3347.25,3350
2017-10-31,3349.75,3357.25,3348.5,3354.5
2017-11-01,3354.5,3367.25,3352.75,3356.5
2017-11-02,3353.25,3360.25,3344,3358.5
2017-11-03,3359.25,3367.25,3355.25,3364.5
2017-11-06,3361.75,3371.75,3357.25,3370.5
2017-11-07,3369.5,3375.25,3362.5,3368.5
2017-11-08,3365.75,3374.25,3361.5,3372.75
2017-11-09,3373,3376.25,3345,3365.75
2017-11-10,3363.75,3367.5,3353.25,3361.25
2017-11-13,3362,3367.25,3352,3363.75
2017-11-14,3362,3364,3346,3359.75
2017-11-15,3358.5,3358.75,3337.25,3346.75
2017-11-16,3346,3371.25,3344,3366.75
2017-11-17,3366,3367.75,3356.5,3358
2017-11-20,3357.75,3365.75,3349.5,3363.75
2017-11-21,3363.75,3382.25,3361,3378
2017-11-22,3377.5,3381.75,3374.5,3376.25
2017-11-24,3375,3384.75,3371.25,3382.75
2017-11-27,3382.75,3387.25,3378.25,3383.5
2017-11-28,3384,3408.75,3379.25,3407.75
2017-11-29,3407.25,3416,3401.5,3406.75
2017-11-30,3406.75,3440.25,3403.5,3429.75
2017-12-01,3422.5,3432.5,3386.75,3425.75
2017-12-04,3436.25,3447,3415.5,3420
2017-12-05,3417.75,3430.5,3409,3410
2017-12-06,3408.5,3416.25,3401.75,3411
2017-12-07,3412.25,3423,3408,3421.25
2017-12-08,3421.25,3434.25,3419.5,3432.75
2017-12-11,3433.75,3446.5,3431,3443.25
2017-12-12,3444.75,3451.75,3442,3446.5
2017-12-13,3446.5,3454.25,3438,3447.75
2017-12-14,3447.25,3452.25,3430.5,3434.75
2017-12-15,3431.5,3462,3431.25,3460.75
2017-12-18,3461.75,3476.75,3461.25,3473.25
2017-12-19,3473.75,3476.75,3461.25,3462.75
2017-12-20,3463.5,3474.25,3457.75,3460.25
2017-12-21,3460.25,3474.75,3459.5,3466.5
2017-12-22,3465.5,3470.25,3461,3464.75
2017-12-26,3465.5,3468.25,3462.25,3465.75
2017-12-27,3466.25,3469.75,3460.25,3464.25
2017-12-28,3462.75,3467.75,3461.75,3464.5
2017-12-29,3463.5,3477,3446.5,3454.75
2018-01-02,3454,3474.75,3453.25,3471.75
2018-01-03,3472.5,3493,3471,3489.75
2018-01-04,3489,3507.75,3487.25,3502.5
2018-01-05,3503.75,3522,3502.5,3521.25
2018-01-08,3520.5,3527.25,3515.25,3525.5
2018-01-09,3525.25,3538.75,3521.5,3531
2018-01-10,3528.5,3530.75,3515.25,3529.25
2018-01-11,3528.75,3549.25,3526.5,3548.25
2018-01-12,3547.5,3568.75,3545.5,3567.5
2018-01-16,3568.5,3587.25,3548,3561.25
2018-01-17,3561.5,3588.25,3557.75,3582.5
2018-01-18,3582,3586.75,3572.5,3575
2018-01-19,3575.75,3593.75,3570.5,3589.75
2018-01-22,3582.75,3617,3580.75,3614
2018-01-23,3614,3623.5,3607.5,3618.25
2018-01-24,3615.75,3634,3604.25,3619.75
2018-01-25,3618.75,3632.5,3609.5,3620
2018-01-26,3621,3654.75,3620,3653.25
2018-01-29,3653,3657.25,3630.25,3632.25
2018-01-30,3632,3636.75,3597.25,3603.25
2018-01-31,3602,3618.5,3591.75,3604.5
2018-02-01,3607.5,3616,3588.25,3601.25
2018-02-02,3605.25,3609.75,3534,3535.5
2018-02-05,3535.75,3541.75,3374.5,3386.5
2018-02-06,3402.75,3478.5,3307.75,3473
2018-02-07,3464.25,3505.5,3439.25,3447
2018-02-08,3443.5,3465.25,3355.75,3372.25
2018-02-09,3372.5,3416.5,3309,3397.75
2018-02-12,3407,3450.25,3398.75,3434
2018-02-13,3432,3446.25,3413,3440.5
2018-02-14,3441.25,3480.5,3405.75,3475.75
2018-02-15,3474.25,3515.5,3467.25,3512.75
2018-02-16,3512.75,3533.5,3501,3513.75
2018-02-20,3513.25,3526.5,3484.5,3492.75
2018-02-21,3493.25,3526.5,3472.25,3477.5
2018-02-22,3477.25,3509.75,3460.75,3490.25
2018-02-23,3491.5,3529,3488.75,3527.5
2018-02-26,3530.25,3564.75,3521.25,3563.25
2018-02-27,3562.25,3568.5,3520.75,3526.25
2018-02-28,3525.25,3540.75,3490.75,3493.25
2018-03-01,3497,3509.75,3437.25,3457
2018-03-02,3457.5,3474.75,3425.75,3469
2018-03-05,3462,3506.5,3442.5,3497.25
2018-03-06,3497.75,3513.25,3489,3502.75
2018-03-07,3478.75,3509,3460,3502
2018-03-08,3501.25,3519.25,3498.75,3518
2018-03-09,3515.25,3565.75,3508.75,3562.75
2018-03-12,3562.75,3579.25,3557.75,3562.75
2018-03-13,3560.75,3581,3536.25,3546.5
2018-03-14,3540.75,3557.25,3522,3527.75
2018-03-15,3528.5,3541,3518.75,3529.25
2018-03-16,3531.25,3540,3524,3529.75
2018-03-19,3530,3530.25,3471,3496.5
2018-03-20,3495.25,3502.75,3486.5,3497.25
2018-03-21,3497,3517.75,3486.25,3492
2018-03-22,3492,3500,3415.5,3417
2018-03-23,3419.5,3432.5,3359.75,3371.5
2018-03-26,3368.75,3436.5,3364.75,3433.25
2018-03-27,3433.25,3453.5,3369.75,3389.5
2018-03-28,3386.5,3407.5,3366.75,3381.25
2018-03-29,3383.5,3433.25,3374.75,3416.75
2018-04-02,3408.75,3415.25,3325.75,3348.75
2018-04-03,3355,3392.5,3347.25,3387
2018-04-04,3385.75,3423.5,3333.25,3420.75
2018-04-05,3419.5,3446,3417.75,3435.5
2018-04-06,3436.75,3437.75,3358.25,3379.5
2018-04-09,3381.25,3427.5,3381.25,3392.75
2018-04-10,3391.5,3440,3386,3428.75
2018-04-11,3428.25,3435,3399.75,3414.75
2018-04-12,3416.25,3448.75,3413.5,3437.75
2018-04-13,3435.5,3454.25,3418.5,3431
2018-04-16,3447,3460.75,3434.5,3455.5
2018-04-17,3453,3487.5,3452.5,3480.25
2018-04-18,3478.25,3492.25,3477.5,3483.5
2018-04-19,3485.5,3487,3455.25,3466.75
2018-04-20,3466.25,3472,3433.5,3445.25
2018-04-23,3456.75,3458.5,3431,3445
2018-04-24,3445.75,3462.25,3389.75,3409
2018-04-25,3409,3422,3385,3418.25
2018-04-26,3422,3451.25,3413.25,3448.25
2018-04-27,3449.25,3450,3431.5,3445.25
2018-04-30,3444.25,3456,3418.75,3420.75
2018-05-01,3420,3431.75,3397,3426
2018-05-02,3429.25,3432.25,3398,3401.25
2018-05-03,3400.5,3410,3365,3405.5
2018-05-04,3405.5,3443.25,3386,3436.75
2018-05-07,3436.5,3455.25,3435,3443.75
2018-05-08,3441.75,3448,3426,3444
2018-05-09,3443.5,3473.75,3440.25,3469.75
2018-05-10,3469.75,3498.75,3466.5,3492.5
2018-05-11,3490,3506.25,3490,3503.25
2018-05-14,3501,3515,3498,3504.75
2018-05-15,3502.25,3505,3474.25,3482.75
2018-05-16,3485,3501.75,3478.25,3496.75
2018-05-17,3495.5,3505.75,3484.75,3492.5
2018-05-18,3492.5,3500.75,3482.5,3486.75
2018-05-21,3502.5,3513,3498,3506.75
2018-05-22,3505,3515.5,3495.25,3499.75
2018-05-23,3498.25,3506.75,3478.25,3504.5
2018-05-24,3503.5,3507,3479.5,3501.25
2018-05-25,3500.5,3511.5,3487.5,3492
2018-05-29,3495,3498,3448.75,3466
2018-05-30,3467,3503,3459.5,3498.25
2018-05-31,3494,3502,3473.5,3479.25
2018-06-01,3481.25,3510.75,3479.75,3507.5
2018-06-04,3504.75,3523,3502.75,3519.25
2018-06-05,3519.75,3527,3512.75,3525.25
2018-06-06,3524.75,3548.5,3521.75,3546
2018-06-07,3547,3553.5,3533.75,3546
2018-06-08,3544.75,3553.5,3525.75,3552.5
2018-06-11,3544.75,3564.25,3544.25,3556.75
2018-06-12,3555,3564,3552.25,3558.25
2018-06-13,3562,3566,3548.5,3549
2018-06-14,3547.75,3564,3542.25,3558.5
2018-06-15,3557,3558.5,3535.5,3554.5
2018-06-18,3550,3556.75,3531.25,3549.75
2018-06-19,3548.25,3550.25,3505.75,3536.25
2018-06-20,3535.25,3548.25,3527.25,3542
2018-06-21,3541.75,3555.25,3517,3522.5
2018-06-22,3520.5,3538.5,3519.25,3529.5
2018-06-25,3527,3528,3470.5,3492.25
2018-06-26,3491.75,3505.25,3484.75,3498.5
2018-06-27,3496.5,3518,3471,3475
2018-06-28,3475,3496.25,3463.25,3489.5
2018-06-29,3490,3515.5,3486.75,3491.5
2018-07-02,3491,3498.5,3468.5,3497.25
2018-07-03,3497.25,3511.5,3482,3483.25
2018-07-05,3483,3509.75,3480.75,3508.5
2018-07-06,3507,3536.25,3501.25,3533
2018-07-09,3532,3558,3531.75,3557.5
2018-07-10,3557.5,3567.75,3550.5,3566.75
2018-07-11,3550.75,3557.75,3535.75,3544
2018-07-12,3546.75,3571,3543.75,3568.5
2018-07-13,3568.5,3577.25,3563.25,3573.25
2018-07-16,3574.75,3579,3565,3566.5
2018-07-17,3565.75,3585.75,3559.75,3581.25
2018-07-18,3583,3588.25,3576.75,3586
2018-07-19,3584.5,3588,3570.25,3575.25
2018-07-20,3575.5,3580.5,3563,3570.75
2018-07-23,3575.25,3582.5,3562.5,3582
2018-07-24,3580.5,3601.25,3580.25,3591
2018-07-25,3589.25,3619.5,3584,3611.25
2018-07-26,3605.25,3616.5,3603.25,3612.5
2018-07-27,3610.25,3617,3578.75,3587.5
2018-07-30,3586,3591.75,3568.25,3573.25
2018-07-31,3575.5,3597.75,3572.75,3587
2018-08-01,3594.25,3595.75,3575.5,3580.75
2018-08-02,3584,3601.25,3561,3598.5
2018-08-03,3600.75,3611.5,3594.75,3609.5
2018-08-06,3611.5,3623.5,3605,3620
2018-08-07,3619.25,3633.75,3618.25,3629.75
2018-08-08,3630.5,3632.5,3622.5,3625.25
2018-08-09,3623.5,3632.75,3620.5,3623.75
2018-08-10,3622.5,3622.75,3596,3606.75
2018-08-13,3605.75,3613.75,3590,3595.5
2018-08-14,3596.75,3613.5,3595.75,3611
2018-08-15,3611.75,3613,3573,3591.25
2018-08-16,3592.25,3621.75,3587.5,3614.75
2018-08-17,3613.5,3627,3605,3622.25
2018-08-20,3621.75,3630.75,3620.25,3628.5
2018-08-21,3626.75,3644,3622,3631.75
2018-08-22,3623,3638.25,3616.25,3631.25
2018-08-23,3631.75,3639.75,3624.75,3628
2018-08-24,3628.25,3647.5,3626.25,3646.75
2018-08-27,3647.75,3669.5,3646.75,3668.5
2018-08-28,3669,3676.25,3664.25,3669.25
2018-08-29,3670.5,3687.5,3667.5,3684.75
2018-08-30,3685.75,3686.25,3665.5,3672
2018-08-31,3668,3677.5,3661.75,3672
2018-09-04,3676.5,3682.5,3655.5,3668.25
2018-09-05,3668.75,3670.5,3647.5,3658.25
2018-09-06,3658.5,3663,3638,3649
2018-09-07,3647.75,3655,3635,3644.75
2018-09-10,3643.75,3658.25,3643.25,3650.25
2018-09-11,3649.75,3663,3637.25,3659.75
2018-09-12,3660,3665.25,3649.5,3658.5
2018-09-13,3657,3677,3654.75,3675.25
2018-09-14,3674.75,3682.25,3666.75,3676.25
2018-09-17,3673.5,3676.25,3657.25,3661
2018-09-18,3660.5,3682.75,3648.5,3676.75
2018-09-19,3678,3683.75,3670.75,3680
2018-09-20,3681.5,3705.75,3678.25,3704.5
2018-09-21,3704.5,3712,3697,3698.75
2018-09-24,3694.5,3695.25,3682.75,3690.5
2018-09-25,3691.5,3699.25,3683.25,3686.25
2018-09-26,3687.5,3701,3672.5,3676.5
2018-09-27,3676.5,3697,3672.5,3685
2018-09-28,3687.25,3690.5,3673,3684
2018-10-01,3687.5,3707,3687.5,3695
2018-10-02,3694.25,3701,3682.5,3693.5
2018-10-03,3694,3709.75,3689.75,3696.5
2018-10-04,3691,3691.25,3652.75,3672.75
2018-10-05,3675,3680.5,3638.25,3659
2018-10-08,3662.5,3663.25,3631,3658.75
2018-10-09,3657.25,3665,3639.5,3653.25
2018-10-10,3651.75,3656.25,3536.5,3546
2018-10-11,3541.5,3563.75,3477.25,3510.5
2018-10-12,3513.5,3550,3497.25,3533.5
2018-10-15,3535,3543.75,3510.25,3514
2018-10-16,3512.5,3584,3510.5,3582.75
2018-10-17,3581.25,3589.25,3548.25,3581.25
2018-10-18,3578.25,3579.75,3521.5,3537.25
2018-10-19,3539.75,3565.5,3527.25,3532.5
2018-10-22,3523,3547,3514.75,3521.5
2018-10-23,3520.75,3522.5,3457.25,3511.25
2018-10-24,3510.25,3515,3417.25,3429.25
2018-10-25,3438.75,3488.75,3423.75,3453.25
2018-10-26,3443,3457.75,3392.25,3434.5
2018-10-29,3432,3472,3368,3408.5
2018-10-30,3404,3455.25,3398.25,3450.25
2018-10-31,3455.75,3502.25,3447,3476
2018-11-01,3471,3506.25,3470.5,3503
2018-11-02,3489,3531.25,3464.5,3489.25
2018-11-05,3487.5,3508.75,3477.75,3504.5
2018-11-06,3504,3526,3494.75,3524
2018-11-07,3521.75,3582.75,3509.75,3581.5
2018-11-08,3580.75,3583,3560,3573.75
2018-11-09,3569,3576.25,3529.5,3544
2018-11-12,3543.75,3560.25,3487.25,3492.75
2018-11-13,3497,3520.75,3479.5,3492.5
2018-11-14,3496.25,3513.25,3451.25,3463.5
2018-11-15,3467,3501.75,3436.25,3499.5
2018-11-16,3496.75,3513.75,3473.75,3508
2018-11-19,3498,3513,3446.5,3461.25
2018-11-20,3461.25,3461.75,3396.75,3405
2018-11-21,3404.75,3436.25,3397.25,3414
2018-11-23,3400.5,3412.5,3391,3394.5
2018-11-26,3398.5,3441.25,3396.5,3435
2018-11-27,3426,3451.75,3420.25,3448.5
2018-11-28,3451.25,3510,3446,3506.5
2018-11-29,3503,3519.5,3488.25,3509.25
2018-11-30,3507,3529.75,3494,3523.25
2018-12-03,3558.5,3579,3538.5,3555.75
2018-12-04,3554.75,3555.5,3461,3466.75
2018-12-05,3464.5,3485.75,3463,3466.75
2018-12-06,3478.25,3479,3386.25,3456
2018-12-07,3459.25,3474.75,3388.25,3401
2018-12-10,3390,3413.5,3348,3408
2018-12-11,3409,3443,3386.25,3406.25
2018-12-12,3397.5,3451.5,3396.75,3417.5
2018-12-13,3418,3436,3402.25,3410.5
2018-12-14,3411.5,3413.75,3359,3367
2018-12-17,3359,3378.75,3295.5,3317.5
2018-12-18,3319,3339.5,3291.75,3299.75
2018-12-19,3293.75,3353.75,3251.25,3266.25
2018-12-20,3266.75,3279.75,3203.25,3248
2018-12-21,3246.75,3269.75,3171,3175.25
2018-12-24,3169.5,3196.25,3102.25,3103.5
2018-12-26,3110.25,3239.5,3078.5,3232.75
2018-12-27,3232,3260.5,3158.75,3256.75
2018-12-28,3253.25,3284.75,3234.5,3247.75
2018-12-31,3257.25,3274.75,3244.5,3267
2019-01-02,3269.75,3283,3214,3272.75
2019-01-03,3244,3255.25,3205,3209.5
2019-01-04,3213.5,3301,3200.25,3293
2019-01-07,3299,3329.25,3285,3312.25
2019-01-08,3315,3343,3309.25,3334.25
2019-01-09,3331.25,3358.5,3330.25,3344.25
2019-01-10,3341.75,3361.25,3322.25,3355.75
2019-01-11,3355.75,3359.5,3338.75,3356.75
2019-01-14,3350.25,3353.75,3329,3342.25
2019-01-15,3343.25,3375.5,3341.75,3367.25
2019-01-16,3367.5,3388,3364.25,3375
2019-01-17,3376.25,3407.25,3358.25,3397
2019-01-18,3398.5,3439.5,3394.5,3433.25
2019-01-22,3431,3435.25,3378.25,3393.75
2019-01-23,3392.5,3415.5,3374.25,3400
2019-01-24,3396.75,3409.25,3387.75,3395.75
2019-01-25,3398,3434.25,3396.25,3425.25
2019-01-28,3421.75,3425.25,3384,3403.75
2019-01-29,3402,3411.75,3390.25,3402
2019-01-30,3410.25,3451.5,3398,3444.25
2019-01-31,3445.25,3474.75,3437.5,3466.25
2019-02-01,3469.5,3477.75,3457.25,3466
2019-02-04,3461,3486.75,3458.75,3483
2019-02-05,3481.25,3499.5,3478,3492.75
2019-02-06,3492.5,3498.25,3484,3491.25
2019-02-07,3488.75,3491,3447.25,3465.75
2019-02-08,3463.75,3470.75,3442.5,3468
2019-02-11,3472.5,3483.25,3462.25,3470
2019-02-12,3468.75,3509.75,3467.25,3506.5
2019-02-13,3505.25,3523.75,3504.5,3511.25
2019-02-14,3511,3524.75,3492,3505.25
2019-02-15,3503,3540.25,3490.75,3538.75
2019-02-19,3538.75,3549.25,3527.75,3540.5
2019-02-20,3539.5,3552.5,3535,3548.75
2019-02-21,3548.75,3559.75,3526,3536
2019-02-22,3535.25,3557.25,3532.25,3553
2019-02-25,3561.25,3575.75,3556.25,3558.75
2019-02-26,3557.5,3565.25,3545,3553.25
2019-02-27,3549.75,3559,3536.75,3556.75
2019-02-28,3557,3557.5,3543.5,3546.5
2019-03-01,3547,3570,3544.75,3566.75
2019-03-04,3575.75,3581.5,3529.25,3553.25
2019-03-05,3552.25,3560.75,3545,3553.25
2019-03-06,3548.25,3554.5,3530.25,3533.25
2019-03-07,3532.25,3538,3500.25,3511.75
2019-03-08,3510.75,3513.25,3483.75,3508.75
2019-03-11,3507.25,3549.25,3498.5,3545.75
2019-03-12,3546.75,3560,3542.25,3554
2019-03-13,3554.5,3583.25,3545,3576.25
2019-03-14,3577.75,3581.75,3565.25,3569
2019-03-15,3570.25,3593.25,3569.25,3586.5
2019-03-18,3583.75,3598.75,3580.75,3597.25
2019-03-19,3598.25,3615.5,3585.75,3593.25
2019-03-20,3594,3606,3574,3583.75
2019-03-21,3580.5,3622.75,3570.5,3619.25
2019-03-22,3616.25,3621.5,3562,3567.5
2019-03-25,3569.75,3575.25,3546.25,3563.75
2019-03-26,3565.25,3591.75,3562.75,3579.75
2019-03-27,3580.25,3588.5,3548.5,3567.25
2019-03-28,3563.75,3581,3551.75,3577.75
2019-03-29,3577.25,3597.5,3577,3594.5
2019-04-01,3601.25,3630.25,3601.25,3627.25
2019-04-02,3625.25,3630.5,3619,3623.75
2019-04-03,3622.75,3646,3622,3636.5
2019-04-04,3637.5,3642.5,3627.75,3639.5
2019-04-05,3639.25,3654.75,3637.25,3652.75
2019-04-08,3653,3656.5,3641,3655
2019-04-09,3655.25,3656.75,3634,3639.25
2019-04-10,3638.75,3652.75,3634.75,3651.25
2019-04-11,3651.5,3656.75,3642,3648.5
2019-04-12,3648.75,3671.5,3647.5,3669.25
2019-04-15,3668.75,3671.25,3657.25,3666.25
2019-04-16,3667,3678,3661.25,3668.25
2019-04-17,3667,3680.25,3655.25,3657.25
2019-04-18,3657.75,3668.5,3646.25,3666.75
2019-04-22,3665.5,3672.5,3655.75,3669.25
2019-04-23,3668.5,3696.5,3664.75,3694.75
2019-04-24,3694,3696.5,3684.5,3687.5
2019-04-25,3686.75,3692.5,3671,3683
2019-04-26,3680.5,3699.5,3674,3698.25
2019-04-29,3696,3708.25,3694.5,3699.75
2019-04-30,3699.25,3713.25,3682.75,3705.25
2019-05-01,3711.75,3718,3672.75,3679.75
2019-05-02,3673.25,3689.5,3657.75,3674.25
2019-05-03,3675.25,3706.25,3673.25,3704.25
2019-05-06,3674.5,3695,3640.25,3689.25
2019-05-07,3668.5,3687.25,3619.25,3647.5
2019-05-08,3646.5,3656.25,3625.5,3644
2019-05-09,3640.75,3642.25,3593,3629.5
2019-05-10,3626.5,3649.75,3582.75,3643.75
2019-05-13,3615.25,3626,3558.75,3563.75
2019-05-14,3562.75,3610.5,3556.5,3596
2019-05-15,3597.5,3616.75,3571.75,3611.75
2019-05-16,3610.25,3650.75,3597.25,3635.25
2019-05-17,3636.5,3644.25,3609.25,3618.75
2019-05-20,3618.25,3633.25,3589.25,3600.75
2019-05-21,3604.75,3627.5,3603,3622.75
2019-05-22,3621.5,3626.25,3605,3614.25
2019-05-23,3614.5,3615.25,3562.5,3576.25
2019-05-24,3578.5,3598.75,3576,3588.5
2019-05-28,3587.75,3598,3557.25,3561.75
2019-05-29,3561,3562.75,3523,3536.75
2019-05-30,3536.25,3555.75,3533.25,3547.25
2019-05-31,3545.5,3547.75,3506.75,3509.25
2019-06-03,3497.75,3520.5,3485.5,3506.25
2019-06-04,3510.75,3563,3500.75,3561.75
2019-06-05,3563.25,3586.25,3557.75,3584.5
2019-06-06,3577.25,3609.75,3569.5,3602.5
2019-06-07,3596.75,3643,3594.75,3631.75
2019-06-10,3650,3662.5,3637.25,3646
2019-06-11,3647,3668.25,3636,3643.75
2019-06-12,3644,3647.75,3632,3637.75
2019-06-13,3638.75,3653.25,3624,3651.25
2019-06-14,3650.5,3655.5,3637.25,3647.25
2019-06-17,3647.5,3657.5,3644.5,3648.75
2019-06-18,3650.5,3689,3641.5,3678.75
2019-06-19,3677.25,3689.25,3667.75,3686
2019-06-20,3683.25,3717,3683,3712.5
2019-06-21,3710.25,3721.75,3700.25,3703
2019-06-24,3700.5,3714.25,3699.75,3704.5
2019-06-25,3703.5,3710.75,3672.5,3674.5
2019-06-26,3675,3691.5,3667,3670.5
2019-06-27,3667.25,3688.25,3667.25,3683.5
2019-06-28,3685.25,3707.75,3682.5,3696.75
2019-07-01,3722.5,3734.25,3708,3720.25
2019-07-02,3720.5,3732.5,3711,3732
2019-07-03,3731.5,3754,3726.25,3752.75
2019-07-05,3753.25,3758.5,3723.75,3743
2019-07-08,3743.25,3747.25,3725.75,3731
2019-07-09,3730.25,3738.75,3716,3734.5
2019-07-10,3734.75,3760,3723.75,3750
2019-07-11,3748.5,3759.25,3745,3756.5
2019-07-12,3755.5,3770.5,3754.75,3768
2019-07-15,3767.75,3776,3763.25,3769.75
2019-07-16,3769.75,3774.25,3757,3759.5
2019-07-17,3758.25,3765.5,3733,3737.5
2019-07-18,3733.25,3757.75,3727,3750
2019-07-19,3756.25,3762.25,3722,3729.5
2019-07-22,3727,3746,3725,3741.5
2019-07-23,3741.25,3761,3740,3760.5
2019-07-24,3755.5,3774.5,3748.5,3774
2019-07-25,3770.5,3780.25,3750.5,3759
2019-07-26,3759,3782,3758.5,3777
2019-07-29,3774.5,3779.75,3768,3774.25
2019-07-30,3774.75,3780,3754,3764.75
2019-07-31,3768.75,3773.25,3710.5,3734.75
2019-08-01,3722.75,3766.75,3697,3704.5
2019-08-02,3702.75,3713.5,3666,3685
2019-08-05,3681.75,3686,3573,3582.5
2019-08-06,3568.75,3636.25,3528.25,3628.5
2019-08-07,3626.25,3644,3575.75,3633
2019-08-08,3631.5,3693.25,3623,3692.5
2019-08-09,3680.5,3688.25,3651.5,3672.25
2019-08-12,3671.25,3683.5,3625,3632.75
2019-08-13,3634.75,3696.75,3619.25,3684.5
2019-08-14,3683.5,3689,3588.25,3593.25
2019-08-15,3588.5,3624.25,3570.25,3601
2019-08-16,3603.5,3647.25,3602,3644
2019-08-19,3645.5,3684.75,3645,3676.25
2019-08-20,3673.75,3684.75,3646.75,3650.75
2019-08-21,3645.75,3685,3645.5,3681.75
2019-08-22,3683.75,3692.25,3656.75,3674.75
2019-08-23,3672.75,3689.25,3586.5,3608
2019-08-26,3583.5,3641,3562.75,3635.75
2019-08-27,3635.25,3652,3612.5,3618
2019-08-28,3618.75,3643,3604.25,3642.25
2019-08-29,3635.75,3683.25,3627.75,3679.25
2019-08-30,3675.75,3699,3665.75,3677.25
2019-09-03,3653.5,3679,3641.5,3658.5
2019-09-04,3655.5,3692,3654.5,3691
2019-09-05,3690.5,3739,3689,3724.5
2019-09-06,3723.25,3740.75,3722.75,3733.25
2019-09-09,3732.75,3744,3722,3730.75
2019-09-10,3731.75,3737.5,3709.75,3731
2019-09-11,3731.5,3756.75,3724.5,3754.5
2019-09-12,3755.5,3774.25,3753.5,3764.25
2019-09-13,3762.5,3776.25,3756,3759
2019-09-16,3746,3755.75,3733.75,3751.5
2019-09-17,3754.25,3759,3743.75,3758
2019-09-18,3758.75,3763.75,3730.75,3758.5
2019-09-19,3760,3774.5,3741.25,3758
2019-09-20,3757,3768,3735.25,3739.5
2019-09-23,3745.75,3758.25,3732,3747
2019-09-24,3751,3762.25,3708.5,3720.25
2019-09-25,3721,3741.75,3703.75,3736.25
2019-09-26,3735.75,3745,3714.25,3730.5
2019-09-27,3729.75,3743,3696.25,3713.75
2019-09-30,3726,3736.25,3714.5,3728.5
2019-10-01,3734,3744.5,3687,3687.75
2019-10-02,3692.25,3699,3624,3630.5
2019-10-03,3633.75,3662.5,3605,3661.75
2019-10-04,3661.5,3703.25,3646.75,3701
2019-10-07,3679.75,3709.5,3678,3687.5
2019-10-08,3684.5,3700,3640.5,3642.5
2019-10-09,3643.5,3684.25,3638.25,3669
2019-10-10,3670.5,3704,3631.75,3691
2019-10-11,3699,3744,3691.75,3720.75
2019-10-14,3718,3732.5,3703.75,3715.5
2019-10-15,3716.75,3753.25,3716.5,3747.75
2019-10-16,3746.5,3747.75,3734.75,3741.5
2019-10-17,3742.25,3758,3735.25,3748
2019-10-18,3747.75,3751.25,3725,3738.25
2019-10-21,3734.75,3757.5,3733.75,3756.5
2019-10-22,3756.5,3764.25,3738.25,3744.5
2019-10-23,3742,3756,3732,3755.75
2019-10-24,3756,3765.25,3748.75,3754.25
2019-10-25,3753.75,3776.5,3750,3770.25
2019-10-28,3773,3792.75,3772.75,3786.25
2019-10-29,3788.25,3796.25,3779.5,3785.75
2019-10-30,3786.5,3805,3773.25,3797.75
2019-10-31,3801.75,3802,3770.25,3785.75
2019-11-01,3786,3815,3783,3813.25
2019-11-04,3814.75,3833.75,3814.75,3825.75
2019-11-05,3826.75,3835.75,3819.75,3822
2019-11-06,3821.5,3828,3813,3825.5
2019-11-07,3827.25,3847,3820.25,3836
2019-11-08,3836.25,3842.5,3822.5,3840.5
2019-11-11,3840.5,3842.25,3824.5,3837.5
2019-11-12,3837.75,3852,3831.25,3842
2019-11-13,3841.25,3847,3825.75,3845.5
2019-11-14,3846.25,3849.75,3831.75,3847
2019-11-15,3847,3869.5,3845.75,3868.25
2019-11-18,3869,3877.75,3861,3871.75
2019-11-19,3871.5,3882.5,3862.75,3868.5
2019-11-20,3866.5,3868.5,3840.75,3859
2019-11-21,3847.25,3864.5,3841.25,3854
2019-11-22,3854,3864.5,3847.75,3861.5
2019-11-25,3869,3883.5,3866.5,3882.75
2019-11-26,3881.25,3895,3878,3893.75
2019-11-27,3893.75,3905,3891.75,3903.75
2019-11-29,3904.75,3905,3889.5,3893.75
2019-12-02,3896.25,3908,3860.25,3864.25
2019-12-03,3864.25,3871.75,3819.5,3841
2019-12-04,3841.75,3869.5,3831.75,3861
2019-12-05,3861,3874.75,3853.25,3867.75
2019-12-06,3867.75,3901,3867,3896
2019-12-09,3896.5,3899.5,3881.25,3884.5
2019-12-10,3883.5,3893,3866.25,3886
2019-12-11,3885.5,3894.5,3879.5,3893
2019-12-12,3894,3927.5,3887.25,3918
2019-12-13,3925.75,3935,3906.75,3922
2019-12-16,3926.5,3948.75,3923.75,3944.25
2019-12-17,3942.25,3949.25,3937.75,3941.25
2019-12-18,3938.25,3948.75,3937.75,3945
2019-12-19,3945.25,3959.5,3940.25,3957.5
2019-12-20,3959.25,3975.25,3954.25,3971.5
2019-12-23,3972.75,3980,3970,3973
2019-12-24,3974,3977,3968.25,3971.5
2019-12-26,3973.25,3990.5,3972.75,3990.25
2019-12-27,3987.75,3999.75,3981.25,3983.25
2019-12-30,3984,3990,3963,3969.25
2019-12-31,3969,3982,3958.75,3976.75
2020-01-02,3982.75,4007.5,3980,4004.75
2020-01-03,4006.75,4009.25,3952.5,3981.25
2020-01-06,3966,3995.25,3954.5,3989.25
2020-01-07,3989.25,4000.25,3971.75,3981
2020-01-08,3977.5,4013.5,3926.75,4006
2020-01-09,4007,4022.5,4003.5,4021.75
2020-01-10,4021.25,4032.75,4006.5,4010.5
2020-01-13,4011.5,4036.75,4011.25,4035.5
2020-01-14,4035,4042.5,4021,4033.75
2020-01-15,4033.5,4044.75,4023.5,4039.5
2020-01-16,4040,4063.75,4039.75,4062.25
2020-01-17,4062.5,4076,4061.75,4070.75
2020-01-21,4070.75,4075.5,4053,4065.25
2020-01-22,4067,4083.25,4061,4065.5
2020-01-23,4063,4072.75,4047,4071.75
2020-01-24,4072.25,4082.75,4026.25,4039.25
2020-01-27,4015.5,4015.5,3978.75,3985.25
2020-01-28,3985.25,4030.75,3984.5,4024
2020-01-29,4027.5,4038.5,4011,4018.25
2020-01-30,4017.25,4041,3985.5,4035.5
2020-01-31,4037.75,4043.25,3958.5,3969.75
2020-02-03,3968.5,4013,3967.75,3991.25
2020-02-04,3990,4051,3981.75,4045.25
2020-02-05,4046,4083.75,4034,4080.75
2020-02-06,4082.75,4103.5,4078.25,4091
2020-02-07,4094.75,4095.75,4066.5,4071.25
2020-02-10,4068,4099.25,4049.25,4098.75
2020-02-11,4096.75,4120.25,4095,4103.25
2020-02-12,4106.25,4127.25,4101.25,4126.25
2020-02-13,4127,4130.5,4094.25,4123.25
2020-02-14,4125.25,4134.25,4111,4126.75
2020-02-18,4128,4138.25,4101,4115
2020-02-19,4117.75,4139.5,4116.5,4133
2020-02-20,4137.5,4143.25,4085,4115
2020-02-21,4112.75,4115,4073.75,4085
2020-02-24,4054.75,4057.75,3959.5,3972
2020-02-25,3968.75,4005.25,3863,3878.25
2020-02-26,3883.75,3927.75,3836.75,3856
2020-02-27,3846,3862.75,3690.25,3702.75
2020-02-28,3695.75,3741.75,3599,3696.75
2020-03-02,3645.75,3839,3635,3810.75
2020-03-03,3822.75,3882.75,3718.75,3742.75
2020-03-04,3734,3875.25,3722.25,3860.5
2020-03-05,3855,3859.5,3742.25,3761.25
2020-03-06,3770,3782.75,3643.75,3709.75
2020-03-09,3661.75,3661.75,3460.75,3493.5
2020-03-10,3478.75,3630.5,3441,3611.5
2020-03-11,3605.25,3615.25,3448.5,3486
2020-03-12,3483.75,3519.75,3188.25,3214.75
2020-03-13,3175.25,3453.5,3139.25,3441.75
2020-03-16,3419.5,3420.75,3106,3162
2020-03-17,3163.75,3299.5,3108.75,3242.25
2020-03-18,3224.25,3243,3018.75,3158.25
2020-03-19,3159.25,3216.75,3031.75,3145.75
2020-03-20,3107.75,3255.75,3016.75,3045.25
2020-03-23,2977,3142.75,2930.75,2977.25
2020-03-24,2990,3204.5,2987.25,3194.75
2020-03-25,3199.5,3317.5,3142.75,3223.75
2020-03-26,3227.75,3382.5,3159,3364.75
2020-03-27,3384.5,3391.25,3262,3280.75
2020-03-30,3215.75,3378.5,3201.75,3368
2020-03-31,3370,3392.5,3312.5,3326.5
2020-04-01,3318.75,3319,3191,3204.75
2020-04-02,3215.75,3281.75,3181.5,3273.25
2020-04-03,3270.5,3286.25,3205.75,3239.5
2020-04-06,3241.75,3425.25,3241.5,3401.25
2020-04-07,3402.25,3506.75,3380.25,3398.75
2020-04-08,3397.25,3509.25,3377.5,3491.75
2020-04-09,3494.5,3566.25,3457.75,3536.5
2020-04-13,3567.75,3576.25,3467.75,3516
2020-04-14,3516.75,3602.75,3509.25,3599.75
2020-04-15,3600.5,3602.25,3508,3531.75
2020-04-16,3524.5,3588.25,3502.75,3544.25
2020-04-17,3619.75,3641.75,3577.75,3626.75
2020-04-20,3618.25,3632.25,3561,3563.25
2020-04-21,3563.75,3590,3474,3488.75
2020-04-22,3494,3564.75,3474,3545.25
2020-04-23,3547.25,3593.5,3529.5,3537.5
2020-04-24,3533.75,3591.75,3512,3586.25
2020-04-27,3585.75,3638,3569.5,3625.75
2020-04-28,3624.5,3670.25,3607.75,3624
2020-04-29,3627.25,3716.5,3617.5,3697.75
2020-04-30,3713.25,3721.75,3634.75,3659.25
2020-05-01,3628.25,3636.5,3568.5,3578.5
2020-05-04,3545.75,3592.5,3527.75,3582
2020-05-05,3583.75,3646.5,3581.25,3615
2020-05-06,3614.5,3643,3588.75,3590.25
2020-05-07,3588.75,3651.75,3579.75,3636.75
2020-05-08,3638.75,3689.75,3636.5,3685.25
2020-05-11,3677.5,3703.75,3646.5,3679.5
2020-05-12,3676,3696,3594.75,3609.25
2020-05-13,3596.5,3633.5,3542.75,3569.75
2020-05-14,3577,3610.5,3517,3603.75
2020-05-15,3603,3620.25,3566.25,3603.25
2020-05-18,3616.5,3721.5,3606.75,3704.75
2020-05-19,3701.75,3733,3671,3675.5
2020-05-20,3670.25,3732.5,3665.25,3725.25
2020-05-21,3729,3730.25,3689.75,3693.75
2020-05-22,3693.5,3714.25,3660.5,3709.75
2020-05-26,3705.25,3776.5,3704.25,3751.25
2020-05-27,3750.75,3796.25,3722.25,3792.25
2020-05-28,3791.75,3822.25,3776.25,3794.75
2020-05-29,3792.75,3815,3748.75,3798.75
2020-06-01,3786.5,3815.75,3764.75,3810.75
2020-06-02,3809.5,3835.75,3791.75,3833.75
2020-06-03,3834.75,3886.25,3831,3874.5
2020-06-04,3874.5,3883.5,3844.25,3867.25
2020-06-05,3870,3967.25,3863.25,3943.5
2020-06-08,3949.25,3988,3940,3984.25
2020-06-09,3984.5,3987.75,3946.75,3962.25
2020-06-10,3961.5,3984,3936.5,3942.75
2020-06-11,3940.5,3945.25,3753,3767
2020-06-12,3768.5,3844.5,3738.75,3791.5
2020-06-15,3749.5,3836,3691.75,3829.75
2020-06-16,3833,3924,3828,3886
2020-06-17,3879.5,3914.75,3862.25,3874.75
2020-06-18,3871.75,3887.75,3832.25,3865.75
2020-06-19,3864.5,3912.5,3824.5,3827.25
2020-06-22,3808,3882,3795,3878.5
2020-06-23,3879.5,3913.5,3827.75,3886.25
2020-06-24,3881,3896.25,3787.5,3816.75
2020-06-25,3814.5,3847.25,3772.75,3838.5
2020-06-26,3839,3849.75,3760.25,3774.75
2020-06-29,3754,3819,3751.25,3815.5
2020-06-30,3813.75,3869,3798,3858
2020-07-01,3853,3885.5,3830.5,3870.75
2020-07-02,3869.5,3924.25,3863.25,3896.75
2020-07-06,3893,3942.25,3873.5,3939.75
2020-07-07,3937.75,3951.75,3900.25,3904.25
2020-07-08,3903,3934,3893.25,3931.25
2020-07-09,3934,3938.5,3873,3908.75
2020-07-10,3910,3949,3879.25,3946.25
2020-07-13,3951.25,3994,3908.25,3916
2020-07-14,3917.5,3960,3886.75,3951.25
2020-07-15,3971.75,4001,3959.75,3987.25
2020-07-16,3991,3996.25,3956.25,3962.25
2020-07-17,3966.25,3993,3962.5,3981.75
2020-07-20,3982.25,4018.25,3958,4013
2020-07-21,4011.5,4041,4007,4019
2020-07-22,4017,4039.5,3995,4033.25
2020-07-23,4035.5,4052.25,3982,3995.25
2020-07-24,3997.75,4006.75,3959.25,3971.75
2020-07-27,3978.5,4002.75,3959.75,4000
2020-07-28,4002.75,4014.5,3975.75,3980.75
2020-07-29,3982.75,4024.75,3972,4020.25
2020-07-30,4024.5,4036.75,3962.75,4016.5
2020-07-31,4037,4041.5,3980.25,4031.25
2020-08-03,4039.75,4063.25,4022.5,4056.25
2020-08-04,4058.5,4068.25,4038.75,4067.75
2020-08-05,4068.5,4091,4059.75,4083.75
2020-08-06,4084.75,4113.25,4068.25,4112
2020-08-07,4111.5,4115.5,4090,4112.5
2020-08-10,4114.75,4125,4096.75,4120.5
2020-08-11,4118,4146.75,4087.25,4097.75
2020-08-12,4107.25,4150.25,4094,4137.75
2020-08-13,4135.5,4149.75,4125.25,4135.5
2020-08-14,4137,4148.25,4117.75,4129.25
2020-08-17,4133.75,4150.5,4132.5,4147.5
2020-08-18,4147,4158.5,4133,4154.75
2020-08-19,4156.5,4163.5,4133.25,4140.5
2020-08-20,4138,4154.75,4112.5,4148.5
2020-08-21,4151.25,4164,4124.5,4160.25
2020-08-24,4166.5,4197.25,4161.25,4195.25
2020-08-25,4194.75,4216.5,4189.5,4210.75
2020-08-26,4212.5,4251.25,4204.5,4248
2020-08-27,4247.25,4266,4232.5,4253
2020-08-28,4255.75,4277.25,4248.5,4272.25
2020-08-31,4276.25,4292.25,4257.75,4266.75
2020-09-01,4261,4297.75,4252,4294.75
2020-09-02,4296.75,4354.75,4294,4347
2020-09-03,4346.5,4354.25,4192.25,4229.25
2020-09-04,4222.5,4252,4115.5,4185.25
2020-09-08,4188.25,4214.75,4095.25,4103.25
2020-09-09,4083,4191.75,4063.25,4168
2020-09-10,4163.75,4192,4095,4108.25
2020-09-11,4113,4142.75,4076.5,4101.5
2020-09-14,4117.75,4170.5,4113.25,4150.25
2020-09-15,4147.75,4187,4144.25,4173
2020-09-16,4173.75,4197.5,4151.75,4157.5
2020-09-17,4159.5,4164.5,4088.25,4129
2020-09-18,4123,4141,4058.75,4094.25
2020-09-21,4092.5,4104.25,3995.75,4053
2020-09-22,4049.5,4087.5,4034.5,4077.25
2020-09-23,4081.75,4097.75,3999,4009.25
2020-09-24,4006,4046.25,3976,4016
2020-09-25,4021.5,4074.25,3984.5,4065.25
2020-09-28,4069,4129.25,4065.5,4124
2020-09-29,4126.75,4141,4094.5,4111.75
2020-09-30,4108,4162,4069.25,4130
2020-10-01,4122.75,4166,4121.25,4145.75
2020-10-02,4145,4153.5,4078.25,4117.25
2020-10-05,4138,4178,4124.5,4171
2020-10-06,4170,4199.75,4108.5,4131.25
2020-10-07,4116,4194.75,4110.25,4184.75
2020-10-08,4184.25,4225.25,4183.5,4215.5
2020-10-09,4225.25,4258,4223.25,4251.25
2020-10-12,4245.5,4319,4242.25,4310.75
2020-10-13,4312,4313.75,4269.5,4282.75
2020-10-14,4280,4302,4250,4259
2020-10-15,4257.25,4264.5,4209.5,4253.5
2020-10-16,4256.5,4286.5,4239.25,4240.25
2020-10-19,4249,4274.5,4188.75,4200.75
2020-10-20,4214,4247.75,4196.75,4210.25
2020-10-21,4215,4236,4198.5,4210.5
2020-10-22,4208.25,4231,4180.5,4227.25
2020-10-23,4233.75,4240.5,4209.5,4229.75
2020-10-26,4223.75,4224.25,4134,4171.5
2020-10-27,4172.25,4188,4146.25,4161
2020-10-28,4147,4148.25,4038.75,4041.5
2020-10-29,4057,4111.75,4028.25,4080.25
2020-10-30,4046,4074.25,4003,4042.75
2020-11-02,4038,4101.5,4021.25,4078.5
2020-11-03,4082,4160.75,4079.25,4139.5
2020-11-04,4140.75,4258,4097,4213
2020-11-05,4226,4300.5,4206.25,4282.75
2020-11-06,4286.75,4297,4234.75,4278.75
2020-11-09,4300.5,4446,4293.75,4322
2020-11-10,4327.5,4340.75,4284.5,4319
2020-11-11,4324.25,4354.75,4309,4346
2020-11-12,4352.5,4352.5,4291,4310.5
2020-11-13,4315.5,4368,4296,4360
2020-11-16,4365,4415,4364.5,4401
2020-11-17,4403.5,4408,4362.25,4384.75
2020-11-18,4382.5,4401.25,4334.5,4343
2020-11-19,4340,4360.75,4320.25,4358
2020-11-20,4338,4360.5,4320.75,4332.25
2020-11-23,4324.5,4366,4323.5,4354
2020-11-24,4354,4418,4353.25,4410.75
2020-11-25,4413.5,4433,4393.25,4405.25
2020-11-27,4408.25,4420.75,4390.75,4414.5
2020-11-30,4421.75,4430,4370.25,4401.25
2020-12-01,4409,4455.5,4404,4438.5
2020-12-02,4439.25,4450.75,4420.25,4445.25
2020-12-03,4449,4460,4433.25,4442.5
2020-12-04,4446.25,4478,4443.5,4476
2020-12-07,4472.75,4483,4450.25,4468.75
2020-12-08,4460.75,4486,4442.25,4480
2020-12-09,4485.75,4492.75,4437.5,4450.5
2020-12-10,4447.5,4459.25,4422,4446.5
2020-12-11,4448,4452.75,4406.25,4439.25
2020-12-14,4455.75,4476,4420.75,4424.5
2020-12-15,4431.5,4473,4420.75,4471.5
2020-12-16,4474.25,4489,4464.5,4478.25
2020-12-17,4481.5,4502,4476.5,4497.25
2020-12-18,4497.5,4507.5,4461.75,4490.75
2020-12-21,4502.75,4508.5,4380.5,4470.25
2020-12-22,4469.5,4479.5,4448.25,4461.75
2020-12-23,4458.75,4486.25,4435.5,4466
2020-12-24,4469.75,4480.5,4463,4479.5
2020-12-28,4466.5,4516.75,4460.5,4512
2020-12-29,4515.5,4532.25,4499,4504.5
2020-12-30,4509,4522.75,4501,4508.75
2020-12-31,4509.5,4537.5,4499.5,4533.25
2021-01-04,4533.25,4557.75,4437,4476.75
2021-01-05,4479.5,4514.5,4457.75,4502.75
2021-01-06,4502,4559.25,4470,4525
2021-01-07,4537,4588.5,4526.5,4580
2021-01-08,4582.25,4609,4559.5,4602
2021-01-11,4600,4605.25,4561,4576.5
2021-01-12,4578.75,4591.25,4552.5,4579
2021-01-13,4576.5,4598,4561,4588.25
2021-01-14,4593,4602.25,4570.75,4575.75
2021-01-15,4577.5,4582.25,4526,4546.75
2021-01-19,4534.5,4581.5,4525,4575
2021-01-20,4581.25,4637,4573,4629.5
2021-01-21,4626,4644.25,4621,4630.5
2021-01-22,4631.25,4633.5,4597.75,4618.75
2021-01-25,4620,4637.75,4573,4633
2021-01-26,4629.5,4646.75,4606,4627
2021-01-27,4629.75,4637.5,4491,4528.75
2021-01-28,4519.75,4608,4488,4563.75
2021-01-29,4554.75,4561.75,4470,4489.75
2021-02-01,4476.75,4561.5,4441,4550.25
2021-02-02,4549.25,4620.25,4544.5,4602.75
2021-02-03,4614,4628,4592.25,4608
2021-02-04,4617.25,4654.25,4595.75,4649
2021-02-05,4648.75,4672.75,4644.5,4664.75
2021-02-08,4673.5,4695.75,4670,4692.5
2021-02-09,4695,4697.75,4679.5,4690
2021-02-10,4696.75,4713,4662.75,4687.5
2021-02-11,4691.5,4705,4669,4696.5
2021-02-12,4689.75,4720.75,4674.75,4715.5
2021-02-16,4721,4743.75,4703.25,4712.25
2021-02-17,4713.5,4716.75,4681,4712.5
2021-02-18,4712.75,4720.5,4665,4694
2021-02-19,4695,4715.5,4674.75,4687.5
2021-02-22,4690,4699,4645.75,4658
2021-02-23,4662.5,4680.5,4589.25,4662.5
2021-02-24,4660.75,4712.25,4636.25,4707
2021-02-25,4708,4719,4594.75,4612.5
2021-02-26,4607.75,4643,4569.5,4593.75
2021-03-01,4601.75,4696.5,4597,4683.25
2021-03-02,4687.75,4691,4650,4652
2021-03-03,4652,4682.5,4597.5,4601.25
2021-03-04,4602.5,4626.75,4505,4550
2021-03-05,4550,4634.5,4513,4623.5
2021-03-08,4639.25,4663.25,4580.75,4603.75
2021-03-09,4615.75,4685.75,4610.75,4657.75
2021-03-10,4663,4700.75,4640.75,4681
2021-03-11,4692.25,4743,4677.5,4721.25
2021-03-12,4722,4732,4694.75,4726.75
2021-03-15,4730.25,4754.25,4706.75,4752
2021-03-16,4751.5,4764.5,4736.5,4746.25
2021-03-17,4751,4767.25,4718.75,4757.25
2021-03-18,4755.75,4772.25,4694.25,4699.75
2021-03-19,4704.5,4717.25,4668.75,4693.5
2021-03-22,4687.25,4738.25,4678.75,4723.75
2021-03-23,4727,4732.5,4684.25,4693.5
2021-03-24,4699.5,4725.25,4671.25,4674.5
2021-03-25,4676.5,4703.25,4637,4694.25
2021-03-26,4701.25,4761.75,4694.5,4758.5
2021-03-29,4756,4765,4722.5,4752.75
2021-03-30,4759,4762.25,4727.5,4741.5
2021-03-31,4743.25,4777.5,4735.25,4761.25
2021-04-01,4761.25,4809,4758.25,4803.75
2021-04-02,4808.25,4831.75,4806.25,4821
2021-04-05,4823.75,4867.5,4814.75,4861.5
2021-04-06,4863.5,4869.75,4846,4857.75
2021-04-07,4860.75,4869.25,4850.25,4863.75
2021-04-08,4868,4892.25,4866.25,4882.75
2021-04-09,4891.75,4915.25,4874.75,4913.25
2021-04-12,4908,4918.25,4898.25,4914
2021-04-13,4916.5,4933.5,4895,4926.5
2021-04-14,4928.5,4937.75,4906.75,4911.75
2021-04-15,4917.25,4960.25,4913.25,4956.25
2021-04-16,4956.5,4977.25,4948,4970
2021-04-19,4958.75,4968.5,4935.5,4949.25
2021-04-20,4950,4961,4904.25,4920.25
2021-04-21,4915,4961,4906.75,4958.5
2021-04-22,4951.25,4965.5,4909,4921.5
2021-04-23,4922.75,4980.5,4921.25,4965.25
2021-04-26,4964.5,4979.75,4957.5,4973.25
2021-04-27,4975.25,4986.25,4960.5,4972.75
2021-04-28,4974,4987.5,4966.5,4970
2021-04-29,4978.5,5004.75,4961.75,4997.25
2021-04-30,4994.5,4995.25,4961,4968.25
2021-05-03,4975.25,4996.25,4974.75,4979.5
2021-05-04,4978,4979.25,4914.25,4952
2021-05-05,4952,4973.75,4946.75,4953.75
2021-05-06,4952.5,4991,4934.25,4988
2021-05-07,4991.25,5026,4985.5,5019
2021-05-10,5020.5,5032,4965.75,4977.25
2021-05-11,4970.5,4979.25,4897.5,4940
2021-05-12,4933.75,4944.25,4844.75,4852.5
2021-05-13,4847.25,4920.5,4823,4900.75
2021-05-14,4906.25,4972,4899,4962.75
2021-05-17,4962.75,4972.5,4930.25,4951.5
2021-05-18,4952.75,4973.25,4905.25,4916.75
2021-05-19,4907.75,4916.75,4849.25,4905.25
2021-05-20,4901.5,4963,4878.25,4948
2021-05-21,4946.25,4978.75,4940.75,4945.5
2021-05-24,4945.25,5000,4936.25,4987.5
2021-05-25,4993,5006.5,4973,4979.25
2021-05-26,4981.75,4998,4974.25,4986.75
2021-05-27,4986.75,5005.25,4971.5,4992.75
2021-05-28,5005,5011.25,4994.75,4996.25
2021-06-01,5000.25,5023.75,4983.75,4992.25
2021-06-02,4992.25,5008.75,4984.5,5000
2021-06-03,5001.75,5007,4959,4985
2021-06-04,4984.5,5025.75,4970.75,5022
2021-06-07,5026,5026.25,5007.75,5019.25
2021-06-08,5021.25,5030.5,4999.5,5019.5
2021-06-09,5019.25,5028.75,5010.75,5012.25
2021-06-10,5016,5042.75,5000.75,5031.75
2021-06-11,5033.25,5041.5,5024.5,5039.5
2021-06-14,5041.75,5051.25,5027.25,5048.5
2021-06-15,5049,5061,5031,5039.25
2021-06-16,5040.75,5044.25,4993,5015.75
2021-06-17,5007,5025.5,4985.75,5015
2021-06-18,5018.75,5022.75,4943.5,4956.25
2021-06-21,4945.25,5022.5,4929.5,5016.5
2021-06-22,5022,5048.25,5008.5,5039
2021-06-23,5040.25,5051,5033.25,5034.25
2021-06-24,5036.5,5066.5,5034.5,5058.75
2021-06-25,5064.75,5079.5,5056.25,5074
2021-06-28,5077.75,5084.75,5067,5083.25
2021-06-29,5083.25,5093.75,5074.5,5084.75
2021-06-30,5087.5,5097,5072,5091.25
2021-07-01,5097,5114.75,5088.75,5113.5
2021-07-02,5112.5,5149.75,5110.75,5145.5
2021-07-06,5143.75,5150.75,5108,5136.75
2021-07-07,5130.75,5156,5123,5152.5
2021-07-08,5155,5155,5082,5115.75
2021-07-09,5113,5166.75,5096,5162.75
2021-07-12,5164.75,5182,5144.5,5179.25
2021-07-13,5179.75,5186.5,5159.25,5164
2021-07-14,5162.25,5187.25,5152.75,5170.5
2021-07-15,5169.25,5173,5135.25,5154.75
2021-07-16,5150.5,5170.75,5117,5121.25
2021-07-19,5122.75,5123.5,5026.75,5054
2021-07-20,5065.5,5131.75,5055.5,5118.25
2021-07-21,5121.5,5158,5112.75,5153.25
2021-07-22,5157.75,5174.25,5144.25,5162.25
2021-07-23,5174.25,5211,5170,5205.75
2021-07-26,5203.25,5219.5,5178.25,5217
2021-07-27,5218.5,5218.75,5167.5,5197.25
2021-07-28,5182.75,5210.5,5180.25,5196.5
2021-07-29,5196.5,5225.25,5183.25,5214.5
2021-07-30,5197,5207.75,5173.5,5192.25
2021-08-02,5199.25,5222.5,5180,5182.5
2021-08-03,5186.5,5219.75,5168,5217.75
2021-08-04,5212.5,5217.75,5194,5197.5
2021-08-05,5199,5225.5,5196.5,5224.25
2021-08-06,5223,5236,5218.75,5232.25
2021-08-09,5230.75,5234.75,5215,5228.5
2021-08-10,5230,5241,5219.25,5232.75
2021-08-11,5232,5246,5223.5,5243.25
2021-08-12,5242.75,5259,5233,5257.25
2021-08-13,5258.5,5266,5253.75,5265.25
2021-08-16,5259,5279.25,5235.25,5276.75
2021-08-17,5274.75,5275,5214.5,5246.25
2021-08-18,5239.5,5252.5,5184.25,5197.25
2021-08-19,5192.5,5217.5,5150.5,5204.25
2021-08-20,5206.5,5243.25,5174.5,5239.75
2021-08-23,5237.75,5288.5,5236.25,5278.25
2021-08-24,5283.75,5294.75,5279.5,5285.25
2021-08-25,5286.25,5300.75,5279,5295.75
2021-08-26,5296.5,5297,5267.75,5269.25
2021-08-27,5272.75,5312.75,5265,5308.25
2021-08-30,5311.5,5337.25,5303.5,5328
2021-08-31,5332.25,5345,5315.25,5323.25
2021-09-01,5330.5,5342.75,5322,5324
2021-09-02,5325.25,5346.75,5318.75,5338
2021-09-03,5339.5,5352.25,5322,5337.25
2021-09-07,5335.75,5350.75,5313.5,5322
2021-09-08,5320.25,5327.5,5294.75,5315.25
2021-09-09,5313.75,5332.25,5288.25,5295
2021-09-10,5294,5321,5259.25,5261
2021-09-13,5263.75,5295.5,5247.5,5271.75
2021-09-14,5278,5291.75,5237.5,5247
2021-09-15,5249.25,5290,5239.75,5284.25
2021-09-16,5288.25,5290.75,5245.5,5276.5
2021-09-17,5271.5,5284.75,5218.75,5234
2021-09-20,5224,5230.25,5106,5160.5
2021-09-21,5154.75,5208,5141.5,5155.5
2021-09-22,5148.75,5218.75,5133.5,5196.25
2021-09-23,5198.25,5267.25,5198,5250.25
2021-09-24,5251.25,5265.25,5223,5258
2021-09-27,5258.25,5284.25,5237.25,5245.25
2021-09-28,5242,5254.25,5147,5155.75
2021-09-29,5159.75,5191,5156.5,5162
2021-09-30,5172.25,5201.25,5106.5,5110
2021-10-01,5113.25,5178,5072.25,5156
2021-10-04,5161.25,5174.25,5079.75,5103.5
2021-10-05,5108,5172,5081.25,5146.25
2021-10-06,5146.25,5169.75,5086,5166.25
2021-10-07,5167.5,5233.75,5167.25,5202.25
2021-10-08,5202.75,5220,5188.5,5194.5
2021-10-11,5193.25,5219.75,5156.25,5163.25
2021-10-12,5160,5177.25,5129.5,5153
2021-10-13,5139.75,5177,5131,5167.25
2021-10-14,5167,5249.5,5166.25,5241.25
2021-10-15,5245.25,5279.75,5238.5,5274.75
2021-10-18,5277.75,5292,5248.5,5289.75
2021-10-19,5288,5329.75,5284,5323.5
2021-10-20,5328.25,5344.5,5316.25,5340.25
2021-10-21,5337.25,5355.5,5322.5,5354
2021-10-22,5342.25,5363.75,5327.5,5348.75
2021-10-25,5341,5378.5,5334.75,5370.25
2021-10-26,5377,5402.25,5373,5377.5
2021-10-27,5376,5389,5356,5356.75
2021-10-28,5361,5402,5357.5,5399.75
2021-10-29,5389.25,5415.75,5371.5,5409.25
2021-11-01,5420.25,5431.75,5398.75,5418
2021-11-02,5418,5439.25,5405.5,5435.75
2021-11-03,5433.5,5469.25,5425.25,5464.5
2021-11-04,5463.75,5488.5,5463,5485.5
2021-11-05,5484,5524,5479.75,5502.5
2021-11-08,5490.75,5519.25,5488.5,5506.25
2021-11-09,5503,5512.75,5475.5,5490.5
2021-11-10,5487,5492.5,5437.5,5454.25
2021-11-11,5457.25,5473.75,5450.25,5455.25
2021-11-12,5459.25,5497.75,5456,5490.5
2021-11-15,5497,5509.75,5479.25,5491.25
2021-11-16,5493,5522,5483,5508.25
2021-11-17,5508.75,5513.25,5491.5,5498.5
2021-11-18,5497.5,5518.75,5480.25,5513.75
2021-11-19,5517.5,5535.75,5496.5,5506.75
2021-11-22,5513.25,5552.75,5486.5,5492
2021-11-23,5498.25,5507.75,5461.25,5500.75
2021-11-24,5498.5,5514.5,5468.5,5511.25
2021-11-26,5512.75,5529.25,5389.5,5408
2021-11-29,5401.25,5482,5401,5463.25
2021-11-30,5469.5,5479.75,5369.25,5378.5
2021-12-01,5399.75,5463,5310,5320.75
2021-12-02,5327,5406,5317.75,5388
2021-12-03,5399.5,5418.75,5304.25,5349.75
2021-12-06,5354.5,5424,5343.75,5402.25
2021-12-07,5406.5,5509.5,5399.5,5497.25
2021-12-08,5507.5,5524.25,5484,5511.25
2021-12-09,5509.5,5518.25,5474.5,5479.25
2021-12-10,5481.5,5525,5476.5,5523.25
2021-12-13,5523.5,5543.25,5477,5481
2021-12-14,5484.5,5498.25,5417.75,5449.5
2021-12-15,5450.5,5527.25,5423.5,5522
2021-12-16,5524.25,5564.75,5463.5,5480.75
2021-12-17,5485.5,5489.5,5411.5,5431.5
2021-12-20,5433.5,5443,5341.75,5380
2021-12-21,5389.25,5464.5,5387.25,5462.25
2021-12-22,5463.25,5512,5443.75,5507.5
2021-12-23,5510.5,5552.75,5505.75,5537.25
2021-12-27,5538.5,5605.75,5534.75,5603.75
2021-12-28,5602,5619.5,5592,5600
2021-12-29,5602.5,5617.5,5591.5,5606
2021-12-30,5606.25,5621.25,5588.75,5593.75
2021-12-31,5595.25,5600,5572,5580
2022-01-03,5592.5,5612.75,5569,5607.5
2022-01-04,5606.75,5629.75,5586,5605.75
2022-01-05,5605,5609.75,5511,5514
2022-01-06,5513.5,5537.25,5483.5,5509
2022-01-07,5516.5,5527.25,5475.25,5489.25
2022-01-10,5492.75,5503.25,5394.25,5483.75
2022-01-11,5485,5529,5448.75,5526.5
2022-01-12,5525.5,5561,5516.5,5537.75
2022-01-13,5540.75,5557.75,5464,5473.5
2022-01-14,5476.5,5488.5,5427.5,5476.25
2022-01-18,5487.5,5493.25,5381.5,5392.75
2022-01-19,5399.25,5424.5,5338.75,5345.75
2022-01-20,5347.5,5415.75,5259.25,5296.25
2022-01-21,5275.75,5308.5,5202.75,5211.5
2022-01-24,5210.5,5249,5034.25,5225.25
2022-01-25,5224.25,5228.25,5098,5170.5
2022-01-26,5130.25,5267.75,5115.75,5163
2022-01-27,5166.75,5243.5,5084.75,5139.25
2022-01-28,5169.5,5247.5,5087.75,5244.75
2022-01-31,5245,5329.25,5217,5325.75
2022-02-01,5314.75,5376.25,5295.5,5356.5
2022-02-02,5373.5,5407.5,5356.75,5398.75
2022-02-03,5367.25,5369.75,5283.5,5290.5
2022-02-04,5339.5,5354,5260,5314
2022-02-07,5318.5,5336,5284.25,5297.25
2022-02-08,5305.5,5345.25,5277.75,5334
2022-02-09,5340.5,5406.5,5338.75,5399.25
2022-02-10,5403.75,5405.25,5297.5,5319
2022-02-11,5316,5342,5214.75,5231
2022-02-14,5233.25,5249.5,5175.5,5215.5
2022-02-15,5215,5289.5,5203.25,5286
2022-02-16,5280.25,5306,5244.25,5291.5
2022-02-17,5285.75,5296.25,5188.75,5196
2022-02-18,5196.25,5233,5142.5,5165
2022-02-22,5145.75,5212.75,5071.5,5121.5
2022-02-23,5132.25,5167,5034,5043.5
2022-02-24,5037,5111.5,4923.25,5105.5
2022-02-25,5088.25,5205.75,5049,5201.5
2022-02-28,5121,5207,5073,5189.5
2022-03-01,5189,5220.5,5096.5,5125.25
2022-03-02,5130.25,5220.75,5099.75,5203.25
2022-03-03,5195.25,5240.25,5162.5,5180.75
2022-03-04,5188,5196,5102.75,5148.75
2022-03-07,5130.25,5146.75,5006.75,5020
2022-03-08,5008,5096.5,4960.25,4990.25
2022-03-09,4974.5,5119.75,4973.5,5096.75
2022-03-10,5100.5,5103.75,5028.5,5078.75
2022-03-11,5080,5157,5019.5,5023
2022-03-14,5037.5,5076,4982.25,4993.5
2022-03-15,5001.25,5093.25,4959.5,5083.75
2022-03-16,5079.75,5197.5,5069,5179.5
2022-03-17,5191,5236.75,5150.25,5232
2022-03-18,5214.25,5295.75,5194.5,5283.5
2022-03-21,5290,5303,5245,5282.25
2022-03-22,5286.75,5344.75,5263,5335
2022-03-23,5334,5344,5274.75,5277.5
2022-03-24,5279.25,5347.5,5275.75,5342.5
2022-03-25,5346.25,5369,5323.25,5366.5
2022-03-28,5365.25,5402.25,5339.75,5398
2022-03-29,5400.25,5461,5395.25,5455.5
2022-03-30,5451.25,5457.5,5404.75,5426
2022-03-31,5429,5444.25,5356.25,5360.75
2022-04-01,5371,5385.5,5331.25,5369.25
2022-04-04,5368.25,5410,5357.75,5407.75
2022-04-05,5406.25,5418.75,5337.75,5350.25
2022-04-06,5356.25,5358.75,5274.5,5305.75
2022-04-07,5301.25,5347.25,5274.5,5326.25
2022-04-08,5324.75,5349.75,5298.75,5313.5
2022-04-11,5318.75,5321.25,5233.5,5239
2022-04-12,5241,5296.75,5205.5,5223
2022-04-13,5226.75,5279.5,5214,5272.25
2022-04-14,5268.5,5285.75,5215,5217.5
2022-04-18,5220,5236.25,5185.5,5216.75
2022-04-19,5229,5297,5201.75,5289.25
2022-04-20,5271,5314.25,5262.75,5285.5
2022-04-21,5298,5339,5210,5220.5
2022-04-22,5215.75,5223.25,5077.5,5097.25
2022-04-25,5089,5126.5,5025.25,5122.75
2022-04-26,5124,5133.5,4966.75,5000.5
2022-04-27,4979.5,5066.25,4979,5010.25
2022-04-28,5043,5133.5,5012.5,5113.5
2022-04-29,5074,5109.75,4948.75,4957.5
2022-05-02,4974,4995.75,4886,4981
2022-05-03,4975.5,5025.75,4959,4999.25
2022-05-04,5001.25,5133,4972.75,5125.25
2022-05-05,5119.75,5130.75,4929.25,4973.25
2022-05-06,4976.5,4983.25,4892,4949.5
2022-05-09,4917.25,4929,4800,4817.5
2022-05-10,4823.25,4895.5,4783,4826.75
2022-05-11,4820.5,4880.5,4753.75,4760.25
2022-05-12,4769.75,4791.75,4685,4757.25
2022-05-13,4746.25,4866,4745.5,4849.75
2022-05-16,4855,4873.5,4809.5,4834.75
2022-05-17,4832,4921.5,4830.5,4914.75
2022-05-18,4921.25,4925,4735.5,4752.75
2022-05-19,4746.5,4773.5,4686,4727.75
2022-05-20,4730.5,4779.5,4637.5,4729.5
2022-05-23,4740.5,4812.25,4736.5,4801.75
2022-05-24,4781.75,4784.5,4702,4770.5
2022-05-25,4780,4827.75,4743.5,4806.75
2022-05-26,4802.25,4903.5,4790.5,4885.75
2022-05-27,4877.5,4998.25,4871.25,4985.75
2022-05-31,4994.5,5032.25,4932.75,4961.25
2022-06-01,4968.5,4995,4901.5,4929
2022-06-02,4927.75,5009,4902.25,5005.25
2022-06-03,5007.75,5019,4926.75,4937
2022-06-06,4940.5,4998.25,4934.5,4950.5
2022-06-07,4952,4994,4906,4988.75
2022-06-08,4980.75,4990,4935.25,4944
2022-06-09,4946,4974.25,4844.75,4846.25
2022-06-10,4855.25,4859.5,4725.25,4729
2022-06-13,4700.75,4706.5,4562.5,4580.5
2022-06-14,4587.75,4634.5,4535.5,4567.25
2022-06-15,4570.5,4670,4550.5,4620.5
2022-06-16,4626,4660.25,4469,4498.25
2022-06-17,4507.5,4540.5,4466,4502.75
2022-06-21,4511,4610.75,4488.5,4594.75
2022-06-22,4593.25,4632.5,4520.25,4589.75
2022-06-23,4588.25,4632.75,4562,4626.75
2022-06-24,4612.25,4746.75,4608.25,4743.25
2022-06-27,4742,4775,4719.5,4730.75
2022-06-28,4738.25,4777,4648.75,4652.5
2022-06-29,4655.25,4667,4628.25,4648.25
2022-06-30,4649.75,4652,4568.25,4616.5
2022-07-01,4609,4660.5,4571.5,4654.25
2022-07-05,4655.5,4684.75,4571,4661
2022-07-06,4665,4702,4635.75,4675.25
2022-07-07,4680.75,4741.25,4659.5,4732
2022-07-08,4724,4749,4695,4728.25
2022-07-11,4727,4727.75,4677,4683.75
2022-07-12,4689,4703.5,4631.75,4650.75
2022-07-13,4652,4700,4579,4631.5
2022-07-14,4622.75,4633.25,4550.75,4620.25
2022-07-15,4624.75,4695.25,4607.25,4692
2022-07-18,4705.5,4736.5,4647.25,4660.75
2022-07-19,4665.5,4775,4661,4764.5
2022-07-20,4774,4804.25,4749.25,4789.5
2022-07-21,4781,4831.75,4757.25,4828.25
2022-07-22,4815,4843.25,4768.5,4792
2022-07-25,4794.75,4815.75,4773,4797
2022-07-26,4786,4791.5,4740.25,4750.25
2022-07-27,4766.25,4869.75,4765.75,4851.5
2022-07-28,4849,4938,4821.5,4900.5
2022-07-29,4932,4971,4908,4960.5
2022-08-01,4964.5,4974.25,4924,4947.5
2022-08-02,4946.75,4970,4907.5,4920.75
2022-08-03,4924,4997,4911.5,4983.25
2022-08-04,4977.25,5000.25,4963,4979.25
2022-08-05,4979,4993.25,4930.75,4973.75
2022-08-08,4976.75,5015,4956.25,4968.75
2022-08-09,4975.5,4982,4940,4951.5
2022-08-10,4955.75,5040.5,4940.75,5037
2022-08-11,5037.75,5087.5,5029.75,5036.75
2022-08-12,5046.25,5109.75,5035.25,5108
2022-08-15,5104,5131.75,5076,5125.25
2022-08-16,5121.5,5154.5,5105.75,5134.75
2022-08-17,5136.25,5142,5082,5103.75
2022-08-18,5106.5,5122.5,5085,5113.5
2022-08-19,5114,5115,5047.75,5058.5
2022-08-22,5048,5048.5,4958.5,4968.25
2022-08-23,4974,4988.75,4945,4957.5
2022-08-24,4955.25,4985.5,4937.75,4969.75
2022-08-25,4975.75,5029.75,4970,5028
2022-08-26,5025.25,5044.25,4869.75,4886.5
2022-08-29,4851,4891,4833.75,4858.25
2022-08-30,4862.75,4899.75,4791.5,4814.5
2022-08-31,4814.25,4845.25,4780,4783.5
2022-09-01,4785,4798.25,4730.5,4795.75
2022-09-02,4794.5,4846.25,4733,4751.5
2022-09-06,4756,4790.25,4713.75,4737.5
2022-09-07,4734.5,4815.75,4710.5,4807
2022-09-08,4807,4838.5,4769.75,4832.5
2022-09-09,4837.25,4904.25,4832.75,4894.25
2022-09-12,4904.25,4946.75,4889.25,4937.75
2022-09-13,4945.25,4982.75,4746.25,4758
2022-09-14,4764.5,4789,4736.75,4773.25
2022-09-15,4779.75,4785.25,4712.75,4727
2022-09-16,4711.75,4712.75,4660.75,4697.75
2022-09-19,4697.25,4734.75,4654,4725
2022-09-20,4730.75,4744,4651,4680.5
2022-09-21,4686.5,4733,4599.75,4614
2022-09-22,4601.75,4640.75,4571.25,4579.75
2022-09-23,4585,4591,4468,4516.75
2022-09-26,4513,4538.25,4465.25,4477.75
2022-09-27,4475.75,4540.75,4443,4468.75
2022-09-28,4476.25,4559,4420.75,4539.75
2022-09-29,4538,4543.75,4429.75,4462
2022-09-30,4464.25,4501.5,4403,4409.25
2022-10-03,4401,4519.5,4379.5,4498
2022-10-04,4504.25,4616.5,4494,4611
2022-10-05,4608.75,4627.75,4541.75,4601.75
2022-10-06,4603.5,4627.25,4557.75,4564.5
2022-10-07,4553.5,4578.25,4440.25,4461
2022-10-10,4446.5,4475.25,4407.75,4433
2022-10-11,4432.5,4461,4386.75,4407
2022-10-12,4414.75,4443,4393.25,4396.25
2022-10-13,4404,4505.5,4309.75,4489.5
2022-10-14,4488,4541.5,4399,4405.25
2022-10-17,4398.75,4510.25,4398.25,4497
2022-10-18,4514,4585,4505,4540.5
2022-10-19,4567.5,4582,4484.5,4515
2022-10-20,4515.75,4555.75,4474,4483
2022-10-21,4485.5,4581,4449.25,4571.75
2022-10-24,4578.75,4629.75,4544.25,4617
2022-10-25,4611,4682,4597.75,4678
2022-10-26,4648.75,4705.25,4632,4648.75
2022-10-27,4652,4678.5,4565.25,4627.25
2022-10-28,4606,4732,4584.5,4719
2022-10-31,4719.25,4722.5,4680,4690.75
2022-11-01,4691.75,4735.75,4660.25,4673.75
2022-11-02,4670.75,4714.75,4568,4576.5
2022-11-03,4574.5,4590.25,4512,4535.5
2022-11-04,4531.75,4613.25,4518.75,4587.25
2022-11-07,4557.75,4629.5,4546,4623
2022-11-08,4620.5,4674.75,4600.5,4643
2022-11-09,4640.25,4656.5,4557.75,4563.25
2022-11-10,4564.75,4781.25,4559.25,4768.75
2022-11-11,4780.75,4817.5,4758.75,4808
2022-11-14,4791.75,4825.25,4771.75,4773.75
2022-11-15,4782.5,4858.5,4767.75,4807.25
2022-11-16,4799.75,4823.5,4769.75,4776.25
2022-11-17,4785,4798,4720.25,4763
2022-11-18,4768.25,4801.75,4750.25,4781.75
2022-11-21,4780.25,4789.75,4745.25,4765.75
2022-11-22,4765.5,4820.25,4753,4818
2022-11-23,4817.75,4847.25,4809.75,4840.75
2022-11-25,4846.5,4857,4832.5,4840.25
2022-11-28,4828,4831.75,4768,4778
2022-11-29,4779.75,4798,4749,4769.75
2022-11-30,4770,4901.25,4750.5,4889
2022-12-01,4902.25,4917.75,4862.25,4889.5
2022-12-02,4885.25,4893.25,4814.5,4883.25
2022-12-05,4881.75,4883.5,4795,4811
2022-12-06,4813.5,4822.5,4729.25,4752.75
2022-12-07,4752.25,4769.25,4721.75,4744.5
2022-12-08,4743.5,4785,4723.75,4773.5
2022-12-09,4772.5,4797.75,4737.75,4744
2022-12-12,4740.75,4800.5,4732.25,4799.5
2022-12-13,4796.75,4954.5,4792,4829.75
2022-12-14,4829,4865.25,4771.5,4805.25
2022-12-15,4811.5,4817.5,4682.5,4701.75
2022-12-16,4694.5,4709,4629.75,4653.5
2022-12-19,4648.5,4673.5,4601.75,4620
2022-12-20,4617.25,4641,4578,4623.75
2022-12-21,4631.75,4693.25,4630,4680.25
2022-12-22,4689.5,4694.25,4563,4623.75
2022-12-23,4624.5,4647,4595.75,4644.25
2022-12-27,4652.5,4675,4611.75,4629.5
2022-12-28,4632.5,4649.5,4579,4582
2022-12-29,4585.5,4657.25,4580.75,4646.25
2022-12-30,4644.25,4645.5,4596,4635.5
2023-01-03,4669.5,4681.25,4589,4620.5
2023-01-04,4617.25,4670.75,4611,4649
2023-01-05,4645.5,4660,4597,4603.5
2023-01-06,4607.5,4703.25,4593.5,4690
2023-01-09,4693,4747.75,4684.25,4688.25
2023-01-10,4689,4718.25,4666,4715.25
2023-01-11,4715.5,4767,4709,4764.5
2023-01-12,4766.25,4796,4728.5,4778
2023-01-13,4777.5,4798.75,4736.25,4792.75
2023-01-17,4794.5,4809.75,4771.25,4784
2023-01-18,4783,4808,4718.25,4720.25
2023-01-19,4719.75,4723.25,4676.25,4690
2023-01-20,4699.5,4765,4686.25,4763
2023-01-23,4761.5,4831.25,4754.75,4811
2023-01-24,4811,4822,4779.75,4807.25
2023-01-25,4813.5,4815,4737.75,4806.5
2023-01-26,4805.5,4851.5,4801.75,4850
2023-01-27,4839.5,4883.75,4831.75,4858.75
2023-01-30,4851.5,4860.5,4804,4807
2023-01-31,4813.75,4865.75,4782,4864.5
2023-02-01,4860.25,4937.75,4823,4906.75
2023-02-02,4920,4983,4911.25,4966
2023-02-03,4950.5,4968.5,4907,4922.25
2023-02-06,4908.75,4917.5,4878.5,4898
2023-02-07,4898,4962.75,4872.75,4950.25
2023-02-08,4941.75,4953.75,4895.75,4905
2023-02-09,4906.75,4944.75,4852.75,4866.25
2023-02-10,4872.5,4878.75,4835.25,4874.25
2023-02-13,4879.5,4925.25,4853.25,4921.75
2023-02-14,4924.25,4961,4878.25,4920
2023-02-15,4915.75,4936.25,4887.5,4932.75
2023-02-16,4933.5,4943,4869.5,4874.25
2023-02-17,4870,4870.5,4830.25,4862
2023-02-21,4857.5,4863.75,4776.5,4780.25
2023-02-22,4782,4799.5,4758.25,4773.5
2023-02-23,4784.5,4808.75,4748.75,4793.25
2023-02-24,4789.75,4797.75,4722,4750.25
2023-02-27,4751,4799.25,4747.5,4762.5
2023-02-28,4766,4778.25,4739.5,4750
2023-03-01,4743,4765.5,4717.5,4731
2023-03-02,4734.25,4769.75,4699.5,4759.25
2023-03-03,4757.5,4827.5,4748.5,4824.25
2023-03-06,4823.75,4857,4816.25,4827
2023-03-07,4828.25,4839,4757,4764.25
2023-03-08,4764.5,4777.75,4746,4769.5
2023-03-09,4771.5,4794.25,4684,4694.5
2023-03-10,4693.5,4716.25,4620.75,4637.25
2023-03-13,4662.25,4713.25,4583.25,4631.25
2023-03-14,4639.75,4715,4627.5,4696.75
2023-03-15,4696.25,4706.5,4607.5,4667.5
2023-03-16,4667.25,4742.5,4637.5,4737
2023-03-17,4737.5,4751.75,4675,4689.5
2023-03-20,4706.25,4732,4639.75,4725.5
2023-03-21,4729,4785.75,4724.25,4778.25
2023-03-22,4781.25,4816.25,4708.75,4713
2023-03-23,4715.25,4782,4691,4720.5
2023-03-24,4731.25,4753.25,4679.5,4743.75
2023-03-27,4750.5,4776.75,4740,4749.75
2023-03-28,4756,4766.25,4723.25,4744
2023-03-29,4749,4803.75,4748.5,4800
2023-03-30,4800.5,4830.25,4795,4822.5
2023-03-31,4823.5,4885,4820.5,4880.25
2023-04-03,4869.5,4900.25,4865.25,4896.25
2023-04-04,4895,4914.25,4857.75,4871.5
2023-04-05,4876.5,4878,4841.5,4859.75
2023-04-06,4856.25,4877.75,4839,4874.5
2023-04-07,4871.5,4889.25,4863.5,4874.5
2023-04-10,4881.5,4885.5,4841.25,4878.75
2023-04-11,4881,4894.25,4871.25,4879
2023-04-12,4880,4920.25,4856,4861.5
2023-04-13,4860,4919.5,4852.75,4915.25
2023-04-14,4911.25,4931.5,4880.5,4906.25
2023-04-17,4916.75,4923,4890.5,4919.25
2023-04-18,4919.5,4940.75,4907,4922.5
2023-04-19,4918.5,4930,4893,4921
2023-04-20,4914.75,4916,4879.5,4895
2023-04-21,4896.25,4903.5,4877.75,4899.25
2023-04-24,4892.5,4906.75,4876,4902
2023-04-25,4899.75,4901,4834,4835.75
2023-04-26,4852.75,4858.75,4811.25,4818.5
2023-04-27,4828,4909,4823.25,4896.25
2023-04-28,4893.5,4936.25,4874,4931
2023-05-01,4932.5,4948.75,4921,4928.25
2023-05-02,4922,4934,4848,4879.25
2023-05-03,4875.75,4909.5,4837.5,4850
2023-05-04,4829.5,4860.5,4804.75,4818.25
2023-05-05,4819.75,4905.75,4819.25,4892.75
2023-05-08,4893.5,4903.5,4880,4895.25
2023-05-09,4893,4895.5,4873.5,4876.5
2023-05-10,4875.5,4915.75,4854.75,4894.5
2023-05-11,4895.25,4911,4864,4886.25
2023-05-12,4887,4907,4854.25,4880.5
2023-05-15,4874.75,4898.75,4865.5,4892.5
2023-05-16,4890.75,4894,4862.5,4865.5
2023-05-17,4868.5,4921.5,4864.5,4914
2023-05-18,4913.75,4958.25,4903.75,4954.5
2023-05-19,4958,4969.75,4934,4947.25
2023-05-22,4931.5,4964.25,4929,4947.5
2023-05-23,4950,4965.25,4895.5,4901.25
2023-05-24,4900.5,4908.75,4856.5,4868.5
2023-05-25,4899.5,4918,4874,4902.25
2023-05-26,4899.5,4963.75,4888.5,4955.75
2023-05-30,4982.25,4985.75,4942.5,4957.5
2023-05-31,4955.5,4960.25,4916.5,4933
2023-06-01,4931,4982.25,4920.5,4970.5
2023-06-02,4974.25,5040.25,4971.5,5030.5
2023-06-05,5030.5,5048.25,5015.5,5023.5
2023-06-06,5022.25,5037.25,5011,5032.25
2023-06-07,5034.75,5047.25,5011.75,5016.75
2023-06-08,5015.75,5045,5005.25,5040.75
2023-06-09,5040.25,5068,5026.5,5047.25
2023-06-12,5049,5089,5047.75,5085.25
2023-06-13,5087,5120.5,5079,5114
2023-06-14,5114.5,5136.75,5080.75,5115.75
2023-06-15,5120,5182.75,5091,5168.5
2023-06-16,5166.25,5191,5148.25,5151
2023-06-20,5155.25,5159.25,5107.75,5132
2023-06-21,5127.5,5135.75,5100.75,5106.5
2023-06-22,5107.25,5124.25,5090.25,5121
2023-06-23,5123,5123.5,5078.75,5086.25
2023-06-26,5087.25,5100.25,5065.75,5067.5
2023-06-27,5073,5122,5068.75,5116
2023-06-28,5111.25,5127.5,5096.5,5114.75
2023-06-29,5121,5135.25,5107,5133
2023-06-30,5132.5,5195.25,5130.25,5185.5
2023-07-03,5182.75,5191.25,5176.75,5189.5
2023-07-05,5189.25,5191,5163.5,5181
2023-07-06,5179,5180.75,5116.75,5144.25
2023-07-07,5138.5,5173.25,5128.75,5131.25
2023-07-10,5134.75,5145.5,5108.5,5141.5
2023-07-11,5143,5175.75,5136.25,5170.75
2023-07-12,5168.25,5221,5167.25,5204.75
2023-07-13,5207.75,5248.75,5206.5,5240.75
2023-07-14,5236.75,5257.75,5228.25,5234
2023-07-17,5233.25,5263,5225.25,5251
2023-07-18,5247.5,5291.75,5242,5285
2023-07-19,5280,5306.5,5279.5,5294.25
2023-07-20,5290.5,5291.5,5254.5,5262.75
2023-07-21,5263.5,5287.25,5259,5262
2023-07-24,5261.5,5289.75,5257.25,5280.75
2023-07-25,5281.75,5306,5276.5,5293.25
2023-07-26,5302,5308,5271,5292.5
2023-07-27,5292,5331.75,5251,5261.5
2023-07-28,5263.25,5313.75,5255.25,5303.75
2023-07-31,5306,5316.5,5292.5,5311.75
2023-08-01,5315,5319,5288.25,5298.5
2023-08-02,5277.25,5290.75,5225,5234.5
2023-08-03,5231.5,5244.75,5203,5219
2023-08-04,5220.75,5258,5191,5195.25
2023-08-07,5197.75,5239,5197.75,5235
2023-08-08,5236.75,5238.25,5179.25,5215.75
2023-08-09,5213.75,5233.5,5175.5,5183
2023-08-10,5190.5,5242,5170.75,5183
2023-08-11,5185,5193.5,5156.25,5178
2023-08-14,5182.25,5205,5162.25,5203.25
2023-08-15,5203,5215,5144.25,5151.25
2023-08-16,5150.5,5164.5,5114.25,5117.25
2023-08-17,5117.75,5134,5075,5081.75
2023-08-18,5076.5,5093.25,5047.25,5080
2023-08-21,5079.75,5118.25,5069.5,5109.75
2023-08-22,5107.5,5137.25,5091.5,5096.5
2023-08-23,5097.25,5173.5,5096.75,5144.25
2023-08-24,5167.75,5182.75,5075.75,5083.25
2023-08-25,5081.75,5126.25,5062.5,5111.5
2023-08-28,5115.25,5146.75,5111.75,5139.5
2023-08-29,5141.25,5206.75,5130.75,5204
2023-08-30,5206,5228,5193.5,5221.5
2023-08-31,5224.25,5238.5,5210,5213.25
2023-09-01,5214,5245,5204.5,5218.75
2023-09-05,5218.5,5228.5,5196.5,5199.75
2023-09-06,5197.25,5201,5144.25,5168.75
2023-09-07,5166.75,5169,5131.5,5153.5
2023-09-08,5155.5,5174.75,5140.25,5159
2023-09-11,5160.75,5190.75,5156.5,5187.5
2023-09-12,5184.5,5187,5155.25,5161.75
2023-09-13,5161,5178.25,5143,5165.5
2023-09-14,5169.25,5210,5167,5203
2023-09-15,5204.5,5214,5142,5146
2023-09-18,5147.5,5162.5,5135,5149.5
2023-09-19,5151.25,5157.5,5110.25,5138
2023-09-20,5139.25,5156,5091.25,5095
2023-09-21,5093,5095,5014.5,5020
2023-09-22,5018.25,5047,5005.25,5009
2023-09-25,5013,5031.5,4986.25,5026.75
2023-09-26,5030,5030,4953.5,4962.75
2023-09-27,4968.25,4984.5,4925,4961.5
2023-09-28,4971.25,5003.75,4949,4985.5
2023-09-29,4990,5019.25,4959,4973.5
2023-10-02,4997,5003.5,4943.5,4972.25
2023-10-03,4974,4983.75,4899.25,4912.75
2023-10-04,4910.75,4952,4883.5,4945.75
2023-10-05,4939.5,4950,4906,4938.75
2023-10-06,4935.5,5006.5,4890.25,4989.5
2023-10-09,4963,5023.75,4947.5,5016.75
2023-10-10,5016.75,5067,5014.25,5039.5
2023-10-11,5040,5067.75,5025.25,5057.75
2023-10-12,5065.75,5078.5,5003.5,5028.5
2023-10-13,5028.75,5055.75,4988.75,5005.25
2023-10-16,5004.75,5062.25,5002.5,5049
2023-10-17,5054.25,5071.25,5013.75,5049.75
2023-10-18,5046,5047.25,4978.75,4990.25
2023-10-19,4994.5,5014.5,4940.75,4951
2023-10-20,4943,4952.25,4891.5,4896.5
2023-10-23,4904.25,4928.75,4861.25,4889.75
2023-10-24,4898.25,4938.5,4890,4919.25
2023-10-25,4917.5,4921.5,4851.75,4857.75
2023-10-26,4850,4853,4794.25,4804.5
2023-10-27,4815,4833,4770.25,4785.75
2023-10-30,4796,4845.5,4791.5,4833.75
2023-10-31,4832.25,4863,4814.75,4860.25
2023-11-01,4853,4912.75,4839.25,4904
2023-11-02,4906.5,4987.75,4905.75,4983.75
2023-11-03,4975.5,5039.75,4973.5,5024
2023-11-06,5027.25,5037.5,5012.25,5032.25
2023-11-07,5028,5051.25,5014,5044
2023-11-08,5045.5,5055.75,5023,5047.5
2023-11-09,5041.25,5061,5005.75,5010.25
2023-11-10,5012.5,5083.5,5002.25,5078.5
2023-11-13,5073.75,5084.75,5055.25,5073.25
2023-11-14,5075.25,5172.25,5068.25,5159
2023-11-15,5163.5,5189.25,5158.75,5167.25
2023-11-16,5162.25,5177.5,5149.75,5171.25
2023-11-17,5175.75,5187.5,5160.75,5175.5
2023-11-20,5174.75,5219,5168,5210.25
2023-11-21,5209.75,5215,5184.75,5199.25
2023-11-22,5195.75,5228.5,5191,5215.25
2023-11-24,5212,5222,5210,5216.25
2023-11-27,5216.5,5218,5200,5209
2023-11-28,5209.5,5225.25,5195,5211
2023-11-29,5212,5245,5203.5,5207.25
2023-11-30,5210.25,5227.5,5192.75,5224.75
2023-12-01,5219.75,5255.75,5210.5,5248.75
2023-12-04,5251.25,5252.5,5201.5,5224.5
2023-12-05,5221,5233.5,5203.5,5223
2023-12-06,5221.25,5246.5,5200,5204
2023-12-07,5204,5244,5196.75,5237.5
2023-12-08,5234.5,5261.75,5209.75,5255.5
2023-12-11,5255.75,5275.25,5247.5,5274
2023-12-12,5273.25,5297.25,5257.75,5292.75
2023-12-13,5296,5359.75,5292.25,5356.25
2023-12-14,5356.25,5387.25,5341.75,5369.5
2023-12-15,5363.25,5384.5,5352.75,5363.5
2023-12-18,5366,5397.75,5365,5388.5
2023-12-19,5386,5417,5383.25,5415.75
2023-12-20,5414,5426.25,5338.75,5345.25
2023-12-21,5346.5,5393.75,5346.5,5392.25
2023-12-22,5391.25,5417.25,5380.25,5400.75
2023-12-26,5395.75,5430,5395.75,5420.5
2023-12-27,5423.25,5432,5412,5429
2023-12-28,5430,5437,5423.5,5427.75
2023-12-29,5430.25,5436.5,5392.25,5415.5
2024-01-02,5413.5,5423.5,5361,5382.75
2024-01-03,5386.25,5386.25,5336.5,5342
2024-01-04,5345.5,5362,5322.5,5325
2024-01-05,5328.25,5355.75,5297.5,5330.25
2024-01-08,5331.25,5398.75,5310.75,5396.75
2024-01-09,5393.25,5399.5,5363,5388.25
2024-01-10,5386.25,5424,5381.5,5415.75
2024-01-11,5416,5433.5,5368.25,5411
2024-01-12,5406.75,5432,5387,5412
2024-01-16,5407.5,5418.5,5375,5394
2024-01-17,5395.25,5396.25,5341.75,5366.75
2024-01-18,5363.5,5412.5,5359,5406.75
2024-01-19,5406.75,5469.75,5404,5465
2024-01-22,5468,5493.75,5468,5476.5
2024-01-23,5477.25,5497.5,5469.75,5490.5
2024-01-24,5495.75,5528.75,5484.5,5493.5
2024-01-25,5495,5522,5488.75,5518.75
2024-01-26,5514.75,5529.75,5494,5511.75
2024-01-29,5504.25,5551.5,5497.25,5550
2024-01-30,5545.75,5552.75,5528.5,5546.5
2024-01-31,5525.75,5533.5,5461.5,5466
2024-02-01,5470,5559.25,5468,5524
2024-02-02,5548.25,5593.25,5521.25,5575.75
2024-02-05,5571.5,5576.25,5533.25,5557.5
2024-02-06,5555,5573.75,5550,5570.25
2024-02-07,5567,5615.5,5565.5,5610.75
2024-02-08,5611.25,5615.5,5599.25,5613.25
2024-02-09,5610,5644,5608.5,5639.5
2024-02-12,5638,5662,5627,5636.75
2024-02-13,5629.5,5635.5,5532,5566.75
2024-02-14,5569.75,5618,5564.25,5613.5
2024-02-15,5613,5647.25,5606.5,5642
2024-02-16,5645,5654.75,5608.25,5615.25
2024-02-20,5612,5625,5563.75,5587
2024-02-21,5585.5,5616,5554.5,5591.75
2024-02-22,5611.5,5703.25,5610.75,5693.25
2024-02-23,5689.75,5719,5687.5,5697
2024-02-26,5690.5,5703.5,5671.75,5675.75
2024-02-27,5673,5688.5,5662.5,5685.5
2024-02-28,5686.25,5686.75,5658.75,5676.5
2024-02-29,5667.5,5710,5655.5,5699.25
2024-03-01,5697,5744.75,5684.75,5741.5
2024-03-04,5737.5,5753.25,5727.5,5733.75
2024-03-05,5729.25,5731,5658.5,5681.25
2024-03-06,5686.5,5730,5679.25,5707.25
2024-03-07,5709.75,5766,5682,5757.25
2024-03-08,5754.75,5788.5,5717.25,5724.5
2024-03-11,5728,5728.75,5690.25,5718.5
2024-03-12,5724.5,5779.5,5709,5774
2024-03-13,5771,5780.25,5750.25,5765.25
2024-03-14,5769.25,5786.25,5720.75,5750.75
2024-03-15,5748.75,5763.5,5700.5,5715.5
2024-03-18,5718.5,5773,5714.5,5747.5
2024-03-19,5748,5777.5,5718.75,5774.5
2024-03-20,5772.5,5830.5,5765.75,5819.5
2024-03-21,5827.5,5855.5,5826.25,5835.25
2024-03-22,5839.5,5844.5,5820.5,5826
2024-03-25,5823.25,5827.75,5805.25,5811
2024-03-26,5813.5,5833.25,5795.75,5798
2024-03-27,5806,5846.5,5803.5,5841
2024-03-28,5840.75,5853.75,5833.75,5841.25
2024-04-01,5847,5866.25,5815,5828
2024-04-02,5827.25,5828.75,5767.75,5793.25
2024-04-03,5795.25,5813.5,5777.25,5799.25
2024-04-04,5803.5,5841.25,5725.25,5730
2024-04-05,5732.5,5805.25,5724.25,5785.75
2024-04-08,5796,5802,5769.25,5786
2024-04-09,5790.75,5807,5741,5793
2024-04-10,5797,5817.75,5709.25,5740.5
2024-04-11,5734.75,5790.25,5706.25,5776
2024-04-12,5776.75,5781.5,5682.75,5700.25
2024-04-15,5699.25,5746,5626.75,5636.75
2024-04-16,5634,5656,5611.5,5625.25
2024-04-17,5629,5653.25,5579.75,5595
2024-04-18,5595.75,5628,5571.25,5581.75
2024-04-19,5580,5590.75,5496.25,5536.5
2024-04-22,5547,5609.5,5538.75,5580.25
2024-04-23,5583.75,5646.25,5570.5,5639.25
2024-04-24,5648,5661.5,5605,5640.25
2024-04-25,5602.75,5665.5,5555,5615
2024-04-26,5664.75,5679.25,5637.25,5664.25
2024-04-29,5673,5687,5651.5,5679.75
2024-04-30,5681.25,5681.25,5583.75,5599.75
2024-05-01,5582.75,5659.5,5570.5,5579.25
2024-05-02,5589.75,5645.75,5569,5624.25
2024-05-03,5643,5699.5,5632,5687.5
2024-05-06,5699.5,5740.5,5688.5,5739.25
2024-05-07,5737.5,5759.5,5735,5746.5
2024-05-08,5744.5,5750.75,5721.5,5745.5
2024-05-09,5742,5777.5,5727.75,5771.75
2024-05-10,5773.5,5796.75,5765.5,5779
2024-05-13,5773.25,5796.75,5766,5778.25
2024-05-14,5774.5,5807,5749.5,5802.25
2024-05-15,5801.25,5870,5799,5865.75
2024-05-16,5864.25,5881.75,5848.25,5853
2024-05-17,5851,5861.5,5838.5,5860
2024-05-20,5862,5881,5856.5,5864.5
2024-05-21,5864.5,5880.25,5855.25,5878
2024-05-22,5876.25,5882,5839.5,5860.75
2024-05-23,5871.75,5901,5806.25,5818
2024-05-24,5818.5,5862,5818.5,5854.25
2024-05-28,5854.5,5871.75,5829.5,5857.5
2024-05-29,5856.5,5856.75,5801,5816.75
2024-05-30,5803.25,5809.75,5771,5785.75
2024-05-31,5783.25,5839.75,5738.25,5828.25
2024-06-03,5832.25,5846,5779.5,5830
2024-06-04,5833,5845,5794.75,5836.75
2024-06-05,5837.75,5901,5835.25,5898.75
2024-06-06,5900.5,5906,5878,5896.75
2024-06-07,5894.75,5918.25,5861.75,5888.5
2024-06-10,5884.25,5908.5,5871,5904
2024-06-11,5902.5,5919,5867.25,5916.75
2024-06-12,5917.25,5987.25,5912.75,5960.25
2024-06-13,5969,5985.5,5941.25,5971.25
2024-06-14,5968.75,5975.75,5930.5,5970.25
2024-06-17,5968,6029,5957.75,6014.25
2024-06-18,6016,6030.75,6009.5,6027.75
2024-06-20,6029.75,6056,5993.5,6012.5
2024-06-21,6013,6018.75,5987,6002.25
2024-06-24,6006.5,6026.5,5978.25,5985
2024-06-25,5984,6007.75,5979,6005
2024-06-26,6003,6019.75,5984.25,6011.5
2024-06-27,6001,6023,5983.75,6014
2024-06-28,6016.25,6053,5978.75,5989.5
2024-07-01,6002.25,6009,5972.5,6001.75
2024-07-02,6001.5,6037.75,5970.75,6036.75
2024-07-03,6031.75,6063.75,6027.75,6058.25
2024-07-05,6059,6094,6053,6089.5
2024-07-08,6080,6105.5,6078.75,6093.25
2024-07-09,6095.75,6113.75,6094.25,6099.25
2024-07-10,6099.75,6158.5,6098.75,6156
2024-07-11,6152.25,6175.75,6098,6107.75
2024-07-12,6106.5,6176.25,6089.25,6132.75
2024-07-15,6149,6186.75,6133.5,6151
2024-07-16,6156.75,6189.25,6141,6185.25
2024-07-17,6183,6185.75,6099.75,6107
2024-07-18,6112,6132,6038.25,6062.5
2024-07-19,6070.5,6075.5,6010,6021.75
2024-07-22,6032.5,6084,6021.5,6078.75
2024-07-23,6075.75,6097.75,6055.75,6067.25
2024-07-24,6053,6053,5930,5940
2024-07-25,5950.5,6001.25,5900.5,5909.25
2024-07-26,5914,5996.25,5913.25,5967
2024-07-29,5964.5,6002.5,5949,5971
2024-07-30,5972.5,5995.5,5901,5940.5
2024-07-31,5922.75,6056.5,5919.5,6026
2024-08-01,6042.75,6068.75,5912.75,5948.25
2024-08-02,5932.25,5941.25,5799.75,5844
2024-08-05,5798,5813.5,5588,5685.5
2024-08-06,5718,5810,5689.75,5734.25
2024-08-07,5709.5,5827.25,5664.75,5695.5
2024-08-08,5676.25,5829,5650,5816.25
2024-08-09,5816.25,5853.25,5787.5,5838.25
2024-08-12,5832.25,5864.75,5815.75,5837.75
2024-08-13,5840.5,5929.25,5835.5,5927
2024-08-14,5925.5,5955.75,5906.75,5945
2024-08-15,5949.25,6039.75,5939.75,6035.5
2024-08-16,6036.5,6054.25,6004.5,6046.25
2024-08-19,6052,6099.75,6033.25,6098
2024-08-20,6097.5,6111.75,6075.75,6087.75
2024-08-21,6087.5,6123.25,6081.5,6109.5
2024-08-22,6110,6133.25,6050.75,6062
2024-08-23,6065.75,6130.25,6065.75,6120.5
2024-08-26,6118.5,6137,6087.75,6105
2024-08-27,6098,6117.5,6079.5,6112.75
2024-08-28,6111.75,6118.5,6044,6078.25
2024-08-29,6048.5,6131.75,6029.25,6078
2024-08-30,6086.5,6133,6062.25,6129
2024-09-03,6124.25,6137.75,5984.75,6009.75
2024-09-04,6006.5,6033,5974.75,5998
2024-09-05,5995.5,6025.25,5958,5980.25
2024-09-06,5981,6000.5,5862,5887.5
2024-09-09,5878,5961,5873.25,5947.5
2024-09-10,5956.25,5974,5916.25,5972
2024-09-11,5967.25,6035.5,5880,6029.25
2024-09-12,6026,6075,6008.25,6070.25
2024-09-13,6066.5,6109.5,6065.25,6097.75
2024-09-16,6090.75,6109.5,6077.25,6106
2024-09-17,6101,6143.75,6084.5,6107
2024-09-18,6107.75,6162.5,6082,6086.75
2024-09-19,6099.75,6204.25,6097.75,6184.75
2024-09-20,6182.75,6183.5,6140.25,6168.75
2024-09-23,6168.75,6191.25,6152,6183.5
2024-09-24,6180.75,6201,6161.5,6198.75
2024-09-25,6199,6205.5,6174.75,6185.75
2024-09-26,6190.25,6236.75,6185,6211.25
2024-09-27,6211,6228.25,6188.75,6198
2024-09-30,6190.75,6227,6163,6221
2024-10-01,6213.75,6229.25,6139.75,6166.5
2024-10-02,6167,6180,6130.75,6167
2024-10-03,6176.25,6179.5,6132.5,6156.25
2024-10-04,6152.5,6211.5,6147.75,6206.75
2024-10-07,6208.75,6214.75,6141,6151.5
2024-10-08,6159.25,6213.5,6132,6207.25
2024-10-09,6206,6253.25,6187.5,6248
2024-10-10,6242.75,6250.75,6218.25,6235.75
2024-10-11,6237.75,6275,6222.75,6266.5
2024-10-14,6261.25,6325.25,6256.75,6315
2024-10-15,6321,6322.25,6256.75,6269.5
2024-10-16,6267.75,6299.5,6260,6293.75
2024-10-17,6289.5,6334,6278,6293.75
2024-10-18,6295,6322.25,6283,6312.75
2024-10-21,6318.25,6322.25,6271.75,6303
2024-10-22,6307.5,6311,6268,6299.25
2024-10-23,6294,6300.5,6207.75,6244.5
2024-10-24,6250.75,6276.75,6229.25,6255.75
2024-10-25,6260,6307.5,6241.75,6252.75
2024-10-28,6263.75,6291.25,6263.75,6268.25
2024-10-29,6273.75,6290.5,6244.25,6277.75
2024-10-30,6289.75,6299.75,6247,6258.75
2024-10-31,6246.75,6250.75,6140,6145.25
2024-11-01,6148.75,6210.5,6139.25,6165
2024-11-04,6148.5,6183.25,6131,6150
2024-11-05,6159,6230,6141.75,6219
2024-11-06,6227,6373.75,6221.5,6365
2024-11-07,6370.25,6419.75,6357.75,6410.5
2024-11-08,6414.5,6447.25,6397,6432
2024-11-11,6436.75,6460,6420.25,6438.5
2024-11-12,6436,6443.25,6393.5,6419.75
2024-11-13,6419,6442,6398.5,6422.75
2024-11-14,6424.5,6432,6371,6385
2024-11-15,6378.75,6381,6283.5,6303.25
2024-11-18,6306.5,6339.75,6293.25,6326.75
2024-11-19,6325.75,6354.25,6261.75,6345.5
2024-11-20,6344.5,6364.5,6286.75,6344.5
2024-11-21,6344,6391.75,6312,6377.25
2024-11-22,6373.75,6400.25,6347.5,6393.75
2024-11-25,6412.75,6446.75,6389.25,6413.25
2024-11-26,6420,6450.75,6383,6445
2024-11-27,6448.5,6453.75,6407,6421.75
2024-11-29,6421.75,6466.75,6421.5,6458.25
2024-12-02,6458.25,6475.25,6442.75,6468.5
2024-12-03,6470.75,6477.5,6454.25,6470
2024-12-04,6473.75,6509,6469.75,6505.25
2024-12-05,6502,6514,6488.25,6495.5
2024-12-06,6492.25,6517.75,6482.75,6505.75
2024-12-09,6503,6512.5,6466.75,6472.5
2024-12-10,6472,6482,6446.5,6453
2024-12-11,6459.5,6509.25,6452.25,6499.5
2024-12-12,6494.25,6495,6462.25,6467.5
2024-12-13,6471.75,6492,6448,6462.25
2024-12-16,6462.25,6497.25,6458.25,6487.25
2024-12-17,6483.5,6486,6447.5,6460.5
2024-12-18,6460,6481.25,6239.75,6273.5
2024-12-19,6282.75,6338.5,6264.5,6267.25
2024-12-20,6277.75,6384,6199.25,6335
2024-12-23,6335,6376.25,6298.25,6369.25
2024-12-24,6371,6432.75,6363.25,6431.25
2024-12-26,6432.5,6440.75,6396.5,6428.5
2024-12-27,6425.25,6428.5,6316,6360.25
2024-12-30,6362,6369.5,6251.5,6292
2024-12-31,6288.25,6316.5,6250.5,6269
2025-01-02,6282.5,6328.5,6208,6249.75
2025-01-03,6254.25,6330,6244.5,6322.75
2025-01-06,6327.75,6401.5,6314,6353.75
2025-01-07,6361.25,6378.75,6268.25,6287.5
2025-01-08,6288.75,6308.25,6250.25,6292.5
2025-01-09,6288.25,6290.25,6262.5,6278
2025-01-10,6277,6292.5,6178.5,6199.5
2025-01-13,6197.75,6216.5,6142.25,6207.75
2025-01-14,6220.5,6251.75,6175.75,6215.5
2025-01-15,6224.75,6334.5,6212.75,6322.25
2025-01-16,6321.75,6350.75,6295,6308.75
2025-01-17,6303.5,6384.75,6301.25,6366.75
2025-01-21,6365.5,6426.5,6327.75,6417.5
2025-01-22,6427.25,6469,6420.25,6453.75
2025-01-23,6453.25,6487.25,6434.75,6485.25
2025-01-24,6481.25,6495.5,6455.25,6466.5
2025-01-27,6435.5,6438.5,6281.25,6380
2025-01-28,6392.75,6438.75,6356.75,6430.25
2025-01-29,6424,6444.75,6375.5,6400.75
2025-01-30,6401.75,6449.5,6389.75,6432.5
2025-01-31,6439.25,6481,6391,6400.5
2025-02-03,6315.5,6395.25,6268.75,6355.5
2025-02-04,6402.25,6402.25,6320.25,6396.25
2025-02-05,6376,6425.25,6353.5,6419.75
2025-02-06,6423.5,6441.75,6403.25,6439.25
2025-02-07,6423,6456.5,6374.5,6382.75
2025-02-10,6349.25,6429.25,6347.25,6422
2025-02-11,6418.75,6432,6391,6425.5
2025-02-12,6424,6431.25,6354,6406
2025-02-13,6413,6471.25,6386.75,6468.5
2025-02-14,6465,6480,6454.5,6465.25
2025-02-18,6471.5,6491,6451.5,6480
2025-02-19,6477,6499.75,6462.5,6496.25
2025-02-20,6487,6492.75,6436,6469.75
2025-02-21,6465.75,6475.75,6357.75,6362.25
2025-02-24,6374,6400.75,6327.75,6334
2025-02-25,6339.75,6349.25,6257.25,6303.25
2025-02-26,6315.25,6357,6278.75,6304
2025-02-27,6313.25,6347.75,6206.25,6209.5
2025-02-28,6216.25,6304.25,6181.25,6296.5
2025-03-03,6300.75,6333.75,6155,6194
2025-03-04,6207.25,6217.25,6077.25,6122.75
2025-03-05,6165.25,6202.75,6084,6184.5
2025-03-06,6178,6186.75,6053.25,6079.5
2025-03-07,6099.25,6124.25,6006.25,6109.25
2025-03-10,6086.25,6091,5904.75,5954
2025-03-11,5955.25,5985,5867.25,5910.25
2025-03-12,5913.25,6008.25,5883.5,5938
2025-03-13,5929.75,5956.25,5842.5,5860.75
2025-03-14,5873.25,5982,5872,5973.25
2025-03-17,5960,6040.75,5932.25,6013.5
2025-03-18,6012.75,6019.5,5932,5950.5
2025-03-19,5951.75,6051.75,5938.75,6011
2025-03-20,6013,6046.5,5963.75,5994
2025-03-21,5996.5,6005,5932.5,5999.5
2025-03-24,6021.25,6106.75,6020.25,6096.75
2025-03-25,6094.25,6118.5,6083.5,6107.75
2025-03-26,6112.25,6117.75,6024.25,6040.75
2025-03-27,6018.5,6061,6001.25,6020.5
2025-03-28,6023,6029,5883.5,5904.25
2025-03-31,5871.25,5954,5815,5934.5
2025-04-01,5925.5,5976,5881.5,5955.75
2025-04-02,5953.25,6054.5,5847.5,5993.5
2025-04-03,5831.75,5846,5696.5,5714
2025-04-04,5704.25,5716.25,5355.25,5391.5
2025-04-07,5288.25,5567.75,5113.25,5378.5
2025-04-08,5407.75,5586.5,5221.75,5301.5
2025-04-09,5287.5,5801.25,5153,5772.25
2025-04-10,5783.75,5810,5428,5583.25
2025-04-11,5580.5,5699.5,5487.25,5672.5
2025-04-14,5733.75,5779,5672.25,5722
2025-04-15,5713,5766.25,5694.25,5709.5
2025-04-16,5685,5706.25,5532.25,5587
2025-04-17,5589.25,5652.5,5566.75,5594
2025-04-21,5565,5588,5408.5,5466
2025-04-22,5463.75,5620.5,5453,5596
2025-04-23,5661,5781,5659,5683
2025-04-24,5690.25,5822.75,5636.5,5792.5
2025-04-25,5810.25,5843.5,5761.5,5831
2025-04-28,5825.25,5860,5773.25,5834.25
2025-04-29,5824.25,5878.5,5802.75,5865
2025-04-30,5860.75,5907.5,5736.75,5868.25
2025-05-01,5898.75,5963.75,5883,5904.5
2025-05-02,5889.75,6006,5882.25,5990.25
2025-05-05,5986.25,5987.5,5936.5,5953
2025-05-06,5947.5,5954.5,5886.25,5907
2025-05-07,5889.75,5971,5877.25,5933.25
2025-05-08,5924.5,6022.25,5917.75,5965.75
2025-05-09,5969.75,5996.5,5943.75,5959.25
2025-05-12,6042.25,6157.5,6015.5,6146.25
2025-05-13,6149.25,6208.25,6117,6185.75
2025-05-14,6183.25,6206.25,6171.25,6189.75
2025-05-15,6185.25,6225.75,6148.25,6214.5
2025-05-16,6216.25,6258.75,6204.25,6256.75
2025-05-19,6211.5,6268.75,6174,6263.75
2025-05-20,6261.25,6274.75,6208,6241
2025-05-21,6234.75,6239.5,6129,6142.5
2025-05-22,6139.25,6176.25,6110,6138
2025-05-23,6150.5,6153.25,6037.75,6098.25
2025-05-27,6101.25,6223,6094.25,6215.5
2025-05-28,6222,6233.75,6171.25,6184
2025-05-29,6204.75,6289.25,6165.25,6204
2025-05-30,6193.5,6214,6134.5,6197.25
2025-06-02,6180,6236.75,6148.75,6228.5
2025-06-03,6230.25,6272.5,6190.5,6262.75
2025-06-04,6261.25,6280.25,6255.25,6262.25
2025-06-05,6255.5,6297.75,6210,6227.25
2025-06-06,6213,6306.25,6211.25,6288
2025-06-09,6291.25,6309,6273.5,6291.5
2025-06-10,6293.5,6330.75,6272.5,6326.25
2025-06-11,6320,6356,6287.5,6310.25
2025-06-12,6303.5,6332.5,6269,6330.75
2025-06-13,6326.25,6326.25,6208.75,6260.5
2025-06-16,6230,6338,6229,6318.75
2025-06-17,6322,6322.5,6259.25,6267.5
2025-06-18,6259.75,6302.75,6246.75,6263.25
2025-06-20,6267.25,6300,6198.5,6247
2025-06-23,6193,6310.5,6188,6306
2025-06-24,6307,6384.25,6304.25,6375.25
2025-06-25,6373.75,6389.25,6359.75,6376
2025-06-26,6373.75,6429,6370.25,6424
2025-06-27,6426.5,6468,6412.25,6452.75
2025-06-30,6452.25,6494.5,6452.25,6482.75
2025-07-01,6474.75,6490.5,6456.25,6477.75
2025-07-02,6476.75,6508.5,6464.5,6504
2025-07-03,6505.5,6562.25,6499.5,6553.25
2025-07-07,6536.75,6544,6475.25,6505
2025-07-08,6491.5,6518,6483.5,6501
2025-07-09,6501,6544.25,6489,6536.25
2025-07-10,6535,6564.5,6516.5,6553.25
2025-07-11,6552,6559.25,6505.75,6529
2025-07-14,6503,6544,6488.75,6540
2025-07-15,6538.5,6572,6501.5,6513
2025-07-16,6502.75,6537.75,6470,6532.25
2025-07-17,6528.25,6574.5,6517.25,6569.5
2025-07-18,6571.5,6586,6552.25,6563.75
2025-07-21,6564.75,6603,6558.75,6573.75
2025-07-22,6576,6582.75,6547.75,6575.75
2025-07-23,6575.5,6636.25,6571.75,6625.25
2025-07-24,6633,6647.25,6620.5,6630.5
2025-07-25,6635.75,6660,6630,6654
2025-07-28,6679,6686.75,6637.75,6651.75
2025-07-29,6653.25,6671.5,6625.25,6635
2025-07-30,6633,6664.25,6595.75,6625.25
2025-07-31,6664.5,6697.5,6586.5,6603.25
2025-08-01,6588.5,6602.5,6468.5,6493.5
2025-08-04,6486,6599,6480.25,6585
2025-08-05,6599,6606.5,6544.5,6554.25
2025-08-06,6552,6608.5,6542.25,6600
2025-08-07,6600,6655.75,6563.5,6595.5
2025-08-08,6601.5,6654.75,6598.25,6642.5
2025-08-11,6651.75,6660.5,6616.5,6628.75
2025-08-12,6625,6699,6620.25,6697.5
2025-08-13,6697,6731.5,6690,6717.75
2025-08-14,6714,6725,6682.25,6719.5
2025-08-15,6718.25,6737.75,6690.5,6700.5
2025-08-18,6696,6713.25,6685,6698.25
2025-08-19,6697.5,6706.5,6648.25,6661.5
2025-08-20,6662,6667,6591.75,6642.25
2025-08-21,6643.25,6648,6599.25,6617.25
2025-08-22,6621,6725.25,6593,6712.25
2025-08-25,6722,6723,6682,6684.5
2025-08-26,6689.25,6716.5,6659.75,6711.5
2025-08-27,6715.75,6734.5,6688.25,6725
2025-08-28,6714,6752,6700,6746.5
2025-08-29,6745,6747,6684.5,6701.75
2025-09-02,6707.75,6720.5,6600.75,6654.5
2025-09-03,6677,6693.25,6654.5,6686.25
2025-09-04,6689,6745.75,6683.5,6739.75
2025-09-05,6744.75,6770.75,6681,6718.75
2025-09-08,6712.75,6745.5,6709.25,6735
2025-09-09,6736.75,6765.25,6718.25,6750.75
2025-09-10,6761.25,6794.25,6751.5,6768.75
2025-09-11,6764.75,6829,6764.5,6821.5
2025-09-12,6825.25,6835,6805,6817.25
2025-09-15,6817.25,6852.5,6814.25,6850.5
2025-09-16,6844.5,6868,6832.5,6838.75
2025-09-17,6840.75,6857.75,6782.25,6830
2025-09-18,6835.75,6891,6835.25,6864.75
2025-09-19,6871.25,6902.75,6850.75,6893.75
2025-09-22,6887.25,6928,6866.5,6923.75
2025-09-23,6920.75,6927.75,6873,6886.25
2025-09-24,6889,6900,6849.25,6863.5
2025-09-25,6868.5,6876.5,6795.5,6831
2025-09-26,6834,6875,6824.5,6867.75
2025-09-29,6868.25,6907.25,6867.5,6884.75
2025-09-30,6879.25,6914.75,6864.25,6910
2025-10-01,6896.75,6940.75,6851.25,6932.75
2025-10-02,6928.25,6953.5,6912.75,6938
2025-10-03,6936,6971.25,6925.25,6935.25
2025-10-06,6939.25,6969,6937.75,6960
2025-10-07,6960.75,6974,6918.5,6932.75
2025-10-08,6937.25,6979,6929.5,6972.5
2025-10-09,6974,6983.5,6932,6950.5
2025-10-10,6950.75,6977.75,6711.5,6766.5
2025-10-13,6803.25,6882.75,6803.25,6866
2025-10-14,6862.25,6893.75,6764.5,6857.75
2025-10-15,6855.5,6938,6822.75,6886.25
2025-10-16,6886.5,6921.75,6803.25,6840
2025-10-17,6830.5,6889.25,6742.5,6873.75
2025-10-20,6892.25,6954.25,6865.25,6945
2025-10-21,6950.75,6961,6930.5,6944.5
2025-10-22,6947.25,6960,6862,6908.25
2025-10-23,6904.75,6957,6888.75,6946.25
2025-10-24,6949.5,7012.5,6947.75,6998.25
2025-10-27,7052.25,7087.5,7037,7079.5
2025-10-28,7085.25,7116,7072.75,7097
2025-10-29,7100.5,7123.25,7053.5,7094
2025-10-30,7077.75,7125,7022.25,7026.75
2025-10-31,7068.25,7089.75,7014.75,7045.25
2025-11-03,7049.25,7080.75,7020.75,7054
2025-11-04,7055.25,7055.25,6957.5,6973
2025-11-05,6972.25,7029,6919.75,6996.5
2025-11-06,6999.75,7014.75,6904.75,6918.75
2025-11-07,6934.25,6943.25,6826.75,6925
2025-11-10,6959.25,7037,6943.25,7028
2025-11-11,7028.5,7051.25,7001.75,7042.75
2025-11-12,7045.25,7071.75,7023.25,7047
2025-11-13,7044.5,7063.75,6917.25,6931.25
2025-11-14,6934,6966.75,6841.75,6926.5
2025-11-17,6936,6972.75,6829.75,6863.25
2025-11-18,6867.75,6880,6765.25,6811
2025-11-19,6802,6880.25,6784.5,6832.75
2025-11-20,6868.75,6962.5,6721.75,6728.75
2025-11-21,6731.25,6848.75,6696.25,6791.5
2025-11-24,6826,6903,6796.25,6892.5
2025-11-25,6897.5,6963.75,6845.75,6952.75
2025-11-26,6952.25,7018,6949.5,6999.25
2025-11-28,7001.5,7035,6995.5,7030.75
2025-12-01,7026,7035.75,6973.25,6998
2025-12-02,7000.25,7034.75,6983.5,7011.5
2025-12-03,7014.25,7044.5,6988.75,7033.25
2025-12-04,7037.25,7052,7007.5,7038
2025-12-05,7036.75,7076.25,7028,7049.5
2025-12-08,7054.25,7065,7006.5,7027
2025-12-09,7036.25,7044,7015.25,7019.5
2025-12-10,7018.5,7079.25,7002,7063
2025-12-11,7058.25,7100,6988.75,7078.5
2025-12-12,7085.25,7086.75,6976.25,7002
2025-12-15,7002.25,7043.75,6977.5,6994.25
2025-12-16,6996,7005.25,6930.75,6969.5
2025-12-17,6962.5,6995.75,6888.75,6891.75
2025-12-18,6905.25,6985.25,6884.75,6943.75
2025-12-19,6938,7008.5,6933.25,7000.5
2025-12-22,7019.5,7049.5,7013.75,7043.5
2025-12-23,7044,7077,7026.5,7074.25
2025-12-24,7072.75,7101.25,7065.75,7095.75
2025-12-26,7092.75,7107.25,7082.25,7092.5
2025-12-29,7093.75,7098,7049.25,7068.25
2025-12-30,7069.75,7074.75,7054,7057.5
2025-12-31,7058.75,7064.75,7003.5,7005.75
2026-01-02,7015.25,7053,6980,7013.75
2026-01-05,7024.75,7076.75,7012.75,7057
2026-01-06,7058.75,7104.75,7044.25,7101
2026-01-07,7101.75,7120,7071.25,7076.5
2026-01-08,7080.75,7091,7048.5,7075.25
2026-01-09,7086.5,7130.75,7067.5,7118.25
2026-01-12,7120.25,7138.5,7063.25,7129.75
2026-01-13,7127.25,7149.5,7090,7115
2026-01-14,7111.75,7115.75,7036.5,7079.5
2026-01-15,7069,7130.5,7062.75,7095
2026-01-16,7100,7120.25,7073.75,7090
2026-01-20,7031.5,7048.25,6935.5,6942.75
2026-01-21,6952.25,7058.5,6927.75,7023.25
2026-01-22,7033.25,7082.25,7024.5,7058.25
2026-01-23,7051.25,7077.25,7038,7059
2026-01-26,7017.25,7108.75,6992.25,7094.5
2026-01-27,7090.25,7131.75,7085.25,7121.75
2026-01-28,7123.5,7156.25,7090.5,7120.5
2026-01-29,7134.75,7142.75,7011.5,7106
2026-01-30,7106,7108.25,7030.75,7079
2026-02-02,7051.75,7130.5,6977.75,7115.75
2026-02-03,7117.5,7140.5,6999.5,7055
2026-02-04,7047.25,7079,6975.75,7019.5
2026-02-05,7028.75,7048.5,6898.25,6934
2026-02-06,6898.75,7078.75,6864.75,7066
2026-02-09,7073.5,7113.75,7034.25,7096.5
2026-02-10,7098.25,7119.75,7070.25,7074.75
2026-02-11,7084.75,7124.75,7044.25,7073.75
2026-02-12,7077.75,7106,6955.25,6964.25
2026-02-13,6978.75,7011,6922,6963.75
2026-02-17,6965.75,6998.75,6904.25,6973.75
2026-02-18,6976,7039,6962,7007.5
2026-02-19,7005,7025.75,6961,6990.25
2026-02-20,6987.5,7044.75,6960.5,7036.5
2026-02-23,7031.25,7043.5,6946,6964.75
2026-02-24,6971.5,7026,6941.75,7017
2026-02-25,7013.5,7097,7005.5,7073
2026-02-26,7078.25,7084,6984,7033.25
2026-02-27,7012.25,7028.75,6954.75,7002.25
2026-03-02,6933.25,7024.5,6881.75,7001.5
2026-03-03,6996.75,6999.25,6832,6938
2026-03-04,6926.5,7007.25,6886.75,6989.25
2026-03-05,6996.5,7014,6890.25,6948.5
2026-03-06,6939.25,6967.25,6829,6857
2026-03-09,6798.75,6931.75,6697.75,6914.25
2026-03-10,6914,6965.25,6875.75,6900.5
2026-03-11,6910,6935.75,6863,6892.75
2026-03-12,6879.25,6882.75,6785,6790.75
2026-03-13,6797.5,6850.75,6738.25,6749.25
2026-03-16,6721.75,6847.5,6721.75,6818
2026-03-17,6814.25,6871,6778.25,6835.75
2026-03-18,6836.5,6876.5,6717,6739.5
2026-03-19,6735.5,6757.5,6674.25,6722.5
2026-03-20,6738,6748,6586.25,6621.5
2026-03-23,6572.5,6810.5,6546,6697.25
2026-03-24,6697.5,6743,6636,6668.5
2026-03-25,6709,6747.25,6679,6703.25
2026-03-26,6704,6709.5,6579.5,6587.5
2026-03-27,6598.5,6631,6451.5,6474.75
2026-03-30,6442.5,6544.25,6422,6450.75
2026-03-31,6447.75,6645.75,6415.75,6633.25
2026-04-01,6624.5,6716.25,6623.5,6680.25
2026-04-02,6681,6707,6566.25,6684.75
2026-04-03,6685,6701.5,6660.75,6666.25
2026-04-06,6652.5,6723.5,6629.5,6713.5
2026-04-07,6713,6736,6635.25,6719.25
2026-04-08,6751.5,6909.75,6714.75,6886.25
2026-04-09,6876.75,6938.5,6855,6925.75
2026-04-10,6920.5,6950.5,6908.75,6917.75
2026-04-13,6842.5,6990.75,6829.5,6985.25
2026-04-14,6987.75,7070.5,6982.75,7067.25
2026-04-15,7066.5,7127,7054.25,7123
2026-04-16,7119.75,7151.5,7109,7139.5
2026-04-17,7139.75,7248.25,7137.75,7224
2026-04-20,7165,7223,7147.5,7210.5
2026-04-21,7213.25,7245.5,7147.5,7162.5
2026-04-22,7187.5,7235.5,7183.75,7233.75
2026-04-23,7225.5,7244,7141.75,7206
2026-04-24,7205.5,7263,7198,7257.25
2026-04-27,7247.5,7273.75,7234,7268.5
2026-04-28,7267.25,7285.75,7208.75,7233.5
2026-04-29,7235,7253.25,7193.75,7230.5
2026-04-30,7212.5,7316,7196.25,7306.25
2026-05-01,7318.5,7363.25,7303.25,7320.5
2026-05-04,7338.75,7342.25,7262,7292.75
2026-05-05,7291.25,7366.75,7286.25,7349.75
2026-05-06,7363,7458.25,7356,7452
2026-05-07,7443,7473,7408,7425.5
2026-05-08,7402.5,7490.25,7398.75,7481.5
2026-05-11,7466,7517.25,7453,7499.25
2026-05-12,7498,7506.25,7425.75,7489
2026-05-13,7481.75,7546.25,7461.5,7532
2026-05-14,7540,7602.5,7533.5,7588
2026-05-15,7584.75,7590.75,7471.75,7494.75
2026-05-18,7472.5,7516.75,7436,7488.25
2026-05-19,7486,7503.25,7416.75,7440.5
2026-05-20,7439.5,7520.5,7418.5,7514.25
2026-05-21,7495.25,7549.25,7470,7528.5
2026-05-22,7529.5,7586.5,7529.25,7553.5
2026-05-26,7581.5,7632.25,7579.5,7599.5
2026-05-27,7595.5,7633.25,7577.5,7602.5
2026-05-28,7616.25,7653.25,7568.25,7644.25
2026-05-29,7650,7674,7635.25,7658.25
2026-06-01,7657.5,7694.75,7638.75,7675.75
2026-06-02,7674.5,7694.5,7639,7686.25
2026-06-03,7690.5,7691,7604.25,7634.25
2026-06-04,7602.25,7674,7587,7663.5
2026-06-05,7652,7653.5,7421.5,7463
2026-06-08,7430.5,7539.25,7418,7478.5
2026-06-09,7475.25,7553.5,7309.75,7455.25
2026-06-10,7442.5,7467.25,7318.5,7341
2026-06-11,7321.75,7482.5,7294.75,7458.5
2026-06-12,7460,7524.25,7429,7497.5
2026-06-15,7543.5,7648.75,7542,7626.5
2026-06-16,7626.5,7636.75,7578,7587.25
2026-06-17,7581.25,7612.5,7472.25,7492.75
2026-06-18,7512.5,7583,7504.25,7570.75
2026-06-22,7543.25,7599.25,7513,7541.25
2026-06-23,7541.25,7549.5,7415.25,7437.5
2026-06-24,7449.25,7459.75,7420.25,7443.75
