time,open,high,low,close,Bar Direction,Streak,EMA
2000-01-03T15:30:00+01:00,2239.25,2240.75,2197,2211.5,-1,-1,
2000-01-04T15:30:00+01:00,2193.75,2198.5,2154.25,2156.25,-1,-2,
2000-01-05T15:30:00+01:00,2153.5,2172,2129.75,2157.75,1,1,
2000-01-06T15:30:00+01:00,2150.5,2171,2146,2149,-1,-1,
2000-01-07T15:30:00+01:00,2157,2206.25,2156.5,2204.5,1,1,
2000-01-10T15:30:00+01:00,2218.5,2224.25,2199,2219,1,2,
2000-01-11T15:30:00+01:00,2211,2216.25,2191.75,2198.25,-1,-1,
2000-01-12T15:30:00+01:00,2199.25,2201.25,2183.5,2186.75,-1,-2,
2000-01-13T15:30:00+01:00,2197.5,2211.5,2188,2203.75,1,1,
2000-01-14T15:30:00+01:00,2223.25,2229.75,2214.75,2223.25,0,0,
2000-01-17T15:30:00+01:00,2224.5,2224.5,2221.75,2222,-1,-1,
2000-01-18T15:30:00+01:00,2211.25,2221.25,2206.75,2214,1,1,
2000-01-19T15:30:00+01:00,2206.25,2218.75,2195,2217.25,1,2,
2000-01-20T15:30:00+01:00,2222,2223,2192.75,2201,-1,-1,
2000-01-21T15:30:00+01:00,2206,2208,2194,2199,-1,-2,
2000-01-24T15:30:00+01:00,2211.5,2213.25,2148,2157.5,-1,-3,
2000-01-25T15:30:00+01:00,2161.5,2169.5,2142.25,2163.75,1,1,
2000-01-26T15:30:00+01:00,2162.75,2167,2153,2161,-1,-1,
2000-01-27T15:30:00+01:00,2169.25,2173.25,2132.75,2155.25,-1,-2,
2000-01-28T15:30:00+01:00,2142,2151.5,2106,2112,-1,-3,2185.6375
2000-01-31T15:30:00+01:00,2110.75,2147.75,2101.75,2145.5,1,1,2181.814880952381
2000-02-01T15:30:00+01:00,2143.75,2166.5,2136,2161.75,1,2,2179.903939909297
2000-02-02T15:30:00+01:00,2161,2174.25,2154.75,2159.75,-1,-1,2177.9845170607928
2000-02-03T15:30:00+01:00,2169,2183,2150,2180.75,1,1,2178.2478963883364
2000-02-04T15:30:00+01:00,2184.25,2189.25,2171.25,2176,-1,-1,2178.0338110180187
2000-02-07T15:30:00+01:00,2175.75,2178,2163.75,2171.75,-1,-2,2177.4353528258266
2000-02-08T15:30:00+01:00,2186.25,2194.25,2184.75,2190.5,1,1,2178.6796049376526
2000-02-09T15:30:00+01:00,2192,2193.5,2161.75,2163.25,-1,-1,2177.2101187531143
2000-02-10T15:30:00+01:00,2165.75,2174,2157,2163.25,-1,-2,2175.88058363377
2000-02-11T15:30:00+01:00,2166.5,2166.75,2129,2141,-1,-3,2172.5586232876967
2000-02-14T15:30:00+01:00,2145.5,2148.25,2131.5,2143,-1,-4,2169.7435163079163
2000-02-15T15:30:00+01:00,2140.75,2159.5,2125.75,2154,1,1,2168.2441338024005
2000-02-16T15:30:00+01:00,2149,2155.25,2135,2137.5,-1,-1,2165.316121059315
2000-02-17T15:30:00+01:00,2147.25,2149.75,2129,2130.25,-1,-2,2161.9764904822373
2000-02-18T15:30:00+01:00,2132.5,2134.5,2093.75,2098.75,-1,-3,2155.9549199601192
2000-02-21T15:30:00+01:00,2101.25,2102,2099.75,2101.25,0,0,2150.744927582965
2000-02-22T15:30:00+01:00,2098.5,2108.5,2081.25,2093.5,-1,-1,2145.2930297179205
2000-02-23T15:30:00+01:00,2101.5,2119,2089.25,2108.75,1,1,2141.8127411733567
2000-02-24T15:30:00+01:00,2110.25,2113.75,2075.75,2100.25,-1,-1,2137.8543848711324
2000-02-25T15:30:00+01:00,2099.25,2111.25,2075.75,2082.5,-1,-2,2132.582538692929
2000-02-28T15:30:00+01:00,2082.25,2110.75,2072.25,2093.25,1,1,2128.836582626936
2000-02-29T15:30:00+01:00,2100.75,2118.75,2099.75,2116.75,1,2,2127.6854795196086
2000-03-01T15:30:00+01:00,2118.75,2133.5,2115.75,2129.25,1,3,2127.8344814701222
2000-03-02T15:30:00+01:00,2127,2135.25,2117.25,2129.75,1,4,2128.016911806301
2000-03-03T15:30:00+01:00,2145.5,2159.25,2140.25,2155.75,1,5,2130.658158300939
2000-03-06T15:30:00+01:00,2152.75,2155.5,2131,2139.75,-1,-1,2131.524047986564
2000-03-07T15:30:00+01:00,2144,2144.75,2095.75,2096.5,-1,-2,2128.188424368796
2000-03-08T15:30:00+01:00,2104.75,2120.75,2093.25,2110.5,1,1,2126.5038125241485
2000-03-09T15:30:00+01:00,2111.75,2149.75,2102.25,2148.75,1,2,2128.6224970456583
2000-03-10T15:30:00+01:00,2145.25,2160.25,2139,2143.75,-1,-1,2130.0632116127385
2000-03-13T15:30:00+01:00,2110,2144.5,2109.5,2128.5,1,1,2129.9143343162873
2000-03-14T15:30:00+01:00,2136.25,2141,2103.5,2107,-1,-1,2127.732016762355
2000-03-15T15:30:00+01:00,2111.75,2144.25,2101.25,2139.25,1,1,2128.8289675468927
2000-03-16T15:30:00+01:00,2153.25,2208.25,2149.75,2206,1,2,2136.178589685284
2000-03-17T15:30:00+01:00,2198.75,2224.5,2197.25,2215.25,1,3,2143.7092001914475
2000-03-20T15:30:00+01:00,2212.5,2217.25,2193.5,2204.75,-1,-1,2149.522609697024
2000-03-21T15:30:00+01:00,2200.75,2241,2190,2234.75,1,1,2157.639504011593
2000-03-22T15:30:00+01:00,2237.25,2252,2232.5,2244.75,1,2,2165.9357417247747
2000-03-23T15:30:00+01:00,2239,2279.75,2236.75,2270.75,1,3,2175.918052036701
2000-03-24T15:30:00+01:00,2269.75,2301,2262,2282.25,1,4,2186.044904223682
2000-03-27T16:30:00+02:00,2277.25,2281.25,2262.75,2265.25,-1,-1,2193.5882466785692
2000-03-28T16:30:00+02:00,2260.5,2274.5,2249.75,2256,-1,-2,2199.532223185372
2000-03-29T16:30:00+02:00,2258.25,2268,2241.75,2256.75,-1,-3,2204.9815352629557
2000-03-30T16:30:00+02:00,2243,2261.75,2220.25,2231.25,-1,-4,2207.483293809341
2000-03-31T16:30:00+02:00,2240.25,2265.5,2227.75,2244.25,1,1,2210.984884875118
2000-04-03T15:30:00+02:00,2239,2255.5,2228.75,2254.75,1,2,2215.152991077488
2000-04-04T15:30:00+02:00,2257.75,2271.5,2157.75,2244.75,-1,-1,2217.971753832013
2000-04-05T15:30:00+02:00,2224.75,2248.5,2219.25,2230.75,1,1,2219.1887296575355
2000-04-06T15:30:00+02:00,2240.25,2257.5,2230.25,2243.75,1,2,2221.5278982615796
2000-04-07T15:30:00+02:00,2254.75,2261.75,2244,2255.75,1,3,2224.787146046191
2000-04-10T15:30:00+02:00,2258.25,2270.75,2244.75,2247.75,-1,-1,2226.974084517982
2000-04-11T15:30:00+02:00,2238,2256,2224.25,2244.5,1,1,2228.6432193257933
2000-04-12T15:30:00+02:00,2244.75,2249.75,2201.75,2202,-1,-1,2226.105769866194
2000-04-13T15:30:00+02:00,2213.5,2219.25,2178,2182.75,-1,-2,2221.976648926556
2000-04-14T15:30:00+02:00,2169.75,2170.5,2073.75,2094,-1,-3,2209.7883966478366
2000-04-17T15:30:00+02:00,2093,2141.25,2086.25,2140.25,1,1,2203.1656922051857
2000-04-18T15:30:00+02:00,2140.5,2182.25,2135,2179.25,1,2,2200.888007233263
2000-04-19T15:30:00+02:00,2180,2186.75,2162,2167,-1,-1,2197.6605779729525
2000-04-20T15:30:00+02:00,2168.25,2173.75,2158.25,2173.75,1,1,2195.3833800707666
2000-04-24T15:30:00+02:00,2154.25,2167.75,2143.75,2163.75,1,2,2192.370677206884
2000-04-25T15:30:00+02:00,2177.25,2216.5,2177.25,2215.75,1,3,2194.597279377657
2000-04-26T15:30:00+02:00,2216.5,2222,2193.75,2200.75,-1,-1,2195.183252770261
2000-04-27T15:30:00+02:00,2167.25,2207.5,2167.25,2194,1,1,2195.070562030236
2000-04-28T15:30:00+02:00,2211.5,2212.25,2184.75,2187.25,-1,-1,2194.325746598785
2000-05-01T15:30:00+02:00,2193.75,2219.5,2192.75,2203.5,1,1,2195.199485017948
2000-05-02T15:30:00+02:00,2193.5,2204.75,2175.75,2178.25,-1,-1,2193.585248349572
2000-05-03T15:30:00+02:00,2172.25,2173.5,2131.25,2149.25,-1,-2,2189.3628437448506
2000-05-04T15:30:00+02:00,2152.25,2155.5,2139.75,2150.25,-1,-3,2185.6378110072455
2000-05-05T15:30:00+02:00,2135.5,2172.75,2134.25,2166.75,1,1,2183.838971863698
2000-05-08T15:30:00+02:00,2156.75,2166.25,2151.25,2157.5,1,2,2181.3304983528697
2000-05-09T15:30:00+02:00,2165.5,2166.5,2136.25,2146,-1,-1,2177.96568898593
2000-05-10T15:30:00+02:00,2136.25,2140.25,2109.75,2115.75,-1,-2,2172.040385272984
2000-05-11T15:30:00+02:00,2131.25,2145.75,2122.75,2141.75,1,1,2169.155586675557
2000-05-12T15:30:00+02:00,2146,2165.5,2144.5,2157.5,1,2,2168.0455308016944
2000-05-15T15:30:00+02:00,2156.5,2186.25,2150,2184.25,1,3,2169.5888135824853
2000-05-16T15:30:00+02:00,2195.75,2205.5,2184.75,2198.75,1,4,2172.3660694317723
2000-05-17T15:30:00+02:00,2186.25,2190.75,2175,2183.5,-1,-1,2173.4264437716033
2000-05-18T15:30:00+02:00,2182.75,2192.5,2168.25,2168.5,-1,-2,2172.9572586504983
2000-05-19T15:30:00+02:00,2156.25,2161,2133.75,2142.25,-1,-3,2170.0327578266415
2000-05-22T15:30:00+02:00,2143.75,2144.25,2099.25,2131.25,-1,-4,2166.339161843152
2000-05-23T15:30:00+02:00,2129.5,2136.25,2105.5,2109.25,-1,-5,2160.9020988104708
2000-05-24T15:30:00+02:00,2110.75,2134.75,2092.25,2128.75,1,1,2157.8399941618545
2000-05-25T15:30:00+02:00,2132.25,2144.5,2104.75,2116,-1,-1,2153.8552328131063
2000-05-26T15:30:00+02:00,2115.75,2123.25,2100,2109,-1,-2,2149.5833058785247
2000-05-29T15:30:00+02:00,2114,2114.25,2113.25,2113.75,-1,-3,2146.17061008057
2000-05-30T15:30:00+02:00,2122.25,2155.5,2120.75,2154,1,1,2146.916266263373
2000-05-31T15:30:00+02:00,2148,2165.75,2146.25,2149.25,1,2,2147.1385266192424
2000-06-01T15:30:00+02:00,2161,2180.5,2155.25,2177.75,1,3,2150.0539050364573
2000-06-02T15:30:00+02:00,2213,2218.75,2200.75,2202.25,-1,-1,2155.024961699652
2000-06-05T15:30:00+02:00,2199.5,2207.25,2194.5,2197.5,-1,-2,2159.070203442542
2000-06-06T15:30:00+02:00,2193,2202.5,2184,2190.75,-1,-3,2162.0873269242047
2000-06-07T15:30:00+02:00,2188.75,2204.25,2184.25,2199.25,1,1,2165.6266291218994
2000-06-08T15:30:00+02:00,2202.25,2202.75,2185,2193.75,-1,-1,2168.305045396004
2000-06-09T15:30:00+02:00,2200.5,2202.25,2182.25,2189.25,-1,-2,2170.299802977337
2000-06-12T15:30:00+02:00,2191.25,2192,2172.75,2173.5,-1,-3,2170.604583646162
2000-06-13T15:30:00+02:00,2172.5,2200.5,2170.25,2198.75,1,1,2173.2850994893847
2000-06-14T15:30:00+02:00,2203,2212,2194.25,2202.25,-1,-1,2176.0436614427767
2000-06-15T15:30:00+02:00,2202,2210.75,2190.75,2202.75,1,1,2178.5871222577503
2000-06-16T15:30:00+02:00,2204.5,2207.5,2184,2192.5,-1,-1,2179.9121582332027
2000-06-19T15:30:00+02:00,2190.5,2218.75,2187.75,2209.75,1,1,2182.753857449088
2000-06-20T15:30:00+02:00,2208.25,2213.75,2195.25,2203.25,-1,-1,2184.7058710253655
2000-06-21T15:30:00+02:00,2195.25,2208,2192.75,2203.25,1,1,2186.471978546759
2000-06-22T15:30:00+02:00,2199.75,2200,2173,2180.75,-1,-1,2185.9270282089724
2000-06-23T15:30:00+02:00,2180.75,2183.25,2161.5,2168.5,-1,-2,2184.2673112366892
2000-06-26T15:30:00+02:00,2173.5,2184.75,2171,2183.5,1,1,2184.194233976052
2000-06-27T15:30:00+02:00,2180,2188.75,2174,2174.75,-1,-1,2183.29478312119
2000-06-28T15:30:00+02:00,2178.25,2192.5,2174.5,2175.25,-1,-2,2182.528613300124
2000-06-29T15:30:00+02:00,2167.75,2178.25,2155.5,2162.75,-1,-3,2180.6449358429695
2000-06-30T15:30:00+02:00,2160,2175.5,2159.5,2175,1,1,2180.1073229055437
2000-07-03T15:30:00+02:00,2175.5,2195.25,2172,2195,1,2,2181.525673105016
2000-07-04T15:30:00+02:00,2191.5,2192.75,2191,2191.5,0,0,2182.4756089997763
2000-07-05T15:30:00+02:00,2184.75,2186.25,2163,2167.75,-1,-1,2181.0731700474166
2000-07-06T15:30:00+02:00,2169.5,2183.5,2160.75,2178,1,1,2180.780487185758
2000-07-07T15:30:00+02:00,2183,2206.75,2181,2199,1,2,2182.5156788823524
2000-07-10T15:30:00+02:00,2195.75,2207.25,2194.5,2196,1,3,2183.799899941176
2000-07-11T15:30:00+02:00,2192,2210,2190.5,2199,1,4,2185.2475285182068
2000-07-12T15:30:00+02:00,2210.5,2219.25,2205,2210.25,-1,-1,2187.6287162783774
2000-07-13T15:30:00+02:00,2215.75,2221.25,2210,2214.5,-1,-2,2190.187886156627
2000-07-14T15:30:00+02:00,2219.5,2230.5,2214.5,2228.5,1,1,2193.836658903615
2000-07-17T15:30:00+02:00,2225.75,2237.5,2224,2226.5,1,2,2196.947453293747
2000-07-18T15:30:00+02:00,2222.25,2223.5,2210.5,2216.5,-1,-1,2198.809600599104
2000-07-19T15:30:00+02:00,2211,2214.5,2197.75,2204.75,-1,-2,2199.375352922999
2000-07-20T15:30:00+02:00,2205,2221.75,2203.75,2220.5,1,1,2201.3872240731894
2000-07-21T15:30:00+02:00,2211.75,2212.5,2193,2193.5,-1,-1,2200.636059875743
2000-07-24T15:30:00+02:00,2197.25,2204,2180.75,2185.25,-1,-2,2199.170720839958
2000-07-25T15:30:00+02:00,2189,2192.25,2182.25,2189.25,1,1,2198.2258902837716
2000-07-26T15:30:00+02:00,2184,2186.25,2170.5,2174.5,-1,-1,2195.966281685317
2000-07-27T15:30:00+02:00,2170.5,2180.25,2160.5,2168,-1,-2,2193.3028262867156
2000-07-28T15:30:00+02:00,2168,2172.25,2128,2136.5,-1,-3,2187.8930333070284
2000-07-31T15:30:00+02:00,2142.5,2153.75,2134.25,2143.25,1,1,2183.641315849216
2000-08-01T15:30:00+02:00,2146.25,2159,2143.75,2151.75,1,2,2180.6040476731
2000-08-02T15:30:00+02:00,2151.75,2166.25,2147,2156.75,1,3,2178.3322336089955
2000-08-03T15:30:00+02:00,2141.25,2169.5,2137.75,2166.75,1,4,2177.229163741472
2000-08-04T15:30:00+02:00,2172,2178,2165.75,2175.75,1,5,2177.0882910041887
2000-08-07T15:30:00+02:00,2177.75,2195,2175,2191.25,1,6,2178.437025194266
2000-08-08T15:30:00+02:00,2187,2198.75,2185.75,2197,1,7,2180.204927556717
2000-08-09T15:30:00+02:00,2201.75,2202.25,2183.75,2185.25,-1,-1,2180.6854106465535
2000-08-10T15:30:00+02:00,2186.75,2188,2172.75,2178.5,-1,-2,2180.4772762992625
2000-08-11T15:30:00+02:00,2174.25,2189.25,2165,2183.75,1,1,2180.7889642707614
2000-08-14T15:30:00+02:00,2185.5,2204,2180.25,2203.25,1,2,2182.928110530689
2000-08-15T15:30:00+02:00,2200.5,2205.5,2195.5,2199.5,-1,-1,2184.5063857182427
2000-08-16T15:30:00+02:00,2199.75,2207.25,2186.5,2196.25,-1,-2,2185.6248251736483
2000-08-17T15:30:00+02:00,2192.75,2211.5,2191.75,2208,1,1,2187.755794204729
2000-08-18T15:30:00+02:00,2209.25,2211,2199.5,2205.25,-1,-1,2189.421909042374
2000-08-21T15:30:00+02:00,2209,2214.25,2201.75,2211.5,1,1,2191.5245843716716
2000-08-22T15:30:00+02:00,2211.5,2219.25,2207.5,2211.75,1,2,2193.4508144315123
2000-08-23T15:30:00+02:00,2205,2218,2199.25,2214.5,1,3,2195.455498771368
2000-08-24T15:30:00+02:00,2214.5,2220.75,2210.75,2219.5,1,4,2197.745451269333
2000-08-25T15:30:00+02:00,2217.75,2221.75,2214.5,2217.75,0,0,2199.6506463865394
2000-08-28T15:30:00+02:00,2216.25,2234.5,2215.5,2223.25,1,1,2201.8982038735357
2000-08-29T15:30:00+02:00,2220.75,2223.25,2213.75,2222.75,1,2,2203.8840892189132
2000-08-30T15:30:00+02:00,2216,2218.75,2207.5,2208.25,-1,-1,2204.2998902456834
2000-08-31T15:30:00+02:00,2212.5,2234,2212.25,2225.75,1,1,2206.3427578413325
2000-09-01T15:30:00+02:00,2235.5,2239,2223.75,2227.5,-1,-1,2208.357733285015
2000-09-04T15:30:00+02:00,2229.75,2262,2229.5,2231.25,1,1,2210.5379491626327
2000-09-05T15:30:00+02:00,2220.75,2224.5,2211,2216.75,-1,-1,2211.129573051906
2000-09-06T15:30:00+02:00,2215,2219.5,2197.25,2198.75,-1,-2,2209.9505660945815
2000-09-07T15:30:00+02:00,2204.25,2212.25,2200,2211,1,1,2210.050512180812
2000-09-08T15:30:00+02:00,2205.5,2206.5,2195.5,2201.25,-1,-1,2209.2123681635917
2000-09-11T15:30:00+02:00,2196.25,2212.75,2188.5,2194.5,-1,-2,2207.8111902432497
2000-09-12T15:30:00+02:00,2195.25,2201,2183,2184.25,-1,-3,2205.56726736294
2000-09-13T15:30:00+02:00,2175.25,2191,2174.75,2187.75,1,1,2203.870384756946
2000-09-14T15:30:00+02:00,2195.25,2197,2179.25,2183.25,-1,-1,2201.906538589618
2000-09-15T15:30:00+02:00,2180.75,2182.75,2161.25,2164,-1,-2,2198.2963920572734
2000-09-18T15:30:00+02:00,2166,2170,2142.5,2147.5,-1,-3,2193.458640432771
2000-09-19T15:30:00+02:00,2152.75,2163,2147.25,2159,1,1,2190.1768651534594
2000-09-20T15:30:00+02:00,2158.25,2159,2130.5,2149.75,-1,-1,2186.3266875197965
2000-09-21T15:30:00+02:00,2145,2154.25,2135.75,2149.5,1,1,2182.8193839464825
2000-09-22T15:30:00+02:00,2119.75,2151.25,2118.75,2148.5,1,2,2179.5508711896746
2000-09-25T15:30:00+02:00,2156.75,2158,2135.75,2141,-1,-1,2175.879359647801
2000-09-26T15:30:00+02:00,2141.25,2147.25,2122.75,2123,-1,-2,2170.843230157534
2000-09-27T15:30:00+02:00,2132,2136.25,2118.5,2127,-1,-3,2166.667684428245
2000-09-28T15:30:00+02:00,2127,2161.25,2125.25,2156.25,1,1,2165.6755240065077
2000-09-29T15:30:00+02:00,2150.25,2153.25,2134.25,2134.25,-1,-1,2162.6826169582687
2000-10-02T15:30:00+02:00,2140.25,2144.5,2127.75,2136.5,-1,-2,2160.1890343908144
2000-10-03T15:30:00+02:00,2143.5,2154.25,2119,2121.5,-1,-3,2156.504364448832
2000-10-04T15:30:00+02:00,2122.25,2137.5,2112.75,2130.75,1,1,2154.0515678346574
2000-10-05T15:30:00+02:00,2130,2142.25,2128,2136.5,1,2,2152.3799899456426
2000-10-06T15:30:00+02:00,2135.75,2140.75,2091.75,2106.75,-1,-1,2148.0342766174863
2000-10-09T15:30:00+02:00,2106.25,2106.75,2088.25,2096.75,-1,-2,2143.1500597967733
2000-10-10T15:30:00+02:00,2096,2104.75,2070.25,2071.75,-1,-3,2136.3500541018425
2000-10-11T15:30:00+02:00,2068.25,2078.25,2042,2058.5,-1,-4,2128.935763235
2000-10-12T15:30:00+02:00,2066,2067.25,2019.25,2024.25,-1,-5,2118.9656905459524
2000-10-13T15:30:00+02:00,2021.25,2068,2019.75,2066.5,1,1,2113.9689581130046
2000-10-16T15:30:00+02:00,2066.75,2074,2058.5,2071.5,1,2,2109.9242954355755
2000-10-17T15:30:00+02:00,2074,2075.75,2035.25,2040.25,-1,-1,2103.288648251235
2000-10-18T15:30:00+02:00,2018.75,2052.25,2004.25,2033.25,1,1,2096.6183007987365
2000-10-19T15:30:00+02:00,2055.25,2084.25,2053,2081.5,1,2,2095.1784626274284
2000-10-20T15:30:00+02:00,2075.25,2102.25,2074.75,2091,1,3,2094.7805138057684
2000-10-23T15:30:00+02:00,2087.25,2100,2080,2097.25,1,4,2095.0157029671236
2000-10-24T15:30:00+02:00,2096.75,2109,2079.25,2084.5,-1,-1,2094.014207446445
2000-10-25T15:30:00+02:00,2072.5,2083.75,2050.75,2054.5,-1,-2,2090.2509495944028
2000-10-26T15:30:00+02:00,2058.75,2064.5,2028.75,2052.25,-1,-3,2086.631811537793
2000-10-27T15:30:00+02:00,2061.75,2082.25,2054,2080.25,1,1,2086.024019962765
2000-10-30T15:30:00+01:00,2069.25,2099.75,2068.25,2092.25,1,2,2086.616970442502
2000-10-31T15:30:00+01:00,2095.25,2125.75,2095,2120.5,1,3,2089.843925638454
2000-11-01T15:30:00+01:00,2110.75,2119.75,2099.75,2112.75,1,4,2092.0254565300297
2000-11-02T15:30:00+01:00,2121,2124.75,2112.75,2115.5,-1,-1,2094.2611273366933
2000-11-03T15:30:00+01:00,2119.25,2124.75,2110.75,2116.75,-1,-2,2096.4029247331987
2000-11-06T15:30:00+01:00,2120.25,2132.75,2116.75,2126,1,1,2099.2216938062274
2000-11-07T15:30:00+01:00,2120.5,2126.25,2112.25,2123.75,1,2,2101.557722967539
2000-11-08T15:30:00+01:00,2125.25,2125.5,2090.75,2092.25,-1,-1,2100.671273161107
2000-11-09T15:30:00+01:00,2086.75,2101,2058.75,2084,-1,-2,2099.083532860049
2000-11-10T15:30:00+01:00,2073.25,2079.25,2050.75,2052,-1,-3,2094.599386873378
2000-11-13T15:30:00+01:00,2039,2053.25,2015.25,2038.75,-1,-4,2089.280397647342
2000-11-14T15:30:00+01:00,2057,2080,2054.5,2074.75,1,1,2087.896550252357
2000-11-15T15:30:00+01:00,2071.75,2084.75,2061.75,2077.75,1,2,2086.9302121330848
2000-11-16T15:30:00+01:00,2068.5,2083,2056.75,2059.75,-1,-1,2084.3416205013623
2000-11-17T15:30:00+01:00,2059.25,2073.75,2040.5,2051,-1,-2,2081.166228072661
2000-11-20T15:30:00+01:00,2039.5,2045.25,2025.5,2028,-1,-3,2076.1027777800264
2000-11-21T15:30:00+01:00,2030.5,2043,2016.75,2036,1,1,2072.2834656105
2000-11-22T15:30:00+01:00,2021.25,2030,2002.25,2004,-1,-1,2065.7802784095
2000-11-23T15:30:00+01:00,2009,2010.75,2008.75,2010,1,1,2060.4678709419286
2000-11-24T15:30:00+01:00,2018.5,2029.75,2016.75,2028,1,2,2057.375692756983
2000-11-27T15:30:00+01:00,2041.25,2048,2033.5,2039,-1,-1,2055.6256267801273
2000-11-28T15:30:00+01:00,2033.5,2044.75,2017.75,2019,-1,-2,2052.137471848687
2000-11-29T15:30:00+01:00,2023.5,2037.75,2013.25,2015.5,-1,-3,2048.6481888154785
2000-11-30T15:30:00+01:00,2002,2014,1977,2002,0,0,2044.2055041663853
2000-12-01T15:30:00+01:00,2008.25,2018.5,1990.25,2001.25,-1,-1,2040.1145037695867
2000-12-04T15:30:00+01:00,1998.5,2017.75,1993.5,2010,1,1,2037.2464557915307
2000-12-05T15:30:00+01:00,2025.5,2060.5,2021.75,2054.5,1,2,2038.8896504780516
2000-12-06T15:30:00+01:00,2052.25,2059.75,2019.5,2034.75,-1,-1,2038.4953980515704
2000-12-07T15:30:00+01:00,2025.5,2036.25,2015.5,2017.25,-1,-2,2036.4720268085637
2000-12-08T15:30:00+01:00,2044.25,2064.5,2016,2033.5,-1,-3,2036.1889766363195
2000-12-11T15:30:00+01:00,2049.5,2071.75,2043.25,2063.25,1,1,2038.76621695667
2000-12-12T15:30:00+01:00,2057.25,2062.5,2050.75,2059.25,1,2,2040.717053436987
2000-12-13T15:30:00+01:00,2064.5,2068.25,2037.25,2037.5,-1,-1,2040.4106673953693
2000-12-14T15:30:00+01:00,2034.75,2040,2016.25,2018.5,-1,-2,2038.323937167239
2000-12-15T15:30:00+01:00,2009.75,2010,1983.75,1986.75,-1,-3,2033.4121336275018
2000-12-18T15:30:00+01:00,2003.25,2013,1995.75,2007.25,1,1,2030.920501853454
2000-12-19T15:30:00+01:00,2000.25,2027,1977.5,1978.25,-1,-1,2025.9042635816963
2000-12-20T15:30:00+01:00,1960.25,1964.5,1936.25,1940.5,-1,-2,2017.7705241929634
2000-12-21T15:30:00+01:00,1936,1964.5,1930.5,1948.25,1,1,2011.1495218888717
2000-12-22T15:30:00+01:00,1961.5,1987.75,1961.25,1987.5,1,2,2008.897186470884
2000-12-26T15:30:00+01:00,1985,1998.25,1978.75,1996.75,1,3,2007.740311568895
2000-12-27T15:30:00+01:00,1991.75,2011.75,1987.75,2010,1,4,2007.955519990905
2000-12-28T15:30:00+01:00,2004,2014.5,2001.75,2013.25,1,5,2008.4597561822475
2000-12-29T15:30:00+01:00,2011.5,2016.25,1986.25,1987.25,-1,-1,2006.4397794029858
2001-01-02T15:30:00+01:00,1991.5,1994.75,1949.5,1960.25,-1,-2,2002.0407527931777
2001-01-03T15:30:00+01:00,1955.5,2027.5,1949,2019,1,1,2003.6559191938275
2001-01-04T15:30:00+01:00,2019,2025.75,2001.75,2008.5,-1,-1,2004.1172602229867
2001-01-05T15:30:00+01:00,2008.5,2009.75,1963.25,1964.25,-1,-2,2000.3203782969879
2001-01-08T15:30:00+01:00,1967.25,1971,1947.75,1969.5,1,1,1997.3851041734652
2001-01-09T15:30:00+01:00,1975.5,1985.75,1966,1969.25,-1,-1,1994.7055704426589
2001-01-10T15:30:00+01:00,1960,1989,1957.5,1987.75,1,1,1994.0431351624056
2001-01-11T15:30:00+01:00,1981.25,2003.75,1980.75,1995.25,1,2,1994.158074670748
2001-01-12T15:30:00+01:00,1999,2005,1982.25,1990.25,-1,-1,1993.7858770830576
2001-01-15T15:30:00+01:00,1991.25,1992.5,1990,1991.75,1,1,1993.5919840275283
2001-01-16T15:30:00+01:00,1990,1999.75,1983.75,1995.5,1,2,1993.7736998344303
2001-01-17T15:30:00+01:00,2013.5,2018,1994.75,2001.25,-1,-1,1994.4857284216275
2001-01-18T15:30:00+01:00,2003.5,2024.25,1997.25,2016,1,1,1996.5347066671868
2001-01-19T15:30:00+01:00,2028.5,2029.25,2006,2007.25,-1,-1,1997.5552107941214
2001-01-22T15:30:00+01:00,2006.5,2024.25,2003,2018,1,1,1999.5023335756337
2001-01-23T15:30:00+01:00,2014.75,2033,2008.75,2026.25,1,2,2002.0497303779543
2001-01-24T15:30:00+01:00,2027.75,2039.25,2025.5,2030.25,1,3,2004.7354703419587
2001-01-25T15:30:00+01:00,2028.75,2039,2023,2025.25,-1,-1,2006.689235071296
2001-01-26T15:30:00+01:00,2019,2027,2010.5,2024,1,1,2008.3378793502202
2001-01-29T15:30:00+01:00,2019.5,2034.25,2018.75,2030.25,1,2,2010.4247479835326
2001-01-30T15:30:00+01:00,2032.25,2044.5,2023.5,2042.75,1,3,2013.5033434136724
2001-01-31T15:30:00+01:00,2041,2054.25,2031.5,2033.75,-1,-1,2015.431596421894
2001-02-01T15:30:00+01:00,2032,2043.75,2026.5,2042.25,1,1,2017.9857300959993
2001-02-02T15:30:00+01:00,2042.25,2044,2013,2013.5,-1,-1,2017.5585177059043
2001-02-05T15:30:00+01:00,2013.75,2023.25,2011.5,2022.75,1,1,2018.0529445910563
2001-02-06T15:30:00+01:00,2020.75,2030.75,2016.25,2016.5,-1,-1,2017.9050451061937
2001-02-07T15:30:00+01:00,2010.75,2016.75,1999.75,2009.25,-1,-2,2017.08075509608
2001-02-08T15:30:00+01:00,2011.25,2016.75,1994,1995.5,-1,-3,2015.0254450869297
2001-02-09T15:30:00+01:00,1994.5,1996,1979,1981.5,-1,-4,2011.832545554841
2001-02-12T15:30:00+01:00,1979.75,1998.25,1979.5,1994.25,1,1,2010.158017406761
2001-02-13T15:30:00+01:00,1996.75,2002.25,1982.5,1986.75,-1,-1,2007.9286824156409
2001-02-14T15:30:00+01:00,1985,1985.75,1968.75,1980.25,-1,-2,2005.292617423675
2001-02-15T15:30:00+01:00,1987,1996,1985.75,1993.75,1,1,2004.193320526182
2001-02-16T15:30:00+01:00,1965.25,1972.75,1956.5,1965.5,1,2,2000.5082423808315
2001-02-19T15:30:00+01:00,1966,1966.75,1964.75,1965.25,-1,-1,1997.150314535038
2001-02-20T15:30:00+01:00,1969,1971.25,1942,1945.5,-1,-2,1992.2312369602726
2001-02-21T15:30:00+01:00,1936.75,1947.5,1915.25,1916,-1,-3,1984.9711191545323
2001-02-22T15:30:00+01:00,1920.5,1925,1890.5,1917.5,-1,-4,1978.545298282672
2001-02-23T15:30:00+01:00,1908,1914.25,1877.25,1907.75,-1,-5,1971.8028889224177
2001-02-26T15:30:00+01:00,1914.25,1934.5,1904,1933.5,1,1,1968.1549947393303
2001-02-27T15:30:00+01:00,1928.5,1937.25,1914.5,1924.25,-1,-1,1963.9735666689178
2001-02-28T15:30:00+01:00,1928.25,1928.75,1891,1898.5,-1,-2,1957.7379888909256
2001-03-01T15:30:00+01:00,1897,1904.25,1875.75,1903.75,1,1,1952.5962756632184
2001-03-02T15:30:00+01:00,1885,1914.5,1881.25,1894.25,1,2,1947.0394875048166
2001-03-05T15:30:00+01:00,1899.75,1904.75,1895.75,1903.5,1,3,1942.892869647215
2001-03-06T15:30:00+01:00,1919,1930.75,1914,1917,-1,-1,1940.426882061766
2001-03-07T15:30:00+01:00,1924.25,1927,1915,1926,1,1,1939.0528932939787
2001-03-08T15:30:00+01:00,1923,1928.25,1918.5,1925.75,1,2,1937.7859510755045
2001-03-09T15:30:00+01:00,1915.25,1915.75,1887.5,1892,-1,-1,1933.425384306409
2001-03-12T15:30:00+01:00,1877.75,1880.25,1833.25,1838.25,-1,-2,1924.3610619915128
2001-03-13T15:30:00+01:00,1846.5,1859.25,1831.25,1856.5,1,1,1917.898103706607
2001-03-14T15:30:00+01:00,1824.75,1847.5,1813.25,1828.25,1,2,1909.3601890678824
2001-03-15T15:30:00+01:00,1840,1841.75,1828,1832.5,-1,-1,1902.0401710614174
2001-03-16T15:30:00+01:00,1826.75,1830.25,1805.25,1808.75,-1,-2,1893.155392865092
2001-03-19T15:30:00+01:00,1812,1834,1805.5,1827.5,1,1,1886.9024983065117
2001-03-20T15:30:00+01:00,1833.25,1840.5,1798.5,1799.5,-1,-1,1878.5784508487486
2001-03-21T15:30:00+01:00,1798.75,1808.5,1774.25,1780,-1,-2,1869.1900269583916
2001-03-22T15:30:00+01:00,1773.5,1779.25,1735.25,1766.25,-1,-3,1859.3862148671162
2001-03-23T15:30:00+01:00,1784.75,1802.25,1773.5,1800.5,1,1,1853.778003927391
2001-03-26T16:30:00+02:00,1814.5,1818,1803.5,1814.25,-1,-1,1850.0134321247822
2001-03-27T16:30:00+02:00,1812,1841.75,1808,1836.75,1,1,1848.7502481128981
2001-03-28T16:30:00+02:00,1821,1824.25,1802.75,1807.25,-1,-1,1844.7978435307173
2001-03-29T16:30:00+02:00,1801.25,1820.5,1791,1808,1,1,1841.2932870039822
2001-03-30T16:30:00+02:00,1812.5,1822.25,1798.75,1821.25,1,2,1839.3844025274125
2001-04-02T15:30:00+02:00,1815.5,1826,1792.5,1797,-1,-1,1835.347792762897
2001-04-03T15:30:00+02:00,1792.25,1795.5,1753.75,1755.75,-1,-2,1827.767050595002
2001-04-04T15:30:00+02:00,1757.25,1773.5,1745.75,1759.25,1,1,1821.2416172050018
2001-04-05T15:30:00+02:00,1783.75,1808.5,1779.75,1803.25,1,2,1819.5281298521445
2001-04-06T15:30:00+02:00,1792.25,1796,1773.75,1787.5,-1,-1,1816.477831770988
2001-04-09T15:30:00+02:00,1793,1802.5,1780.75,1797,1,1,1814.6228001737509
2001-04-10T15:30:00+02:00,1805,1829.75,1803.25,1818.5,1,2,1814.9920573000604
2001-04-11T15:30:00+02:00,1840.5,1841.25,1814,1820.5,-1,-1,1815.5166232714832
2001-04-12T15:30:00+02:00,1814.25,1841.25,1811.25,1839.5,1,1,1817.8007543884848
2001-04-16T15:30:00+02:00,1834.75,1840,1821,1829.75,-1,-1,1818.9387777800578
2001-04-17T15:30:00+02:00,1824.75,1848,1821.5,1842.75,1,1,1821.206513229576
2001-04-18T15:30:00+02:00,1862.5,1972.25,1858.25,1892.25,1,2,1827.9725595886641
2001-04-19T15:30:00+02:00,1892.5,1909.75,1886.25,1906,1,3,1835.4037443897437
2001-04-20T15:30:00+02:00,1900.25,1904.25,1887.5,1897.5,-1,-1,1841.3176734954823
2001-04-23T15:30:00+02:00,1889,1889.75,1869.75,1873.25,-1,-2,1844.3588474482935
2001-04-24T15:30:00+02:00,1876.75,1886.75,1861,1864.5,-1,-3,1846.277052453218
2001-04-25T15:30:00+02:00,1863.5,1885.75,1860,1878.5,1,1,1849.3459046005305
2001-04-26T15:30:00+02:00,1886.5,1901.25,1884.5,1887.75,1,2,1853.0034374957181
2001-04-27T15:30:00+02:00,1899,1907,1891.75,1905.25,1,3,1857.979300591364
2001-04-30T15:30:00+02:00,1913,1922,1895.5,1900.25,-1,-1,1862.0050814874246
2001-05-01T15:30:00+02:00,1899,1920.5,1894.75,1919.5,1,1,1867.4807880124317
2001-05-02T15:30:00+02:00,1923.25,1925.5,1908.75,1918.25,-1,-1,1872.3159510588669
2001-05-03T15:30:00+02:00,1909.25,1909.75,1890.75,1902.25,-1,-2,1875.1668128627844
2001-05-04T15:30:00+02:00,1883.25,1921.25,1882.25,1920,1,1,1879.436640209186
2001-05-07T15:30:00+02:00,1916,1921.75,1910,1911.25,-1,-1,1882.4664839987872
2001-05-08T15:30:00+02:00,1917.25,1918.5,1903.25,1910.25,-1,-2,1885.11253314176
2001-05-09T15:30:00+02:00,1901.25,1912.5,1898,1905,1,1,1887.0065776044496
2001-05-10T15:30:00+02:00,1919.5,1921,1904.75,1908.75,-1,-1,1889.0773797373593
2001-05-11T15:30:00+02:00,1906.5,1911.25,1890.75,1899.75,-1,-2,1890.0938197623727
2001-05-14T15:30:00+02:00,1895.25,1901,1891.25,1899.75,1,1,1891.0134559754802
2001-05-15T15:30:00+02:00,1901,1909.25,1893,1904.5,1,2,1892.29788873972
2001-05-16T15:30:00+02:00,1894.75,1938.5,1892.5,1935.25,1,3,1896.388566002604
2001-05-17T15:30:00+02:00,1936,1946.75,1932,1939.25,1,4,1900.4706073356892
2001-05-18T15:30:00+02:00,1936.75,1943.25,1930.75,1943,1,5,1904.5210256846713
2001-05-21T15:30:00+02:00,1943.25,1964.25,1937.5,1962,1,6,1909.9952137147025
2001-05-22T15:30:00+02:00,1964.75,1966.5,1956.25,1959.75,-1,-1,1914.7337647894926
2001-05-23T15:30:00+02:00,1955.5,1955.75,1937.5,1938,-1,-2,1916.9495967143027
2001-05-24T15:30:00+02:00,1938.5,1944.75,1930.25,1942,1,1,1919.3353494081787
2001-05-25T15:30:00+02:00,1941,1941.75,1923,1926.75,-1,-1,1920.0415066073997
2001-05-28T15:30:00+02:00,1929.25,1930,1928.75,1930,1,1,1920.9899345495521
2001-05-29T15:30:00+02:00,1927.25,1928,1913.75,1915.75,-1,-1,1920.4908931638804
2001-05-30T15:30:00+02:00,1909.75,1914.5,1894,1897.25,-1,-2,1918.2774747673204
2001-05-31T15:30:00+02:00,1899,1911.5,1896.5,1901.75,1,1,1916.7034295513852
2001-06-01T15:30:00+02:00,1905.25,1914.5,1895,1912.5,1,2,1916.3031029274437
2001-06-04T15:30:00+02:00,1913.25,1917.25,1904.5,1916.5,1,3,1916.321855029592
2001-06-05T15:30:00+02:00,1917.25,1935.75,1915.5,1931.75,1,4,1917.7912021696309
2001-06-06T15:30:00+02:00,1929.75,1930.75,1916.75,1920.75,-1,-1,1918.0729924391899
2001-06-07T15:30:00+02:00,1913.5,1926.25,1913,1924.25,1,1,1918.6612788735526
2001-06-08T15:30:00+02:00,1920.75,1921.5,1903.75,1917.25,-1,-1,1918.5268713617857
2001-06-11T15:30:00+02:00,1911.25,1911.75,1896.25,1902.5,-1,-2,1917.0005026606632
2001-06-12T15:30:00+02:00,1890.75,1908.5,1881.75,1900.75,1,1,1915.4528357406
2001-06-13T15:30:00+02:00,1902,1906.75,1887.25,1889,-1,-1,1912.933518051019
2001-06-14T15:30:00+02:00,1881.5,1883.5,1858,1860,-1,-2,1907.8922306175887
2001-06-15T15:30:00+02:00,1853,1867.5,1848.25,1862.5,1,1,1903.569161034961
2001-06-18T15:30:00+02:00,1862.75,1867,1852.25,1857,-1,-1,1899.1340028411553
2001-06-19T15:30:00+02:00,1867.25,1872,1852,1860.75,-1,-2,1895.47838352295
2001-06-20T15:30:00+02:00,1853.25,1871.25,1853,1866.25,1,1,1892.6947279493356
2001-06-21T15:30:00+02:00,1863.5,1885.75,1862.75,1879,1,2,1891.390468144637
2001-06-22T15:30:00+02:00,1877.75,1878.5,1864.5,1872,-1,-1,1889.5437568927669
2001-06-25T15:30:00+02:00,1875.25,1876.5,1857.25,1859.5,-1,-2,1886.6824467125034
2001-06-26T15:30:00+02:00,1847.75,1866,1847.75,1857.25,1,1,1883.879356549408
2001-06-27T15:30:00+02:00,1857.25,1864,1850.25,1855.5,-1,-1,1881.1765606875595
2001-06-28T15:30:00+02:00,1861,1881.25,1860.5,1863.75,1,1,1879.5168882411251
2001-06-29T15:30:00+02:00,1869.75,1882,1864.25,1874.25,1,2,1879.0152798372085
2001-07-02T15:30:00+02:00,1870.75,1884.75,1868,1882.25,1,3,1879.323348424141
2001-07-03T15:30:00+02:00,1879.75,1883.75,1872.25,1882,1,4,1879.5782676218419
2001-07-04T15:30:00+02:00,1877.25,1877.5,1874.25,1875.25,-1,-1,1879.166051657857
2001-07-05T15:30:00+02:00,1870,1877.5,1858,1859.25,-1,-2,1877.2692848332993
2001-07-06T15:30:00+02:00,1853.5,1855.25,1829.5,1830,-1,-3,1872.7674481825088
2001-07-09T15:30:00+02:00,1835.25,1845.75,1832.5,1837,1,1,1869.3610245460793
2001-07-10T15:30:00+02:00,1843.75,1847.25,1822.5,1823,-1,-1,1864.9456888750242
2001-07-11T15:30:00+02:00,1820.25,1829.75,1810.5,1822.25,1,1,1860.8794327916885
2001-07-12T15:30:00+02:00,1834.5,1854,1832.75,1850.75,1,2,1859.9147249067657
2001-07-13T15:30:00+02:00,1847.75,1862.25,1846,1861.5,1,3,1860.0657034870737
2001-07-16T15:30:00+02:00,1858.5,1862,1842.25,1847.5,-1,-1,1858.868969821638
2001-07-17T15:30:00+02:00,1841.5,1859,1838,1857.5,1,1,1858.738591743387
2001-07-18T15:30:00+02:00,1845,1854.75,1839,1848.75,1,2,1857.7872972916357
2001-07-19T15:30:00+02:00,1860.25,1868,1846.75,1859.25,-1,-1,1857.9266023114799
2001-07-20T15:30:00+02:00,1849.5,1857.75,1847.75,1851.25,1,1,1857.2907354246722
2001-07-23T15:30:00+02:00,1857,1857.25,1828,1829,-1,-1,1854.5963796699416
2001-07-24T15:30:00+02:00,1828,1830.25,1805,1815,-1,-2,1850.825295891852
2001-07-25T15:30:00+02:00,1815,1832.25,1812.5,1828,1,1,1848.651458187866
2001-07-26T15:30:00+02:00,1826.5,1846.25,1823,1841.75,1,2,1847.9941764556881
2001-07-27T15:30:00+02:00,1844.5,1850.75,1836.5,1846.5,1,3,1847.8518739360989
2001-07-30T15:30:00+02:00,1849.75,1851,1840.25,1846.75,-1,-1,1847.7469335612323
2001-07-31T15:30:00+02:00,1846,1864.25,1845.5,1850.5,1,1,1848.0091303649244
2001-08-01T15:30:00+02:00,1856.75,1864,1852.25,1858,1,2,1848.960641758741
2001-08-02T15:30:00+02:00,1868,1868.75,1855.5,1862.5,-1,-1,1850.2501044483847
2001-08-03T15:30:00+02:00,1859.75,1860,1845.5,1856.5,-1,-2,1850.8453325961575
2001-08-06T15:30:00+02:00,1850.75,1852,1837.25,1839.75,-1,-3,1849.7886342536663
2001-08-07T15:30:00+02:00,1839.75,1848.75,1835.25,1844.25,1,1,1849.2611452771266
2001-08-08T15:30:00+02:00,1837.25,1847.5,1820.25,1822,-1,-1,1846.664845726924
2001-08-09T15:30:00+02:00,1821.5,1825.75,1814.25,1825,1,1,1844.6015270862647
2001-08-10T15:30:00+02:00,1822,1834,1808.5,1828,1,2,1843.0204292685253
2001-08-13T15:30:00+02:00,1830.75,1834.25,1823.25,1829,-1,-1,1841.6851502905704
2001-08-14T15:30:00+02:00,1836,1839.25,1823.75,1828,-1,-2,1840.3818026438494
2001-08-15T15:30:00+02:00,1827.75,1831.5,1816,1817.75,-1,-3,1838.2263928682446
2001-08-16T15:30:00+02:00,1812.5,1822.5,1804.75,1821,1,1,1836.58578402365
2001-08-17T15:30:00+02:00,1810,1813.5,1794.75,1802.5,-1,-1,1833.3395188785405
2001-08-20T15:30:00+02:00,1801.25,1813.5,1799.75,1812.25,1,1,1831.3309932710604
2001-08-21T15:30:00+02:00,1812.25,1820,1792.25,1793.25,-1,-1,1827.7042320071498
2001-08-22T15:30:00+02:00,1800.5,1808.5,1791.75,1804,1,1,1825.446686101707
2001-08-23T15:30:00+02:00,1802,1809.25,1798.75,1799.75,-1,-1,1822.999382663449
2001-08-24T15:30:00+02:00,1805,1825.5,1801.25,1824,1,1,1823.0946795526445
2001-08-27T15:30:00+02:00,1823,1825.75,1816,1816.75,-1,-1,1822.4904243571546
2001-08-28T15:30:00+02:00,1816.5,1818.75,1799.25,1800,-1,-2,1820.3484791802828
2001-08-29T15:30:00+02:00,1804,1805,1784.75,1788.75,-1,-3,1817.339100210732
2001-08-30T15:30:00+02:00,1782,1790.75,1762,1766,-1,-4,1812.4496620954244
2001-08-31T15:30:00+02:00,1766,1780.75,1763.75,1775,1,1,1808.883027610146
2001-09-03T15:30:00+02:00,1766.25,1770.75,1766.25,1770.75,1,2,1805.251310694894
2001-09-04T15:30:00+02:00,1773,1795,1766,1767.25,-1,-1,1801.6321382477613
2001-09-05T15:30:00+02:00,1768.25,1775,1751.5,1769.5,1,1,1798.5719346051173
2001-09-06T15:30:00+02:00,1758.75,1766.25,1739.5,1740.5,-1,-1,1793.0412741665348
2001-09-07T15:30:00+02:00,1732,1745,1718.25,1720.5,-1,-2,1786.1325813887695
2001-09-10T15:30:00+02:00,1710.5,1735.5,1709.75,1732.25,1,1,1781.0009069707914
2001-09-11T15:30:00+02:00,1732.25,1732.25,1732.25,1732.25,0,0,1776.3579634497637
2001-09-14T15:30:00+02:00,1732.25,1732.25,1732.25,1732.25,0,0,1772.1572050259767
2001-09-17T15:30:00+02:00,1672.25,1694.75,1655,1675.25,1,1,1762.9279474044552
2001-09-18T15:30:00+02:00,1675.75,1684.25,1665.75,1672,-1,-1,1754.2681428897451
2001-09-19T15:30:00+02:00,1673,1676.5,1616.5,1649.75,-1,-2,1744.3140340431028
2001-09-20T15:30:00+02:00,1633.75,1642.25,1610.5,1617.25,-1,-3,1732.2126974675691
2001-09-21T15:30:00+02:00,1573.75,1623.5,1571.5,1606.75,1,1,1720.2638691373245
2001-09-24T15:30:00+02:00,1630,1645.25,1624.5,1641,1,2,1712.714929219484
2001-09-25T15:30:00+02:00,1641.75,1654,1633,1651.25,1,3,1706.861126436676
2001-09-26T15:30:00+02:00,1657,1657.25,1637.5,1647.25,-1,-1,1701.1838762998495
2001-09-27T15:30:00+02:00,1646.25,1656.75,1633.25,1655.75,1,1,1696.8568404617686
2001-09-28T15:30:00+02:00,1662.5,1678.25,1659.25,1677.25,1,2,1694.9895223225526
2001-10-01T15:30:00+02:00,1672.5,1676.5,1661.75,1676.25,1,3,1693.2048059108809
2001-10-02T15:30:00+02:00,1673.5,1689,1669.75,1688.25,1,4,1692.732919633654
2001-10-03T15:30:00+02:00,1679.25,1711.75,1676,1707.25,1,5,1694.1154987161633
2001-10-04T15:30:00+02:00,1714,1720.5,1701.5,1708.5,-1,-1,1695.4854512193858
2001-10-05T15:30:00+02:00,1704,1709.25,1688.25,1705,1,1,1696.3915987223015
2001-10-08T15:30:00+02:00,1696.75,1705.75,1691.5,1698,1,2,1696.544779796368
2001-10-09T15:30:00+02:00,1699,1699.5,1688.75,1692.75,-1,-1,1696.183372196714
2001-10-10T15:30:00+02:00,1690.25,1718.25,1687.75,1715.75,1,1,1698.0468605589317
2001-10-11T15:30:00+02:00,1722.5,1735.75,1722,1732.75,1,2,1701.351921458081
2001-10-12T15:30:00+02:00,1724.25,1731.75,1706,1727.25,1,3,1703.81840512874
2001-10-15T15:30:00+02:00,1718.5,1726.75,1713.25,1725,1,4,1705.8356998783838
2001-10-16T15:30:00+02:00,1729.5,1738,1721.75,1731.75,1,5,1708.303728461395
2001-10-17T15:30:00+02:00,1742.5,1743.75,1708.5,1709,-1,-1,1708.3700400365
2001-10-18T15:30:00+02:00,1710.5,1713.75,1698.75,1706.5,-1,-2,1708.191940985405
2001-10-19T15:30:00+02:00,1702.25,1711,1691.75,1705.75,1,1,1707.959375177271
2001-10-22T15:30:00+02:00,1704.75,1727.5,1703.5,1726.5,1,2,1709.725148969912
2001-10-23T15:30:00+02:00,1730.75,1734.25,1714.5,1721.5,-1,-1,1710.8465633537298
2001-10-24T15:30:00+02:00,1720.75,1725.75,1713.25,1718,-1,-2,1711.527843034327
2001-10-25T15:30:00+02:00,1706,1737.5,1698.75,1736.25,1,1,1713.8823341739148
2001-10-26T15:30:00+02:00,1730.5,1745.5,1728,1735.25,1,2,1715.9173499668752
2001-10-29T15:30:00+01:00,1733,1736.25,1705.25,1705.5,-1,-1,1714.9252213986015
2001-10-30T15:30:00+01:00,1703.25,1704,1686.5,1692,-1,-2,1712.741866979687
2001-10-31T15:30:00+01:00,1699.25,1709.25,1688.5,1689.25,-1,-3,1710.504546314955
2001-11-01T15:30:00+01:00,1697,1720.75,1687.5,1714.75,1,1,1710.9088752373402
2001-11-02T15:30:00+01:00,1714.25,1724.25,1709.25,1722.5,1,2,1712.012791881403
2001-11-05T15:30:00+01:00,1730.75,1741.25,1729.75,1737,1,3,1714.392525987936
2001-11-06T15:30:00+01:00,1734,1754.75,1728.25,1754,1,4,1718.1646663700374
2001-11-07T15:30:00+01:00,1746.75,1761,1746,1752.75,1,5,1721.458507668129
2001-11-08T15:30:00+01:00,1757.75,1770.5,1749,1756.25,-1,-1,1724.771983128307
2001-11-09T15:30:00+01:00,1751.75,1759.5,1744.25,1756.75,1,1,1727.8175085446587
2001-11-12T15:30:00+01:00,1741.5,1756.25,1729.5,1749.75,1,2,1729.9063172546912
2001-11-13T15:30:00+01:00,1764.25,1775,1761.5,1774.75,1,3,1734.177144182816
2001-11-14T15:30:00+01:00,1781.5,1783.5,1766.75,1777,-1,-1,1738.2555114035001
2001-11-15T15:30:00+01:00,1773,1781.5,1768.25,1779,1,1,1742.1359388888811
2001-11-16T15:30:00+01:00,1779.25,1779.25,1763.25,1772.25,-1,-1,1745.0039447089878
2001-11-19T15:30:00+01:00,1779,1787.75,1773.5,1787.25,1,1,1749.027378546227
2001-11-20T15:30:00+01:00,1782.25,1786.75,1775.25,1777.5,-1,-1,1751.7390567799198
2001-11-21T15:30:00+01:00,1774.5,1775.25,1764,1769.75,-1,-2,1753.4543847056418
2001-11-22T15:30:00+01:00,1773.25,1774.25,1772.5,1773.5,1,1,1755.363490924152
2001-11-23T15:30:00+01:00,1769.25,1786.75,1768.5,1786,1,2,1758.2812536932804
2001-11-26T15:30:00+01:00,1785.5,1792,1779.25,1788,1,3,1761.1116104843966
2001-11-27T15:30:00+01:00,1785.75,1797.75,1773.75,1783,-1,-1,1763.1962190096922
2001-11-28T15:30:00+01:00,1777,1780.25,1761.25,1762.5,-1,-2,1763.1299124373406
2001-11-29T15:30:00+01:00,1765,1777.5,1758,1777.5,1,1,1764.4984922052129
2001-11-30T15:30:00+01:00,1772.5,1777.25,1768,1768.5,-1,-1,1764.8795881856688
2001-12-03T15:30:00+01:00,1765,1769,1758.25,1762.5,-1,-2,1764.6529607394145
2001-12-04T15:30:00+01:00,1767,1781,1761.5,1780.25,1,1,1766.1383930499464
2001-12-05T15:30:00+01:00,1784.5,1808.25,1783.5,1801.75,1,2,1769.5299746642372
2001-12-06T15:30:00+01:00,1801.25,1807.5,1797,1801.5,1,3,1772.574738981929
2001-12-07T15:30:00+01:00,1796.25,1798.75,1785.25,1793.5,-1,-1,1774.56762098365
2001-12-10T15:30:00+01:00,1785.75,1791.75,1771.5,1772,-1,-2,1774.3230856518737
2001-12-11T15:30:00+01:00,1777,1784.75,1766.5,1769.25,-1,-3,1773.8399346374097
2001-12-12T15:30:00+01:00,1772.25,1775.25,1758.75,1770.75,-1,-4,1773.5456551481325
2001-12-13T15:30:00+01:00,1761.25,1764.25,1747.5,1748.75,-1,-5,1771.1841641816436
2001-12-14T15:30:00+01:00,1750.75,1765,1747.75,1759,1,1,1770.0237675929156
2001-12-17T15:30:00+01:00,1757,1771,1756.5,1769,1,2,1769.9262659173999
2001-12-18T15:30:00+01:00,1772.75,1778,1769.75,1776,1,3,1770.5047167824093
2001-12-19T15:30:00+01:00,1767,1785.25,1766.25,1784,1,4,1771.7899818507512
2001-12-20T15:30:00+01:00,1780.5,1784,1771.75,1772.5,-1,-1,1771.8576026268702
2001-12-21T15:30:00+01:00,1780,1780.25,1772,1779.5,-1,-2,1772.5854499957397
2001-12-24T15:30:00+01:00,1779.25,1780,1776,1778,-1,-3,1773.101121424717
2001-12-26T15:30:00+01:00,1777.5,1791.75,1776.75,1783.75,1,1,1774.1153003366487
2001-12-27T15:30:00+01:00,1782.75,1790.5,1782,1790.25,1,2,1775.651938399825
2001-12-28T15:30:00+01:00,1792.25,1797,1788.5,1789.75,-1,-1,1776.994610933175
2001-12-31T15:30:00+01:00,1790.5,1793.75,1772,1772.5,-1,-2,1776.566552749063
2002-01-02T15:30:00+01:00,1780.5,1787,1767.25,1785,1,1,1777.3697382015332
2002-01-03T15:30:00+01:00,1785.75,1798.75,1785.25,1797.25,1,2,1779.2630964680538
2002-01-04T15:30:00+01:00,1802,1809,1794.5,1805.75,1,3,1781.7856587091915
2002-01-07T15:30:00+01:00,1805.75,1809.25,1794.5,1797.5,-1,-1,1783.2822626416494
2002-01-08T15:30:00+01:00,1796.25,1799.75,1788.75,1794.25,-1,-2,1784.3268090567303
2002-01-09T15:30:00+01:00,1795.75,1806.5,1782.25,1785,-1,-3,1784.3909224798988
2002-01-10T15:30:00+01:00,1786,1792.25,1781.75,1790.25,1,1,1784.9489298627657
2002-01-11T15:30:00+01:00,1790.75,1791.5,1776,1778.75,-1,-1,1784.3585555901213
2002-01-14T15:30:00+01:00,1774,1777,1768.25,1771,-1,-2,1783.086312200586
2002-01-15T15:30:00+01:00,1773.25,1780.75,1767.5,1779.25,1,1,1782.7209491338635
2002-01-16T15:30:00+01:00,1771.25,1772.25,1755.5,1756.75,-1,-1,1780.247525406829
2002-01-17T15:30:00+01:00,1766,1770.75,1762,1765,-1,-2,1778.7953801299882
2002-01-18T15:30:00+01:00,1759,1766.75,1755,1760.25,1,1,1777.0291534509417
2002-01-21T15:30:00+01:00,1761,1762.75,1760.5,1762.5,1,2,1775.645424550852
2002-01-22T15:30:00+01:00,1766,1767.5,1748.5,1752.25,-1,-1,1773.4172888793423
2002-01-23T15:30:00+01:00,1753.75,1763.5,1748.25,1760.5,1,1,1772.1870708908336
2002-01-24T15:30:00+01:00,1764.75,1770.5,1761,1764,-1,-1,1771.4073498536113
2002-01-25T15:30:00+01:00,1759.5,1769.75,1758.25,1764,1,1,1770.7018879627913
2002-01-28T15:30:00+01:00,1767,1769.75,1757,1766.75,-1,-1,1770.3255176806206
2002-01-29T15:30:00+01:00,1766.5,1769,1728.25,1731.25,-1,-2,1766.6040398062758
2002-01-30T15:30:00+01:00,1731.75,1746.5,1711.5,1746,1,1,1764.641750300916
2002-01-31T15:30:00+01:00,1749,1760.75,1743.75,1760.25,1,2,1764.2234883674955
2002-02-01T15:30:00+01:00,1759.25,1760.5,1749.25,1754,-1,-1,1763.2498228086865
2002-02-04T15:30:00+01:00,1749.25,1749.5,1721.75,1726.25,-1,-2,1759.7260301602403
2002-02-05T15:30:00+01:00,1721.5,1732.25,1713,1720,-1,-3,1755.942598716408
2002-02-06T15:30:00+01:00,1722.75,1724.5,1707.75,1714,-1,-4,1751.9480655053214
2002-02-07T15:30:00+01:00,1714.75,1725.75,1707,1707.25,-1,-5,1747.691106885767
2002-02-08T15:30:00+01:00,1713.75,1727.5,1710.25,1726,1,1,1745.6252871823608
2002-02-11T15:30:00+01:00,1727,1743.5,1725,1741,1,2,1745.1847836411837
2002-02-12T15:30:00+01:00,1737,1744,1733.25,1738,1,3,1744.5005185324994
2002-02-13T15:30:00+01:00,1741.75,1752.25,1740.25,1749.75,1,4,1745.0004691484519
2002-02-14T15:30:00+01:00,1751.5,1756.25,1742.5,1747.25,-1,-1,1745.2147101819326
2002-02-15T15:30:00+01:00,1748.25,1748.5,1733.75,1734.75,-1,-2,1744.2180711169865
2002-02-18T15:30:00+01:00,1735.75,1736.5,1735.5,1736.25,1,1,1743.459207201083
2002-02-19T15:30:00+01:00,1729,1729.25,1712.5,1714.5,-1,-1,1740.7011874676466
2002-02-20T15:30:00+01:00,1717.25,1732.25,1704.5,1732,1,1,1739.8725029469183
2002-02-21T15:30:00+01:00,1725.75,1732.75,1709,1709.5,-1,-1,1736.9798836186403
2002-02-22T15:30:00+01:00,1709.75,1725.75,1705,1722.5,1,1,1735.6008470835318
2002-02-25T15:30:00+01:00,1723.5,1744.25,1722.75,1740.25,1,2,1736.0436235517668
2002-02-26T15:30:00+01:00,1741.75,1746.75,1731.25,1738.75,-1,-1,1736.3013736896937
2002-02-27T15:30:00+01:00,1745.5,1754.5,1732.5,1742.5,-1,-2,1736.8917190525801
2002-02-28T15:30:00+01:00,1744,1753.5,1736.5,1737.5,-1,-3,1736.949650571382
2002-03-01T15:30:00+01:00,1742.75,1764.25,1741,1763,1,1,1739.4306362312504
2002-03-04T15:30:00+01:00,1765.25,1785.5,1762.25,1783,1,2,1743.5800994473218
2002-03-05T15:30:00+01:00,1779,1789.5,1775.25,1780,1,3,1747.0486614047197
2002-03-06T15:30:00+01:00,1777,1797,1776,1793.25,1,4,1751.4487888899846
2002-03-07T15:30:00+01:00,1798.75,1799.25,1781,1790.5,-1,-1,1755.1679518528433
2002-03-08T15:30:00+01:00,1799.25,1804,1790.5,1794.75,-1,-2,1758.937670724001
2002-03-11T15:30:00+01:00,1794,1804.25,1789.5,1797.25,1,1,1762.5864639883819
2002-03-12T15:30:00+01:00,1786.5,1798.25,1785,1797.25,1,2,1765.8877531323456
2002-03-13T15:30:00+01:00,1791.75,1792.75,1781.5,1785.5,-1,-1,1767.7555861673602
2002-03-14T15:30:00+01:00,1784.75,1789.25,1781.5,1784.5,-1,-2,1769.3502922466591
2002-03-15T15:30:00+01:00,1788.5,1798,1787.5,1795.25,1,1,1771.8169310803107
2002-03-18T15:30:00+01:00,1799.25,1804,1789.25,1795.25,-1,-1,1774.048651929805
2002-03-19T15:30:00+01:00,1801.25,1805.75,1796.5,1803.25,1,1,1776.829732698395
2002-03-20T15:30:00+01:00,1793.25,1793.75,1780,1780.5,-1,-1,1777.1792819652146
2002-03-21T15:30:00+01:00,1781.25,1786.75,1769.5,1781,-1,-2,1777.5431598732894
2002-03-22T15:30:00+01:00,1781.75,1787.25,1775,1778,-1,-3,1777.5866684567857
2002-03-25T15:30:00+01:00,1779.5,1781.5,1761.25,1763.75,-1,-4,1776.2688905085204
2002-03-26T15:30:00+01:00,1763,1777.75,1762.25,1770.75,1,1,1775.7432818886614
2002-03-27T15:30:00+01:00,1767.75,1777.5,1765,1773.75,1,2,1775.5534455183126
2002-03-28T15:30:00+01:00,1777,1785,1772.5,1773,-1,-1,1775.3102602308543
2002-04-01T16:30:00+02:00,1769.75,1778.25,1762.5,1773,1,1,1775.0902354469633
2002-04-02T16:30:00+02:00,1767,1771.5,1765.25,1766.75,-1,-1,1774.2959273091574
2002-04-03T16:30:00+02:00,1767,1769,1749,1758.5,-1,-2,1772.7915532797138
2002-04-04T16:30:00+02:00,1751.75,1761,1749.25,1754,1,1,1771.0018815387887
2002-04-05T16:30:00+02:00,1759.25,1763.25,1748.75,1753.75,-1,-1,1769.3588452017611
2002-04-08T15:30:00+02:00,1740,1757,1739,1756,1,1,1768.0865742301648
2002-04-09T15:30:00+02:00,1757.75,1758.5,1746,1748.25,-1,-1,1766.1973766844349
2002-04-10T15:30:00+02:00,1748.25,1761.75,1747.25,1760.5,1,1,1765.6547693811553
2002-04-11T15:30:00+02:00,1755.75,1757,1731.25,1732.25,-1,-1,1762.4733627734263
2002-04-12T15:30:00+02:00,1736.5,1742.75,1732,1740.5,1,1,1760.3806615569094
2002-04-15T15:30:00+02:00,1743.25,1745,1728.25,1732.5,-1,-1,1757.7253604562513
2002-04-16T15:30:00+02:00,1743.5,1759.25,1743,1758.5,1,1,1757.799135650894
2002-04-17T15:30:00+02:00,1760,1762.75,1752,1756.25,-1,-1,1757.6515989222373
2002-04-18T15:30:00+02:00,1755.25,1760.75,1736.75,1751,-1,-2,1757.0181133105957
2002-04-19T15:30:00+02:00,1758.5,1758.75,1751.5,1755,-1,-3,1756.82591204292
2002-04-22T15:30:00+02:00,1750.25,1750.5,1734.25,1736.75,-1,-4,1754.9139204197847
2002-04-23T15:30:00+02:00,1736.5,1740.75,1727.5,1731,-1,-5,1752.6364041893291
2002-04-24T15:30:00+02:00,1731,1738,1719.75,1720.25,-1,-6,1749.5519847427263
2002-04-25T15:30:00+02:00,1717.25,1723,1712.75,1720.75,1,1,1746.8089385767523
2002-04-26T15:30:00+02:00,1724.25,1725.5,1698.5,1699.5,-1,-1,1742.3033253789663
2002-04-29T15:30:00+02:00,1705,1708,1691.75,1693.25,-1,-2,1737.631580104779
2002-04-30T15:30:00+02:00,1696,1711.5,1691.75,1704.25,1,1,1734.452381999562
2002-05-01T15:30:00+02:00,1705.5,1717.5,1693,1716.25,1,2,1732.7188218091276
2002-05-02T15:30:00+02:00,1715,1720.25,1707.5,1713,-1,-1,1730.840838779687
2002-05-03T15:30:00+02:00,1711,1711,1697,1701.25,-1,-2,1728.022663657812
2002-05-06T15:30:00+02:00,1700.75,1704.75,1678.25,1679.75,-1,-3,1723.4252671189727
2002-05-07T15:30:00+02:00,1686.25,1688,1674,1675.25,-1,-4,1718.8371464409752
2002-05-08T15:30:00+02:00,1694.5,1718.25,1694.25,1714.5,1,1,1718.424084875168
2002-05-09T15:30:00+02:00,1711.75,1714.75,1700.5,1702.75,-1,-1,1716.931314887057
2002-05-10T15:30:00+02:00,1703.5,1704,1680.75,1682.25,-1,-2,1713.628332516861
2002-05-13T15:30:00+02:00,1686.5,1704.25,1682.5,1703.75,1,1,1712.6875389438267
2002-05-14T15:30:00+02:00,1721.25,1728,1714.5,1726.5,1,2,1714.003011425367
2002-05-15T15:30:00+02:00,1720,1733.5,1717.25,1722.75,1,3,1714.8360579562845
2002-05-16T15:30:00+02:00,1721,1729,1717.5,1727.75,1,4,1716.0659571985432
2002-05-17T15:30:00+02:00,1730.25,1736.25,1725.25,1733.5,1,5,1717.7263422272533
2002-05-20T15:30:00+02:00,1730.25,1730.75,1719,1721.75,-1,-1,1718.1095477294198
2002-05-21T15:30:00+02:00,1725.5,1729,1707.5,1711.25,-1,-2,1717.456257469475
2002-05-22T15:30:00+02:00,1706.5,1715,1703.75,1713.25,1,1,1717.0556615200012
2002-05-23T15:30:00+02:00,1716.75,1727.5,1708.75,1724.75,1,2,1717.7884556609536
2002-05-24T15:30:00+02:00,1723.75,1725.75,1710.25,1710.5,-1,-1,1717.094317026577
2002-05-27T15:30:00+02:00,1715.5,1716,1710.75,1710.75,-1,-2,1716.4900963573793
2002-05-28T15:30:00+02:00,1714.25,1715.25,1698.25,1704.75,-1,-3,1715.3719919423909
2002-05-29T15:30:00+02:00,1700.25,1703.75,1695,1696.5,-1,-4,1713.5746593764488
2002-05-30T15:30:00+02:00,1689,1698.75,1682.5,1694,1,1,1711.7104061025013
2002-05-31T15:30:00+02:00,1698.5,1709,1691.5,1692.5,-1,-1,1709.8808436165489
2002-06-03T15:30:00+02:00,1694,1699.25,1664.75,1667,-1,-2,1705.7969537483061
2002-06-04T15:30:00+02:00,1664.25,1675.25,1659,1670,1,1,1702.3877200579911
2002-06-05T15:30:00+02:00,1672,1679.75,1666.75,1679,1,2,1700.1603181477062
2002-06-06T15:30:00+02:00,1678.5,1679,1653.5,1657.75,-1,-1,1696.121240228877
2002-06-07T15:30:00+02:00,1641.5,1662.25,1640.5,1656.5,1,1,1692.3477887785077
2002-06-10T15:30:00+02:00,1656.25,1667.5,1653.25,1660.5,1,2,1689.3146660376974
2002-06-11T15:30:00+02:00,1664.75,1668.25,1640.25,1642.25,-1,-1,1684.83231689125
2002-06-12T15:30:00+02:00,1639.5,1651,1630.75,1648.75,1,1,1681.39590575875
2002-06-13T15:30:00+02:00,1644,1652.75,1636,1638.75,-1,-1,1677.3343909245832
2002-06-14T15:30:00+02:00,1624.5,1638.5,1607,1637.25,1,1,1673.5168298841468
2002-06-17T15:30:00+02:00,1641.75,1666,1641.75,1663.5,1,2,1672.5628460856567
2002-06-18T15:30:00+02:00,1659.75,1673,1659.25,1672.75,1,3,1672.5806702679752
2002-06-19T15:30:00+02:00,1657.75,1666.75,1645.25,1648.25,-1,-1,1670.263463575787
2002-06-20T15:30:00+02:00,1644.75,1653,1632.25,1635.25,-1,-2,1666.9288479971406
2002-06-21T15:30:00+02:00,1629.75,1635.25,1612.5,1619,-1,-3,1662.3641958069368
2002-06-24T15:30:00+02:00,1612.5,1633,1598.5,1624.5,1,1,1658.7580819205618
2002-06-25T15:30:00+02:00,1629,1634.75,1601.25,1602,-1,-1,1653.3525503090798
2002-06-26T15:30:00+02:00,1578.25,1607.25,1578,1602.5,1,1,1648.5094502796437
2002-06-27T15:30:00+02:00,1611,1620.25,1591.5,1619.25,1,2,1645.7228359672968
2002-06-28T15:30:00+02:00,1618.25,1630.75,1614.5,1616,-1,-1,1642.892089684697
2002-07-01T15:30:00+02:00,1617,1623.25,1594.5,1596,-1,-2,1638.4261763813927
2002-07-02T15:30:00+02:00,1594,1597.25,1573,1575,-1,-3,1632.3855881545933
2002-07-03T15:30:00+02:00,1571.5,1583,1562.25,1580.5,1,1,1627.4441035684415
2002-07-04T15:30:00+02:00,1580.25,1581,1577.75,1580,-1,-1,1622.9256175143041
2002-07-05T15:30:00+02:00,1593,1620.5,1591.75,1618.5,1,1,1622.5041301319895
2002-07-08T15:30:00+02:00,1615,1621.5,1600.75,1605.75,-1,-1,1620.9084986908476
2002-07-09T15:30:00+02:00,1602.25,1608.25,1579,1581.75,-1,-2,1617.179117863148
2002-07-10T15:30:00+02:00,1584.5,1585.25,1545.25,1546.25,-1,-3,1610.4239637809433
2002-07-11T15:30:00+02:00,1542.25,1558,1528,1554.25,1,1,1605.0740624684724
2002-07-12T15:30:00+02:00,1558,1563.5,1540.25,1543.75,-1,-1,1599.2336755667131
2002-07-15T15:30:00+02:00,1541,1548.75,1503.25,1548.25,1,1,1594.3780874175025
2002-07-16T15:30:00+02:00,1535.5,1547.5,1523.5,1530.5,-1,-1,1588.294460044407
2002-07-17T15:30:00+02:00,1548.5,1557.25,1522.25,1532.25,-1,-2,1582.9568924211303
2002-07-18T15:30:00+02:00,1531.5,1535.25,1501.75,1503.25,-1,-3,1575.365759809594
2002-07-19T15:30:00+02:00,1492.25,1500.25,1467.25,1472.5,-1,-4,1565.5690207801088
2002-07-22T15:30:00+02:00,1465.5,1483.75,1438.25,1446.5,-1,-5,1554.229114039146
2002-07-23T15:30:00+02:00,1449.25,1456.5,1421.75,1423.75,-1,-6,1541.8025317497036
2002-07-24T15:30:00+02:00,1405,1475,1400.75,1471.5,1,1,1535.1070525354462
2002-07-25T15:30:00+02:00,1467,1482.25,1440,1464.5,-1,-1,1528.3825713415943
2002-07-26T15:30:00+02:00,1469.75,1483.25,1462,1480.25,1,1,1523.7985169281092
2002-07-29T15:30:00+02:00,1498.25,1527.5,1497,1521,1,2,1523.5319915063844
2002-07-30T15:30:00+02:00,1517.25,1537.75,1511,1533.25,1,3,1524.457516124824
2002-07-31T15:30:00+02:00,1528.75,1539,1516.25,1535.5,1,4,1525.5091812557932
2002-08-01T15:30:00+02:00,1532.25,1536.25,1506.5,1511.25,-1,-1,1524.1511639933367
2002-08-02T15:30:00+02:00,1509,1513,1480,1491.5,-1,-2,1521.0415293273047
2002-08-05T15:30:00+02:00,1488,1492.75,1459,1461.5,-1,-3,1515.370907486609
2002-08-06T15:30:00+02:00,1475.5,1502.5,1474.75,1489.25,1,1,1512.8832020116938
2002-08-07T15:30:00+02:00,1502.5,1508,1481,1503.5,1,2,1511.9895637248658
2002-08-08T15:30:00+02:00,1507,1534.25,1501.25,1533,1,3,1513.990557655831
2002-08-09T15:30:00+02:00,1523.75,1542.25,1517.25,1535.5,1,4,1516.0390759743234
2002-08-12T15:30:00+02:00,1523.5,1535.75,1518.75,1529.5,1,5,1517.3210687386736
2002-08-13T15:30:00+02:00,1524.25,1539.75,1509.5,1512.75,-1,-1,1516.8857288588
2002-08-14T15:30:00+02:00,1512.75,1548.75,1503.25,1545.5,1,1,1519.6108975389143
2002-08-15T15:30:00+02:00,1551.25,1563.25,1545,1557.25,1,2,1523.1955739637797
2002-08-16T15:30:00+02:00,1551.25,1563.5,1542.5,1555,1,3,1526.2245669196102
2002-08-19T15:30:00+02:00,1556.5,1580,1554.75,1576,1,4,1530.9650843558377
2002-08-20T15:30:00+02:00,1571,1573,1559,1567.25,-1,-1,1534.4207906076626
2002-08-21T15:30:00+02:00,1573.75,1580.5,1558.5,1579.75,1,1,1538.7378581688376
2002-08-22T15:30:00+02:00,1577.5,1593.5,1573.5,1588.75,1,2,1543.500919295615
2002-08-23T15:30:00+02:00,1583.5,1584,1564,1568.75,-1,-1,1545.9055936484135
2002-08-26T15:30:00+02:00,1571.75,1579,1557.25,1575.25,1,1,1548.7002990152312
2002-08-27T15:30:00+02:00,1579.5,1584,1557.25,1563.75,-1,-1,1550.1336038709235
2002-08-28T15:30:00+02:00,1555,1557,1540.5,1543.5,-1,-2,1549.5018320736926
2002-08-29T15:30:00+02:00,1535,1552.75,1530,1543.75,1,1,1548.9540385428647
2002-08-30T15:30:00+02:00,1538.75,1556.25,1536.5,1539.5,1,2,1548.0536539197349
2002-09-02T15:30:00+02:00,1537.25,1539,1536,1536,-1,-1,1546.9056868797602
2002-09-03T15:30:00+02:00,1529.75,1530,1503.5,1505.25,-1,-2,1542.9384786054973
2002-09-04T15:30:00+02:00,1508,1524.25,1502.5,1517.75,1,1,1540.5395758811642
2002-09-05T15:30:00+02:00,1506.75,1516.25,1496.75,1510.75,1,2,1537.7024734162915
2002-09-06T15:30:00+02:00,1520.25,1527.5,1515,1522,1,3,1536.206999757597
2002-09-09T15:30:00+02:00,1516.5,1535.5,1510,1528,1,4,1535.425380733064
2002-09-10T15:30:00+02:00,1533.5,1539.75,1527.5,1538.75,1,5,1535.7420111394388
2002-09-11T15:30:00+02:00,1551.25,1555,1533,1533,-1,-1,1535.480867221397
2002-09-12T15:30:00+02:00,1529.25,1530.25,1511.75,1517,-1,-2,1533.720784628883
2002-09-13T15:30:00+02:00,1508.25,1520.75,1504.25,1519.5,1,1,1532.366424188037
2002-09-16T15:30:00+02:00,1514.75,1520.25,1506.5,1520,1,2,1531.188669503462
2002-09-17T15:30:00+02:00,1530,1532.5,1498.75,1499.5,-1,-1,1528.1707009793229
2002-09-18T15:30:00+02:00,1491,1506,1483.75,1491.25,1,1,1524.654443743197
2002-09-19T15:30:00+02:00,1481,1489,1468,1468.75,-1,-1,1519.3302110057496
2002-09-20T15:30:00+02:00,1473.5,1476.5,1465.25,1469,-1,-2,1514.5368575766306
2002-09-23T15:30:00+02:00,1461.25,1465.25,1451.5,1461,-1,-3,1509.438109235999
2002-09-24T15:30:00+02:00,1448.25,1460.75,1442.5,1447.75,-1,-4,1503.5630512135228
2002-09-25T15:30:00+02:00,1458.25,1472,1444.75,1468.5,1,1,1500.223713002711
2002-09-26T15:30:00+02:00,1474.5,1484.25,1468.75,1481.5,1,2,1498.440502240548
2002-09-27T15:30:00+02:00,1473.25,1480.25,1451.25,1452.25,-1,-1,1494.0414067890674
2002-09-30T15:30:00+02:00,1443.25,1452,1425.25,1442,-1,-2,1489.0850823329658
2002-10-01T15:30:00+02:00,1448.25,1481.5,1438.5,1481.25,1,1,1488.3388840155405
2002-10-02T15:30:00+02:00,1471,1479.25,1450,1458,-1,-1,1485.4494664902509
2002-10-03T15:30:00+02:00,1454.25,1467.5,1443.25,1447,-1,-2,1481.7876125387984
2002-10-04T15:30:00+02:00,1451.5,1452.75,1419.25,1433,-1,-3,1477.141173249389
2002-10-07T15:30:00+02:00,1424.25,1435.75,1409,1415.25,-1,-4,1471.2467757970664
2002-10-08T15:30:00+02:00,1421.25,1437,1405.5,1427.5,1,1,1467.0804161973458
2002-10-09T15:30:00+02:00,1414.5,1420.25,1401.5,1405.25,-1,-1,1461.191805130932
2002-10-10T15:30:00+02:00,1402.5,1434.25,1394.25,1429.75,1,1,1458.1973474994145
2002-10-11T15:30:00+02:00,1445,1471,1442.25,1465.5,1,2,1458.892838213756
2002-10-14T15:30:00+02:00,1455.5,1472,1454.5,1469.5,1,3,1459.9030440981603
2002-10-15T15:30:00+02:00,1493.5,1511,1492.5,1511,1,4,1464.7694208507164
2002-10-16T15:30:00+02:00,1497.5,1501.5,1482.5,1489.5,-1,-1,1467.1247141030292
2002-10-17T15:30:00+02:00,1512.25,1515.75,1502,1505.75,-1,-2,1470.8033127598835
2002-10-18T15:30:00+02:00,1499.25,1514.75,1492.75,1510.5,1,1,1474.5839496398946
2002-10-21T15:30:00+02:00,1505,1528.75,1499.5,1525.25,1,2,1479.4092877694284
2002-10-22T15:30:00+02:00,1514.5,1523.5,1508.5,1518.75,1,3,1483.156022267578
2002-10-23T15:30:00+02:00,1511.25,1526,1500,1525.5,1,4,1487.188782051618
2002-10-24T15:30:00+02:00,1530.25,1532,1504.5,1507.25,-1,-1,1489.0993742371784
2002-10-25T15:30:00+02:00,1505.25,1527,1502.75,1525.5,1,1,1492.5661005003042
2002-10-28T15:30:00+01:00,1535,1535.75,1512,1518.75,-1,-1,1495.0598052145608
2002-10-29T15:30:00+01:00,1514.5,1518,1493,1508.25,-1,-2,1496.3160142417455
2002-10-30T15:30:00+01:00,1509.75,1522.75,1505,1517,1,1,1498.2859176472934
2002-10-31T15:30:00+01:00,1519.5,1525.75,1504.75,1508.75,-1,-1,1499.2824969189799
2002-11-01T15:30:00+01:00,1507,1531,1502.75,1525.75,1,1,1501.8032114981247
2002-11-04T15:30:00+01:00,1540.5,1552,1531.75,1534.5,-1,-1,1504.9171913554462
2002-11-05T15:30:00+01:00,1531.25,1542.75,1531.25,1541.25,1,1,1508.3774588454037
2002-11-06T15:30:00+01:00,1547.25,1553.5,1530,1552.25,1,2,1512.5557960982223
2002-11-07T15:30:00+01:00,1542.5,1544.25,1524,1529.75,-1,-1,1514.193339326963
2002-11-08T15:30:00+01:00,1527,1537.75,1517.5,1518,-1,-2,1514.5558784386808
2002-11-11T15:30:00+01:00,1516.75,1517,1500,1504.5,-1,-3,1513.598175730235
2002-11-12T15:30:00+01:00,1508.25,1521.5,1505.75,1511.75,1,1,1513.422158994022
2002-11-13T15:30:00+01:00,1506,1519.75,1497.25,1512.75,1,2,1513.3581438517342
2002-11-14T15:30:00+01:00,1522.5,1532.75,1519.5,1529.75,1,3,1514.9192730087118
2002-11-15T15:30:00+01:00,1522.25,1537.5,1521.5,1535.5,1,4,1516.8793422459773
2002-11-18T15:30:00+01:00,1543,1543.75,1525.5,1526.75,-1,-1,1517.8194048892176
2002-11-19T15:30:00+01:00,1522.75,1532.75,1519.25,1525,1,1,1518.5032710902444
2002-11-20T15:30:00+01:00,1521.25,1546.25,1521,1546,1,2,1521.1220071768878
2002-11-21T15:30:00+01:00,1548,1563.75,1545.75,1563,1,3,1525.1103874457556
2002-11-22T15:30:00+01:00,1556.25,1564.5,1554.25,1555.5,-1,-1,1528.0046362604455
2002-11-25T15:30:00+01:00,1556,1564.25,1549.5,1556.5,1,1,1530.7184804261174
2002-11-26T15:30:00+01:00,1552.5,1556.25,1537.75,1539.25,-1,-1,1531.5310060998204
2002-11-27T15:30:00+01:00,1547.25,1568,1547,1564.75,1,1,1534.6947198045993
2002-11-28T15:30:00+01:00,1564.75,1568,1564,1566.5,1,2,1537.7237941089231
2002-11-29T15:30:00+01:00,1567.75,1569,1557.75,1563,-1,-1,1540.1310518128353
2002-12-02T15:30:00+01:00,1576,1582.25,1553.75,1562.75,-1,-2,1542.28523735447
2002-12-03T15:30:00+01:00,1554.25,1555.5,1544.75,1550.75,-1,-3,1543.0914052254727
2002-12-04T15:30:00+01:00,1539.25,1552.75,1535.75,1545.5,1,1,1543.320795203999
2002-12-05T15:30:00+01:00,1548.75,1549,1532.25,1535.5,-1,-1,1542.575957565523
2002-12-06T15:30:00+01:00,1522.75,1543,1520.75,1541.75,1,1,1542.497294940235
2002-12-09T15:30:00+01:00,1531.75,1536,1516,1516.5,-1,-1,1540.021362088784
2002-12-10T15:30:00+01:00,1521.75,1532.25,1519,1528.25,1,1,1538.9002799850903
2002-12-11T15:30:00+01:00,1525.5,1537.25,1522.5,1529.25,1,2,1537.981205700796
2002-12-12T15:30:00+01:00,1533,1535.75,1523.25,1529.25,-1,-1,1537.1496623007201
2002-12-13T15:30:00+01:00,1520.5,1525.5,1514,1514.75,-1,-2,1535.016361129223
2002-12-16T15:30:00+01:00,1519.75,1539,1518.25,1537.25,1,1,1535.2290886407256
2002-12-17T15:30:00+01:00,1534.5,1538,1528.25,1529.75,-1,-1,1534.7072706749423
2002-12-18T15:30:00+01:00,1524,1524.75,1513.75,1519,-1,-2,1533.2113401344716
2002-12-19T15:30:00+01:00,1514.25,1528,1506.5,1512.5,-1,-3,1531.2388315502362
2002-12-20T15:30:00+01:00,1517.25,1525,1516.25,1524,1,1,1530.5494190216423
2002-12-23T15:30:00+01:00,1520.25,1529.75,1518,1525.5,1,2,1530.0685219719621
2002-12-24T15:30:00+01:00,1520.75,1523.5,1517.75,1519.25,-1,-1,1529.038186546061
2002-12-26T15:30:00+01:00,1522,1531,1513.5,1518.5,-1,-2,1528.0345497321505
2002-12-27T15:30:00+01:00,1513.75,1517.5,1499,1499,-1,-3,1525.2693545195648
2002-12-30T15:30:00+01:00,1503.25,1509.25,1496.75,1505.75,1,1,1523.4103683748444
2002-12-31T15:30:00+01:00,1505,1508.75,1495.75,1507.5,1,2,1521.895095196288
2003-01-02T15:30:00+01:00,1513.75,1537.5,1510.25,1535.5,1,3,1523.190800415689
2003-01-03T15:30:00+01:00,1534.25,1538.5,1529.5,1537.75,1,4,1524.57739085229
2003-01-06T15:30:00+01:00,1536.5,1559.25,1536,1554.25,1,5,1527.4033536282623
2003-01-07T15:30:00+01:00,1552.75,1558.25,1546.5,1551.75,-1,-1,1529.722081854142
2003-01-08T15:30:00+01:00,1546.25,1548.25,1535,1538.25,-1,-2,1530.5342645347
2003-01-09T15:30:00+01:00,1542.75,1556.25,1542.25,1552.5,1,1,1532.626239340919
2003-01-10T15:30:00+01:00,1543.75,1560.75,1542.75,1555,1,2,1534.757073689403
2003-01-13T15:30:00+01:00,1559.25,1562.75,1548.5,1554.75,-1,-1,1536.6611619094597
2003-01-14T15:30:00+01:00,1551.25,1559,1548.25,1557.25,1,1,1538.6220036323682
2003-01-15T15:30:00+01:00,1559.5,1560,1543.25,1547.75,-1,-1,1539.4913366197618
2003-01-16T15:30:00+01:00,1548.75,1553.5,1538.5,1544.25,-1,-2,1539.944542655975
2003-01-17T15:30:00+01:00,1534,1537.25,1525.5,1531,-1,-3,1539.092681450644
2003-01-20T15:30:00+01:00,1529.5,1532.25,1529.5,1531.5,1,1,1538.369568931535
2003-01-21T15:30:00+01:00,1532.75,1533.25,1513.75,1516,-1,-1,1536.2391337951983
2003-01-22T15:30:00+01:00,1511.25,1517,1503.75,1505.25,-1,-2,1533.287787719465
2003-01-23T15:30:00+01:00,1510.75,1517.5,1503.25,1510.5,-1,-3,1531.1175222223733
2003-01-24T15:30:00+01:00,1509.5,1510.25,1485.25,1488.25,-1,-4,1527.0349010583377
2003-01-27T15:30:00+01:00,1480.75,1491.5,1470,1475.75,-1,-5,1522.1506247670675
2003-01-28T15:30:00+01:00,1480,1487.75,1474.5,1482.75,1,1,1518.3981843130612
2003-01-29T15:30:00+01:00,1477.75,1495.5,1471.25,1488.75,1,2,1515.5745477118173
2003-01-30T15:30:00+01:00,1491,1492,1467.5,1467.5,-1,-1,1510.9960193583108
2003-01-31T15:30:00+01:00,1465.25,1485.5,1464.75,1485,1,1,1508.5202079908527
2003-02-03T15:30:00+01:00,1484.5,1491.75,1482.75,1486,1,2,1506.3754262774382
2003-02-04T15:30:00+01:00,1476.5,1487.75,1466,1477,1,3,1503.577766631968
2003-02-05T15:30:00+01:00,1480.75,1488.75,1468.25,1472.25,-1,-1,1500.5941698098757
2003-02-06T15:30:00+01:00,1467,1472.25,1459.75,1467.75,1,1,1497.4661536375065
2003-02-07T15:30:00+01:00,1472.75,1473.25,1453,1458,-1,-1,1493.7074723386963
2003-02-10T15:30:00+01:00,1458,1464.5,1450,1463.5,1,1,1490.8305702112013
2003-02-11T15:30:00+01:00,1467,1470.5,1451.25,1457.75,-1,-1,1487.6800397148966
2003-02-12T15:30:00+01:00,1454.25,1459.25,1444,1444.75,-1,-2,1483.591464503954
2003-02-13T15:30:00+01:00,1444.25,1449.25,1433,1447,1,1,1480.1065631226252
2003-02-14T15:30:00+01:00,1447,1465,1441.5,1464.75,1,2,1478.6440333014227
2003-02-17T15:30:00+01:00,1467,1469.25,1466.5,1469,1,3,1477.7255539393825
2003-02-18T15:30:00+01:00,1468.25,1481,1467.75,1479.25,1,4,1477.8707392784888
2003-02-19T15:30:00+01:00,1476.25,1477.5,1465.5,1474.25,-1,-1,1477.5259069662518
2003-02-20T15:30:00+01:00,1475,1477.25,1463.5,1466.5,-1,-2,1476.4758205885134
2003-02-21T15:30:00+01:00,1466.75,1480,1457.5,1474.75,1,1,1476.3114567229406
2003-02-24T15:30:00+01:00,1472,1473,1458.75,1460.5,-1,-1,1474.8056037017082
2003-02-25T15:30:00+01:00,1452,1467.75,1445,1467.75,1,1,1474.1336414444027
2003-02-26T15:30:00+01:00,1463.25,1467.75,1453.5,1455.5,-1,-1,1472.359008925888
2003-02-27T15:30:00+01:00,1460.25,1470.5,1454.25,1465.75,1,1,1471.729579504375
2003-02-28T15:30:00+01:00,1467.5,1474.75,1464.25,1472.25,1,2,1471.7791433611012
2003-03-03T15:30:00+01:00,1475.5,1480.75,1459.75,1463.5,-1,-1,1470.9906535171867
2003-03-04T15:30:00+01:00,1462.25,1462.75,1449,1449.75,-1,-2,1468.9677341345975
2003-03-05T15:30:00+01:00,1448.5,1457.75,1446,1457.5,1,1,1467.8755689789216
2003-03-06T15:30:00+01:00,1451.5,1457.75,1446.75,1449.75,-1,-1,1466.1493243142625
2003-03-07T15:30:00+01:00,1438.75,1457.5,1436.75,1456.25,1,1,1465.206531522428
2003-03-10T15:30:00+01:00,1448.5,1451.25,1433.25,1435.25,-1,-1,1462.353528520292
2003-03-11T15:30:00+01:00,1437,1442.5,1427.25,1428,-1,-2,1459.081763899312
2003-03-12T15:30:00+01:00,1426.25,1433.75,1416.25,1433.5,1,1,1456.6454054327107
2003-03-13T15:30:00+01:00,1444,1461.25,1437.25,1461.25,1,2,1457.083938248643
2003-03-14T15:30:00+01:00,1464.25,1470,1455.75,1463.5,-1,-1,1457.6949917487723
2003-03-17T15:30:00+01:00,1456.75,1526.5,1454.5,1489.5,1,1,1460.724040153651
2003-03-18T15:30:00+01:00,1493.75,1495.75,1484.75,1495.25,1,2,1464.0122268056843
2003-03-19T15:30:00+01:00,1495.25,1503.25,1489,1501.5,1,3,1467.5824909194287
2003-03-20T15:30:00+01:00,1495.25,1508,1486,1503.75,1,4,1471.0270155937687
2003-03-21T15:30:00+01:00,1513.75,1524.5,1505.25,1522,1,5,1475.8815855372193
2003-03-24T15:30:00+01:00,1505.5,1507,1489.25,1492.5,-1,-1,1477.4642916765317
2003-03-25T15:30:00+01:00,1493.25,1508,1490,1500.75,1,1,1479.6819781835286
2003-03-26T15:30:00+01:00,1501.25,1504.25,1493.5,1496.5,-1,-1,1481.2836945470021
2003-03-27T15:30:00+01:00,1489.5,1502.25,1485.5,1496.25,1,1,1482.7090569710972
2003-03-28T15:30:00+01:00,1489.75,1498,1488,1492.5,1,2,1483.6415277357546
2003-03-31T16:30:00+02:00,1478.75,1486,1468.75,1473,-1,-1,1482.6280489037779
2003-04-01T16:30:00+02:00,1478.25,1489.25,1474.25,1485,1,1,1482.85394900818
2003-04-02T16:30:00+02:00,1500.75,1513,1500.25,1505.75,1,2,1485.0345252931154
2003-04-03T16:30:00+02:00,1513.5,1514,1501.75,1502.25,-1,-1,1486.6740943128186
2003-04-04T16:30:00+02:00,1510,1511.25,1501.5,1506.75,-1,-2,1488.5860853306453
2003-04-07T15:30:00+02:00,1528.5,1533.75,1505,1505.75,-1,-3,1490.2207438705839
2003-04-08T15:30:00+02:00,1508.5,1511.5,1502.25,1507,-1,-4,1491.8187682638616
2003-04-09T15:30:00+02:00,1509,1516,1493,1495.75,-1,-5,1492.193171286351
2003-04-10T15:30:00+02:00,1495.75,1501.25,1490.25,1500.5,1,1,1492.984297830508
2003-04-11T15:30:00+02:00,1506.75,1512.25,1493.5,1496.75,-1,-1,1493.3429361323645
2003-04-14T15:30:00+02:00,1499.75,1515.25,1497.25,1514.75,1,1,1495.3817041197583
2003-04-15T15:30:00+02:00,1513.5,1522.75,1508.75,1522.5,1,2,1497.9643989654955
2003-04-16T15:30:00+02:00,1524,1525.5,1505.25,1507.5,-1,-1,1498.8725514449723
2003-04-17T15:30:00+02:00,1508,1522.25,1507,1520,1,1,1500.884689402594
2003-04-21T15:30:00+02:00,1523.5,1526.5,1515.5,1521.75,-1,-1,1502.871861840442
2003-04-22T15:30:00+02:00,1515.75,1540.75,1513.75,1538.75,1,1,1506.2888273794476
2003-04-23T15:30:00+02:00,1541,1548.25,1537.5,1546.25,1,2,1510.0946533433098
2003-04-24T15:30:00+02:00,1540.25,1545.5,1534.25,1538.5,-1,-1,1512.7999244534708
2003-04-25T15:30:00+02:00,1537,1539.5,1524.75,1527.5,-1,-2,1514.1999316483784
2003-04-28T15:30:00+02:00,1529.25,1546.75,1527.75,1542,1,1,1516.8475572056757
2003-04-29T15:30:00+02:00,1546,1552.5,1538.5,1545.25,-1,-1,1519.552551757516
2003-04-30T15:30:00+02:00,1543.75,1550.25,1538.75,1544,1,1,1521.8808801615621
2003-05-01T15:30:00+02:00,1544.25,1544.5,1529.25,1533.75,-1,-1,1523.0112725271276
2003-05-02T15:30:00+02:00,1539.75,1559,1539.5,1556,1,1,1526.1530560959727
2003-05-05T15:30:00+02:00,1559,1562.25,1552.25,1554.75,-1,-1,1528.876574563023
2003-05-06T15:30:00+02:00,1555.25,1568.25,1554.5,1563.5,1,1,1532.174043652259
2003-05-07T15:30:00+02:00,1558.5,1565.5,1554,1558.25,-1,-1,1534.6574680663296
2003-05-08T15:30:00+02:00,1549.5,1558,1547,1549.25,-1,-2,1536.0472330123935
2003-05-09T15:30:00+02:00,1552.5,1562.25,1550.25,1561.25,1,1,1538.4474965350228
2003-05-12T15:30:00+02:00,1559.5,1575.5,1557,1573,1,2,1541.738211150735
2003-05-13T15:30:00+02:00,1569.75,1576,1567,1571.75,1,3,1544.596476755427
2003-05-14T15:30:00+02:00,1575.25,1576.5,1563.25,1569.25,-1,-1,1546.944431350148
2003-05-15T15:30:00+02:00,1573,1577.5,1566.75,1575.25,1,1,1549.640199792991
2003-05-16T15:30:00+02:00,1572.75,1578.5,1566.75,1573.25,1,2,1551.8887521936585
2003-05-19T15:30:00+02:00,1566,1568.25,1548.25,1551.75,-1,-1,1551.8755376990243
2003-05-20T15:30:00+02:00,1552.5,1554.5,1540,1548,-1,-2,1551.506438870546
2003-05-21T15:30:00+02:00,1545,1553,1543,1551,1,1,1551.4582065971606
2003-05-22T15:30:00+02:00,1553.25,1564.25,1550.75,1559,1,2,1552.1764726355264
2003-05-23T15:30:00+02:00,1559.25,1564,1555.25,1561.25,1,3,1553.0406180988095
2003-05-26T15:30:00+02:00,1563.25,1563.75,1562,1563.25,0,0,1554.0129401846373
2003-05-27T15:30:00+02:00,1556.5,1582,1555.75,1578,1,1,1556.2974220718147
2003-05-28T15:30:00+02:00,1582.25,1588.25,1578.25,1580.75,-1,-1,1558.626239017356
2003-05-29T15:30:00+02:00,1582.25,1591,1574.5,1578.25,-1,-2,1560.4951686347508
2003-05-30T15:30:00+02:00,1582.75,1594.75,1581.5,1593.25,1,1,1563.6146763838221
2003-06-02T15:30:00+02:00,1598.75,1608.25,1593.75,1597.25,-1,-1,1566.8180405377439
2003-06-03T15:30:00+02:00,1594.75,1602,1592.25,1601,1,1,1570.073465248435
2003-06-04T15:30:00+02:00,1600,1616.75,1599,1615.25,1,2,1574.3759923676316
2003-06-05T15:30:00+02:00,1609.25,1620,1606.25,1619.75,1,3,1578.6973264278572
2003-06-06T15:30:00+02:00,1627.75,1637.25,1614.75,1616.25,-1,-1,1582.273771529966
2003-06-09T15:30:00+02:00,1611,1614.25,1601,1606,-1,-2,1584.533412336636
2003-06-10T15:30:00+02:00,1607.5,1615.75,1605.25,1615.75,1,1,1587.506420685528
2003-06-11T15:30:00+02:00,1614.5,1627,1610.5,1626,1,2,1591.1724758583348
2003-06-12T15:30:00+02:00,1630.5,1632,1619,1629.25,-1,-1,1594.7989067289695
2003-06-13T15:30:00+02:00,1629,1630.25,1612.5,1618.25,-1,-2,1597.0323441833534
2003-06-16T15:30:00+02:00,1622.75,1640,1621.25,1639.5,1,1,1601.0768828325579
2003-06-17T15:30:00+02:00,1644,1644.75,1635.5,1639.75,-1,-1,1604.7600368485048
2003-06-18T15:30:00+02:00,1636.5,1644.5,1633,1638.25,1,1,1607.9495571486473
2003-06-19T15:30:00+02:00,1639,1640.25,1621.25,1623.75,-1,-1,1609.4543612297284
2003-06-20T15:30:00+02:00,1630.25,1631.25,1620.75,1621.75,-1,-2,1610.6253744459448
2003-06-23T15:30:00+02:00,1621,1622.75,1605.5,1610.75,-1,-3,1610.637243546331
2003-06-24T15:30:00+02:00,1607.5,1616.75,1607.25,1611.5,1,1,1610.7194108276328
2003-06-25T15:30:00+02:00,1611.5,1620.25,1601.5,1601.5,-1,-1,1609.8413717011915
2003-06-26T15:30:00+02:00,1604,1616.25,1602,1613.5,1,1,1610.1898124915542
2003-06-27T15:30:00+02:00,1614.25,1618,1602,1603.5,-1,-1,1609.5526874923585
2003-06-30T15:30:00+02:00,1608.25,1612.75,1601,1603,-1,-2,1608.9286220168958
2003-07-01T15:30:00+02:00,1598.5,1612.5,1590.25,1611.25,1,1,1609.1497056343344
2003-07-02T15:30:00+02:00,1613.75,1623.75,1612,1623,1,2,1610.4687812882073
2003-07-03T15:30:00+02:00,1616.25,1624.25,1604.5,1612.5,-1,-1,1610.6622306893305
2003-07-07T15:30:00+02:00,1622.75,1635,1622.25,1632.5,1,1,1612.7420182427277
2003-07-08T15:30:00+02:00,1630.5,1638.5,1627.25,1637.5,1,2,1615.0999212672298
2003-07-09T15:30:00+02:00,1634.75,1640,1626,1631.25,-1,-1,1616.638024003684
2003-07-10T15:30:00+02:00,1624.25,1626.25,1612,1618.75,-1,-2,1616.8391645747618
2003-07-11T15:30:00+02:00,1619.25,1630.25,1619.25,1627.75,1,1,1617.8782917581177
2003-07-14T15:30:00+02:00,1637.5,1644.75,1620.5,1632.75,-1,-1,1619.2946449240112
2003-07-15T15:30:00+02:00,1639.25,1640.25,1625,1631,-1,-2,1620.409440645534
2003-07-16T15:30:00+02:00,1633.5,1634.25,1617.5,1625.25,-1,-3,1620.8704462983403
2003-07-17T15:30:00+02:00,1617,1621.25,1606.75,1610.5,-1,-4,1619.8827847461175
2003-07-18T15:30:00+02:00,1615.75,1623.25,1609.75,1620.25,1,1,1619.9177576274396
2003-07-21T15:30:00+02:00,1619.75,1620.25,1603.5,1608.5,-1,-1,1618.8303521391122
2003-07-22T15:30:00+02:00,1612.25,1619.5,1604.25,1616.75,1,1,1618.6322233639587
2003-07-23T15:30:00+02:00,1617.25,1618.75,1607.75,1617.5,1,2,1618.5243925673913
2003-07-24T15:30:00+02:00,1623.5,1628.25,1608.75,1610.5,-1,-1,1617.7601647038302
2003-07-25T15:30:00+02:00,1611.5,1627.75,1605,1626.75,1,1,1618.6163394939417
2003-07-28T15:30:00+02:00,1628.25,1629.75,1621.5,1623.75,-1,-1,1619.1052595421377
2003-07-29T15:30:00+02:00,1626,1627.5,1611.5,1619.25,-1,-2,1619.1190443476485
2003-07-30T15:30:00+02:00,1620.75,1622.5,1614,1616.25,-1,-3,1618.845802028825
2003-07-31T15:30:00+02:00,1624.5,1634,1616.25,1618.75,-1,-4,1618.8366780260797
2003-08-01T15:30:00+02:00,1617,1617.5,1607,1609.25,-1,-5,1617.9236610712148
2003-08-04T15:30:00+02:00,1608,1615,1594.75,1610.25,1,1,1617.1928362072897
2003-08-05T15:30:00+02:00,1609.5,1612,1588.25,1589.5,-1,-1,1614.555423235167
2003-08-06T15:30:00+02:00,1591.75,1605.25,1589,1594.75,1,1,1612.6691924508652
2003-08-07T15:30:00+02:00,1596,1605.25,1592,1604,1,2,1611.8435550745924
2003-08-08T15:30:00+02:00,1607.5,1610,1602.25,1608,1,3,1611.4775022103454
2003-08-11T15:30:00+02:00,1607,1614.75,1602.75,1611.25,1,4,1611.4558353331697
2003-08-12T15:30:00+02:00,1611.5,1620.5,1608.75,1620.5,1,5,1612.3171843490584
2003-08-13T15:30:00+02:00,1622,1623,1609.75,1614.75,-1,-1,1612.5488810777194
2003-08-14T15:30:00+02:00,1615.25,1621.75,1609.25,1619,1,1,1613.1632733560318
2003-08-15T15:30:00+02:00,1618.25,1622.5,1615.5,1620.75,1,2,1613.8858187506955
2003-08-18T15:30:00+02:00,1623.75,1630.25,1622,1628.75,1,3,1615.301455060153
2003-08-19T15:30:00+02:00,1631.25,1633.5,1624.25,1633,1,4,1616.98703076871
2003-08-20T15:30:00+02:00,1627,1633.25,1625.75,1628.5,1,5,1618.0835040288327
2003-08-21T15:30:00+02:00,1634.5,1639.5,1628.25,1632.25,-1,-1,1619.4326941213249
2003-08-22T15:30:00+02:00,1641.5,1642.25,1621.75,1622.75,-1,-2,1619.748628014532
2003-08-25T15:30:00+02:00,1621.25,1624.25,1617,1623.75,1,1,1620.129711060767
2003-08-26T15:30:00+02:00,1619.25,1628,1612.5,1625.5,1,2,1620.6411671502178
2003-08-27T15:30:00+02:00,1624.5,1627.75,1622.5,1625.5,1,3,1621.1039131359114
2003-08-28T15:30:00+02:00,1628.25,1634,1620.25,1631.25,1,4,1622.0702071229675
2003-08-29T15:30:00+02:00,1630,1639.25,1629,1638.25,1,5,1623.611139777923
2003-09-01T15:30:00+02:00,1640,1642.5,1639.25,1642,1,6,1625.3624597990731
2003-09-02T15:30:00+02:00,1640.25,1652.75,1634.5,1652.25,1,7,1627.923177913447
2003-09-03T15:30:00+02:00,1654.25,1659.75,1651.75,1657,1,8,1630.6923990645473
2003-09-04T15:30:00+02:00,1654.5,1659.5,1651.25,1658.25,1,9,1633.3169324869714
2003-09-05T15:30:00+02:00,1653.5,1659.5,1647.75,1652.75,-1,-1,1635.1677008215456
2003-09-08T15:30:00+02:00,1654,1662.75,1653.25,1660.5,1,1,1637.5803007433033
2003-09-09T15:30:00+02:00,1657.5,1658.5,1650.5,1654.25,-1,-1,1639.167891148703
2003-09-10T15:30:00+02:00,1649.25,1651.5,1639.25,1643.75,-1,-2,1639.604282467874
2003-09-11T15:30:00+02:00,1645,1651.25,1642,1647,1,1,1640.3086365185527
2003-09-12T15:30:00+02:00,1643,1650,1637,1649,1,2,1641.1363854215476
2003-09-15T15:30:00+02:00,1648.75,1649.75,1643.5,1644,-1,-1,1641.4091106194956
2003-09-16T15:30:00+02:00,1646,1660.25,1645.75,1659.75,1,1,1643.1558619890675
2003-09-17T15:30:00+02:00,1659,1661.75,1654.25,1658,-1,-1,1644.5695894186802
2003-09-18T15:30:00+02:00,1657.75,1670.5,1655.5,1669.5,1,1,1646.9439142359488
2003-09-19T15:30:00+02:00,1670.25,1670.25,1661.5,1664.75,-1,-1,1648.6397319277633
2003-09-22T15:30:00+02:00,1656.25,1657.25,1647.75,1653.25,-1,-2,1649.0788050775002
2003-09-23T15:30:00+02:00,1654,1660.5,1651.25,1657.5,1,1,1649.8808236415477
2003-09-24T15:30:00+02:00,1658.75,1659.75,1638.25,1639,-1,-1,1648.844554723305
2003-09-25T15:30:00+02:00,1641.25,1646.5,1629.5,1629.75,-1,-2,1647.026025702038
2003-09-26T15:30:00+02:00,1631.75,1634,1626,1626.5,-1,-3,1645.0711661113676
2003-09-29T15:30:00+02:00,1629.75,1637.5,1625.25,1636,1,1,1644.2072455293326
2003-09-30T15:30:00+02:00,1632.25,1633.5,1619.75,1626.5,-1,-1,1642.5208411932056
2003-10-01T15:30:00+02:00,1629.5,1649,1629.25,1648.25,1,1,1643.0664753652811
2003-10-02T15:30:00+02:00,1646.5,1653,1643.5,1651.75,1,2,1643.8934777114448
2003-10-03T15:30:00+02:00,1663.75,1670,1657.75,1661,-1,-1,1645.522670310355
2003-10-06T15:30:00+02:00,1661.75,1667,1659,1665.5,1,1,1647.4252731379402
2003-10-07T15:30:00+02:00,1659.5,1670.25,1656.25,1669.5,1,2,1649.5276280771839
2003-10-08T15:30:00+02:00,1670.25,1671,1661,1667.25,-1,-1,1651.215473022214
2003-10-09T15:30:00+02:00,1675.75,1679.25,1665.25,1670,-1,-2,1653.004475591527
2003-10-10T15:30:00+02:00,1669.75,1673.5,1666,1673.25,1,1,1654.9326207732863
2003-10-13T15:30:00+02:00,1674,1680,1672,1676.75,1,2,1657.0104664139258
2003-10-14T15:30:00+02:00,1674.75,1681.5,1671,1680,1,3,1659.1999458030757
2003-10-15T15:30:00+02:00,1685.25,1685.75,1673.5,1676.75,-1,-1,1660.8713795361161
2003-10-16T15:30:00+02:00,1674,1684.25,1674,1681.25,1,1,1662.8122005326766
2003-10-17T15:30:00+02:00,1681.5,1684,1666.75,1669.75,-1,-1,1663.4729433390883
2003-10-20T15:30:00+02:00,1671.25,1677.5,1666.25,1677.5,1,1,1664.8088534972703
2003-10-21T15:30:00+02:00,1675.5,1679.75,1672.75,1675.75,1,2,1665.8508674499112
2003-10-22T15:30:00+02:00,1667,1668.75,1658.5,1662.25,-1,-1,1665.5079276927768
2003-10-23T15:30:00+02:00,1656,1666.5,1655.5,1661,1,1,1665.0786012458457
2003-10-24T15:30:00+02:00,1655,1662.25,1648.25,1662,1,2,1664.7854011271936
2003-10-27T15:30:00+01:00,1664,1668.75,1659.25,1662.5,-1,-1,1664.5677438769847
2003-10-28T15:30:00+01:00,1666.5,1678,1664.75,1676.5,1,1,1665.7041492220337
2003-10-29T15:30:00+01:00,1674.25,1680.75,1673.5,1678.5,1,2,1666.922801677078
2003-10-30T15:30:00+01:00,1684.25,1685,1674.25,1680.5,-1,-1,1668.215868184023
2003-10-31T15:30:00+01:00,1681,1684.25,1678.75,1679.75,-1,-2,1669.3143569284018
2003-11-03T15:30:00+01:00,1683.75,1692.5,1683.5,1686,1,1,1670.9034657923635
2003-11-04T15:30:00+01:00,1686.25,1689,1682,1684.25,-1,-1,1672.1745642883288
2003-11-05T15:30:00+01:00,1681.5,1686.5,1675.25,1685.5,1,1,1673.443653403726
2003-11-06T15:30:00+01:00,1682.5,1690.75,1677.25,1690.5,1,2,1675.068067365276
2003-11-07T15:30:00+01:00,1692.5,1693.5,1682,1682.5,-1,-1,1675.7758704733449
2003-11-10T15:30:00+01:00,1683.5,1684.75,1676.25,1678.25,-1,-2,1676.0115018568358
2003-11-11T15:30:00+01:00,1677,1679.75,1674.25,1677.75,1,1,1676.1770731085658
2003-11-12T15:30:00+01:00,1678.25,1691,1677.75,1689,1,2,1677.3983042410832
2003-11-13T15:30:00+01:00,1686.5,1692,1684,1690.25,1,3,1678.622275265742
2003-11-14T15:30:00+01:00,1690,1696.25,1679,1680.75,-1,-1,1678.8249157166238
2003-11-17T15:30:00+01:00,1675.25,1677.5,1666.25,1675.25,0,0,1678.4844475531359
2003-11-18T15:30:00+01:00,1678.5,1680.5,1663,1665,-1,-1,1677.2002144528371
2003-11-19T15:30:00+01:00,1666.25,1675.75,1665,1673.5,1,1,1676.8478130763765
2003-11-20T15:30:00+01:00,1666,1678.25,1663.5,1664,-1,-1,1675.6242118310074
2003-11-21T15:30:00+01:00,1668.25,1669,1662.25,1668.5,1,1,1674.9457154661495
2003-11-24T15:30:00+01:00,1672.5,1683.5,1672.25,1681.25,1,2,1675.5461235169923
2003-11-25T15:30:00+01:00,1682.75,1689.75,1680.25,1685.25,1,3,1676.4703022296596
2003-11-26T15:30:00+01:00,1689.25,1690,1679.25,1689,-1,-1,1677.6636067792158
2003-11-27T15:30:00+01:00,1687.75,1691.75,1687.5,1691,1,1,1678.9337394669096
2003-11-28T15:30:00+01:00,1688.75,1692.25,1688,1689.75,1,2,1679.9638595176802
2003-12-01T15:30:00+01:00,1694,1702.5,1693.5,1701.25,1,3,1681.9911109921868
2003-12-02T15:30:00+01:00,1699.5,1703,1696.25,1698.75,-1,-1,1683.5871956595977
2003-12-03T15:30:00+01:00,1701.5,1706.25,1696.25,1697,-1,-2,1684.8646055967788
2003-12-04T15:30:00+01:00,1697.25,1702.5,1694.75,1701.25,1,1,1686.4251193494665
2003-12-05T15:30:00+01:00,1696.75,1700.75,1691.5,1694,-1,-1,1687.1465365542792
2003-12-08T15:30:00+01:00,1692.75,1701.5,1692.5,1701.25,1,1,1688.4897235491098
2003-12-09T15:30:00+01:00,1704,1704.5,1690.75,1692.75,-1,-1,1688.8954641634803
2003-12-10T15:30:00+01:00,1692.5,1695,1685,1693,1,1,1689.2863723383869
2003-12-11T15:30:00+01:00,1692,1706,1692,1704,1,2,1690.6876702109214
2003-12-12T15:30:00+01:00,1704.75,1707,1699,1706.25,1,3,1692.1697968575004
2003-12-15T15:30:00+01:00,1716.5,1716.75,1699.75,1701,-1,-1,1693.0107685853575
2003-12-16T15:30:00+01:00,1701.75,1708,1700,1706.5,1,1,1694.295457291514
2003-12-17T15:30:00+01:00,1705.5,1710,1702.75,1709.75,1,2,1695.767318501846
2003-12-18T15:30:00+01:00,1710.5,1722,1708.5,1721.75,1,3,1698.2418595969082
2003-12-19T15:30:00+01:00,1723,1723.25,1715.5,1718.5,-1,-1,1700.1712063019645
2003-12-22T15:30:00+01:00,1717.75,1726.25,1717.75,1726.25,1,1,1702.6549009398727
2003-12-23T15:30:00+01:00,1724.5,1729,1723.5,1726.25,1,2,1704.9020532313134
2003-12-24T15:30:00+01:00,1724.75,1728.5,1724,1726.25,1,3,1706.9351910188075
2003-12-26T15:30:00+01:00,1726.5,1730.25,1725.75,1726.75,1,4,1708.822315683683
2003-12-29T15:30:00+01:00,1730.5,1742.5,1730.25,1740.75,1,5,1711.8630475233322
2003-12-30T15:30:00+01:00,1740.5,1742.25,1738.25,1741.25,1,6,1714.6618049020624
2003-12-31T15:30:00+01:00,1741.75,1744.75,1738,1742.25,1,7,1717.2892520542468
2004-01-02T15:30:00+01:00,1746.75,1751.25,1736.75,1742,-1,-1,1719.6426566205091
2004-01-05T15:30:00+01:00,1746.5,1754.75,1745,1753,1,1,1722.8195464661749
2004-01-06T15:30:00+01:00,1751,1756.75,1750.25,1754.75,1,2,1725.8605420408248
2004-01-07T15:30:00+01:00,1753.25,1760,1748,1758.75,1,3,1728.99287137027
2004-01-08T15:30:00+01:00,1762,1763.5,1757,1763,1,4,1732.2316455254825
2004-01-09T15:30:00+01:00,1757.5,1763.75,1752.25,1753.25,-1,-1,1734.2333935706747
2004-01-12T15:30:00+01:00,1755,1761.75,1752.75,1761.25,1,1,1736.806403706801
2004-01-13T15:30:00+01:00,1760,1761.5,1747,1754.5,-1,-1,1738.491508115677
2004-01-14T15:30:00+01:00,1756.75,1765.75,1756,1764.5,1,1,1740.9685073427554
2004-01-15T15:30:00+01:00,1765,1769.75,1756.25,1766.5,1,2,1743.4000780720169
2004-01-16T15:30:00+01:00,1769.25,1772.25,1765.25,1771.5,1,3,1746.0762611127773
2004-01-19T15:30:00+01:00,1770.25,1770.75,1768.75,1769.5,-1,-1,1748.307093387751
2004-01-20T15:30:00+01:00,1773.75,1775.5,1767.25,1770.75,-1,-2,1750.444513065108
2004-01-21T15:30:00+01:00,1770.5,1782,1766,1779,1,1,1753.1640832493833
2004-01-22T15:30:00+01:00,1780.5,1782.5,1774.75,1777,-1,-1,1755.434170558966
2004-01-23T15:30:00+01:00,1779,1782.5,1768.5,1773.25,-1,-2,1757.1309162200168
2004-01-26T15:30:00+01:00,1772.5,1788.25,1772.5,1787.5,1,1,1760.0232099133486
2004-01-27T15:30:00+01:00,1786.5,1787.25,1775.25,1775.75,-1,-1,1761.5209994454108
2004-01-28T15:30:00+01:00,1778.5,1781.25,1758,1762.25,-1,-2,1761.5904280696573
2004-01-29T15:30:00+01:00,1764.25,1767,1754,1764.25,0,0,1761.8437206344518
2004-01-30T15:30:00+01:00,1763.75,1765.5,1759.25,1763.75,0,0,1762.0252710502182
2004-02-02T15:30:00+01:00,1765.25,1775.5,1759.75,1768,1,1,1762.5942928549593
2004-02-03T15:30:00+01:00,1765.5,1769.75,1762.75,1766.5,1,2,1762.9662649640109
2004-02-04T15:30:00+01:00,1760,1765.75,1755.25,1757,-1,-1,1762.3980492531527
2004-02-05T15:30:00+01:00,1760.25,1763.5,1756.25,1759.25,-1,-2,1762.0982350385668
2004-02-06T15:30:00+01:00,1762.25,1775.25,1760,1772.75,1,1,1763.1126888444176
2004-02-09T15:30:00+01:00,1775,1777,1771,1773.5,-1,-1,1764.1019565735207
2004-02-10T15:30:00+01:00,1771.25,1780,1770.75,1776.75,1,1,1765.3065321379474
2004-02-11T15:30:00+01:00,1776.5,1792,1774.5,1788.25,1,2,1767.491624315286
2004-02-12T15:30:00+01:00,1787.75,1790.75,1783.75,1784.5,-1,-1,1769.111469618592
2004-02-13T15:30:00+01:00,1786.25,1790,1775.25,1778.75,-1,-2,1770.029424893012
2004-02-16T15:30:00+01:00,1780,1781.5,1779.75,1781.25,1,1,1771.0980510936774
2004-02-17T15:30:00+01:00,1786.25,1792,1785.5,1790,1,2,1772.8982367038034
2004-02-18T15:30:00+01:00,1789.5,1790.25,1781.5,1784,-1,-1,1773.9555474939173
2004-02-19T15:30:00+01:00,1791,1791.75,1778.5,1780.25,-1,-2,1774.5550191611633
2004-02-20T15:30:00+01:00,1782.5,1783,1771,1777,-1,-3,1774.7878744791478
2004-02-23T15:30:00+01:00,1780.25,1780.25,1769.25,1773.5,-1,-4,1774.665219766848
2004-02-24T15:30:00+01:00,1770.5,1777.5,1766.5,1772,1,1,1774.4113893128624
2004-02-25T15:30:00+01:00,1772.25,1778.25,1770.75,1776.25,1,2,1774.5864950925898
2004-02-26T15:30:00+01:00,1773.75,1780.5,1771,1777.25,1,3,1774.8401622266288
2004-02-27T15:30:00+01:00,1779.5,1785.25,1773.75,1778.5,-1,-1,1775.188718205045
2004-03-01T15:30:00+01:00,1781.75,1790.75,1780,1788.75,1,1,1776.4802688521836
2004-03-02T15:30:00+01:00,1787,1789.75,1779.75,1782.75,-1,-1,1777.0773861043565
2004-03-03T15:30:00+01:00,1779.5,1786,1776.5,1783.75,1,1,1777.7128731420369
2004-03-04T15:30:00+01:00,1784.25,1788.5,1782.5,1787.5,1,2,1778.6449804618428
2004-03-05T15:30:00+01:00,1781.25,1797,1781.25,1791.25,1,3,1779.8454585130958
2004-03-08T15:30:00+01:00,1790.75,1793.25,1776.5,1777,-1,-1,1779.5744624642296
2004-03-09T15:30:00+01:00,1778,1779.5,1769.5,1772.25,-1,-2,1778.8768946104933
2004-03-10T15:30:00+01:00,1774.5,1774.75,1752.75,1753.5,-1,-3,1776.460047504732
2004-03-11T15:30:00+01:00,1751.25,1759.75,1737.75,1738.25,-1,-4,1772.8209953614244
2004-03-12T15:30:00+01:00,1744.25,1754,1742.75,1752.75,1,1,1770.9094719936697
2004-03-15T15:30:00+01:00,1749.25,1750.5,1735.75,1740,-1,-1,1767.9657127561775
2004-03-16T15:30:00+01:00,1745.25,1747.5,1735.5,1745,-1,-2,1765.778502017494
2004-03-17T15:30:00+01:00,1748.75,1759.5,1747.75,1756.75,1,1,1764.9186446824947
2004-03-18T15:30:00+01:00,1754,1761,1746,1757.5,1,2,1764.2121070936857
2004-03-19T15:30:00+01:00,1754.5,1756.5,1741,1741.75,-1,-1,1762.072858799049
2004-03-22T15:30:00+01:00,1736,1736.5,1722,1727.75,-1,-2,1758.8040151039015
2004-03-23T15:30:00+01:00,1733,1734.75,1724.25,1725.75,-1,-3,1755.6560136654348
2004-03-24T15:30:00+01:00,1726.5,1732,1719.25,1726.25,-1,-4,1752.8554409353933
2004-03-25T15:30:00+01:00,1731,1743.75,1728.25,1740.5,1,1,1751.6787322748796
2004-03-26T15:30:00+01:00,1739.75,1748.5,1738.75,1740.75,1,2,1750.637900629653
2004-03-29T16:30:00+02:00,1746.75,1758,1746.5,1756.25,1,3,1751.1723862839717
2004-03-30T16:30:00+02:00,1754,1761.25,1752.75,1760.75,1,4,1752.0845399712125
2004-03-31T16:30:00+02:00,1760,1764.25,1754.25,1762.25,1,5,1753.052679021573
2004-04-01T16:30:00+02:00,1761.5,1769.25,1760.75,1768,1,6,1754.4762334004708
2004-04-02T16:30:00+02:00,1778.5,1778.75,1769.5,1776.75,-1,-1,1756.597544505188
2004-04-05T15:30:00+02:00,1775.25,1784,1774.75,1782.75,1,1,1759.088254552313
2004-04-06T15:30:00+02:00,1778.75,1782,1776.5,1779.25,1,2,1761.008420785426
2004-04-07T15:30:00+02:00,1779.75,1780.25,1771.5,1776.75,-1,-1,1762.5076188058617
2004-04-08T15:30:00+02:00,1784,1784.5,1767.5,1774.25,-1,-2,1763.6259408243511
2004-04-12T15:30:00+02:00,1775.75,1781,1775.75,1778.5,1,1,1765.0425178886987
2004-04-13T15:30:00+02:00,1782.5,1782.75,1760.75,1762.25,-1,-1,1764.7765638040607
2004-04-14T15:30:00+02:00,1756.25,1766.5,1755.25,1764,1,1,1764.702605346531
2004-04-15T15:30:00+02:00,1764.25,1768,1753.5,1759.25,-1,-1,1764.1833095992424
2004-04-16T15:30:00+02:00,1764,1770.5,1759.75,1768.25,1,1,1764.5706134469335
2004-04-19T15:30:00+02:00,1765.25,1769.75,1762.75,1768,1,2,1764.8972216900827
2004-04-20T15:30:00+02:00,1770.75,1773,1747.75,1749,-1,-1,1763.3832005767415
2004-04-21T15:30:00+02:00,1752,1759.25,1748.75,1756.75,1,1,1762.7514671884803
2004-04-22T15:30:00+02:00,1754.75,1776.5,1754,1771.25,1,2,1763.560851265768
2004-04-23T15:30:00+02:00,1773.5,1775.25,1767.75,1774,1,3,1764.5550559071235
2004-04-26T15:30:00+02:00,1774.75,1778.75,1765.5,1772.25,-1,-1,1765.2879077254927
2004-04-27T15:30:00+02:00,1772,1780.75,1769.25,1772.75,1,1,1765.9985831802076
2004-04-28T15:30:00+02:00,1768.5,1768.75,1754.5,1757.5,-1,-1,1765.189194305902
2004-04-29T15:30:00+02:00,1756.75,1762.5,1741,1748.25,-1,-2,1763.5759377053398
2004-04-30T15:30:00+02:00,1751.25,1753,1738.25,1739.25,-1,-3,1761.2591817334028
2004-05-03T15:30:00+02:00,1743,1752.5,1742.75,1750.75,1,1,1760.2583072826026
2004-05-04T15:30:00+02:00,1751.75,1762,1746,1750,-1,-1,1759.2813256366405
2004-05-05T15:30:00+02:00,1753.5,1759,1750.75,1756.75,1,1,1759.0402470045794
2004-05-06T15:30:00+02:00,1749.5,1753.25,1739.25,1747.5,-1,-1,1757.9411758612862
2004-05-07T15:30:00+02:00,1741,1751.5,1729,1729.5,-1,-2,1755.2324924459256
2004-05-10T15:30:00+02:00,1723.75,1726.5,1712.5,1717.75,-1,-3,1751.6627312605992
2004-05-11T15:30:00+02:00,1723.5,1729.75,1722.5,1726.25,1,1,1749.2424711405422
2004-05-12T15:30:00+02:00,1724.75,1734.25,1709.75,1733.25,1,2,1747.7193786509667
2004-05-13T15:30:00+02:00,1726.75,1737,1725.25,1728.5,1,3,1745.8889616365889
2004-05-14T15:30:00+02:00,1728.25,1736.5,1721.75,1729,1,4,1744.2804890997709
2004-05-17T15:30:00+02:00,1718,1723.75,1712.75,1720,1,5,1741.9680615664593
2004-05-18T15:30:00+02:00,1723.75,1728.25,1722,1724.5,1,6,1740.304436655368
2004-05-19T15:30:00+02:00,1733.75,1740.25,1720.25,1721,-1,-1,1738.4659188786661
2004-05-20T15:30:00+02:00,1723.25,1727.25,1719,1725,1,1,1737.1834504140313
2004-05-21T15:30:00+02:00,1728.5,1734.25,1723.5,1727.25,-1,-1,1736.2374075174569
2004-05-24T15:30:00+02:00,1734,1736.25,1725.5,1731.5,-1,-2,1735.7862258491277
2004-05-25T15:30:00+02:00,1728,1748.25,1724.5,1746.75,1,1,1736.8303948158775
2004-05-26T15:30:00+02:00,1745,1751.5,1743.75,1750.5,1,2,1738.1322619762702
2004-05-27T15:30:00+02:00,1753.5,1759,1749,1756.75,1,3,1739.9053798832922
2004-05-28T15:30:00+02:00,1755.75,1757.75,1752,1757.75,1,4,1741.6048675134548
2004-05-31T15:30:00+02:00,1754.75,1756.25,1754.5,1756,1,5,1742.9758325121734
2004-06-01T15:30:00+02:00,1753,1757.25,1747,1755.75,1,6,1744.1924198919664
2004-06-02T15:30:00+02:00,1758.75,1763,1752.75,1760,1,7,1745.6979037117792
2004-06-03T15:30:00+02:00,1756.25,1760,1749,1749,-1,-1,1746.0123890725622
2004-06-04T15:30:00+02:00,1758.25,1764,1755,1757.75,-1,-2,1747.1302567799373
2004-06-07T15:30:00+02:00,1762.75,1776.5,1762.25,1775,1,1,1749.7845180389909
2004-06-08T15:30:00+02:00,1772,1777.25,1770,1777,1,2,1752.376468701944
2004-06-09T15:30:00+02:00,1773.25,1775,1765,1766,-1,-1,1753.6739478731874
2004-06-10T15:30:00+02:00,1768.5,1771.5,1767.5,1771,1,1,1755.324048075741
2004-06-14T15:30:00+02:00,1766,1766.5,1756.5,1760.25,-1,-1,1755.793186354242
2004-06-15T15:30:00+02:00,1766.75,1772.25,1762.75,1768.25,1,1,1756.9795495585997
2004-06-16T15:30:00+02:00,1768,1769.75,1764.5,1767.25,-1,-1,1757.9576876958758
2004-06-17T15:30:00+02:00,1766,1768,1760.75,1765.5,-1,-2,1758.6760031534116
2004-06-18T15:30:00+02:00,1764,1774,1764,1768.5,1,1,1759.6116219007056
2004-06-21T15:30:00+02:00,1769.25,1773,1762.75,1763.5,-1,-1,1759.981943624448
2004-06-22T15:30:00+02:00,1763,1770.25,1758.25,1769.25,1,1,1760.864615660215
2004-06-23T15:30:00+02:00,1767.5,1779.75,1765.5,1778.75,1,2,1762.5679855973374
2004-06-24T15:30:00+02:00,1777,1780.75,1774,1776,-1,-1,1763.8472250642576
2004-06-25T15:30:00+02:00,1775.25,1780.5,1768,1769.5,-1,-2,1764.3855845819473
2004-06-28T15:30:00+02:00,1776.5,1777.25,1765.5,1766,-1,-3,1764.5393384312856
2004-06-29T15:30:00+02:00,1766.5,1773,1765.5,1770.5,1,1,1765.1070204854489
2004-06-30T15:30:00+02:00,1772,1779,1767.5,1775.75,1,2,1766.1206375820727
2004-07-01T15:30:00+02:00,1773.75,1775,1756.75,1760.75,-1,-1,1765.609148288542
2004-07-02T15:30:00+02:00,1762.5,1764,1757,1760.25,-1,-2,1765.0987532134427
2004-07-05T15:30:00+02:00,1759.25,1759.75,1758.5,1758.75,-1,-3,1764.4941100502576
2004-07-06T15:30:00+02:00,1754.75,1755.25,1747,1749.5,-1,-4,1763.0660995692808
2004-07-07T15:30:00+02:00,1749,1756.5,1748.5,1752.75,1,1,1762.083613896016
2004-07-08T15:30:00+02:00,1749,1753.75,1742.5,1745.5,-1,-1,1760.5042220963953
2004-07-09T15:30:00+02:00,1747.5,1750,1744.5,1747.5,0,0,1759.2657247538814
2004-07-12T15:30:00+02:00,1745.75,1750.75,1740.5,1748,1,1,1758.1927985868451
2004-07-13T15:30:00+02:00,1749.25,1750.5,1746.75,1749,-1,-1,1757.3172939595265
2004-07-14T15:30:00+02:00,1743.25,1754.25,1741.5,1746,1,1,1756.2394564395715
2004-07-15T15:30:00+02:00,1747.75,1749.5,1737.5,1737.5,-1,-1,1754.4547463024694
2004-07-16T15:30:00+02:00,1746.25,1746.5,1734.5,1737.5,-1,-2,1752.840008559377
2004-07-19T15:30:00+02:00,1737.75,1739.75,1730,1732.75,-1,-3,1750.926674410865
2004-07-20T15:30:00+02:00,1735,1749.25,1732.75,1746.5,1,1,1750.505086371735
2004-07-21T15:30:00+02:00,1748,1750.5,1724,1725.25,-1,-1,1748.0998400506173
2004-07-22T15:30:00+02:00,1723.75,1733.75,1717.5,1728.5,1,1,1746.233188617225
2004-07-23T15:30:00+02:00,1725.5,1726.75,1716.75,1719.75,-1,-1,1743.7109801774893
2004-07-26T15:30:00+02:00,1721.5,1723.75,1711.5,1717.25,-1,-2,1741.1908868272521
2004-07-27T15:30:00+02:00,1720,1730.5,1719,1726.75,1,1,1739.8155642722757
2004-07-28T15:30:00+02:00,1725,1733,1715.25,1730,1,2,1738.880748627297
2004-07-29T15:30:00+02:00,1734.75,1738.25,1729.25,1734.75,0,0,1738.487343996126
2004-07-30T15:30:00+02:00,1732.75,1738.5,1730.5,1738.25,1,1,1738.4647398060188
2004-08-02T15:30:00+02:00,1731.5,1742.75,1730,1740,1,2,1738.6109550625883
2004-08-03T15:30:00+02:00,1738.75,1740,1731,1731.75,-1,-1,1737.9575307709133
2004-08-04T15:30:00+02:00,1728.5,1736.75,1725.75,1731.25,1,1,1737.3187183165405
2004-08-05T15:30:00+02:00,1732,1732.5,1711.75,1713.75,-1,-1,1735.07407847687
2004-08-06T15:30:00+02:00,1705.25,1708.5,1695.25,1698,-1,-2,1731.5432138600252
2004-08-09T15:30:00+02:00,1699,1703.75,1697.75,1698.75,-1,-3,1728.4200506352608
2004-08-10T15:30:00+02:00,1702,1713.25,1701.5,1710.5,1,1,1726.7133791461883
2004-08-11T15:30:00+02:00,1705.5,1711.75,1699.75,1710.25,1,2,1725.1454382751228
2004-08-12T15:30:00+02:00,1705.5,1708.25,1694.5,1698.5,-1,-1,1722.607777487016
2004-08-13T15:30:00+02:00,1699.75,1702.25,1694.5,1700.75,1,1,1720.5260843930143
2004-08-16T15:30:00+02:00,1700.25,1715.25,1699.75,1712,1,2,1719.7140763555844
2004-08-17T15:30:00+02:00,1716,1721.5,1713.75,1718,1,3,1719.550830988386
2004-08-18T15:30:00+02:00,1713.75,1730.5,1713.25,1729.25,1,4,1720.4745613704445
2004-08-19T15:30:00+02:00,1726.5,1728.75,1720.25,1725.75,-1,-1,1720.976984097069
2004-08-20T15:30:00+02:00,1724.75,1735,1723.5,1733.5,1,1,1722.1696522783004
2004-08-23T15:30:00+02:00,1734,1736.25,1728.75,1730.75,-1,-1,1722.9868282517957
2004-08-24T15:30:00+02:00,1735,1735.75,1726.75,1732.25,-1,-2,1723.869035084958
2004-08-25T15:30:00+02:00,1731.5,1741,1727.25,1738,1,1,1725.214841267343
2004-08-26T15:30:00+02:00,1737.75,1741.25,1736.5,1739,1,2,1726.527713527596
2004-08-27T15:30:00+02:00,1739,1744.25,1738.75,1743,1,3,1728.096502715444
2004-08-30T15:30:00+02:00,1740,1741.25,1732.5,1733.5,-1,-1,1728.6111215044493
2004-08-31T15:30:00+02:00,1734.75,1739.75,1728.75,1739.25,1,1,1729.6243480278351
2004-09-01T15:30:00+02:00,1737.5,1744.25,1732.5,1741,1,2,1730.7077434537557
2004-09-02T15:30:00+02:00,1740.75,1754.75,1740.25,1753.75,1,3,1732.9022440772076
2004-09-03T15:30:00+02:00,1751,1755.75,1747.75,1749.25,-1,-1,1734.4591732127117
2004-09-06T15:30:00+02:00,1752,1753,1751.5,1752.75,1,1,1736.2011567162629
2004-09-07T15:30:00+02:00,1753.25,1759,1750.75,1756.5,1,2,1738.1343798861426
2004-09-08T15:30:00+02:00,1754,1758,1750.5,1753,-1,-1,1739.5501532303194
2004-09-09T15:30:00+02:00,1753,1756.25,1748,1752.5,-1,-2,1740.783471970289
2004-09-10T15:30:00+02:00,1752.75,1760,1748.25,1757.5,1,1,1742.375522258833
2004-09-13T15:30:00+02:00,1760,1764.75,1757.5,1762,1,2,1744.2445201389442
2004-09-14T15:30:00+02:00,1760.75,1764.5,1759.25,1764,1,3,1746.1259944114256
2004-09-15T15:30:00+02:00,1760.75,1761,1754,1755,-1,-1,1746.9711378008137
2004-09-16T15:30:00+02:00,1756,1761,1755.75,1758.25,1,1,1748.0453151531171
2004-09-17T15:30:00+02:00,1761,1765.5,1758.5,1763,1,2,1749.4695708528202
2004-09-20T15:30:00+02:00,1758.5,1761.75,1754.5,1756.5,-1,-1,1750.139135533504
2004-09-21T15:30:00+02:00,1759,1766.5,1757.25,1761.25,1,1,1751.1973131017417
2004-09-22T15:30:00+02:00,1756.5,1756.75,1746,1746.75,-1,-1,1750.7737594730042
2004-09-23T15:30:00+02:00,1747.5,1748.5,1741,1741.25,-1,-2,1749.8667347612895
2004-09-24T15:30:00+02:00,1743,1748.5,1742.5,1745.75,1,1,1749.4746647840238
2004-09-27T15:30:00+02:00,1742.25,1743.25,1737.25,1739.25,-1,-1,1748.5008871855455
2004-09-28T15:30:00+02:00,1740.5,1746.5,1735.25,1743.75,1,1,1748.048421739303
2004-09-29T15:30:00+02:00,1743.25,1749.5,1741.25,1749.5,1,2,1748.1866672879407
2004-09-30T15:30:00+02:00,1746.75,1751,1743.5,1749,1,3,1748.2641275462322
2004-10-01T15:30:00+02:00,1753.75,1767.5,1753,1767.5,1,4,1750.096115398972
2004-10-04T15:30:00+02:00,1771.75,1775.25,1769,1769.25,-1,-1,1751.9202948847842
2004-10-05T15:30:00+02:00,1769.5,1772.5,1766.25,1770.5,1,1,1753.6897906100428
2004-10-06T15:30:00+02:00,1768.5,1777.75,1767.5,1776.75,1,2,1755.886001028134
2004-10-07T15:30:00+02:00,1774.75,1774.75,1764.5,1765.75,-1,-1,1756.825429501645
2004-10-08T15:30:00+02:00,1762.75,1767.75,1754.25,1756.5,-1,-2,1756.794436215774
2004-10-11T15:30:00+02:00,1758.75,1761,1757,1760,1,1,1757.099728004748
2004-10-12T15:30:00+02:00,1752.5,1759,1750,1756.25,1,2,1757.0188015281053
2004-10-13T15:30:00+02:00,1760.5,1761.25,1743.5,1745.75,-1,-1,1755.9455823349524
2004-10-14T15:30:00+02:00,1747.25,1749.5,1736,1737,-1,-2,1754.141241160195
2004-10-15T15:30:00+02:00,1740.5,1747.75,1736,1742.5,1,1,1753.0325515258908
2004-10-18T15:30:00+02:00,1739.25,1749.25,1737.25,1746.75,1,2,1752.4342132853296
2004-10-19T15:30:00+02:00,1750.5,1752.5,1736,1737.5,-1,-1,1751.0119072581554
2004-10-20T15:30:00+02:00,1734,1738.25,1727.75,1735.25,1,1,1749.5107732335691
2004-10-21T15:30:00+02:00,1738,1743.25,1732,1742.25,1,2,1748.8192710208482
2004-10-22T15:30:00+02:00,1741.75,1742.5,1728.75,1729.5,-1,-1,1746.979340447434
2004-10-25T15:30:00+02:00,1727.75,1731,1723.5,1729.25,1,1,1745.2908318333925
2004-10-26T15:30:00+02:00,1730.75,1746,1728.5,1745.25,1,2,1745.2869430873552
2004-10-27T15:30:00+02:00,1743.5,1760.75,1740.75,1759,1,3,1746.5929485076072
2004-10-28T15:30:00+02:00,1757.5,1765.25,1754.25,1761.75,1,4,1748.0364772211683
2004-10-29T15:30:00+02:00,1760.75,1766,1758.5,1762.25,1,5,1749.3901460572474
2004-11-01T15:30:00+01:00,1765.25,1768,1761.25,1764.75,-1,-1,1750.8529892898905
2004-11-02T15:30:00+01:00,1765.75,1775,1761.75,1764.5,-1,-2,1752.1527045956152
2004-11-03T15:30:00+01:00,1779.25,1783,1771.5,1778.75,-1,-3,1754.6857803484138
2004-11-04T15:30:00+01:00,1777.25,1796,1776,1794.5,1,1,1758.477610791422
2004-11-05T15:30:00+01:00,1799.25,1805.75,1794.25,1801.75,1,2,1762.5987907160484
2004-11-08T15:30:00+01:00,1799.25,1801.5,1796.25,1800.75,1,3,1766.2322392192818
2004-11-09T15:30:00+01:00,1800,1804,1796.75,1798.25,-1,-1,1769.2815497698264
2004-11-10T15:30:00+01:00,1799.75,1804.5,1796.75,1799,-1,-2,1772.1118783631762
2004-11-11T15:30:00+01:00,1800.75,1810,1800,1807.25,1,1,1775.4583661381118
2004-11-12T15:30:00+01:00,1808.5,1818.75,1805.75,1816.75,1,2,1779.390902696387
2004-11-15T15:30:00+01:00,1816.75,1820,1814.5,1819.75,1,3,1783.2346262491121
2004-11-16T15:30:00+01:00,1816.25,1816.25,1809.75,1811.5,-1,-1,1785.9265666063395
2004-11-17T15:30:00+01:00,1816,1823.75,1813,1818.25,1,1,1789.0049888343071
2004-11-18T15:30:00+01:00,1817.75,1820.25,1814.5,1819.25,1,2,1791.8854660881827
2004-11-19T15:30:00+01:00,1818.75,1819.5,1803.25,1806.25,-1,-1,1793.2535169369273
2004-11-22T15:30:00+01:00,1803.5,1813,1802.25,1812,1,1,1795.0388962762677
2004-11-23T15:30:00+01:00,1811.5,1814.5,1805.5,1813.25,1,2,1796.7732871070993
2004-11-24T15:30:00+01:00,1814.25,1817.25,1812,1816,1,3,1798.604402620709
2004-11-25T15:30:00+01:00,1818.25,1820.5,1818.25,1820.25,1,4,1800.6658880854034
2004-11-26T15:30:00+01:00,1816.5,1821.5,1814.5,1814.75,-1,-1,1802.0072320772697
2004-11-29T15:30:00+01:00,1819.5,1821.5,1806.25,1810,-1,-2,1802.7684480699106
2004-11-30T15:30:00+01:00,1811.25,1813.5,1807.5,1810,-1,-3,1803.4571673013477
2004-12-01T15:30:00+01:00,1812.75,1826.25,1812,1823.75,1,1,1805.3898180345527
2004-12-02T15:30:00+01:00,1822,1829.75,1821,1824.5,1,2,1807.2098353645954
2004-12-03T15:30:00+01:00,1824,1832.5,1821.75,1823.25,-1,-1,1808.7374700917767
2004-12-06T15:30:00+01:00,1823.25,1827.25,1819.25,1823.25,0,0,1810.1196157973218
2004-12-07T15:30:00+01:00,1825.75,1827,1811,1811.75,-1,-1,1810.274890483291
2004-12-08T15:30:00+01:00,1812.5,1818.75,1810.75,1818.25,1,1,1811.0344247229777
2004-12-09T15:30:00+01:00,1812,1825.5,1807.5,1822.75,1,2,1812.15019379698
2004-12-10T15:30:00+01:00,1819.75,1826,1819,1824,1,3,1813.278746768696
2004-12-13T15:30:00+01:00,1828.25,1834.5,1823.75,1834.5,1,4,1815.2998185050108
2004-12-14T15:30:00+01:00,1832.25,1840,1832,1838.5,1,5,1817.5093595997716
2004-12-15T15:30:00+01:00,1837.25,1841.25,1833.25,1839,1,6,1819.5560872569363
2004-12-16T15:30:00+01:00,1837.5,1842.5,1832,1838.75,1,7,1821.384078946752
2004-12-17T15:30:00+01:00,1829.75,1835.25,1827,1830.25,1,8,1822.2284523803946
2004-12-20T15:30:00+01:00,1833,1838.5,1827,1830.5,-1,-1,1823.0162188203572
2004-12-21T15:30:00+01:00,1831.25,1840.25,1830,1839.25,1,1,1824.5622932184183
2004-12-22T15:30:00+01:00,1839,1846,1838.5,1842.5,1,2,1826.2706462452356
2004-12-23T15:30:00+01:00,1844,1848.25,1842.75,1843.5,-1,-1,1827.9115370790228
2004-12-27T15:30:00+01:00,1847.5,1848.75,1839,1840.25,-1,-2,1829.0866287857825
2004-12-28T15:30:00+01:00,1841.5,1848.5,1841.25,1847.5,1,1,1830.8402831871365
2004-12-29T15:30:00+01:00,1846,1849,1844.5,1848.75,1,2,1832.5459705026474
2004-12-30T15:30:00+01:00,1849,1850.75,1845.25,1846.5,-1,-1,1833.8749256928713
2004-12-31T15:30:00+01:00,1848.25,1851.5,1842.5,1843.25,-1,-2,1834.767789912598
2005-01-03T15:30:00+01:00,1850.25,1852.25,1833.5,1838.25,-1,-3,1835.099428968541
2005-01-04T15:30:00+01:00,1839.25,1840,1818.5,1822.5,-1,-4,1833.8994833524894
2005-01-05T15:30:00+01:00,1821.75,1826.75,1814.5,1814.5,-1,-5,1832.051913509395
2005-01-06T15:30:00+01:00,1818.5,1825.5,1816.5,1819.75,1,1,1830.8803026989765
2005-01-07T15:30:00+01:00,1823.5,1826.25,1815.25,1817.5,-1,-1,1829.6059881562169
2005-01-10T15:30:00+01:00,1817.25,1828.5,1817,1823.5,1,1,1829.0244654746725
2005-01-11T15:30:00+01:00,1820.25,1821,1813.5,1815.75,-1,-1,1827.7602306675608
2005-01-12T15:30:00+01:00,1817.5,1821.5,1808.5,1819.5,1,1,1826.973542032555
2005-01-13T15:30:00+01:00,1819.5,1820.5,1808,1809.75,-1,-1,1825.3332046961214
2005-01-14T15:30:00+01:00,1812.5,1818.5,1810.75,1815.25,1,1,1824.3728994869668
2005-01-17T15:30:00+01:00,1817.75,1818,1816.75,1817.75,0,0,1823.7421471548748
2005-01-18T15:30:00+01:00,1813.5,1829.5,1812.25,1827.75,1,1,1824.1238474258391
2005-01-19T15:30:00+01:00,1827,1828,1815,1815,-1,-1,1823.2549095757593
2005-01-20T15:30:00+01:00,1811.5,1814.75,1805.75,1808.25,-1,-2,1821.8258705685441
2005-01-21T15:30:00+01:00,1810.5,1812.5,1799,1800.5,-1,-3,1819.794835276302
2005-01-24T15:30:00+01:00,1803.25,1806,1796,1798,-1,-4,1817.719136678559
2005-01-25T15:30:00+01:00,1801.25,1807.25,1799.75,1801.25,0,0,1816.150647471077
2005-01-26T15:30:00+01:00,1805.25,1808.5,1802.75,1804.5,-1,-1,1815.0410619976412
2005-01-27T15:30:00+01:00,1803.75,1809.75,1802,1806.25,1,1,1814.2038179978658
2005-01-28T15:30:00+01:00,1807,1807.5,1798,1806.75,-1,-1,1813.4939305694977
2005-01-31T15:30:00+01:00,1811.5,1814.75,1809,1813.25,1,1,1813.4706990866885
2005-02-01T15:30:00+01:00,1814.75,1822.75,1812.75,1821.25,1,2,1814.2115848879562
2005-02-02T15:30:00+01:00,1822.25,1827.75,1820.75,1824.75,1,3,1815.2152434700556
2005-02-03T15:30:00+01:00,1822.5,1823.5,1817.5,1821.25,-1,-1,1815.7899821871931
2005-02-04T15:30:00+01:00,1821.75,1836.25,1821.5,1834.25,1,1,1817.5480791217462
2005-02-07T15:30:00+01:00,1833.75,1836.75,1831.25,1832.5,-1,-1,1818.9720715863418
2005-02-08T15:30:00+01:00,1833,1838,1832.25,1833.75,1,1,1820.3794933400236
2005-02-09T15:30:00+01:00,1835.75,1836.25,1823.5,1824.25,-1,-1,1820.7481130219262
2005-02-10T15:30:00+01:00,1827.5,1831.25,1823.5,1829,1,1,1821.534007019838
2005-02-11T15:30:00+01:00,1828.5,1841.75,1825.5,1838.25,1,2,1823.126006351282
2005-02-14T15:30:00+01:00,1838,1839.75,1835.75,1837.75,-1,-1,1824.51876765116
2005-02-15T15:30:00+01:00,1839,1845.25,1837.75,1842.5,1,1,1826.2312659700972
2005-02-16T15:30:00+01:00,1840,1845.25,1837,1842.25,1,2,1827.7568596872309
2005-02-17T15:30:00+01:00,1842.75,1843.75,1832.5,1832.75,-1,-1,1828.2323968598755
2005-02-18T15:30:00+01:00,1832.25,1835.25,1829.25,1834,1,1,1828.7816923970302
2005-02-21T15:30:00+01:00,1833.25,1833.75,1832,1832.75,-1,-1,1829.1596264544557
2005-02-22T15:30:00+01:00,1829.25,1835,1815.75,1816.25,-1,-2,1827.9301382206982
2005-02-23T15:30:00+01:00,1819.75,1825.75,1817,1824.75,1,1,1827.627267913965
2005-02-24T15:30:00+01:00,1822.5,1833.25,1819.75,1832.5,1,2,1828.0913376364445
2005-02-25T15:30:00+01:00,1832.5,1845,1831.5,1843.75,1,3,1829.582638813926
2005-02-28T15:30:00+01:00,1841.5,1842.75,1830,1836.5,-1,-1,1830.2414351173616
2005-03-01T15:30:00+01:00,1837.75,1845,1837.5,1842,1,1,1831.3612984395177
2005-03-02T15:30:00+01:00,1837.25,1848.75,1835.75,1841.25,1,2,1832.303079540516
2005-03-03T15:30:00+01:00,1845.75,1848.5,1836.25,1841.5,-1,-1,1833.1789767271334
2005-03-04T15:30:00+01:00,1849.5,1857.5,1847,1856.5,1,1,1835.4000265626446
2005-03-07T15:30:00+01:00,1855.5,1861.5,1855,1857.25,1,2,1837.4809764138213
2005-03-08T15:30:00+01:00,1855.75,1858.25,1850.25,1852,-1,-1,1838.863740564886
2005-03-09T15:30:00+01:00,1848.25,1851.75,1838.25,1838.25,-1,-2,1838.8052890825159
2005-03-10T15:30:00+01:00,1840.75,1843.5,1832.75,1841.5,1,1,1839.0619282175144
2005-03-11T15:30:00+01:00,1841.75,1845.75,1829.75,1832.5,-1,-1,1838.4369826729892
2005-03-14T15:30:00+01:00,1834.75,1840,1831,1839.75,1,1,1838.5620319422283
2005-03-15T15:30:00+01:00,1842.5,1843,1829.25,1829.75,-1,-1,1837.7227908048733
2005-03-16T15:30:00+01:00,1825,1827,1817,1819.75,-1,-2,1836.0110964425044
2005-03-17T15:30:00+01:00,1821.25,1825.5,1817.75,1822,1,1,1834.676706305123
2005-03-18T15:30:00+01:00,1823.5,1824,1814,1818,-1,-1,1833.0884485617778
2005-03-21T15:30:00+01:00,1819.75,1820.25,1810,1813.5,-1,-2,1831.2228820320847
2005-03-22T15:30:00+01:00,1816,1821.25,1799.5,1800.75,-1,-3,1828.3207027909339
2005-03-23T15:30:00+01:00,1801.25,1807.75,1799.25,1802,1,1,1825.8139691917972
2005-03-24T15:30:00+01:00,1806.25,1811.75,1802.25,1803.5,-1,-1,1823.688829268769
2005-03-28T16:30:00+02:00,1805.75,1811,1804.5,1804.75,-1,-2,1821.885131243172
2005-03-29T16:30:00+02:00,1802.75,1810.75,1794.25,1797,-1,-3,1819.5151187438223
2005-03-30T16:30:00+02:00,1799.25,1813.25,1799,1813.25,1,1,1818.91844076822
2005-03-31T16:30:00+02:00,1813,1815.5,1809.5,1811,-1,-1,1818.164303552199
2005-04-01T16:30:00+02:00,1817,1821,1800,1805,-1,-2,1816.9105603567516
2005-04-04T15:30:00+02:00,1804.25,1809.5,1798.25,1807.5,1,1,1816.0143165132515
2005-04-05T15:30:00+02:00,1808.75,1814.5,1807.5,1812.75,1,2,1815.7034292262751
2005-04-06T15:30:00+02:00,1814.75,1820.5,1812.5,1817.25,1,3,1815.8507216809155
2005-04-07T15:30:00+02:00,1815,1823.25,1813.75,1823,1,4,1816.531605330352
2005-04-08T15:30:00+02:00,1822,1822.5,1810.25,1810.5,-1,-1,1815.9571667274613
2005-04-11T15:30:00+02:00,1813.25,1814.75,1808.75,1811.25,-1,-2,1815.5088651343697
2005-04-12T15:30:00+02:00,1809,1820.75,1800.75,1817.5,1,1,1815.6984970263345
2005-04-13T15:30:00+02:00,1815.25,1817.25,1801,1803.25,-1,-1,1814.5129258809693
2005-04-14T15:30:00+02:00,1804,1804.75,1787.5,1787.75,-1,-2,1811.9640757970674
2005-04-15T15:30:00+02:00,1787,1791.5,1770.5,1771.5,-1,-3,1808.1103542925848
2005-04-18T15:30:00+02:00,1771,1779,1768.75,1774.5,1,1,1804.9093681694815
2005-04-19T15:30:00+02:00,1779.75,1784.5,1777.25,1783.25,1,2,1802.8465712009595
2005-04-20T15:30:00+02:00,1783,1785.25,1764.25,1767.25,-1,-1,1799.456421562773
2005-04-21T15:30:00+02:00,1776.75,1791.25,1772.75,1789,1,1,1798.4605718901278
2005-04-22T15:30:00+02:00,1786.5,1788.75,1771.25,1784.25,-1,-1,1797.107184091068
2005-04-25T15:30:00+02:00,1787.5,1793.75,1786,1791.5,1,1,1796.5731665585852
2005-04-26T15:30:00+02:00,1788.25,1793.5,1780,1780.5,-1,-1,1795.0423887911008
2005-04-27T15:30:00+02:00,1777.25,1789,1772.75,1784.75,1,1,1794.0621612871864
2005-04-28T15:30:00+02:00,1780.75,1785,1770,1770,-1,-1,1791.770526878883
2005-04-29T15:30:00+02:00,1778.75,1787,1767.75,1786,1,1,1791.220952890418
2005-05-02T15:30:00+02:00,1788.75,1792,1783,1791.75,1,2,1791.2713383294258
2005-05-03T15:30:00+02:00,1788.25,1796.25,1784.75,1793.5,1,3,1791.4835918218614
2005-05-04T15:30:00+02:00,1794,1805.25,1790.25,1802.75,1,4,1792.5565830769222
2005-05-05T15:30:00+02:00,1803.75,1807.5,1795,1802.25,-1,-1,1793.4797656410249
2005-05-06T15:30:00+02:00,1807,1807,1798.5,1798.5,-1,-2,1793.9578831990225
2005-05-09T15:30:00+02:00,1799.75,1808.25,1797.5,1805.5,1,1,1795.0571324181633
2005-05-10T15:30:00+02:00,1800.5,1802.25,1791,1793.5,-1,-1,1794.908834092624
2005-05-11T15:30:00+02:00,1796.25,1801,1785.5,1799.75,1,1,1795.369897512374
2005-05-12T15:30:00+02:00,1800,1802.75,1786,1786.75,-1,-1,1794.548954892148
2005-05-13T15:30:00+02:00,1789.75,1793,1774.25,1784.25,-1,-2,1793.5681020452769
2005-05-16T15:30:00+02:00,1783.5,1795.25,1783.5,1794.75,1,1,1793.6806637552504
2005-05-17T15:30:00+02:00,1790.5,1803.75,1788.25,1802.75,1,2,1794.5444100642742
2005-05-18T15:30:00+02:00,1806.75,1817,1806.25,1814.5,1,3,1796.4449424391053
2005-05-19T15:30:00+02:00,1816.25,1820.25,1812.75,1819,1,4,1798.5930431591905
2005-05-20T15:30:00+02:00,1819.25,1820.25,1813.5,1817.75,-1,-1,1800.4175152392677
2005-05-23T15:30:00+02:00,1817.75,1826.5,1817.75,1823.75,1,1,1802.6396566450517
2005-05-24T15:30:00+02:00,1820.5,1824.25,1818,1821,1,2,1804.3882607740943
2005-05-25T15:30:00+02:00,1819.25,1820.25,1813.75,1819.75,1,3,1805.8512835575139
2005-05-26T15:30:00+02:00,1823.25,1827.75,1821.75,1825.5,1,4,1807.7225898853696
2005-05-27T15:30:00+02:00,1826.25,1828,1823.5,1827.75,1,5,1809.6299622772392
2005-05-30T15:30:00+02:00,1828,1829.5,1827.25,1829.25,1,6,1811.4985372984545
2005-05-31T15:30:00+02:00,1826,1826.5,1819,1820.5,-1,-1,1812.3558194605064
2005-06-01T15:30:00+02:00,1820.25,1834.5,1819.5,1829,1,1,1813.9409795118868
2005-06-02T15:30:00+02:00,1827.25,1833.25,1826,1832.75,1,2,1815.732314796469
2005-06-03T15:30:00+02:00,1830.25,1833.75,1822.25,1826.25,-1,-1,1816.7339991015672
2005-06-06T15:30:00+02:00,1825,1827,1820.5,1825.75,1,1,1817.592665853799
2005-06-07T15:30:00+02:00,1828.5,1837.25,1825,1826.5,-1,-1,1818.4409833915324
2005-06-08T15:30:00+02:00,1829,1830.25,1821,1823.25,-1,-2,1818.8989849732911
2005-06-09T15:30:00+02:00,1821.75,1830.25,1818.75,1828.75,1,1,1819.8371768805966
2005-06-10T15:30:00+02:00,1829.75,1830.5,1820,1826.5,-1,-1,1820.471731463397
2005-06-13T15:30:00+02:00,1823.5,1834.75,1822.25,1830,1,1,1821.37918560974
2005-06-14T15:30:00+02:00,1828.5,1836,1827.75,1832.25,1,2,1822.4145012659553
2005-06-15T15:30:00+02:00,1835.5,1836.25,1826,1834.5,-1,-1,1823.5655011453882
2005-06-16T15:30:00+02:00,1834.75,1840.25,1832.75,1838.25,1,1,1824.9640248458275
2005-06-17T15:30:00+02:00,1844,1847.75,1840.5,1842.75,-1,-1,1826.6579272414629
2005-06-20T15:30:00+02:00,1839.5,1847,1837.75,1842.5,1,1,1828.1666960756093
2005-06-21T15:30:00+02:00,1843,1845,1838.75,1843.75,1,2,1829.6508202588846
2005-06-22T15:30:00+02:00,1845,1847.5,1838.5,1844.25,-1,-1,1831.041218329467
2005-06-23T15:30:00+02:00,1841,1844,1826.25,1826.5,-1,-2,1830.6087213457083
2005-06-24T15:30:00+02:00,1826.75,1827.5,1815.75,1817.75,-1,-3,1829.3840812175456
2005-06-27T15:30:00+02:00,1817.5,1821.75,1815,1819,1,1,1828.395121101589
2005-06-28T15:30:00+02:00,1821.5,1829.75,1821,1829.5,1,2,1828.5003476633424
2005-06-29T15:30:00+02:00,1830.75,1831,1824.5,1825.5,-1,-1,1828.2146002668335
2005-06-30T15:30:00+02:00,1828.75,1830.25,1816.5,1818.5,-1,-2,1827.2894002414207
2005-07-01T15:30:00+02:00,1821.25,1824.75,1819,1822.5,1,1,1826.8332668850949
2005-07-04T15:30:00+02:00,1820.25,1821.25,1820.25,1820.75,1,2,1826.2539081341336
2005-07-05T15:30:00+02:00,1819.25,1833.25,1818.5,1831.25,1,3,1826.7297264070733
2005-07-06T15:30:00+02:00,1830.25,1833,1820.5,1821,-1,-1,1826.1840381778281
2005-07-07T15:30:00+02:00,1809,1825.75,1808.75,1825.75,1,1,1826.1427012085112
2005-07-08T15:30:00+02:00,1825.75,1839.75,1823.25,1839.25,1,2,1827.3910153791292
2005-07-11T15:30:00+02:00,1839.5,1847.25,1839,1845.5,1,3,1829.1156805811167
2005-07-12T15:30:00+02:00,1845,1852.25,1842.5,1848.25,1,4,1830.9379967162486
2005-07-13T15:30:00+02:00,1848.25,1851,1845.25,1850.25,1,5,1832.777235124225
2005-07-14T15:30:00+02:00,1855,1860,1850.25,1854,-1,-1,1834.7984508266798
2005-07-15T15:30:00+02:00,1853.5,1856,1849,1853.25,-1,-2,1836.5557412241387
2005-07-18T15:30:00+02:00,1850.5,1851.75,1846.5,1849.25,-1,-3,1837.7647182504113
2005-07-19T15:30:00+02:00,1852.5,1856.5,1850,1855.75,1,1,1839.4776022265626
2005-07-20T15:30:00+02:00,1851,1862.5,1848,1859.5,1,2,1841.3844972526042
2005-07-21T15:30:00+02:00,1860.5,1861.25,1849.5,1852.5,-1,-1,1842.44311656188
2005-07-22T15:30:00+02:00,1853.5,1860.5,1851,1859.75,1,1,1844.0913911750342
2005-07-25T15:30:00+02:00,1859,1864.25,1853,1856.75,-1,-1,1845.2969729678882
2005-07-26T15:30:00+02:00,1857,1860,1854,1857.5,1,1,1846.4591660185656
2005-07-27T15:30:00+02:00,1859,1863,1854.75,1862,1,2,1847.939245445369
2005-07-28T15:30:00+02:00,1863.75,1870.75,1860.75,1869.5,1,3,1849.9926506410482
2005-07-29T15:30:00+02:00,1868.25,1870.5,1859,1861.75,-1,-1,1851.1123981990436
2005-08-01T15:30:00+02:00,1862.5,1864.5,1858.25,1860.25,-1,-2,1851.9826459896108
2005-08-02T15:30:00+02:00,1862.5,1870,1861.25,1867.75,1,1,1853.484298752505
2005-08-03T15:30:00+02:00,1866,1871,1864.75,1870.5,1,2,1855.104841728457
2005-08-04T15:30:00+02:00,1865.75,1866.5,1859,1860.75,-1,-1,1855.6424758495561
2005-08-05T15:30:00+02:00,1857.75,1858.5,1849.75,1852.5,-1,-2,1855.3431924353126
2005-08-08T15:30:00+02:00,1854.75,1857,1846.75,1849.75,-1,-3,1854.8105074414734
2005-08-09T15:30:00+02:00,1853.25,1858.75,1851.5,1857,1,1,1855.0190305422855
2005-08-10T15:30:00+02:00,1860.75,1867.75,1850.75,1856.25,-1,-1,1855.1362657287345
2005-08-11T15:30:00+02:00,1855.25,1863,1852.5,1861.25,1,1,1855.7185261355216
2005-08-12T15:30:00+02:00,1858,1859.25,1849.75,1853,-1,-1,1855.4596188845196
2005-08-15T15:30:00+02:00,1854.25,1861,1850.25,1860.25,1,1,1855.9158456574226
2005-08-16T15:30:00+02:00,1856.5,1857.25,1842.5,1843.5,-1,-1,1854.7333841662394
2005-08-17T15:30:00+02:00,1843.5,1850.25,1841.75,1844,1,1,1853.711157102788
2005-08-18T15:30:00+02:00,1842,1847.25,1839.75,1843.5,1,2,1852.7386659501417
2005-08-19T15:30:00+02:00,1847.75,1849.75,1843.5,1846.5,-1,-1,1852.1445072882234
2005-08-22T15:30:00+02:00,1847.25,1853.5,1840,1846,-1,-2,1851.5593161179163
2005-08-23T15:30:00+02:00,1846.5,1847.25,1838,1844,-1,-3,1850.8393812495433
2005-08-24T15:30:00+02:00,1840.25,1848.25,1831.5,1831.75,-1,-4,1849.021344940063
2005-08-25T15:30:00+02:00,1834.25,1837.5,1832.75,1836.5,1,1,1847.8288358981522
2005-08-26T15:30:00+02:00,1835,1835.5,1827.25,1828,-1,-1,1845.9403753364234
2005-08-29T15:30:00+02:00,1824.5,1838.25,1824.5,1837,1,1,1845.0889110186688
2005-08-30T15:30:00+02:00,1832.75,1833,1824,1831,-1,-1,1843.7471099692718
2005-08-31T15:30:00+02:00,1831.5,1846.75,1827.25,1845.25,1,1,1843.8902423531506
2005-09-01T15:30:00+02:00,1844.75,1851.25,1839,1844.5,-1,-1,1843.9483145099935
2005-09-02T15:30:00+02:00,1848,1848.5,1840,1842,-1,-2,1843.762760747137
2005-09-05T15:30:00+02:00,1845.75,1846.5,1845.25,1846.5,1,1,1844.0234501997907
2005-09-06T15:30:00+02:00,1846.25,1857.5,1846,1856.75,1,2,1845.2355025617153
2005-09-07T15:30:00+02:00,1855.75,1860.5,1853.75,1858,1,3,1846.4511689844092
2005-09-08T15:30:00+02:00,1855.5,1858.75,1852,1854.25,-1,-1,1847.1939147954179
2005-09-09T15:30:00+02:00,1857.5,1866.25,1856.75,1864.75,1,1,1848.86592291014
2005-09-12T15:30:00+02:00,1863.25,1865.25,1861.5,1862.5,-1,-1,1850.1644064425075
2005-09-13T15:30:00+02:00,1860.25,1863,1853.75,1855.25,-1,-2,1850.648748686078
2005-09-14T15:30:00+02:00,1856.25,1857.75,1848.25,1850.75,-1,-3,1850.6583916683564
2005-09-15T15:30:00+02:00,1853,1854.75,1847,1850,-1,-4,1850.5956876999414
2005-09-16T15:30:00+02:00,1856.25,1861,1852,1858.5,1,1,1851.3484793475661
2005-09-19T15:30:00+02:00,1858,1858.75,1849.5,1854.25,-1,-1,1851.6248146477978
2005-09-20T15:30:00+02:00,1855,1859.25,1841.75,1843.75,-1,-2,1850.8748323003886
2005-09-21T15:30:00+02:00,1840.75,1841.25,1830.5,1832.25,-1,-3,1849.1010387479705
2005-09-22T15:30:00+02:00,1832,1839,1827,1836,1,1,1847.8533207719734
2005-09-23T15:30:00+02:00,1834.75,1841,1831.25,1837,1,2,1846.8196711746425
2005-09-26T15:30:00+02:00,1842.25,1844.75,1833,1838,-1,-1,1845.9797024913432
2005-09-27T15:30:00+02:00,1837.25,1842.25,1832.25,1838,1,1,1845.219730825501
2005-09-28T15:30:00+02:00,1840.75,1843.25,1833.75,1839,-1,-1,1844.6273755087866
2005-09-29T15:30:00+02:00,1837.5,1850.75,1832.5,1848,1,1,1844.9485778412832
2005-09-30T15:30:00+02:00,1847.75,1852.25,1846.25,1851.75,1,2,1845.5963323325896
2005-10-03T15:30:00+02:00,1851.25,1855.25,1846,1848,-1,-1,1845.8252530628192
2005-10-04T15:30:00+02:00,1849.75,1851.75,1832.75,1832.75,-1,-2,1844.5799908663603
2005-10-05T15:30:00+02:00,1834.25,1834.25,1816.25,1816.75,-1,-3,1841.9295155457546
2005-10-06T15:30:00+02:00,1818.25,1823.25,1802,1812.75,-1,-4,1839.1505140652066
2005-10-07T15:30:00+02:00,1817.5,1821,1811.75,1816.5,-1,-5,1836.9933222494726
2005-10-10T15:30:00+02:00,1817.5,1817.5,1805.75,1806.5,-1,-6,1834.0891963209515
2005-10-11T15:30:00+02:00,1810,1814.25,1803.25,1804.5,-1,-7,1831.271177623718
2005-10-12T15:30:00+02:00,1803.75,1811.25,1793.5,1795,-1,-8,1827.8167797547924
2005-10-13T15:30:00+02:00,1794.25,1800.25,1788,1794.25,0,0,1824.6199435876692
2005-10-14T15:30:00+02:00,1800.5,1807.75,1795,1805.75,1,1,1822.8228061031293
2005-10-17T15:30:00+02:00,1807,1812,1804,1810.75,1,2,1821.6730150456885
2005-10-18T15:30:00+02:00,1808.5,1809,1797,1797.5,-1,-1,1819.3708231365754
2005-10-19T15:30:00+02:00,1794.25,1817.25,1790,1816.75,1,1,1819.121220933092
2005-10-20T15:30:00+02:00,1814,1816.75,1791.5,1795.75,-1,-1,1816.8953903680356
2005-10-21T15:30:00+02:00,1801.5,1806.25,1793.75,1800,-1,-2,1815.2863055710798
2005-10-24T15:30:00+02:00,1803,1819.5,1802.5,1818.75,1,1,1815.616181230977
2005-10-25T15:30:00+02:00,1815.5,1821,1808,1815.25,-1,-1,1815.5813068280268
2005-10-26T15:30:00+02:00,1813.25,1823.5,1810,1812,-1,-2,1815.2402299872624
2005-10-27T15:30:00+02:00,1810,1811.75,1797,1798.75,-1,-3,1813.6697318932374
2005-10-28T15:30:00+02:00,1802.25,1817.5,1799.25,1816,1,1,1813.8916621891196
2005-10-31T15:30:00+01:00,1820.75,1830.75,1819.25,1819.5,-1,-1,1814.4257895996798
2005-11-01T15:30:00+01:00,1823.75,1826.75,1820,1822.5,-1,-2,1815.194762018758
2005-11-02T15:30:00+01:00,1819.25,1834.75,1818.75,1834.5,1,1,1817.0333561122095
2005-11-03T15:30:00+01:00,1838.75,1844,1834.75,1840,1,2,1819.2206555300943
2005-11-04T15:30:00+01:00,1841.25,1841.75,1832.75,1838,-1,-1,1821.0091645272282
2005-11-07T15:30:00+01:00,1841.25,1843.25,1835.5,1839.25,-1,-2,1822.7463869532064
2005-11-08T15:30:00+01:00,1836.5,1840.75,1834.75,1838.75,1,1,1824.2705405767106
2005-11-09T15:30:00+01:00,1837.25,1845.75,1835,1840,1,2,1825.7685843313095
2005-11-10T15:30:00+01:00,1839.75,1851.75,1833.5,1850,1,3,1828.0763382045182
2005-11-11T15:30:00+01:00,1850,1855,1849.25,1854,1,4,1830.5452583755164
2005-11-14T15:30:00+01:00,1854,1856.5,1850.25,1853.5,-1,-1,1832.7314242445148
2005-11-15T15:30:00+01:00,1852,1857.25,1844.75,1848.75,-1,-2,1834.2570028878943
2005-11-16T15:30:00+01:00,1849.75,1851.5,1845.5,1851,1,1,1835.8515740414282
2005-11-17T15:30:00+01:00,1853.5,1862.5,1851.5,1861.5,1,2,1838.294281275578
2005-11-18T15:30:00+01:00,1866,1868.5,1858.75,1866.75,1,3,1841.0043497255228
2005-11-21T15:30:00+01:00,1867,1874.5,1865,1873,1,4,1844.0515545135684
2005-11-22T15:30:00+01:00,1870.75,1880.25,1869.25,1878.25,1,5,1847.3085493218
2005-11-23T15:30:00+01:00,1877.25,1889.25,1877.25,1885,1,6,1850.8982112911524
2005-11-24T15:30:00+01:00,1882,1883.75,1882,1883.75,1,7,1854.0269530729474
2005-11-25T15:30:00+01:00,1884.5,1887,1883,1886.25,1,8,1857.0958146850476
2005-11-28T15:30:00+01:00,1887,1887.25,1875,1877,-1,-1,1858.9914513817098
2005-11-29T15:30:00+01:00,1880.75,1884.25,1875,1875.25,-1,-2,1860.5398845834518
2005-11-30T15:30:00+01:00,1875.25,1879.25,1866.75,1868.5,-1,-3,1861.2979908135992
2005-12-01T15:30:00+01:00,1874.25,1884.25,1873.75,1881.25,1,1,1863.198182164685
2005-12-02T15:30:00+01:00,1881.5,1884.5,1878.75,1882.5,1,2,1865.036450529953
2005-12-05T15:30:00+01:00,1880,1881,1875.25,1879.5,-1,-1,1866.4139314318622
2005-12-06T15:30:00+01:00,1883.75,1890.75,1879.75,1882,-1,-2,1867.898318914542
2005-12-07T15:30:00+01:00,1881,1881.75,1869.75,1873.75,-1,-3,1868.4556218750618
2005-12-08T15:30:00+01:00,1875,1881,1867.5,1873.25,-1,-4,1868.9122293155322
2005-12-09T15:30:00+01:00,1874.5,1880.75,1871,1875.5,1,1,1869.5396360473862
2005-12-12T15:30:00+01:00,1880,1881.25,1872,1877.75,-1,-1,1870.3215754714447
2005-12-13T15:30:00+01:00,1876.5,1889.5,1875.25,1885.5,1,1,1871.7671397122594
2005-12-14T15:30:00+01:00,1883.5,1893,1883.5,1890.25,1,2,1873.5274121206157
2005-12-15T15:30:00+01:00,1890.25,1891.75,1883.5,1885.5,-1,-1,1874.667658585319
2005-12-16T15:30:00+01:00,1890.75,1891.75,1881.75,1882.25,-1,-2,1875.3897863390982
2005-12-19T15:30:00+01:00,1885.75,1886.75,1874.75,1875.5,-1,-3,1875.4002828782318
2005-12-20T15:30:00+01:00,1876.25,1880,1872.75,1876.25,0,0,1875.4812083184001
2005-12-21T15:30:00+01:00,1879,1885,1875,1877.75,-1,-1,1875.6972837166477
2005-12-22T15:30:00+01:00,1880,1884,1878,1884,1,1,1876.4880186007765
2005-12-23T15:30:00+01:00,1885,1885.75,1881,1884.75,-1,-1,1877.2748739721312
2005-12-27T15:30:00+01:00,1886,1887.5,1870.5,1871.75,-1,-2,1876.748695498595
2005-12-28T15:30:00+01:00,1873.75,1876.25,1871.25,1873.5,-1,-3,1876.4392959273002
2005-12-29T15:30:00+01:00,1873.25,1875.75,1866.5,1868,-1,-4,1875.6355534580337
2005-12-30T15:30:00+01:00,1863.75,1866.5,1859.25,1860.75,-1,-5,1874.2178817001256
2006-01-03T15:30:00+01:00,1866.75,1885.5,1859.5,1882.75,1,1,1875.0304643953518
2006-01-04T15:30:00+01:00,1883.5,1890.25,1882.25,1888.5,1,2,1876.3132773100801
2006-01-05T15:30:00+01:00,1887,1891.25,1883.75,1889.25,1,3,1877.5453461376915
2006-01-06T15:30:00+01:00,1895.75,1901,1889.25,1900,1,4,1879.6838846007686
2006-01-09T15:30:00+01:00,1899.25,1905.5,1898.75,1903,1,5,1881.904467019743
2006-01-10T15:30:00+01:00,1899,1904.75,1897.5,1904.25,1,6,1884.0326130178626
2006-01-11T15:30:00+01:00,1904.75,1909,1901.5,1907.5,1,7,1886.2676022542566
2006-01-12T15:30:00+01:00,1905.25,1907,1898.5,1901.75,-1,-1,1887.7421163252798
2006-01-13T15:30:00+01:00,1899.25,1902.75,1895.75,1900.25,1,1,1888.9333433419197
2006-01-16T15:30:00+01:00,1901.5,1903.25,1901.5,1902.75,1,2,1890.249215404594
2006-01-17T15:30:00+01:00,1896,1898,1891.5,1897,1,3,1890.8921472708232
2006-01-18T15:30:00+01:00,1889.25,1895.75,1884.75,1891.5,1,4,1890.9500380069353
2006-01-19T15:30:00+01:00,1893.75,1901,1891.25,1896,1,5,1891.4309867681795
2006-01-20T15:30:00+01:00,1895.75,1896.5,1872.25,1872.5,-1,-1,1889.6280356474006
2006-01-23T15:30:00+01:00,1875,1880.75,1874,1877.25,1,1,1888.449175109553
2006-01-24T15:30:00+01:00,1878.75,1884.25,1876.5,1878.25,-1,-1,1887.4778250991194
2006-01-25T15:30:00+01:00,1882.25,1884,1870.25,1879,-1,-2,1886.6704131849176
2006-01-26T15:30:00+01:00,1885,1888.75,1879.5,1885.5,1,1,1886.5589452625445
2006-01-27T15:30:00+01:00,1888.25,1898.5,1886.5,1897,1,2,1887.5533314280165
2006-01-30T15:30:00+01:00,1896.25,1899.75,1895.25,1896.25,0,0,1888.381585577729
2006-01-31T15:30:00+01:00,1894.75,1897,1886.5,1887,-1,-1,1888.2500059988977
2006-02-01T15:30:00+01:00,1889.25,1895.5,1888.25,1895,1,1,1888.8928625704311
2006-02-02T15:30:00+01:00,1892,1892.25,1878.5,1879.75,-1,-1,1888.0221137541996
2006-02-03T15:30:00+01:00,1876.5,1882,1871.5,1873.5,-1,-2,1886.6390553014187
2006-02-06T15:30:00+01:00,1875,1878.25,1872,1876.5,1,1,1885.6734309869978
2006-02-07T15:30:00+01:00,1873.75,1876.75,1864,1865.5,-1,-1,1883.7521518453789
2006-02-08T15:30:00+01:00,1868.75,1877.75,1865.75,1876,1,1,1883.0138516696286
2006-02-09T15:30:00+01:00,1878.75,1885.75,1873.25,1873.75,-1,-1,1882.1315800820448
2006-02-10T15:30:00+01:00,1873.75,1881,1865,1876,1,1,1881.547620074231
2006-02-13T15:30:00+01:00,1875,1877.25,1868.5,1874,-1,-1,1880.8287991147804
2006-02-14T15:30:00+01:00,1873.5,1889.5,1871,1886.25,1,1,1881.3451039609918
2006-02-15T15:30:00+01:00,1885,1891.75,1880.75,1890.5,1,2,1882.2169988218498
2006-02-16T15:30:00+01:00,1891.5,1900.75,1890.25,1900,1,3,1883.9106179816736
2006-02-17T15:30:00+01:00,1899,1900,1894,1896.75,-1,-1,1885.1334162691332
2006-02-20T15:30:00+01:00,1896,1897,1895.75,1896.75,1,1,1886.2397575768348
2006-02-21T15:30:00+01:00,1899.5,1902.25,1891,1893.5,-1,-1,1886.9312092361838
2006-02-22T15:30:00+01:00,1895.5,1904.25,1894.25,1899.75,1,1,1888.1520464517853
2006-02-23T15:30:00+01:00,1900,1904,1894.5,1898.25,-1,-1,1889.11375631352
2006-02-24T15:30:00+01:00,1898.75,1902.25,1895,1901.25,1,1,1890.2695890455657
2006-02-27T15:30:00+01:00,1901.25,1907.75,1900,1902,1,2,1891.386771041226
2006-02-28T15:30:00+01:00,1898.75,1900,1888,1889.75,-1,-1,1891.2308880849187
2006-03-01T15:30:00+01:00,1892.5,1901.5,1891.5,1900,1,1,1892.0660416006408
2006-03-02T15:30:00+01:00,1895.25,1900.5,1892.25,1899.5,1,2,1892.774037638675
2006-03-03T15:30:00+01:00,1892.75,1907,1892.5,1894,1,3,1892.8907959588012
2006-03-06T15:30:00+01:00,1897.25,1897.75,1884.25,1887.25,-1,-1,1892.3535772960581
2006-03-07T15:30:00+01:00,1885,1886.5,1879.75,1885.5,1,1,1891.7008556488145
2006-03-08T15:30:00+01:00,1882.5,1889.75,1876.75,1888,1,2,1891.3483932060703
2006-03-09T15:30:00+01:00,1888.5,1891.75,1879.5,1879.5,-1,-1,1890.2199748054923
2006-03-10T15:30:00+01:00,1882.25,1893.25,1879.5,1890.75,1,1,1890.2704533954454
2006-03-13T15:30:00+01:00,1893.25,1896.5,1890.25,1893.5,1,2,1890.578029262546
2006-03-14T15:30:00+01:00,1892,1907.5,1890.75,1906.5,1,3,1892.0944074280178
2006-03-15T15:30:00+01:00,1906,1913.25,1903,1911.75,1,4,1893.9663686253493
2006-03-16T15:30:00+01:00,1914,1919.25,1912.75,1914.25,1,5,1895.8981430419826
2006-03-17T15:30:00+01:00,1916.25,1918.5,1913.25,1915.25,-1,-1,1897.7411770379842
2006-03-20T15:30:00+01:00,1915.75,1918.5,1911.25,1913.25,-1,-2,1899.2182077962714
2006-03-21T15:30:00+01:00,1912.5,1919.25,1903.25,1905.25,-1,-3,1899.7926641966264
2006-03-22T15:30:00+01:00,1903.5,1913.75,1903,1912.75,1,1,1901.0266961779
2006-03-23T15:30:00+01:00,1911,1912,1904.75,1909.75,-1,-1,1901.8574870181
2006-03-24T15:30:00+01:00,1908,1914,1905.25,1910.5,1,1,1902.6805834925667
2006-03-27T16:30:00+02:00,1908.5,1910.75,1905.5,1908.5,0,0,1903.2348136361318
2006-03-28T16:30:00+02:00,1907.25,1913.25,1898,1900,-1,-1,1902.9267361469763
2006-03-29T16:30:00+02:00,1901.25,1912.75,1900,1907.5,1,1,1903.3622850853594
2006-03-30T16:30:00+02:00,1908.5,1917,1902.5,1905.5,-1,-1,1903.5658769819918
2006-03-31T16:30:00+02:00,1907,1909.5,1900.5,1905.5,-1,-2,1903.750079174183
2006-04-03T15:30:00+02:00,1907.5,1915.75,1902,1903.75,-1,-3,1903.7500716337845
2006-04-04T15:30:00+02:00,1903.75,1914,1900,1912.5,1,1,1904.5833981448527
2006-04-05T15:30:00+02:00,1912.25,1919,1910,1916.75,1,2,1905.7421221310572
2006-04-06T15:30:00+02:00,1914.5,1918.25,1907.75,1915.25,1,3,1906.6476343090517
2006-04-07T15:30:00+02:00,1916.5,1920,1899,1901.5,-1,-1,1906.1573834224753
2006-04-10T15:30:00+02:00,1902.75,1906.5,1898,1903.5,1,1,1905.9042992870015
2006-04-11T15:30:00+02:00,1903.5,1905.5,1887,1891.5,-1,-1,1904.532461259668
2006-04-12T15:30:00+02:00,1892.25,1896,1890.75,1893.25,1,1,1903.4579411396996
2006-04-13T15:30:00+02:00,1890.25,1897,1887.25,1892,1,2,1902.3667086502044
2006-04-17T15:30:00+02:00,1892.5,1897,1884.25,1890.75,-1,-1,1901.260355445423
2006-04-18T15:30:00+02:00,1893.5,1913.75,1893.25,1910.75,1,1,1902.1641311172875
2006-04-19T15:30:00+02:00,1910.75,1914.5,1906,1913.5,1,2,1903.2437376775458
2006-04-20T15:30:00+02:00,1913.5,1922.5,1909.5,1914.5,1,3,1904.3157626606367
2006-04-21T15:30:00+02:00,1921,1921.75,1909.75,1914.5,-1,-1,1905.2856900262902
2006-04-24T15:30:00+02:00,1912.75,1914,1906.75,1912.25,-1,-2,1905.948957642834
2006-04-25T15:30:00+02:00,1913.25,1914.25,1902,1907,-1,-3,1906.0490569149451
2006-04-26T15:30:00+02:00,1907.5,1914.25,1905.5,1906.75,-1,-4,1906.115813399236
2006-04-27T15:30:00+02:00,1901.5,1918.75,1898,1912.5,1,1,1906.7238311707374
2006-04-28T15:30:00+02:00,1910.5,1919.75,1909.25,1916.75,1,2,1907.678704392572
2006-05-01T15:30:00+02:00,1916.5,1920.25,1904.75,1906.25,-1,-1,1907.5426373075652
2006-05-02T15:30:00+02:00,1912,1916.75,1909.25,1916.25,1,1,1908.37190994494
2006-05-03T15:30:00+02:00,1913.75,1914.75,1905.75,1910,-1,-1,1908.5269661406599
2006-05-04T15:30:00+02:00,1911.75,1917.75,1911,1915,1,1,1909.1434455558351
2006-05-05T15:30:00+02:00,1921.5,1929,1919.5,1926.25,1,2,1910.7726412171842
2006-05-08T15:30:00+02:00,1926,1928.75,1924.5,1924.75,-1,-1,1912.103818244119
2006-05-09T15:30:00+02:00,1925.25,1928.75,1924,1927,1,1,1913.5225022208697
2006-05-10T15:30:00+02:00,1924.5,1927.75,1918.5,1925.5,1,2,1914.6632162950725
2006-05-11T15:30:00+02:00,1925.25,1925.5,1905,1909.25,-1,-1,1914.147671886018
2006-05-12T15:30:00+02:00,1904.25,1907,1891.25,1892.5,-1,-2,1912.0859888492544
2006-05-15T15:30:00+02:00,1887.75,1896.75,1885.75,1894.75,1,1,1910.4349422921825
2006-05-16T15:30:00+02:00,1897,1899.25,1889.5,1892.5,-1,-1,1908.72685255007
2006-05-17T15:30:00+02:00,1885.25,1889.75,1866,1867.5,-1,-2,1904.8004856405394
2006-05-18T15:30:00+02:00,1872.25,1875.75,1859.25,1860.75,-1,-3,1900.6052012938214
2006-05-19T15:30:00+02:00,1867.25,1873.25,1856,1869,1,1,1897.5951821229812
2006-05-22T15:30:00+02:00,1860.75,1869.75,1853,1859.75,-1,-1,1893.9908790636496
2006-05-23T15:30:00+02:00,1869.5,1874.25,1849.75,1849.75,-1,-2,1889.7774620099688
2006-05-24T15:30:00+02:00,1854.25,1864.75,1844.5,1858.75,1,1,1886.822465628067
2006-05-25T15:30:00+02:00,1866.25,1874.25,1861,1874.25,1,2,1885.6250879492034
2006-05-26T15:30:00+02:00,1876.75,1881,1872,1880.5,1,3,1885.1369843349935
2006-05-29T15:30:00+02:00,1879.75,1879.75,1877.5,1877.75,-1,-1,1884.433462017375
2006-05-30T15:30:00+02:00,1876,1876.5,1857,1857.75,-1,-2,1881.892179920482
2006-05-31T15:30:00+02:00,1862.25,1871,1859,1870.75,1,1,1880.8310199280552
2006-06-01T15:30:00+02:00,1869.75,1885.5,1868.5,1883.5,1,2,1881.0852085063357
2006-06-02T15:30:00+02:00,1888,1890,1879,1886,-1,-1,1881.5532838866848
2006-06-05T15:30:00+02:00,1883.75,1884.5,1863.5,1867.25,-1,-2,1880.1910663736671
2006-06-06T15:30:00+02:00,1867.75,1869.5,1853,1863.25,-1,-3,1878.5776314809368
2006-06-07T15:30:00+02:00,1864.25,1871.5,1852.5,1853.75,-1,-4,1876.2130951494191
2006-06-08T15:30:00+02:00,1850.5,1859,1833,1853,1,1,1874.0023241828078
2006-06-09T15:30:00+02:00,1858.25,1861.5,1847.75,1848.75,-1,-1,1871.5973409273022
2006-06-12T15:30:00+02:00,1853.25,1853.75,1832.75,1834.5,-1,-2,1868.0642608389876
2006-06-13T15:30:00+02:00,1832,1842.5,1819.25,1819.5,-1,-3,1863.4390931400364
2006-06-14T15:30:00+02:00,1821.75,1830,1816.75,1828.75,1,1,1860.1353699838426
2006-06-15T15:30:00+02:00,1832.5,1858,1831.75,1854.75,1,2,1859.622477604429
2006-06-16T15:30:00+02:00,1851,1854.75,1844,1846.75,-1,-1,1858.396527356388
2006-06-19T15:30:00+02:00,1853.25,1854.25,1834.5,1835.75,-1,-2,1856.2397152272083
2006-06-20T15:30:00+02:00,1839,1847.25,1836.25,1840,1,1,1854.6930756817599
2006-06-21T15:30:00+02:00,1838.25,1855.75,1837.75,1849.25,1,2,1854.1746875215922
2006-06-22T15:30:00+02:00,1847.5,1848.5,1838.25,1843.25,-1,-1,1853.1342410909645
2006-06-23T15:30:00+02:00,1841.25,1851.25,1838.25,1842.5,1,1,1852.1214562251582
2006-06-26T15:30:00+02:00,1843.25,1848.5,1840.5,1847.5,1,2,1851.681317537048
2006-06-27T15:30:00+02:00,1847.75,1850.5,1835.25,1836.75,-1,-1,1850.2592872954244
2006-06-28T15:30:00+02:00,1839,1845.25,1833.75,1845.25,1,1,1849.7822123149078
2006-06-29T15:30:00+02:00,1848.75,1871,1848.5,1869.25,1,2,1851.6362873325356
2006-06-30T15:30:00+02:00,1871.5,1873.5,1866.5,1869.5,-1,-1,1853.3375933008656
2006-07-03T15:30:00+02:00,1871.25,1877,1870,1875.5,1,1,1855.4482987007832
2006-07-04T15:30:00+02:00,1873.75,1875.5,1873.75,1875,1,2,1857.3103654911847
2006-07-05T15:30:00+02:00,1869.25,1870.75,1861.25,1867,-1,-1,1858.2331878253576
2006-07-06T15:30:00+02:00,1867.75,1874.75,1866.75,1870.25,1,1,1859.3776461277046
2006-07-07T15:30:00+02:00,1868,1871.5,1858.25,1862.25,-1,-1,1859.6512036393517
2006-07-10T15:30:00+02:00,1864.75,1870,1859.75,1864.25,-1,-2,1860.0891842451276
2006-07-11T15:30:00+02:00,1861.25,1869.75,1854.75,1869.5,1,1,1860.9854524122584
2006-07-12T15:30:00+02:00,1867,1868.75,1851.75,1855.5,-1,-1,1860.4630283729957
2006-07-13T15:30:00+02:00,1849.75,1851.25,1834,1834.5,-1,-2,1857.990359004139
2006-07-14T15:30:00+02:00,1836,1837,1822.25,1829.5,-1,-3,1855.2769914799353
2006-07-17T15:30:00+02:00,1828.5,1834.75,1825.25,1827.25,-1,-4,1852.607754196132
2006-07-18T15:30:00+02:00,1831,1834,1818.25,1833,1,1,1850.7403490345955
2006-07-19T15:30:00+02:00,1834.75,1856.25,1834.5,1849.5,1,2,1850.6222205551103
2006-07-20T15:30:00+02:00,1854.5,1856.25,1839.75,1841,-1,-1,1849.7058185974806
2006-07-21T15:30:00+02:00,1844.75,1845,1830.75,1831.5,-1,-2,1847.9719311120064
2006-07-24T15:30:00+02:00,1837,1856.25,1836.75,1854.5,1,1,1848.593651958482
2006-07-25T15:30:00+02:00,1852.75,1866,1849.75,1858.75,1,2,1849.5609232005313
2006-07-26T15:30:00+02:00,1858,1867,1854,1860.5,1,3,1850.602740038576
2006-07-27T15:30:00+02:00,1865.5,1869,1854,1859.25,-1,-1,1851.4262886063307
2006-07-28T15:30:00+02:00,1861.5,1873.25,1860.25,1871.75,1,1,1853.3618801676325
2006-07-31T15:30:00+02:00,1868.75,1871.5,1866.25,1870,1,2,1854.9464630088105
2006-08-01T15:30:00+02:00,1864.5,1865.25,1857.5,1864,-1,-1,1855.808704627019
2006-08-02T15:30:00+02:00,1866.75,1875.5,1866.25,1871.25,1,1,1857.2793041863506
2006-08-03T15:30:00+02:00,1864,1876.25,1862,1874.75,1,2,1858.9431799781266
2006-08-04T15:30:00+02:00,1880.75,1884.75,1865.25,1872.75,-1,-1,1860.258115218305
2006-08-07T15:30:00+02:00,1869.5,1871,1864.25,1869.75,1,1,1861.1621042451332
2006-08-08T15:30:00+02:00,1871,1875,1859.25,1864.25,-1,-1,1861.4561895551205
2006-08-09T15:30:00+02:00,1872,1875.5,1855.5,1859,-1,-2,1861.222266740347
2006-08-10T15:30:00+02:00,1854.5,1864.25,1852,1862.75,1,1,1861.3677651460284
2006-08-11T15:30:00+02:00,1860.5,1861,1853,1859.75,-1,-1,1861.213692274978
2006-08-14T15:30:00+02:00,1865.5,1870.5,1858,1860.75,-1,-2,1861.1695311059325
2006-08-15T15:30:00+02:00,1871,1877.75,1867.75,1875,1,1,1862.4867186196532
2006-08-16T15:30:00+02:00,1881.75,1887.5,1879,1886.25,1,2,1864.7498882749244
2006-08-17T15:30:00+02:00,1884,1892,1882.75,1888.25,1,3,1866.987994153503
2006-08-18T15:30:00+02:00,1890.25,1895,1884,1894.5,1,4,1869.6081851865026
2006-08-21T15:30:00+02:00,1889.75,1890.75,1885.75,1889.25,-1,-1,1871.4788342163595
2006-08-22T15:30:00+02:00,1887,1893,1884.5,1889.25,1,1,1873.1713261957539
2006-08-23T15:30:00+02:00,1888.75,1891.5,1878.75,1885,-1,-1,1874.297866558063
2006-08-24T15:30:00+02:00,1887,1888,1880.75,1883.75,-1,-2,1875.1980697430095
2006-08-25T15:30:00+02:00,1883.25,1889,1882,1885,1,1,1876.1315869103419
2006-08-28T15:30:00+02:00,1883,1894.75,1882.75,1891.25,1,2,1877.5714357760237
2006-08-29T15:30:00+02:00,1891,1894.75,1884.25,1892.5,1,3,1878.9932037973547
2006-08-30T15:30:00+02:00,1894.75,1896,1891,1892.5,-1,-1,1880.2795653404637
2006-08-31T15:30:00+02:00,1894,1895.25,1891.25,1892.25,-1,-2,1881.41960673661
2006-09-01T15:30:00+02:00,1896.75,1901.25,1893.75,1899.75,1,1,1883.1653584759804
2006-09-04T15:30:00+02:00,1901.75,1904,1901.5,1903.5,1,2,1885.1019910020775
2006-09-05T15:30:00+02:00,1900.25,1903.75,1897.25,1902,1,3,1886.7113251923558
2006-09-06T15:30:00+02:00,1895.5,1896,1887.5,1889.75,-1,-1,1887.000722793084
2006-09-07T15:30:00+02:00,1885,1889.75,1880.25,1883.75,-1,-2,1886.6911301461234
2006-09-08T15:30:00+02:00,1885,1888.5,1882.25,1886.75,1,1,1886.6967367988736
2006-09-11T15:30:00+02:00,1882.25,1890.75,1878.75,1888,1,2,1886.8208571037428
2006-09-12T15:30:00+02:00,1889.25,1902.5,1889.25,1901,1,3,1888.171251665291
2006-09-13T15:30:00+02:00,1899.75,1908.25,1898.75,1905.5,1,4,1889.821608649549
2006-09-14T15:30:00+02:00,1903,1906,1900.75,1906,1,5,1891.3624078257824
2006-09-15T15:30:00+02:00,1912.25,1913,1905.75,1908.25,-1,-1,1892.9707499376127
2006-09-18T15:30:00+02:00,1906.75,1912.75,1905.25,1910.5,1,1,1894.6402023245068
2006-09-19T15:30:00+02:00,1909.75,1909.75,1899,1907,-1,-1,1895.817325912649
2006-09-20T15:30:00+02:00,1910.25,1916,1908.5,1912.75,1,1,1897.4299615400157
2006-09-21T15:30:00+02:00,1913.75,1915.25,1901.75,1906.5,-1,-1,1898.2937747266808
2006-09-22T15:30:00+02:00,1904.5,1904.5,1897.25,1902,-1,-2,1898.646748562235
2006-09-25T15:30:00+02:00,1904.5,1916.25,1897.75,1912,1,1,1899.918486794403
2006-09-26T15:30:00+02:00,1912,1923.5,1911.25,1923,1,2,1902.116726147317
2006-09-27T15:30:00+02:00,1921.5,1926.5,1919.25,1923.75,1,3,1904.1770379428106
2006-09-28T15:30:00+02:00,1923.75,1926.75,1919.25,1923.75,0,0,1906.0411295673048
2006-09-29T15:30:00+02:00,1924.5,1925.75,1921,1921.75,-1,-1,1907.5372124656567
2006-10-02T15:30:00+02:00,1921.75,1924.5,1915.5,1916.75,-1,-2,1908.4146208022607
2006-10-03T15:30:00+02:00,1915,1924,1912.25,1919.75,1,1,1909.494180725855
2006-10-04T15:30:00+02:00,1917.5,1935.25,1916,1934.5,1,2,1911.8756873233926
2006-10-05T15:30:00+02:00,1934,1939.5,1932.75,1937,1,3,1914.268479006879
2006-10-06T15:30:00+02:00,1934.75,1936.25,1928.75,1935,1,4,1916.2429095776524
2006-10-09T15:30:00+02:00,1933.5,1938,1931.25,1935.5,1,5,1918.0769181893045
2006-10-10T15:30:00+02:00,1936,1939.5,1933.25,1937.25,1,6,1919.9029259807992
2006-10-11T15:30:00+02:00,1932.75,1938.75,1927.25,1935.25,1,7,1921.364552077866
2006-10-12T15:30:00+02:00,1938.75,1948.25,1938,1947.25,1,8,1923.829832832355
2006-10-13T15:30:00+02:00,1945.25,1951,1944.25,1950.25,1,9,1926.3460392292734
2006-10-16T15:30:00+02:00,1949,1954.5,1947.75,1952.25,1,10,1928.8130831121998
2006-10-17T15:30:00+02:00,1948.25,1950.75,1940.25,1947.75,-1,-1,1930.616599006276
2006-10-18T15:30:00+02:00,1953.25,1956.5,1944,1949.25,-1,-2,1932.3912086247258
2006-10-19T15:30:00+02:00,1947,1951.75,1945.25,1951,1,1,1934.16347446999
2006-10-20T15:30:00+02:00,1950.75,1951.75,1946,1951.25,1,2,1935.7907626157053
2006-10-23T15:30:00+02:00,1947.75,1960.75,1946.25,1957.25,1,3,1937.8344995094476
2006-10-24T15:30:00+02:00,1955.25,1961.75,1954.25,1960.75,1,4,1940.0169281275955
2006-10-25T15:30:00+02:00,1959,1966,1957.5,1965.5,1,5,1942.443887353539
2006-10-26T15:30:00+02:00,1968,1971.5,1961.25,1968.75,1,6,1944.9492314151066
2006-10-27T15:30:00+02:00,1967,1968.5,1957.25,1960.75,-1,-1,1946.4540665184297
2006-10-30T15:30:00+01:00,1957.75,1963.25,1955,1959.5,1,1,1947.6965363738175
2006-10-31T15:30:00+01:00,1961.5,1963.5,1953.25,1959,-1,-1,1948.7730567191682
2006-11-01T15:30:00+01:00,1962.5,1963.25,1947,1949,-1,-2,1948.7946703649616
2006-11-02T15:30:00+01:00,1945,1950,1943.5,1947.25,1,1,1948.647558901632
2006-11-03T15:30:00+01:00,1952.25,1953.5,1941.75,1945.25,-1,-1,1948.3239818633813
2006-11-06T15:30:00+01:00,1949.25,1962.75,1948.75,1960.5,1,1,1949.4836026382973
2006-11-07T15:30:00+01:00,1961.25,1969.25,1959.5,1965.5,1,2,1951.0089738156023
2006-11-08T15:30:00+01:00,1958.5,1969.5,1956.5,1967.75,1,3,1952.6033572617355
2006-11-09T15:30:00+01:00,1968.5,1970,1957.5,1960.5,-1,-1,1953.3554184749034
2006-11-10T15:30:00+01:00,1960,1961.75,1955.5,1961.25,1,1,1954.1072833820556
2006-11-13T15:30:00+01:00,1960.25,1968.5,1958.75,1964.25,1,2,1955.0732563932884
2006-11-14T15:30:00+01:00,1967.75,1975.5,1959.25,1973.75,1,3,1956.851993879642
2006-11-15T15:30:00+01:00,1973.25,1982,1972.5,1977.5,1,4,1958.8184706530094
2006-11-16T15:30:00+01:00,1981.5,1984.25,1978.25,1981.25,-1,-1,1960.954806781294
2006-11-17T15:30:00+01:00,1976.25,1981.5,1974.25,1981,1,1,1962.8638728021233
2006-11-20T15:30:00+01:00,1979.5,1984.25,1977.5,1981.5,1,2,1964.638742059064
2006-11-21T15:30:00+01:00,1981,1982.75,1979,1982.25,1,3,1966.3160047201056
2006-11-22T15:30:00+01:00,1983,1987.5,1980.75,1984.75,1,4,1968.0716233181909
2006-11-23T15:30:00+01:00,1982.5,1984.25,1982,1983.5,1,5,1969.5409925259821
2006-11-24T15:30:00+01:00,1977.75,1984.25,1977.5,1979.25,1,6,1970.46565990446
2006-11-27T15:30:00+01:00,1978.25,1979,1959,1959.75,-1,-1,1969.44512086594
2006-11-28T15:30:00+01:00,1957.5,1966.75,1956.25,1965,1,1,1969.0217760215648
2006-11-29T15:30:00+01:00,1969,1979.75,1968.5,1978.5,1,2,1969.924464019511
2006-11-30T15:30:00+01:00,1978.75,1985,1971.75,1979.5,1,3,1970.8364198271768
2006-12-01T15:30:00+01:00,1979.5,1980.75,1963.75,1976.5,-1,-1,1971.3758084150647
2006-12-04T15:30:00+01:00,1976.25,1989.75,1976.25,1987,1,1,1972.863826661249
2006-12-05T15:30:00+01:00,1989.25,1993.75,1986.5,1993.25,1,2,1974.8053669792253
2006-12-06T15:30:00+01:00,1991.75,1994,1988.25,1991,-1,-1,1976.3477129812038
2006-12-07T15:30:00+01:00,1993.25,1996.25,1984,1985,-1,-2,1977.1717403163273
2006-12-08T15:30:00+01:00,1983.75,1991.75,1980.5,1986.5,1,1,1978.0601460004866
2006-12-11T15:30:00+01:00,1986.5,1993.25,1986,1991,1,2,1979.2925130480594
2006-12-12T15:30:00+01:00,1989.25,1991,1981,1988.75,-1,-1,1980.1932260911015
2006-12-13T15:30:00+01:00,1994,1994.5,1987,1990.5,-1,-2,1981.1748236062347
2006-12-14T15:30:00+01:00,1990.25,2004,1989.75,2002.5,1,1,1983.2057927865933
2006-12-15T15:30:00+01:00,2005.75,2008.25,2001.5,2002,-1,-1,1984.9957172831082
2006-12-18T15:30:00+01:00,2004.25,2008,1996.25,1999,-1,-2,1986.3294584942407
2006-12-19T15:30:00+01:00,1994.25,2004.5,1990.5,2000.25,1,1,1987.655224351932
2006-12-20T15:30:00+01:00,2000.75,2004.5,1998,1999.5,-1,-1,1988.7832982231766
2006-12-21T15:30:00+01:00,2000.5,2002,1990.75,1994.25,-1,-2,1989.303936487636
2006-12-22T15:30:00+01:00,1993.75,1994,1983.75,1984.5,-1,-3,1988.8464187269087
2006-12-26T15:30:00+01:00,1985,1993.5,1984.75,1992.75,1,1,1989.218188371965
2006-12-27T15:30:00+01:00,1994.75,2002.75,1994.5,2001.25,1,2,1990.3640751936825
2006-12-28T15:30:00+01:00,2000.25,2002,1996,1998,-1,-1,1991.0913061276176
2006-12-29T15:30:00+01:00,1996.75,2001.5,1989.5,1992.75,-1,-2,1991.2492769726064
2007-01-02T15:30:00+01:00,1992.5,1992.5,1992.5,1992.5,0,0,1991.3683934514058
2007-01-03T15:30:00+01:00,1998,2004,1980.5,1988.75,-1,-1,1991.11902264651
2007-01-04T15:30:00+01:00,1987.25,1995.5,1980.75,1991.75,1,1,1991.1791157277949
2007-01-05T15:30:00+01:00,1988,1988.25,1978.25,1980.5,-1,-1,1990.1620570870525
2007-01-08T15:30:00+01:00,1982.5,1988.5,1977,1986.75,1,1,1989.837099269238
2007-01-09T15:30:00+01:00,1987.25,1989,1978,1984.5,-1,-1,1989.3288041007393
2007-01-10T15:30:00+01:00,1979,1988.75,1976.25,1988.25,1,1,1989.2260608530498
2007-01-11T15:30:00+01:00,1988.75,1999.75,1988,1995,1,2,1989.7759598194261
2007-01-12T15:30:00+01:00,1994.25,2005.5,1994,2005.25,1,3,1991.2496779318617
2007-01-15T15:30:00+01:00,2006,2008.5,2006,2007.5,1,4,1992.7973276526368
2007-01-16T15:30:00+01:00,2003.5,2006,2000.25,2003,-1,-1,1993.769010733338
2007-01-17T15:30:00+01:00,2001,2007,1999.5,2002.5,1,1,1994.6005335206391
2007-01-18T15:30:00+01:00,2004,2004.75,1995,1997,-1,-1,1994.8290541377212
2007-01-19T15:30:00+01:00,1997.5,2003,1996.5,2000.75,1,1,1995.3929537436525
2007-01-22T15:30:00+01:00,2002.25,2002.5,1990.75,1995.5,-1,-1,1995.4031486252093
2007-01-23T15:30:00+01:00,1993.5,2002,1991.75,1999.75,1,1,1995.8171344704274
2007-01-24T15:30:00+01:00,2000.5,2010.5,1999.5,2010.25,1,2,1997.1916930922914
2007-01-25T15:30:00+01:00,2008.75,2009.75,1991.5,1993.5,-1,-1,1996.840103273978
2007-01-26T15:30:00+01:00,1996,1997,1986,1991.75,-1,-2,1996.3553315335992
2007-01-29T15:30:00+01:00,1991.75,1996.5,1987.25,1990.5,-1,-3,1995.7976809113516
2007-01-30T15:30:00+01:00,1993.5,1998.5,1990.5,1998.25,1,1,1996.0312351102705
2007-01-31T15:30:00+01:00,1995.75,2010.75,1993,2007,1,2,1997.0758793854827
2007-02-01T15:30:00+01:00,2010.5,2015.75,2008,2014.75,1,3,1998.7591289678178
2007-02-02T15:30:00+01:00,2016.25,2018,2012.75,2017.25,1,4,2000.520164304216
2007-02-05T15:30:00+01:00,2015.75,2018.25,2012,2017.75,1,5,2002.1611010371478
2007-02-06T15:30:00+01:00,2018.25,2019,2011.5,2017.25,-1,-1,2003.5981390336099
2007-02-07T15:30:00+01:00,2019,2021.75,2014.5,2019.75,1,1,2005.1364115065994
2007-02-08T15:30:00+01:00,2015.75,2019,2010.75,2017.75,1,2,2006.337705648828
2007-02-09T15:30:00+01:00,2018.25,2021,2001,2006.75,-1,-1,2006.376971777511
2007-02-12T15:30:00+01:00,2007,2007.75,1999,2002,-1,-2,2005.9601173225099
2007-02-13T15:30:00+01:00,2004.75,2013.75,2004.5,2013.5,1,1,2006.6782013870327
2007-02-14T15:30:00+01:00,2014.25,2025.5,2014,2022.5,1,2,2008.1850393501725
2007-02-15T15:30:00+01:00,2022.75,2025.75,2020.25,2023.75,1,3,2009.667416554918
2007-02-16T15:30:00+01:00,2020.5,2023.75,2018.5,2023,1,4,2010.9371864068305
2007-02-19T15:30:00+01:00,2023.5,2024,2022.5,2023.5,0,0,2012.1336448442753
2007-02-20T15:30:00+01:00,2021.25,2028,2016.25,2025.75,1,1,2013.430440573392
2007-02-21T15:30:00+01:00,2021,2025.75,2018.25,2024.5,1,2,2014.484684328307
2007-02-22T15:30:00+01:00,2025.25,2028.75,2016.75,2023.25,-1,-1,2015.3194762970395
2007-02-23T15:30:00+01:00,2022,2022.5,2014.5,2017.25,-1,-2,2015.5033356973215
2007-02-26T15:30:00+01:00,2022.5,2023.75,2011.75,2017,-1,-3,2015.6458751547195
2007-02-27T15:30:00+01:00,2002.75,2003.5,1953,1959.75,-1,-4,2010.3224584733177
2007-02-28T15:30:00+01:00,1967.25,1982.75,1962,1972.75,1,1,2006.7441290949066
2007-03-01T15:30:00+01:00,1956.5,1975.75,1944.75,1968.5,1,2,2003.1018310858678
2007-03-02T15:30:00+01:00,1963.25,1969.25,1949,1949.75,-1,-1,1998.0207043157852
2007-03-05T15:30:00+01:00,1942,1957.75,1935.25,1936.5,-1,-2,1992.1615896190438
2007-03-06T15:30:00+01:00,1950,1963.5,1946.75,1959.25,1,1,1989.027152512468
2007-03-07T15:30:00+01:00,1959,1966.5,1955.5,1957,-1,-1,1985.9769475112807
2007-03-08T15:30:00+01:00,1966.75,1973.25,1962.5,1969,1,1,1984.3600953673492
2007-03-09T15:30:00+01:00,1974.5,1975.25,1961.75,1969.25,-1,-1,1982.9210386656969
2007-03-12T14:30:00+01:00,1965,1974.5,1962.75,1971.25,1,1,1981.8095111737257
2007-03-13T14:30:00+01:00,1963,1968.5,1940.5,1943.75,-1,-1,1978.184795823847
2007-03-14T14:30:00+01:00,1944,1953.5,1926.75,1953,1,1,1975.7862438406235
2007-03-15T14:30:00+01:00,1950,1960,1948.75,1954.75,1,2,1973.7827920462785
2007-03-16T14:30:00+01:00,1958,1961.25,1946.75,1950.5,-1,-1,1971.5653832799662
2007-03-19T14:30:00+01:00,1957.75,1967.5,1956.25,1967.25,1,1,1971.15439439616
2007-03-20T14:30:00+01:00,1965.5,1975.5,1964.25,1974.75,1,2,1971.496833025097
2007-03-21T14:30:00+01:00,1975,2001.25,1972.5,1996.75,1,3,1973.9018965465164
2007-03-22T14:30:00+01:00,1999,2001,1992.5,1996.75,-1,-1,1976.077906399229
2007-03-23T14:30:00+01:00,1997.25,2002.5,1996,1998.5,1,1,1978.2133438850167
2007-03-26T15:30:00+02:00,1999.25,2000.75,1985.25,1996.75,-1,-1,1979.9787397054913
2007-03-27T15:30:00+02:00,1995.25,1995.75,1987.5,1992.5,-1,-2,1981.1712406859208
2007-03-28T15:30:00+02:00,1985.75,1988,1975.75,1981.25,-1,-3,1981.178741572976
2007-03-29T15:30:00+02:00,1988.5,1988.75,1974.75,1983.25,-1,-4,1981.3760042803115
2007-03-30T15:30:00+02:00,1984.5,1991.25,1969.5,1983.5,-1,-5,1981.5782895869484
2007-04-02T15:30:00+02:00,1984.25,1987.5,1977.25,1984.75,1,1,1981.8803572453342
2007-04-03T15:30:00+02:00,1991.5,2002,1991,1998.5,1,2,1983.463180364826
2007-04-04T15:30:00+02:00,1998.75,2001.5,1995.75,2000.25,1,3,1985.0619250919854
2007-04-05T15:30:00+02:00,1998.25,2006.25,1997.75,2004,1,4,1986.865551273701
2007-04-06T15:30:00+02:00,2004.25,2004.25,2004.25,2004.25,0,0,1988.521213057158
2007-04-09T15:30:00+02:00,2007.25,2009.5,2004,2006.25,-1,-1,1990.2096689564764
2007-04-10T15:30:00+02:00,2004.5,2009.75,2004,2007.25,1,1,1991.8325576272882
2007-04-11T15:30:00+02:00,2009,2009.5,1996,2000.5,-1,-1,1992.6580283294513
2007-04-12T15:30:00+02:00,1997.75,2008.5,1993.75,2006.75,1,1,1994.0001208695037
2007-04-13T15:30:00+02:00,2009.25,2013.25,2003.75,2013,1,2,1995.809633167646
2007-04-16T15:30:00+02:00,2018.5,2028.75,2018.5,2026.75,1,3,1998.7563347707273
2007-04-17T15:30:00+02:00,2029.5,2034.25,2026.5,2030.75,1,4,2001.8033505068486
2007-04-18T15:30:00+02:00,2025.25,2036,2025,2031.5,1,5,2004.6316028395297
2007-04-19T15:30:00+02:00,2024.5,2033.25,2022.75,2032,1,6,2007.2381168548127
2007-04-20T15:30:00+02:00,2041.25,2045,2036,2045,1,7,2010.8344866781638
2007-04-23T15:30:00+02:00,2042.5,2046.25,2038.5,2039.75,-1,-1,2013.5883450897672
2007-04-24T15:30:00+02:00,2041,2042.75,2031.75,2040.25,-1,-2,2016.1275503193133
2007-04-25T15:30:00+02:00,2045.25,2055,2039.5,2052.75,1,1,2019.6154026698548
2007-04-26T15:30:00+02:00,2052.75,2056,2048.75,2054.5,1,2,2022.9377452727258
2007-04-27T15:30:00+02:00,2048.25,2055.25,2046,2053.75,1,3,2025.8722457229424
2007-04-30T15:30:00+02:00,2053.75,2055,2039.5,2040.75,-1,-1,2027.2891747017097
2007-05-01T15:30:00+02:00,2042.5,2044.5,2033.75,2044,1,1,2028.8806818729754
2007-05-02T15:30:00+02:00,2045.75,2056.25,2044.25,2052.5,1,2,2031.1301407422159
2007-05-03T15:30:00+02:00,2056,2060.75,2053.75,2059.75,1,3,2033.8558416239096
2007-05-04T15:30:00+02:00,2063.75,2067.5,2058.5,2065.75,1,4,2036.8933805168706
2007-05-07T15:30:00+02:00,2065,2068.25,2064.25,2065.75,1,5,2039.6416299914542
2007-05-08T15:30:00+02:00,2061.75,2065.25,2057.25,2063.75,1,6,2041.9376652303633
2007-05-09T15:30:00+02:00,2061.75,2070.5,2059.25,2067.25,1,7,2044.3483637798524
2007-05-10T15:30:00+02:00,2062.5,2065.25,2047.5,2050.75,-1,-1,2044.9580434198665
2007-05-11T15:30:00+02:00,2052.25,2064.25,2052,2064,1,1,2046.771563094165
2007-05-14T15:30:00+02:00,2063,2067.75,2054.25,2060,-1,-1,2048.031414228054
2007-05-15T15:30:00+02:00,2061.5,2071.25,2056.25,2060,-1,-2,2049.171279539668
2007-05-16T15:30:00+02:00,2061.75,2070,2057.5,2069.75,1,1,2051.131157678747
2007-05-17T15:30:00+02:00,2067.5,2073.25,2064.5,2066.75,-1,-1,2052.6186664712473
2007-05-18T15:30:00+02:00,2072.75,2079.75,2071.5,2079.75,1,1,2055.202602997795
2007-05-21T15:30:00+02:00,2079,2085.5,2078,2079.25,1,2,2057.492831283719
2007-05-22T15:30:00+02:00,2080,2084.75,2076.5,2076.5,-1,-1,2059.303037828127
2007-05-23T15:30:00+02:00,2081.75,2087.25,2075.5,2077,-1,-2,2060.988462796877
2007-05-24T15:30:00+02:00,2077,2084,2059.25,2063,-1,-3,2061.1800377686027
2007-05-25T15:30:00+02:00,2066.5,2072,2063.5,2068.75,1,1,2061.9009865525454
2007-05-28T15:30:00+02:00,2068.25,2070,2068.25,2069.75,1,2,2062.6485116427793
2007-05-29T15:30:00+02:00,2070.75,2076,2065.75,2074,1,3,2063.7296057720387
2007-05-30T15:30:00+02:00,2065.5,2086.25,2064,2085.25,1,4,2065.7791671270825
2007-05-31T15:30:00+02:00,2087,2089.5,2081.75,2084.25,-1,-1,2067.5382940673603
2007-06-01T15:30:00+02:00,2089.25,2094.5,2085.25,2091,1,1,2069.7727422514213
2007-06-04T15:30:00+02:00,2085.25,2094.25,2085.25,2091.5,1,2,2071.842004894143
2007-06-05T15:30:00+02:00,2087,2089,2078.5,2085.25,-1,-1,2073.1189568089867
2007-06-06T15:30:00+02:00,2078.5,2078.75,2066.5,2068,-1,-2,2072.631437112893
2007-06-07T15:30:00+02:00,2064.5,2069.5,2039.25,2040.75,-1,-3,2069.595109768808
2007-06-08T15:30:00+02:00,2043.25,2060.75,2039.5,2060,1,1,2068.681289790826
2007-06-11T15:30:00+02:00,2058,2068.25,2055.5,2062,1,2,2068.0449764774144
2007-06-12T15:30:00+02:00,2055,2063.75,2043.25,2043.75,-1,-1,2065.731169193851
2007-06-13T15:30:00+02:00,2051.5,2068.5,2049.25,2066.75,1,1,2065.8282006991985
2007-06-14T15:30:00+02:00,2068,2078.75,2067.5,2076.5,1,2,2066.84456253737
2007-06-15T15:30:00+02:00,2086.5,2090.75,2083.25,2084.25,-1,-1,2068.502223248097
2007-06-18T15:30:00+02:00,2087.25,2087.75,2080.5,2082.5,-1,-2,2069.8353448435164
2007-06-19T15:30:00+02:00,2080,2087.5,2077.25,2086,1,1,2071.3748358108005
2007-06-20T15:30:00+02:00,2088.5,2089,2062,2064,-1,-1,2070.6724704954863
2007-06-21T15:30:00+02:00,2063.25,2073.75,2054.75,2072.5,1,1,2070.846520924488
2007-06-22T15:30:00+02:00,2067.5,2069.75,2050.25,2057,-1,-1,2069.5278046459653
2007-06-25T15:30:00+02:00,2054.25,2064.75,2041.75,2050.5,-1,-2,2067.715632774921
2007-06-26T15:30:00+02:00,2053.5,2056.25,2034,2034.75,-1,-3,2064.576048701119
2007-06-27T15:30:00+02:00,2033.25,2056.75,2031.5,2055.75,1,1,2063.7354726343456
2007-06-28T15:30:00+02:00,2054.5,2064.75,2053.5,2054,-1,-1,2062.8082847644077
2007-06-29T15:30:00+02:00,2058.5,2067,2041.25,2054,-1,-2,2061.9694005011306
2007-07-02T15:30:00+02:00,2058.5,2069.5,2057.5,2067.75,1,1,2062.519933786737
2007-07-03T15:30:00+02:00,2071.25,2074.5,2069.25,2073,1,2,2063.5180353308574
2007-07-04T15:30:00+02:00,2074.5,2076.25,2074.25,2075.75,1,3,2064.6829843469664
2007-07-05T15:30:00+02:00,2073.75,2074.75,2065.25,2071.25,-1,-1,2065.30841440916
2007-07-06T15:30:00+02:00,2072.75,2080.75,2068,2079.25,1,1,2066.6361844654302
2007-07-09T15:30:00+02:00,2080.25,2082.5,2074.75,2079.25,-1,-1,2067.8375002306275
2007-07-10T15:30:00+02:00,2071.5,2074.5,2055.75,2057,-1,-2,2066.80535735152
2007-07-11T15:30:00+02:00,2055.25,2068.5,2052.75,2068.25,1,1,2066.9429423656607
2007-07-12T15:30:00+02:00,2071,2095.75,2070.75,2092.25,1,2,2069.353138330836
2007-07-13T15:30:00+02:00,2093.25,2102.5,2091.75,2096.75,1,3,2071.9623632517087
2007-07-16T15:30:00+02:00,2097.25,2103,2093.25,2096.25,-1,-1,2074.2754715134506
2007-07-17T15:30:00+02:00,2097.25,2102.25,2094,2095.5,-1,-2,2076.2968551788363
2007-07-18T15:30:00+02:00,2089.75,2094.75,2079.25,2092,1,1,2077.792392780852
2007-07-19T15:30:00+02:00,2098.5,2101.75,2094,2096.5,-1,-1,2079.574069658866
2007-07-20T15:30:00+02:00,2095.25,2096.25,2074,2081.75,-1,-2,2079.7813011199264
2007-07-23T15:30:00+02:00,2089,2093,2084.25,2086,-1,-3,2080.373558156124
2007-07-24T15:30:00+02:00,2076.75,2080.5,2053.25,2058.75,-1,-4,2078.314171665065
2007-07-25T15:30:00+02:00,2065,2069,2047.25,2061.25,-1,-5,2076.689012458868
2007-07-26T15:30:00+02:00,2046,2051.5,2007.75,2024.75,-1,-6,2071.742439843738
2007-07-27T15:30:00+02:00,2026,2032.5,1994,1994.75,-1,-7,2064.4098265252865
2007-07-30T15:30:00+02:00,2002.5,2021.5,1996.75,2017.25,1,1,2059.9184144752594
2007-07-31T15:30:00+02:00,2026.5,2032,1993,1999.25,-1,-1,2054.1404702395203
2007-08-01T15:30:00+02:00,1994.25,2011.75,1981.75,2006.5,1,1,2049.6032825976613
2007-08-02T15:30:00+02:00,2009.75,2019.75,2002.75,2018.25,1,2,2046.6172556835984
2007-08-03T15:30:00+02:00,2014.5,2016.5,1973,1980.25,-1,-1,2040.2965646661128
2007-08-06T15:30:00+02:00,1983.75,2010.25,1969,2004.5,1,1,2036.887368031245
2007-08-07T15:30:00+02:00,2001,2031.5,1997.5,2019.25,1,2,2035.207618694936
2007-08-08T15:30:00+02:00,2024.75,2047.25,2020,2040.25,1,3,2035.6878454858945
2007-08-09T15:30:00+02:00,2015,2030.25,1993.25,1994.5,-1,-1,2031.765193534857
2007-08-10T15:30:00+02:00,1983,2005.25,1971.75,1987.75,1,1,2027.573270341061
2007-08-13T15:30:00+02:00,2005.25,2009.25,1990.75,1992.25,-1,-1,2024.2091493561982
2007-08-14T15:30:00+02:00,1997.5,1998.75,1967,1970.75,-1,-2,2019.117801798465
2007-08-15T15:30:00+02:00,1966,1983.75,1945.5,1950.75,-1,-3,2012.6065825795636
2007-08-16T15:30:00+02:00,1937,1969.75,1911.25,1961.75,1,1,2007.763098524367
2007-08-17T15:30:00+02:00,1994,1997,1962,1986.75,-1,-1,2005.7618510458558
2007-08-20T15:30:00+02:00,1990.25,1993.5,1971.25,1985.75,-1,-2,2003.85596047006
2007-08-21T15:30:00+02:00,1984.75,1996.75,1980,1987.25,1,1,2002.2744404252924
2007-08-22T15:30:00+02:00,1998,2006.25,1991.25,2005,1,2,2002.5340175276456
2007-08-23T15:30:00+02:00,2011,2014.5,1993.75,2003.25,-1,-1,2002.6022063345365
2007-08-24T15:30:00+02:00,2002.25,2020.75,2000.5,2020.75,1,1,2004.3305676360092
2007-08-27T15:30:00+02:00,2016,2016.75,2004.75,2006.5,-1,-1,2004.5371802421034
2007-08-28T15:30:00+02:00,1998.75,1999.75,1971.5,1975,-1,-2,2001.7241154571411
2007-08-29T15:30:00+02:00,1980,2004,1975.75,2002,1,1,2001.7503901755085
2007-08-30T15:30:00+02:00,1990.75,2008.25,1989.25,1998.25,1,2,2001.417019682603
2007-08-31T15:30:00+02:00,2013,2021.5,2004.5,2011,-1,-1,2002.329684474736
2007-09-03T15:30:00+02:00,2012.5,2014.75,2012,2013.25,1,1,2003.369714524761
2007-09-04T15:30:00+02:00,2010.5,2036,2009.75,2026.25,1,2,2005.5487893319266
2007-09-05T15:30:00+02:00,2017,2019,2005,2013.75,-1,-1,2006.3298570146003
2007-09-06T15:30:00+02:00,2014.5,2021.25,2006.25,2016.5,1,1,2007.2984420608288
2007-09-07T15:30:00+02:00,1999.25,2003.75,1987,1996.5,-1,-1,2006.2700190074165
2007-09-10T15:30:00+02:00,1999.75,2001.5,1977.5,1992,-1,-2,2004.9109695781387
2007-09-11T15:30:00+02:00,1996.5,2011.25,1995.25,2009.5,1,1,2005.3480200945064
2007-09-12T15:30:00+02:00,2006.5,2018,2003.25,2013.25,1,2,2006.1005896093154
2007-09-13T15:30:00+02:00,2019.25,2027.75,2015.25,2022,1,3,2007.614819170333
2007-09-14T15:30:00+02:00,2012.5,2023.75,2010.5,2021.5,1,4,2008.937217344587
2007-09-17T15:30:00+02:00,2015.75,2019.25,2009,2013.75,-1,-1,2009.3955775974835
2007-09-18T15:30:00+02:00,2021,2058.25,2016.5,2057.25,1,1,2013.9531416358184
2007-09-19T15:30:00+02:00,2066.5,2076,2059,2065.25,-1,-1,2018.8385567181215
2007-09-20T15:30:00+02:00,2065.25,2066.25,2052.75,2055.25,-1,-2,2022.3063132211576
2007-09-21T15:30:00+02:00,2065.75,2067.5,2057.5,2058.5,-1,-3,2025.7533310096187
2007-09-24T15:30:00+02:00,2062.25,2066.75,2052,2055.5,-1,-4,2028.5863471039406
2007-09-25T15:30:00+02:00,2046.5,2055.25,2042.75,2052.75,1,1,2030.887647379756
2007-09-26T15:30:00+02:00,2060.5,2065.75,2054.25,2060,-1,-1,2033.6602523912077
2007-09-27T15:30:00+02:00,2066.75,2069,2061,2068.75,1,1,2037.0021331158546
2007-09-28T15:30:00+02:00,2066,2069.5,2057,2064,-1,-1,2039.5733585333921
2007-10-01T15:30:00+02:00,2063.5,2085,2063,2081,1,1,2043.5187529587834
2007-10-02T15:30:00+02:00,2083.25,2083.75,2075.25,2078.5,-1,-1,2046.8503002960422
2007-10-03T15:30:00+02:00,2074.5,2080.5,2070.5,2074.75,1,1,2049.507414553562
2007-10-04T15:30:00+02:00,2077,2078.75,2072,2076,-1,-1,2052.0305179294132
2007-10-05T15:30:00+02:00,2086.5,2097.5,2082.25,2094.5,1,1,2056.0752305075644
2007-10-08T15:30:00+02:00,2090,2091,2083.75,2086.75,-1,-1,2058.9966371258915
2007-10-09T15:30:00+02:00,2091.75,2101.5,2086.25,2100.75,1,1,2062.9731478758067
2007-10-10T15:30:00+02:00,2095.75,2100,2089.25,2097,1,2,2066.2138004590633
2007-10-11T15:30:00+02:00,2104.5,2110.75,2080.25,2089.75,-1,-1,2068.455343272486
2007-10-12T15:30:00+02:00,2089.75,2099,2087.75,2099,1,1,2071.364358198916
2007-10-15T15:30:00+02:00,2097.75,2098.5,2074,2084.5,-1,-1,2072.615371703781
2007-10-16T15:30:00+02:00,2078.5,2079.75,2069.25,2072.25,-1,-2,2072.580574398659
2007-10-17T15:30:00+02:00,2083.75,2084.75,2058,2076.75,-1,-3,2072.9776625511677
2007-10-18T15:30:00+02:00,2068,2075.25,2064,2070.5,1,1,2072.7416946891517
2007-10-19T15:30:00+02:00,2064,2064.5,2029,2029.25,-1,-1,2068.59962852828
2007-10-22T15:30:00+02:00,2020,2039.75,2018.75,2037.75,1,1,2065.6615686684436
2007-10-23T15:30:00+02:00,2045,2051.5,2034.25,2049,1,2,2064.074752604782
2007-10-24T15:30:00+02:00,2043.25,2048.5,2019.25,2046,1,3,2062.353347594803
2007-10-25T15:30:00+02:00,2047.75,2053.75,2029.5,2048.25,1,4,2061.010171633393
2007-10-26T15:30:00+02:00,2061.25,2067.25,2049.75,2066.25,1,5,2061.509202906403
2007-10-29T14:30:00+01:00,2070,2075,2066,2071.25,1,6,2062.436897867698
2007-10-30T14:30:00+01:00,2064.75,2068.25,2058.75,2060.25,-1,-1,2062.2286218802983
2007-10-31T14:30:00+01:00,2069.75,2082.75,2057.75,2077.25,1,1,2063.65922932027
2007-11-01T14:30:00+01:00,2062.75,2063.5,2034.5,2040,-1,-1,2061.405969385006
2007-11-02T14:30:00+01:00,2044,2044.5,2020.75,2041.75,-1,-2,2059.5339723007196
2007-11-05T15:30:00+01:00,2025,2040.25,2018.25,2029.25,1,1,2056.649784462556
2007-11-06T15:30:00+01:00,2037,2050,2027.5,2049,1,2,2055.92123356136
2007-11-07T15:30:00+01:00,2032,2039,2002.75,2007.25,-1,-1,2051.2858779840876
2007-11-08T15:30:00+01:00,2007.25,2011.5,1978,1999.75,-1,-2,2046.3776991284603
2007-11-09T15:30:00+01:00,1982.5,2002.5,1975.75,1979.25,-1,-3,2039.98458492575
2007-11-12T15:30:00+01:00,1978.75,1993.25,1963.5,1964.25,-1,-4,2032.7717673137738
2007-11-13T15:30:00+01:00,1979.25,2010.25,1978.75,2007.25,1,1,2030.3411228077
2007-11-14T15:30:00+01:00,2018.25,2020.5,1994,2002,-1,-1,2027.6419682545857
2007-11-15T15:30:00+01:00,1994,2001,1970.75,1981.5,-1,-2,2023.2474950874823
2007-11-16T15:30:00+01:00,1988.5,1990.75,1971.5,1984.25,-1,-3,2019.5334479362934
2007-11-19T15:30:00+01:00,1978.25,1979,1957.25,1962.25,-1,-4,2014.0778814661703
2007-11-20T15:30:00+01:00,1961.5,1980.5,1946,1971,1,1,2009.9752260884397
2007-11-21T15:30:00+01:00,1955.75,1963.75,1941,1941.75,-1,-1,2003.4775855085884
2007-11-22T15:30:00+01:00,1949.5,1951,1946.25,1949.75,1,1,1998.3606726030087
2007-11-23T15:30:00+01:00,1954.75,1968,1951.5,1966,1,2,1995.2787037836745
2007-11-26T15:30:00+01:00,1967.75,1973.25,1930.75,1933.25,-1,-1,1989.3712081852293
2007-11-27T15:30:00+01:00,1941.25,1956.75,1933.75,1950.5,1,1,1985.6691883580645
2007-11-28T15:30:00+01:00,1965.5,1999,1965,1995,1,2,1986.557837085868
2007-11-29T15:30:00+01:00,1990,2001,1984.75,1995.25,1,3,1987.3856621253092
2007-11-30T15:30:00+01:00,2014,2016.25,1997,2010.5,-1,-1,1989.5870276371845
2007-12-03T15:30:00+01:00,2005.5,2008,1996,1999.75,-1,-2,1990.5549297669766
2007-12-04T15:30:00+01:00,1989.5,1996.5,1986.5,1987.25,-1,-3,1990.240174551074
2007-12-05T15:30:00+01:00,2001.75,2013,2000.75,2011.25,1,1,1992.2411103081147
2007-12-06T15:30:00+01:00,2008.75,2034.75,2008,2032,1,2,1996.0276712311513
2007-12-07T15:30:00+01:00,2036.25,2037.25,2028,2031,-1,-1,1999.358369209137
2007-12-10T15:30:00+01:00,2034.75,2044.75,2030.75,2042.75,1,1,2003.4909054749335
2007-12-11T15:30:00+01:00,2043.5,2051,1999.5,2001,-1,-1,2003.2536763820826
2007-12-12T15:30:00+01:00,2036.5,2038.75,1992.75,2014.5,-1,-2,2004.3247548218842
2007-12-13T15:30:00+01:00,2004,2014.75,1993.75,2012.25,1,1,2005.0795400769427
2007-12-14T15:30:00+01:00,2001.25,2011.75,1991.5,1992,-1,-1,2003.8338695934244
2007-12-17T15:30:00+01:00,1986,1989,1968.75,1970,-1,-2,2000.6115962988126
2007-12-18T15:30:00+01:00,1981.25,1985.25,1959.5,1980.5,-1,-3,1998.6962061751162
2007-12-19T15:30:00+01:00,1979.25,1989.25,1969.5,1978.5,-1,-4,1996.7727579679622
2007-12-20T15:30:00+01:00,1988.25,1988.75,1971.25,1988.5,1,1,1995.9848762567276
2007-12-21T15:30:00+01:00,2001,2012.75,1998.25,2011.75,1,2,1997.4863166132297
2007-12-24T15:30:00+01:00,2015.25,2023.5,2013.25,2020.25,1,3,1999.6542864595888
2007-12-26T15:30:00+01:00,2015.75,2024.75,2013,2023.75,1,4,2001.9491163205803
2007-12-27T15:30:00+01:00,2017.5,2017.75,1998.75,2003.25,-1,-1,2002.0730100043345
2007-12-28T15:30:00+01:00,2011.5,2012,1994.75,1999,-1,-2,2001.780342384874
2007-12-31T15:30:00+01:00,1995.75,1998.25,1984.75,1988.75,-1,-3,2000.5393573958384
2008-01-02T15:30:00+01:00,1989.75,1994.25,1962.75,1972.5,-1,-4,1997.8689424057586
2008-01-03T15:30:00+01:00,1972.5,1978.5,1964.75,1972.75,1,1,1995.4766621766387
2008-01-04T15:30:00+01:00,1956.5,1957.5,1931.25,1936.25,-1,-1,1989.8360276836254
2008-01-07T15:30:00+01:00,1940.75,1945.25,1923.75,1934.75,-1,-2,1984.589739332804
2008-01-08T15:30:00+01:00,1943.5,1951.5,1906.75,1910.5,-1,-3,1977.5335736820607
2008-01-09T15:30:00+01:00,1912.5,1930.25,1898.75,1925,1,1,1972.5303761885311
2008-01-10T15:30:00+01:00,1918.75,1950,1915.25,1934,1,2,1968.8608165515282
2008-01-11T15:30:00+01:00,1928.5,1937.25,1914,1922.25,-1,-1,1964.4216911656683
2008-01-14T15:30:00+01:00,1932.5,1938.25,1924.75,1934,1,1,1961.5243872451285
2008-01-15T15:30:00+01:00,1917.5,1921.5,1899,1902,-1,-1,1955.8553979836877
2008-01-16T15:30:00+01:00,1893,1911.25,1882.25,1890,-1,-2,1949.5834553185746
2008-01-17T15:30:00+01:00,1895.25,1896.25,1847.75,1853.75,-1,-3,1940.4564595739485
2008-01-18T15:30:00+01:00,1860.5,1869,1829.5,1839,-1,-4,1930.7939396145248
2008-01-21T15:30:00+01:00,1793.25,1797.25,1777.5,1779.25,-1,-5,1916.3611834607605
2008-01-22T15:30:00+01:00,1780.25,1838.75,1775.75,1823.5,1,1,1907.5172612264023
2008-01-23T15:30:00+01:00,1787.75,1858.25,1783.75,1855.5,1,2,1902.5632363476973
2008-01-24T15:30:00+01:00,1858.5,1871,1849,1865.75,1,3,1899.0572138383927
2008-01-25T15:30:00+01:00,1881.5,1884.5,1842,1847.25,-1,-1,1894.1231934728314
2008-01-28T15:30:00+01:00,1848.75,1872,1836.5,1868.5,1,1,1891.6828893325617
2008-01-29T15:30:00+01:00,1877.25,1880.75,1864.75,1875.75,-1,-1,1890.165471300889
2008-01-30T15:30:00+01:00,1871.25,1901.25,1861,1864.25,-1,-2,1887.6973311769948
2008-01-31T15:30:00+01:00,1849.25,1901,1846.75,1888.75,1,1,1887.7975853506143
2008-02-01T15:30:00+01:00,1894.5,1911.5,1890.25,1910.75,1,2,1889.9835296029369
2008-02-04T15:30:00+01:00,1907.5,1908.5,1891.75,1892.75,-1,-1,1890.2470029740857
2008-02-05T15:30:00+01:00,1873.25,1877.5,1851.25,1857,-1,-2,1887.0806217384586
2008-02-06T15:30:00+01:00,1860,1867,1838.5,1844.5,-1,-3,1883.025324430034
2008-02-07T15:30:00+01:00,1835,1862.25,1831.25,1854.25,1,1,1880.2848173414593
2008-02-08T15:30:00+01:00,1846.25,1856.25,1834.75,1844.75,-1,-1,1876.900549023225
2008-02-11T15:30:00+01:00,1844.5,1856.25,1834,1851.5,1,1,1874.4814491162513
2008-02-12T15:30:00+01:00,1862.75,1877.25,1853.5,1863.5,1,2,1873.4355968194654
2008-02-13T15:30:00+01:00,1874,1884.25,1865,1877.5,1,3,1873.8226828366592
2008-02-14T15:30:00+01:00,1882.75,1883.5,1861,1865,-1,-1,1872.982427328406
2008-02-15T15:30:00+01:00,1858.5,1865.5,1852,1865.25,1,1,1872.2460056780815
2008-02-18T15:30:00+01:00,1870.25,1882.25,1870,1881.75,1,2,1873.1511479944547
2008-02-19T15:30:00+01:00,1879.75,1882.25,1859,1869.25,-1,-1,1872.779610090221
2008-02-20T15:30:00+01:00,1852.5,1878.5,1850,1872.25,1,1,1872.7291710340096
2008-02-21T15:30:00+01:00,1879.25,1883,1853,1860,-1,-1,1871.5168690307705
2008-02-22T15:30:00+01:00,1862.25,1871.25,1840.75,1869.5,1,1,1871.3247862659352
2008-02-25T15:30:00+01:00,1867.75,1889.25,1860,1885,1,2,1872.6271875739415
2008-02-26T15:30:00+01:00,1879.75,1902.25,1877.5,1896.25,1,3,1874.876979233566
2008-02-27T15:30:00+01:00,1887.75,1903.75,1886.25,1894.25,1,4,1876.7220288303693
2008-02-28T15:30:00+01:00,1884.25,1891.5,1877.25,1880,-1,-1,1877.0342165608104
2008-02-29T15:30:00+01:00,1867.25,1868.5,1839,1849.5,-1,-2,1874.4119102216855
2008-03-03T15:30:00+01:00,1842.75,1849.5,1833.75,1846.25,1,1,1871.729823533906
2008-03-04T15:30:00+01:00,1833.5,1845.5,1820.75,1841,1,2,1868.803173673534
2008-03-05T15:30:00+01:00,1845.25,1858.75,1834,1849.5,1,3,1866.9647761808164
2008-03-06T15:30:00+01:00,1840.75,1843.25,1816,1822,-1,-1,1862.6824165445482
2008-03-07T15:30:00+01:00,1807.75,1828.25,1796,1807.25,-1,-2,1857.4031387784007
2008-03-10T14:30:00+01:00,1808.5,1809.75,1786.25,1789.75,-1,-3,1850.9599827042673
2008-03-11T14:30:00+01:00,1817.5,1838,1800,1837.5,1,1,1849.6780795895752
2008-03-12T14:30:00+01:00,1837.75,1848,1821.75,1823.25,-1,-1,1847.1611196286633
2008-03-13T14:30:00+01:00,1806,1836.25,1795.75,1827,1,1,1845.241012997362
2008-03-14T14:30:00+01:00,1837.75,1838.25,1788,1805.75,-1,-1,1841.4799641404704
2008-03-17T14:30:00+01:00,1772.25,1802,1770,1791.5,1,1,1836.7199675556637
2008-03-18T14:30:00+01:00,1815,1846.75,1808.5,1846,1,2,1837.6037801694101
2008-03-19T14:30:00+01:00,1850.5,1856,1809,1811,-1,-1,1835.0700868199424
2008-03-20T14:30:00+01:00,1815.75,1844.75,1807.75,1837.25,1,1,1835.2776975989955
2008-03-24T14:30:00+01:00,1848.25,1873.75,1847.75,1863.75,1,2,1837.98934544671
2008-03-25T14:30:00+01:00,1863.75,1871.5,1854.25,1864,1,3,1840.4665506422616
2008-03-26T14:30:00+01:00,1860.25,1861.75,1846.25,1847,-1,-1,1841.0887839144273
2008-03-27T14:30:00+01:00,1857.75,1860.25,1838.75,1842.5,-1,-2,1841.2231854463867
2008-03-28T14:30:00+01:00,1845.25,1849,1826,1830.75,-1,-3,1840.2257392133974
2008-03-31T15:30:00+02:00,1828.25,1842.75,1825.75,1834,1,1,1839.6328116692644
2008-04-01T15:30:00+02:00,1851,1884.75,1850.25,1882.5,1,2,1843.7154010340964
2008-04-02T15:30:00+02:00,1886.25,1892.25,1875.25,1882.75,-1,-1,1847.432981887992
2008-04-03T15:30:00+02:00,1874.75,1890,1872.5,1885.5,1,1,1851.0584121843735
2008-04-04T15:30:00+02:00,1885,1895.25,1876.5,1884.25,-1,-1,1854.2195157858619
2008-04-07T15:30:00+02:00,1893.75,1901.25,1882.5,1884.5,-1,-2,1857.1033714253035
2008-04-08T15:30:00+02:00,1877.25,1884.5,1874.5,1883.5,1,1,1859.6173360514651
2008-04-09T15:30:00+02:00,1881.25,1883,1863.5,1872.5,-1,-1,1860.844256427516
2008-04-10T15:30:00+02:00,1868.75,1881.5,1863.5,1875.25,1,1,1862.2162320058478
2008-04-11T15:30:00+02:00,1859,1864.25,1844,1847.75,-1,-1,1860.8384956243385
2008-04-14T15:30:00+02:00,1846,1849.5,1839.5,1843.25,-1,-2,1859.163400802973
2008-04-15T15:30:00+02:00,1849.75,1851,1837.25,1848,-1,-3,1858.1002197741184
2008-04-16T15:30:00+02:00,1859.25,1883.75,1858.75,1883,1,1,1860.4716274146786
2008-04-17T15:30:00+02:00,1874.25,1886.75,1870.75,1884,1,2,1862.7124248037567
2008-04-18T15:30:00+02:00,1903.75,1910.5,1897.25,1899.5,-1,-1,1866.216003393875
2008-04-21T15:30:00+02:00,1897,1904.5,1893,1900.5,1,1,1869.4811459277917
2008-04-22T15:30:00+02:00,1896.25,1897.5,1883,1893.25,-1,-1,1871.744846315621
2008-04-23T15:30:00+02:00,1894.5,1902,1885,1890.75,-1,-2,1873.5548609522286
2008-04-24T15:30:00+02:00,1894.75,1911.5,1884.25,1897.5,1,1,1875.8353503853498
2008-04-25T15:30:00+02:00,1908.25,1913,1892.75,1909.5,1,2,1879.041507491507
2008-04-28T15:30:00+02:00,1912.5,1916.25,1907.5,1909.75,-1,-1,1881.9661258256492
2008-04-29T15:30:00+02:00,1907.25,1910.5,1899.25,1903.5,-1,-2,1884.0169709851111
2008-04-30T15:30:00+02:00,1905.75,1919.25,1895.75,1896.75,-1,-3,1885.2296404151004
2008-05-01T15:30:00+02:00,1896.5,1924.5,1895.25,1924.25,1,1,1888.9458651374719
2008-05-02T15:30:00+02:00,1936.25,1936.25,1918.25,1928.5,-1,-1,1892.7129256005699
2008-05-05T15:30:00+02:00,1923.5,1928.25,1916.5,1921,-1,-2,1895.4069326862298
2008-05-06T15:30:00+02:00,1912.75,1934.5,1909.25,1933,1,1,1898.9872248113506
2008-05-07T15:30:00+02:00,1931.25,1932.75,1902.75,1907.25,-1,-1,1899.7741557816983
2008-05-08T15:30:00+02:00,1909,1915.25,1901.5,1904,-1,-2,1900.1766171358222
2008-05-09T15:30:00+02:00,1897.5,1905.5,1896,1901.25,1,1,1900.2788440752677
2008-05-12T15:30:00+02:00,1903.5,1917.25,1898.5,1917,1,2,1901.8713351157185
2008-05-13T15:30:00+02:00,1919.75,1920.5,1908.75,1916.75,-1,-1,1903.2883508189834
2008-05-14T15:30:00+02:00,1922.25,1933.75,1919.75,1919.75,-1,-2,1904.8561269314612
2008-05-15T15:30:00+02:00,1921.75,1937.75,1919.5,1937,1,1,1907.917448176084
2008-05-16T15:30:00+02:00,1939.5,1940,1927,1938,-1,-1,1910.782453111695
2008-05-19T15:30:00+02:00,1939,1953.25,1934,1941.75,1,1,1913.7317432915336
2008-05-20T15:30:00+02:00,1933.5,1934.25,1921.25,1929.25,-1,-1,1915.2096725018637
2008-05-21T15:30:00+02:00,1928.25,1931.5,1900.25,1905,-1,-2,1914.2373227397813
2008-05-22T15:30:00+02:00,1904.25,1912,1902.75,1905.75,1,1,1913.4290062883736
2008-05-23T15:30:00+02:00,1900.25,1902.25,1885,1886.25,-1,-1,1910.8405294990046
2008-05-26T15:30:00+02:00,1887.75,1889.75,1886.75,1887,-1,-2,1908.5700028800518
2008-05-27T15:30:00+02:00,1887.75,1900,1885,1897.25,1,1,1907.4919073676658
2008-05-28T15:30:00+02:00,1901.25,1905.5,1890,1903,1,2,1907.0641066659834
2008-05-29T15:30:00+02:00,1900.75,1919.25,1900.5,1909.75,1,3,1907.3199060311279
2008-05-30T15:30:00+02:00,1914.5,1917.25,1910.25,1912.75,-1,-1,1907.837057837687
2008-06-02T15:30:00+02:00,1908,1908.25,1889.75,1898,-1,-2,1906.9001951864789
2008-06-03T15:30:00+02:00,1902.25,1905.75,1881.5,1890.5,-1,-3,1905.3382718353857
2008-06-04T15:30:00+02:00,1886.75,1900.75,1883.75,1890,1,1,1903.8774840415394
2008-06-05T15:30:00+02:00,1894.5,1918,1892,1917.5,1,2,1905.1748665137738
2008-06-06T15:30:00+02:00,1904.75,1907,1870.75,1871.25,-1,-1,1901.9439268457954
2008-06-09T15:30:00+02:00,1876.75,1883.75,1862.75,1875.5,-1,-2,1899.4254576223864
2008-06-10T15:30:00+02:00,1865.25,1879.5,1863.5,1868.75,1,1,1896.5039854678735
2008-06-11T15:30:00+02:00,1867.75,1869,1847.25,1848.25,-1,-1,1891.9083678042664
2008-06-12T15:30:00+02:00,1853.75,1865.75,1843.25,1853,-1,-2,1888.202808965765
2008-06-13T15:30:00+02:00,1859.75,1873.75,1854,1868.75,1,1,1886.350160492835
2008-06-16T15:30:00+02:00,1863.5,1877.25,1862.5,1870,1,2,1884.7930023506601
2008-06-17T15:30:00+02:00,1878.5,1879,1861.25,1863.5,-1,-1,1882.7650973648829
2008-06-18T15:30:00+02:00,1854.75,1858.5,1844.5,1848.75,-1,-2,1879.5255642825132
2008-06-19T15:30:00+02:00,1848.75,1859.75,1842.25,1851.5,1,1,1876.8564629222737
2008-06-20T15:30:00+02:00,1842,1844.25,1825.25,1828.25,-1,-1,1872.2272759772952
2008-06-23T15:30:00+02:00,1833.5,1835.5,1826.25,1828,-1,-2,1868.0151544556481
2008-06-24T15:30:00+02:00,1824,1838,1815.25,1824.75,1,1,1863.8946635551101
2008-06-25T15:30:00+02:00,1830.25,1847.75,1829.25,1832.25,1,2,1860.880886073671
2008-06-26T15:30:00+02:00,1818.75,1820.25,1793,1794.5,-1,-1,1854.5588969237976
2008-06-27T15:30:00+02:00,1795.25,1801,1782.75,1790.25,-1,-2,1848.4342400739122
2008-06-30T15:30:00+02:00,1791.5,1802,1785.25,1792.75,1,1,1843.130979114492
2008-07-01T15:30:00+02:00,1777,1796.75,1771,1796.5,1,2,1838.6899334845405
2008-07-02T15:30:00+02:00,1799.5,1803.25,1771,1773,-1,-1,1832.4337493431556
2008-07-03T15:30:00+02:00,1782.75,1782.75,1761.75,1775,-1,-2,1826.9638684533313
2008-07-04T15:30:00+02:00,1770.5,1773.25,1766.5,1766.75,-1,-3,1821.2292143149189
2008-07-07T15:30:00+02:00,1779.25,1785,1750.75,1761.75,-1,-4,1815.5645272373076
2008-07-08T15:30:00+02:00,1761.25,1785.75,1753.5,1783.5,1,1,1812.5107627385164
2008-07-09T15:30:00+02:00,1786.25,1788.75,1754.75,1758.25,-1,-1,1807.3430710491339
2008-07-10T15:30:00+02:00,1755.5,1768.75,1747,1765,1,1,1803.310397615883
2008-07-11T15:30:00+02:00,1750,1768.5,1735.5,1749.5,-1,-1,1798.1855978429417
2008-07-14T15:30:00+02:00,1763.75,1766,1734.75,1738.5,-1,-2,1792.501255191233
2008-07-15T15:30:00+02:00,1728.5,1745.75,1710.75,1721,-1,-3,1785.691611839687
2008-07-16T15:30:00+02:00,1724.75,1756.25,1721.5,1750.25,1,1,1782.3162202359074
2008-07-17T15:30:00+02:00,1761.75,1773,1751,1763,1,2,1780.47658021344
2008-07-18T15:30:00+02:00,1772,1773,1761.5,1770.5,-1,-1,1779.526429716922
2008-07-21T15:30:00+02:00,1775.25,1778.25,1765,1771.25,-1,-2,1778.7381983153102
2008-07-22T15:30:00+02:00,1761.25,1788,1758.75,1784.5,1,1,1779.2869413328997
2008-07-23T15:30:00+02:00,1788.75,1801.25,1785.5,1792.25,1,2,1780.521518348814
2008-07-24T15:30:00+02:00,1793,1793.75,1761,1763.75,-1,-1,1778.924230887022
2008-07-25T15:30:00+02:00,1768.25,1772.75,1761.25,1763.75,-1,-2,1777.479066040639
2008-07-28T15:30:00+02:00,1764.25,1770,1743,1745,-1,-3,1774.3858216558162
2008-07-29T15:30:00+02:00,1748.75,1773.25,1747.25,1771.75,1,1,1774.134791021929
2008-07-30T15:30:00+02:00,1779,1795,1774,1794.75,1,2,1776.0981442579357
2008-07-31T15:30:00+02:00,1782.5,1794.75,1775,1776.75,-1,-1,1776.16022575718
2008-08-01T15:30:00+02:00,1779.75,1781.75,1763,1769.75,-1,-2,1775.54972806602
2008-08-04T15:30:00+02:00,1768.5,1770,1756.25,1759,-1,-3,1773.9735634883039
2008-08-05T15:30:00+02:00,1769,1794.5,1767.5,1792.25,1,1,1775.7141764894177
2008-08-06T15:30:00+02:00,1788.5,1801.75,1785.25,1798.25,1,2,1777.8604453951875
2008-08-07T15:30:00+02:00,1787.5,1792.75,1773.5,1777.75,-1,-1,1777.849926786122
2008-08-08T15:30:00+02:00,1774,1808,1772,1802.25,1,1,1780.173743282682
2008-08-11T15:30:00+02:00,1803,1823.5,1800.75,1815.25,1,2,1783.5143391605218
2008-08-12T15:30:00+02:00,1811.25,1811.75,1795.25,1801.75,-1,-1,1785.2510687642816
2008-08-13T15:30:00+02:00,1796,1804.5,1784.5,1794.75,-1,-2,1786.155728881969
2008-08-14T15:30:00+02:00,1786.25,1810.75,1785.25,1803.75,1,1,1787.831373750353
2008-08-15T15:30:00+02:00,1806.75,1812.5,1800.5,1809.75,1,2,1789.918861964605
2008-08-18T15:30:00+02:00,1812.5,1812.75,1784,1792.25,-1,-1,1790.1408751108331
2008-08-19T15:30:00+02:00,1781.5,1784.5,1772.75,1778,-1,-2,1788.9846012907537
2008-08-20T15:30:00+02:00,1781,1786.75,1770.5,1783.75,1,1,1788.4860678344915
2008-08-21T15:30:00+02:00,1774.75,1791.75,1773.25,1785.25,1,2,1788.1778708978732
2008-08-22T15:30:00+02:00,1794,1804,1792.75,1802.75,1,3,1789.5656927171233
2008-08-25T15:30:00+02:00,1795,1795.5,1774.25,1776.5,-1,-1,1788.3213410297783
2008-08-26T15:30:00+02:00,1777,1785.75,1772.5,1781.5,1,1,1787.6716895031327
2008-08-27T15:30:00+02:00,1782,1795.25,1779.5,1792.75,1,2,1788.1553381218819
2008-08-28T15:30:00+02:00,1798.5,1810,1798,1808,1,3,1790.0453059197978
2008-08-29T15:30:00+02:00,1803.25,1807.75,1791.5,1793.5,-1,-1,1790.3743244036266
2008-09-01T15:30:00+02:00,1791,1795,1788.5,1792.75,1,1,1790.6005792223289
2008-09-02T15:30:00+02:00,1806.75,1813.5,1781.5,1786.5,-1,-1,1790.2100478678215
2008-09-03T15:30:00+02:00,1785,1791,1775.25,1785.5,1,1,1789.76147188041
2008-09-04T15:30:00+02:00,1775.5,1778.25,1745,1746.25,-1,-1,1785.6175221775138
2008-09-05T15:30:00+02:00,1738.5,1755.25,1726.5,1750.5,1,1,1782.2729962558458
2008-09-08T15:30:00+02:00,1786.5,1788.5,1756.75,1776.5,-1,-1,1781.7231870886224
2008-09-09T15:30:00+02:00,1777,1779.5,1733.5,1737,-1,-2,1777.463835937325
2008-09-10T15:30:00+02:00,1744.25,1754.75,1731.5,1743.25,-1,-3,1774.2053753718656
2008-09-11T15:30:00+02:00,1726.5,1762.75,1721.25,1761.5,1,1,1772.995339622164
2008-09-12T15:30:00+02:00,1748.5,1767.75,1743.5,1767.5,1,2,1772.4719739438626
2008-09-15T15:30:00+02:00,1722.75,1747.75,1704.5,1705,-1,-1,1766.0460716634948
2008-09-16T15:30:00+02:00,1677,1730,1676.25,1726,1,1,1762.2321600764953
2008-09-17T15:30:00+02:00,1701.75,1709.5,1666,1672.5,-1,-1,1753.68624006921
2008-09-18T15:30:00+02:00,1686.5,1727.75,1645.25,1713,1,1,1749.8113600626186
2008-09-19T15:30:00+02:00,1777,1800.25,1746.5,1755.75,-1,-1,1750.3769448185597
2008-09-22T15:30:00+02:00,1756.25,1759.25,1714.25,1723,-1,-2,1747.7696167406016
2008-09-23T15:30:00+02:00,1719.75,1731.75,1694.5,1696,-1,-3,1742.8391770510204
2008-09-24T15:30:00+02:00,1702.25,1708,1689.25,1701.5,-1,-4,1738.9021125699708
2008-09-25T15:30:00+02:00,1707.5,1733.75,1702.75,1723.5,1,1,1737.435244706164
2008-09-26T15:30:00+02:00,1702.25,1730,1698.75,1723.5,1,2,1736.1080785436723
2008-09-29T15:30:00+02:00,1705.75,1707.25,1622.5,1627.75,-1,-1,1725.788261539513
2008-09-30T15:30:00+02:00,1648.5,1684.75,1641,1677,1,1,1721.141760440512
2008-10-01T15:30:00+02:00,1665.75,1682,1652.75,1676.25,1,2,1716.8663546842727
2008-10-02T15:30:00+02:00,1663,1664.75,1624.25,1634,-1,-1,1708.9743209048181
2008-10-03T15:30:00+02:00,1643.25,1670,1611.5,1618,-1,-2,1700.310099866264
2008-10-06T15:30:00+02:00,1586,1591.5,1518,1562.5,-1,-3,1687.1853284504293
2008-10-07T15:30:00+02:00,1582.25,1587,1508.5,1514.25,-1,-4,1670.715297169436
2008-10-08T15:30:00+02:00,1487.75,1536.25,1480,1489.25,1,1,1653.432887915204
2008-10-09T15:30:00+02:00,1510,1518.75,1414.5,1422.25,-1,-1,1631.415470018518
2008-10-10T15:30:00+02:00,1379.5,1452,1346,1397.75,1,1,1609.16161573104
2008-10-13T15:30:00+02:00,1451.5,1526.5,1443,1525.25,1,2,1601.1700332804648
2008-10-14T15:30:00+02:00,1560.75,1566.5,1483.25,1512,-1,-1,1592.6776491585158
2008-10-15T15:30:00+02:00,1487.75,1490.75,1406.25,1412.75,-1,-2,1575.5416825719906
2008-10-16T15:30:00+02:00,1424.25,1459,1374.25,1449.5,1,1,1563.5377128032296
2008-10-17T15:30:00+02:00,1430.25,1496.75,1427,1442.25,1,2,1551.9865020600648
2008-10-20T15:30:00+02:00,1462,1501.75,1452,1499.25,1,3,1546.9639780543444
2008-10-21T15:30:00+02:00,1478.75,1495,1460,1468.75,-1,-1,1539.5150277634543
2008-10-22T15:30:00+02:00,1439,1442.5,1381.5,1413.5,-1,-2,1527.5135965478873
2008-10-23T15:30:00+02:00,1409.25,1432.25,1365,1424.75,1,1,1517.7265873528504
2008-10-24T15:30:00+02:00,1364,1405.5,1349.25,1376.75,1,2,1504.300245700198
2008-10-27T14:30:00+01:00,1366.25,1403,1343,1344.75,-1,-1,1489.104984204941
2008-10-28T14:30:00+01:00,1380.75,1451.75,1352.5,1448.25,1,1,1485.21403332828
2008-10-29T14:30:00+01:00,1445.5,1480.25,1427.5,1436.5,-1,-1,1480.5746015827297
2008-10-30T14:30:00+01:00,1464.75,1473.5,1435.75,1469.75,1,1,1479.5436871462791
2008-10-31T14:30:00+01:00,1458,1493,1451.75,1475.5,1,2,1479.1585740847288
2008-11-03T15:30:00+01:00,1474.5,1483.5,1466,1478.5,1,3,1479.095852743326
2008-11-04T15:30:00+01:00,1497.25,1515.75,1489,1511.5,1,4,1482.1819620058664
2008-11-05T15:30:00+01:00,1497.25,1508.75,1456,1467,-1,-1,1480.7360608624506
2008-11-06T15:30:00+01:00,1450,1460,1406,1413.75,-1,-2,1474.3564360184077
2008-11-07T15:30:00+01:00,1421.25,1446.5,1414,1446.25,1,1,1471.6796325880832
2008-11-10T15:30:00+01:00,1457.5,1461.25,1414.5,1430.25,-1,-1,1467.73395329398
2008-11-11T15:30:00+01:00,1413.25,1426,1391.75,1402.5,-1,-2,1461.5211958374105
2008-11-12T15:30:00+01:00,1387.5,1394.75,1357.5,1362.25,-1,-3,1452.0667962338475
2008-11-13T15:30:00+01:00,1366,1422.75,1325.75,1417,1,1,1448.7271013544334
2008-11-14T15:30:00+01:00,1399.25,1427,1369.25,1369.5,-1,-1,1441.1816631302017
2008-11-17T15:30:00+01:00,1368.75,1390.75,1356,1359.75,-1,-2,1433.4262666416112
2008-11-18T15:30:00+01:00,1356.25,1378,1333.75,1375,1,1,1427.861860294791
2008-11-19T15:30:00+01:00,1364,1373.5,1313.25,1321.25,-1,-1,1417.7083497905253
2008-11-20T15:30:00+01:00,1305.75,1329.75,1254,1259.25,-1,-2,1402.6170783819039
2008-11-21T15:30:00+01:00,1279,1311.25,1248,1300,1,1,1392.844023297913
2008-11-24T15:30:00+01:00,1323.75,1375.25,1316.25,1355.75,1,2,1389.3112591743022
2008-11-25T15:30:00+01:00,1378,1379.75,1342.5,1361.5,-1,-1,1386.6625678243686
2008-11-26T15:30:00+01:00,1347.25,1396.75,1346.75,1395,1,1,1387.4566089839525
2008-11-27T15:30:00+01:00,1392.25,1398.75,1390.75,1398.25,1,2,1388.4845509854808
2008-11-28T15:30:00+01:00,1390.5,1406,1389.25,1404.25,1,3,1389.986022320197
2008-12-01T15:30:00+01:00,1379.25,1379.75,1322,1325,-1,-1,1383.7968773373211
2008-12-02T15:30:00+01:00,1338.75,1359.75,1326.75,1357.5,1,1,1381.292412829005
2008-12-03T15:30:00+01:00,1338.25,1382.75,1335.25,1377.25,1,2,1380.9074211310044
2008-12-04T15:30:00+01:00,1364.5,1384.5,1341,1357,-1,-1,1378.6305238804325
2008-12-05T15:30:00+01:00,1340.25,1388.5,1326,1380.75,1,1,1378.8323787489628
2008-12-08T15:30:00+01:00,1407.75,1428.25,1401.75,1413.5,1,2,1382.1340569633473
2008-12-09T15:30:00+01:00,1408,1425.25,1393.5,1398.75,-1,-1,1383.716527728743
2008-12-10T15:30:00+01:00,1407,1417.75,1393.5,1405.5,-1,-2,1385.7911441355293
2008-12-11T15:30:00+01:00,1399,1414,1377.25,1383.5,-1,-3,1385.5729399321456
2008-12-12T15:30:00+01:00,1359,1396.25,1355.75,1394.5,1,1,1386.423136129084
2008-12-15T15:30:00+01:00,1394,1395.25,1366.25,1382.5,-1,-1,1386.0495041167903
2008-12-16T15:30:00+01:00,1387.25,1425,1385.75,1423.25,1,1,1389.59240848662
2008-12-17T15:30:00+01:00,1412.25,1428.25,1404.5,1413,1,2,1391.8217029164657
2008-12-18T15:30:00+01:00,1417.5,1419.75,1383.5,1402,-1,-1,1392.791064543469
2008-12-19T15:30:00+01:00,1399.5,1413.5,1386.5,1391.25,-1,-2,1392.64429649171
2008-12-22T15:30:00+01:00,1393.75,1395.5,1362.75,1381.5,-1,-3,1391.582934921071
2008-12-23T15:30:00+01:00,1383.5,1387.5,1365.25,1369,-1,-4,1389.4321792143023
2008-12-24T15:30:00+01:00,1372.5,1376.5,1367.75,1375,1,1,1388.0576859557973
2008-12-26T15:30:00+01:00,1380.25,1381,1372.75,1379.75,-1,-1,1387.2664777695309
2008-12-29T15:30:00+01:00,1379.75,1381.5,1363.25,1380.75,1,1,1386.6458608390994
2008-12-30T15:30:00+01:00,1382.5,1399,1378.75,1398.25,1,2,1387.7510169496613
2008-12-31T15:30:00+01:00,1398.5,1418,1396.5,1401.5,1,3,1389.0604439068366
2009-01-02T15:30:00+01:00,1412,1442.75,1406.5,1436,1,4,1393.5308778204712
2009-01-05T15:30:00+01:00,1434.25,1444.25,1426.5,1437.25,1,5,1397.694603742331
2009-01-06T15:30:00+01:00,1443.75,1452.75,1434.5,1440.25,-1,-1,1401.7474986240138
2009-01-07T15:30:00+01:00,1427.25,1430,1408.75,1415.25,-1,-2,1403.0334511360124
2009-01-08T15:30:00+01:00,1408.5,1417.75,1403.5,1417.25,1,1,1404.3874081706779
2009-01-09T15:30:00+01:00,1418.25,1419.75,1392.75,1395.25,-1,-1,1403.5171788210896
2009-01-12T15:30:00+01:00,1394.75,1395.5,1370.25,1378.5,-1,-2,1401.1345903619383
2009-01-13T15:30:00+01:00,1373.5,1384,1368,1378.5,1,1,1398.9789150893728
2009-01-14T15:30:00+01:00,1361.5,1363.25,1342.5,1349.75,-1,-1,1394.290446985623
2009-01-15T15:30:00+01:00,1347,1358.5,1322.75,1350.5,1,1,1390.1199282250875
2009-01-16T15:30:00+01:00,1364.75,1366,1336.25,1359.25,-1,-1,1387.1799350607935
2009-01-20T15:30:00+01:00,1348.5,1350.75,1307.5,1317,-1,-2,1380.4961317216703
2009-01-21T15:30:00+01:00,1325.25,1348.5,1310.5,1347,1,1,1377.306023938654
2009-01-22T15:30:00+01:00,1330,1346.5,1317.5,1335.75,1,2,1373.348307373068
2009-01-23T15:30:00+01:00,1314.75,1346,1311.5,1333.5,1,3,1369.5532304803949
2009-01-26T15:30:00+01:00,1342,1359.5,1333.75,1341.5,-1,-1,1366.8814942441668
2009-01-27T15:30:00+01:00,1347.25,1357.5,1341.25,1349.25,1,1,1365.202304316151
2009-01-28T15:30:00+01:00,1369.75,1386,1366.5,1381.5,1,2,1366.754465809851
2009-01-29T15:30:00+01:00,1367.25,1369.5,1350.25,1353,-1,-1,1365.4445166851033
2009-01-30T15:30:00+01:00,1355.5,1358.25,1327.5,1335.75,-1,-2,1362.6164674769982
2009-02-02T15:30:00+01:00,1321.25,1337.5,1318.75,1331.75,1,1,1359.6768039077604
2009-02-03T15:30:00+01:00,1336.5,1349.75,1328,1341.75,1,2,1357.9694892498785
2009-02-04T15:30:00+01:00,1348.75,1359.5,1336,1339.75,-1,-1,1356.234299797509
2009-02-05T15:30:00+01:00,1332.5,1359,1326.75,1350.25,1,1,1355.6643664834605
2009-02-06T15:30:00+01:00,1354,1379.25,1352.25,1378.25,1,2,1357.8153791993213
2009-02-09T15:30:00+01:00,1375.25,1383,1369,1375,-1,-1,1359.452009751767
2009-02-10T15:30:00+01:00,1368.25,1376,1329.5,1336.75,-1,-2,1357.289913584932
2009-02-11T15:30:00+01:00,1339.75,1346.25,1329.5,1341,1,1,1355.73849324351
2009-02-12T15:30:00+01:00,1327,1346.75,1315.5,1345.25,1,2,1354.7395891250806
2009-02-13T15:30:00+01:00,1341.25,1347.75,1328.75,1330,-1,-1,1352.3834377798348
2009-02-17T15:30:00+01:00,1307,1311.5,1295.5,1295.75,-1,-2,1346.9897770388982
2009-02-18T15:30:00+01:00,1303,1304.75,1286.5,1289,-1,-3,1341.4669411304317
2009-02-19T15:30:00+01:00,1303.75,1306.75,1285,1289,-1,-4,1336.4700895942
2009-02-20T15:30:00+01:00,1272.25,1288.75,1262.5,1279.75,1,1,1331.0681762995143
2009-02-23T15:30:00+01:00,1287.75,1288,1249.75,1254.75,-1,-1,1323.7997785567034
2009-02-24T15:30:00+01:00,1258.25,1284.75,1253.5,1279,1,1,1319.5331329798744
2009-02-25T15:30:00+01:00,1276.5,1289.5,1261.25,1272,-1,-1,1315.006167934172
2009-02-26T15:30:00+01:00,1283.25,1289,1260.25,1262,-1,-2,1309.957961464251
2009-02-27T15:30:00+01:00,1245.5,1260.75,1242.5,1242.75,-1,-3,1303.5572032295604
2009-03-02T15:30:00+01:00,1230.25,1234.25,1208.75,1215.5,-1,-4,1295.1708029219833
2009-03-03T15:30:00+01:00,1221,1222,1198.75,1199.5,-1,-5,1286.0592978817945
2009-03-04T15:30:00+01:00,1217.25,1233.75,1209,1218,1,1,1279.5774599882902
2009-03-05T15:30:00+01:00,1205.75,1213.5,1186.25,1196.5,-1,-1,1271.6653209417864
2009-03-06T15:30:00+01:00,1198.75,1209.25,1175.75,1198.25,-1,-2,1264.6733856139972
2009-03-09T14:30:00+01:00,1184.5,1204.75,1182,1185.75,1,1,1257.1568726983785
2009-03-10T14:30:00+01:00,1200,1231.75,1198.5,1225.75,1,2,1254.1657419651997
2009-03-11T14:30:00+01:00,1235,1242.5,1223.25,1230.75,-1,-1,1251.9356713018474
2009-03-12T14:30:00+01:00,1230.75,1263,1224.5,1261.75,1,1,1252.8703692731
2009-03-13T14:30:00+01:00,1264.75,1269,1252.25,1268.5,1,2,1254.3589055328048
2009-03-16T14:30:00+01:00,1274.75,1284.75,1262.75,1267,-1,-1,1255.5628192915854
2009-03-17T14:30:00+01:00,1265.5,1290.25,1259.25,1289,1,1,1258.7473126923867
2009-03-18T14:30:00+01:00,1282.75,1313.75,1275,1304.75,1,2,1263.1285210073975
2009-03-19T14:30:00+01:00,1313.75,1314.25,1290.5,1293.75,-1,-1,1266.0448523400262
2009-03-20T14:30:00+01:00,1297.5,1298.5,1274.75,1276.75,-1,-2,1267.0643902124045
2009-03-23T14:30:00+01:00,1296.5,1334.25,1293.75,1331.25,1,1,1273.1773054302707
2009-03-24T14:30:00+01:00,1322.25,1333.25,1314.5,1316.75,-1,-1,1277.327085865483
2009-03-25T14:30:00+01:00,1321.75,1336.75,1300.25,1321.75,0,0,1281.55783959258
2009-03-26T14:30:00+01:00,1332,1343.75,1324.25,1340.5,1,1,1287.171378679001
2009-03-27T14:30:00+01:00,1330,1334.75,1322.75,1328.75,-1,-1,1291.1312473762391
2009-03-30T15:30:00+02:00,1307.5,1308.25,1288.75,1297.5,-1,-2,1291.7377952451686
2009-03-31T15:30:00+02:00,1305,1320.25,1299.75,1303.75,-1,-3,1292.8818147456288
2009-04-01T15:30:00+02:00,1294.75,1323.5,1292.25,1322.25,1,1,1295.6787847698547
2009-04-02T15:30:00+02:00,1340,1355.5,1336.5,1348.75,1,2,1300.7331862203448
2009-04-03T15:30:00+02:00,1344.25,1355.75,1336,1354,1,3,1305.8062161041214
2009-04-06T15:30:00+02:00,1342.5,1347.25,1332,1344.25,1,4,1309.4675288561098
2009-04-07T15:30:00+02:00,1331.5,1335.5,1324,1327.5,-1,-1,1311.1849070602898
2009-04-08T15:30:00+02:00,1329.25,1338.5,1324.25,1336,1,1,1313.5482492450242
2009-04-09T15:30:00+02:00,1356,1367.75,1352.25,1366,1,2,1318.5436540788314
2009-04-13T15:30:00+02:00,1358,1374.5,1354.75,1366.75,1,3,1323.1347346427522
2009-04-14T15:30:00+02:00,1359,1366.5,1349.5,1353.75,-1,-1,1326.0504742005853
2009-04-15T15:30:00+02:00,1347.25,1363.75,1344.75,1362.25,1,1,1329.498048086244
2009-04-16T15:30:00+02:00,1368,1380.25,1356.5,1374.5,1,2,1333.7839482685065
2009-04-17T15:30:00+02:00,1377,1385.25,1370,1380,1,3,1338.1854770048392
2009-04-20T15:30:00+02:00,1364.25,1365.25,1342,1346.75,-1,-1,1339.001145861521
2009-04-21T15:30:00+02:00,1337,1362,1336.5,1360.75,1,1,1341.072465303281
2009-04-22T15:30:00+02:00,1351.5,1372,1348.5,1349.25,-1,-1,1341.8512781315399
2009-04-23T15:30:00+02:00,1355.5,1363.25,1344.5,1362,1,1,1343.770204023774
2009-04-24T15:30:00+02:00,1368.75,1382,1365.5,1380,1,2,1347.2206607834146
2009-04-27T15:30:00+02:00,1365.75,1379,1363.75,1370,1,3,1349.3901216611846
2009-04-28T15:30:00+02:00,1358.25,1374.75,1356,1365,1,4,1350.8767767410718
2009-04-29T15:30:00+02:00,1373.75,1392.5,1371.5,1382,1,5,1353.840893241922
2009-04-30T15:30:00+02:00,1394.25,1399,1377.75,1378.5,-1,-1,1356.1893795998342
2009-05-01T15:30:00+02:00,1383,1391.5,1375.75,1389.75,1,1,1359.3856291617547
2009-05-04T15:30:00+02:00,1394,1418,1392.25,1416.5,1,2,1364.8250930511113
2009-05-05T15:30:00+02:00,1414,1418,1406.75,1416.75,1,3,1369.7703222843388
2009-05-06T15:30:00+02:00,1425.25,1431.25,1414.5,1430.5,1,4,1375.5541011144019
2009-05-07T15:30:00+02:00,1438.75,1440.25,1411.25,1421,-1,-1,1379.8822819606494
2009-05-08T15:30:00+02:00,1429,1441,1423,1437.5,1,1,1385.3696836786828
2009-05-11T15:30:00+02:00,1425.5,1429.75,1419,1422.75,-1,-1,1388.9297138045226
2009-05-12T15:30:00+02:00,1424.75,1426.75,1407.25,1420,-1,-2,1391.8887886802825
2009-05-13T15:30:00+02:00,1406,1408.75,1393.25,1398.75,-1,-3,1392.5422373773984
2009-05-14T15:30:00+02:00,1396.25,1410,1393.75,1402.75,1,1,1393.5144052462176
2009-05-15T15:30:00+02:00,1402.25,1408.75,1390,1396,-1,-1,1393.7511285561015
2009-05-18T15:30:00+02:00,1404.25,1422,1402.25,1420.75,1,1,1396.3224496459966
2009-05-19T15:30:00+02:00,1420.25,1428.25,1416.75,1419.5,-1,-1,1398.529835393997
2009-05-20T15:30:00+02:00,1428.25,1436.75,1412.5,1412.75,-1,-2,1399.884136785045
2009-05-21T15:30:00+02:00,1403,1406.5,1391,1402.25,-1,-3,1400.1094570912312
2009-05-22T15:30:00+02:00,1403.25,1408.75,1395.25,1398.25,-1,-4,1399.9323659396853
2009-05-26T15:30:00+02:00,1392,1424.25,1391.5,1422,1,1,1402.034045374001
2009-05-27T15:30:00+02:00,1423,1426,1403.75,1405.75,-1,-1,1402.3879458145723
2009-05-28T15:30:00+02:00,1413,1422,1399.5,1418.25,1,1,1403.898617641756
2009-05-29T15:30:00+02:00,1422.75,1441,1415.5,1434.75,1,2,1406.8368445330173
2009-06-01T15:30:00+02:00,1445,1460.5,1442.75,1452,1,3,1411.1380974346346
2009-06-02T15:30:00+02:00,1452.5,1462.25,1450,1456,1,4,1415.410659583717
2009-06-03T15:30:00+02:00,1448.75,1449.75,1435.75,1445,-1,-1,1418.2286920043155
2009-06-04T15:30:00+02:00,1448.25,1455.25,1441.25,1454.75,1,1,1421.7069118134282
2009-06-05T15:30:00+02:00,1463.5,1465.25,1446.5,1453.75,-1,-1,1424.7586344978636
2009-06-08T15:30:00+02:00,1447,1459.75,1438.75,1452.25,1,1,1427.3768597837814
2009-06-09T15:30:00+02:00,1455.5,1460.25,1448.75,1452.75,-1,-1,1429.7933493281832
2009-06-10T15:30:00+02:00,1463.5,1463.75,1440.25,1453.5,-1,-2,1432.051125582642
2009-06-11T15:30:00+02:00,1454.25,1469.75,1454.25,1455.5,1,1,1434.2843517176286
2009-06-12T15:30:00+02:00,1452.5,1460,1448.5,1457.75,1,2,1436.5191753635688
2009-06-15T15:30:00+02:00,1448,1448.75,1432.5,1436.5,-1,-1,1436.5173491384671
2009-06-16T15:30:00+02:00,1440.75,1441.25,1423.75,1425.25,-1,-2,1435.444268268137
2009-06-17T15:30:00+02:00,1424.25,1431.5,1416.5,1422.25,-1,-3,1434.1876712902192
2009-06-18T15:30:00+02:00,1425,1435,1420.75,1430.75,1,1,1433.860274024484
2009-06-19T15:30:00+02:00,1438.75,1440.25,1428,1433,-1,-1,1433.7783431650093
2009-06-22T15:30:00+02:00,1424.25,1425,1405,1406,-1,-2,1431.1327866731037
2009-06-23T15:30:00+02:00,1407.75,1411.75,1401.5,1407.25,-1,-3,1428.8582355613796
2009-06-24T15:30:00+02:00,1414.25,1423.75,1408.75,1415.25,1,1,1427.5622131269624
2009-06-25T15:30:00+02:00,1409.75,1435,1408.5,1434.25,1,2,1428.1991452101088
2009-06-26T15:30:00+02:00,1430.5,1435.5,1425.75,1431.25,1,3,1428.4897028091461
2009-06-29T15:30:00+02:00,1433.75,1441.25,1428.75,1438.25,1,4,1429.4192549225609
2009-06-30T15:30:00+02:00,1440,1443.5,1425.5,1433.75,-1,-1,1429.831706834698
2009-07-01T15:30:00+02:00,1436.5,1445.5,1435,1436.5,0,0,1430.4667823742507
2009-07-02T15:30:00+02:00,1424.25,1424.5,1410,1410.75,-1,-1,1428.588993576703
2009-07-06T15:30:00+02:00,1402,1413.5,1399.25,1413.25,1,1,1427.1281370455883
2009-07-07T15:30:00+02:00,1409.75,1410.75,1392.5,1396.5,-1,-1,1424.2111716126751
2009-07-08T15:30:00+02:00,1398.5,1400.75,1382.5,1390.25,-1,-2,1420.97677431623
2009-07-09T15:30:00+02:00,1398.75,1401.75,1391.5,1396.25,-1,-3,1418.62184342897
2009-07-10T15:30:00+02:00,1389.75,1397.5,1386,1391.5,1,1,1416.038810721449
2009-07-13T15:30:00+02:00,1395.5,1415,1388.5,1412.75,1,2,1415.7255906527396
2009-07-14T15:30:00+02:00,1416.5,1420.75,1409.75,1418.25,1,3,1415.966010590574
2009-07-15T15:30:00+02:00,1431,1448,1429.75,1444.25,1,4,1418.659723867662
2009-07-16T15:30:00+02:00,1442.75,1458,1441,1452.75,1,5,1421.9064168326465
2009-07-17T15:30:00+02:00,1453.5,1456,1448.25,1454.5,1,6,1425.0105676104897
2009-07-20T15:30:00+02:00,1459.5,1466.5,1454.5,1466.25,1,7,1428.9381325999668
2009-07-21T15:30:00+02:00,1471.5,1471.75,1456.75,1471,-1,-1,1432.9440247333034
2009-07-22T15:30:00+02:00,1462.5,1474,1461.75,1467.25,1,1,1436.211260472989
2009-07-23T15:30:00+02:00,1469,1493.75,1468,1486.5,1,2,1441.0006642374663
2009-07-24T15:30:00+02:00,1484.75,1496.25,1479.75,1496.25,1,3,1446.26250573866
2009-07-27T15:30:00+02:00,1491.75,1497.25,1486.25,1497,1,4,1451.0946480492637
2009-07-28T15:30:00+02:00,1489.5,1496.5,1483.25,1492.75,1,5,1455.0618244255243
2009-07-29T15:30:00+02:00,1487.25,1492.5,1482.5,1492.25,1,6,1458.6035554326172
2009-07-30T15:30:00+02:00,1501,1511.25,1498.5,1499.75,-1,-1,1462.5222644390346
2009-07-31T15:30:00+02:00,1499.5,1507.75,1496.75,1499,-1,-2,1465.99633449246
2009-08-03T15:30:00+02:00,1511.5,1518.5,1506,1518.25,1,1,1470.9728740646067
2009-08-04T15:30:00+02:00,1512.75,1522.25,1510.5,1522.25,1,2,1475.8564098679774
2009-08-05T15:30:00+02:00,1520.5,1521.25,1508.5,1518,-1,-1,1479.870085118646
2009-08-06T15:30:00+02:00,1521.5,1523,1507,1512.25,-1,-2,1482.953886535918
2009-08-07T15:30:00+02:00,1522,1533.25,1516.75,1523.25,1,1,1486.7916116277354
2009-08-10T15:30:00+02:00,1520.5,1525,1515.5,1524.75,1,2,1490.4066962346178
2009-08-11T15:30:00+02:00,1518.25,1519,1507.25,1509.75,-1,-1,1492.2489156408446
2009-08-12T15:30:00+02:00,1508.25,1528.5,1508,1519.5,1,1,1494.8442570083832
2009-08-13T15:30:00+02:00,1525.25,1531.25,1515.25,1530.5,1,2,1498.240042055204
2009-08-14T15:30:00+02:00,1528.25,1528.75,1509.5,1523.75,-1,-1,1500.6695618594702
2009-08-17T15:30:00+02:00,1501.5,1502.25,1492.75,1495.25,-1,-2,1500.1534131109493
2009-08-18T15:30:00+02:00,1498.25,1507.25,1496.25,1507,1,1,1500.8054690051445
2009-08-19T15:30:00+02:00,1495.75,1516,1495.25,1514.5,1,2,1502.1097100522736
2009-08-20T15:30:00+02:00,1513.75,1525,1511.5,1522,1,3,1504.0040233806285
2009-08-21T15:30:00+02:00,1531,1544.25,1529,1542.5,1,4,1507.6703068681877
2009-08-24T15:30:00+02:00,1546.75,1552.25,1538.5,1541.75,-1,-1,1510.9159919283602
2009-08-25T15:30:00+02:00,1546.5,1555.25,1542,1543.25,-1,-2,1513.9954212685163
2009-08-26T15:30:00+02:00,1541,1549.25,1537.5,1544,1,1,1516.8530001953243
2009-08-27T15:30:00+02:00,1544,1550,1532,1546.5,1,2,1519.6765239862457
2009-08-28T15:30:00+02:00,1555,1556,1539.25,1544.75,-1,-1,1522.0644740827938
2009-08-31T15:30:00+02:00,1536.25,1538.75,1530.5,1538,1,1,1523.5821432177659
2009-09-01T15:30:00+02:00,1532.5,1545,1512.5,1514,-1,-1,1522.6695581494073
2009-09-02T15:30:00+02:00,1510.5,1517,1508.25,1511,1,1,1521.5581716589875
2009-09-03T15:30:00+02:00,1516.75,1520.5,1508.5,1519,1,2,1521.3145362628934
2009-09-04T15:30:00+02:00,1520.75,1533.5,1518,1531.25,1,3,1522.2607709045226
2009-09-08T15:30:00+02:00,1542.75,1543,1536.25,1542.25,-1,-1,1524.1645070088537
2009-09-09T15:30:00+02:00,1543.5,1553.5,1540.5,1550,1,1,1526.6250301508676
2009-09-10T15:30:00+02:00,1550.5,1561.25,1544.75,1558.75,1,2,1529.6845510888802
2009-09-11T15:30:00+02:00,1562,1565.5,1555.25,1559,-1,-1,1532.4764986042248
2009-09-14T15:30:00+02:00,1551,1567,1551,1565.5,1,1,1535.621593975251
2009-09-15T15:30:00+02:00,1567.25,1573.75,1560,1567.75,1,2,1538.6814421680842
2009-09-16T15:30:00+02:00,1573.5,1585.75,1569.5,1585.5,1,3,1543.1403524377904
2009-09-17T15:30:00+02:00,1584.25,1593.25,1578,1584.5,1,4,1547.0793664913342
2009-09-18T15:30:00+02:00,1588.75,1589,1581,1582.75,-1,-1,1550.4765696826357
2009-09-21T15:30:00+02:00,1576.25,1584.5,1573.75,1582,1,1,1553.4788011414323
2009-09-22T15:30:00+02:00,1587.75,1591,1583.25,1589.25,1,2,1556.8855819851053
2009-09-23T15:30:00+02:00,1590.5,1597.5,1577,1580.75,-1,-1,1559.1583837008095
2009-09-24T15:30:00+02:00,1581.25,1583.75,1562.75,1565.75,-1,-2,1559.7861566816848
2009-09-25T15:30:00+02:00,1565.25,1570.75,1558,1563,-1,-3,1560.0922369977147
2009-09-28T15:30:00+02:00,1565.75,1582.75,1565.5,1581.25,1,1,1562.1072620455514
2009-09-29T15:30:00+02:00,1582.5,1587.5,1575,1576.25,-1,-1,1563.4541894697845
2009-09-30T15:30:00+02:00,1580.5,1581.75,1563.25,1575.5,-1,-2,1564.6014095202813
2009-10-01T15:30:00+02:00,1570.75,1571,1546.25,1549,-1,-3,1563.1155609945401
2009-10-02T15:30:00+02:00,1537,1548,1536.75,1543.75,1,1,1561.271221852203
2009-10-05T15:30:00+02:00,1546.25,1560.25,1543,1558.75,1,2,1561.0311054853266
2009-10-06T15:30:00+02:00,1564.75,1578.5,1564.25,1570.25,1,3,1561.9090954391052
2009-10-07T15:30:00+02:00,1569.75,1576.25,1568,1575.75,1,4,1563.227276825857
2009-10-08T15:30:00+02:00,1582.75,1589,1578.5,1585.75,1,5,1565.3722980805373
2009-10-09T15:30:00+02:00,1583.75,1590.25,1580.75,1590.25,1,6,1567.741603025248
2009-10-12T15:30:00+02:00,1594.75,1598,1589.75,1593,-1,-1,1570.147164641891
2009-10-13T15:30:00+02:00,1590.75,1593.75,1584.75,1590.25,-1,-2,1572.0617203902825
2009-10-14T15:30:00+02:00,1604.25,1611.5,1599.5,1609.5,1,1,1575.6272708293031
2009-10-15T15:30:00+02:00,1605,1615,1604.5,1611.75,1,2,1579.0675307503218
2009-10-16T15:30:00+02:00,1605,1610,1599.25,1604,-1,-1,1581.4420516312434
2009-10-19T15:30:00+02:00,1607.75,1618.5,1604.5,1612.5,1,1,1584.3999514758868
2009-10-20T15:30:00+02:00,1616.5,1617,1603.75,1611,-1,-1,1586.9332894305642
2009-10-21T15:30:00+02:00,1607.5,1620.25,1594.25,1599.75,-1,-2,1588.1539285324152
2009-10-22T15:30:00+02:00,1599,1614,1592,1612.75,1,1,1590.496411529328
2009-10-23T15:30:00+02:00,1614,1614.75,1593.25,1598.5,-1,-1,1591.2586580503444
2009-10-26T14:30:00+01:00,1599.25,1610.25,1583,1588,-1,-2,1590.9483096645972
2009-10-27T14:30:00+01:00,1587.5,1591,1578.75,1582,-1,-3,1590.0960896965403
2009-10-28T14:30:00+01:00,1578.5,1582,1559.75,1560.25,-1,-4,1587.2536049635364
2009-10-29T14:30:00+01:00,1569,1585.75,1566.5,1583.25,1,1,1586.8723092527234
2009-10-30T14:30:00+01:00,1580.25,1583.5,1551.25,1554,-1,-1,1583.7416131334164
2009-11-02T15:30:00+01:00,1558.25,1571.25,1547.75,1561,1,1,1581.5757452159482
2009-11-03T15:30:00+01:00,1554.5,1564.75,1552.5,1563.25,1,2,1579.8304361477626
2009-11-04T15:30:00+01:00,1572,1580.25,1563.25,1569,-1,-1,1578.798966038452
2009-11-05T15:30:00+01:00,1573.25,1585.75,1571.25,1585.5,1,1,1579.4371597490756
2009-11-06T15:30:00+01:00,1579.25,1591,1577.25,1588.25,1,2,1580.2764778682113
2009-11-09T15:30:00+01:00,1596.5,1613.75,1595.75,1613.5,1,3,1583.4406228331436
2009-11-10T15:30:00+01:00,1610.25,1616.25,1606.75,1613.75,1,4,1586.327230182368
2009-11-11T15:30:00+01:00,1620,1625,1613,1617.75,-1,-1,1589.3198749269045
2009-11-12T15:30:00+01:00,1617,1622.75,1604.25,1609.25,-1,-2,1591.217982076723
2009-11-13T15:30:00+01:00,1610,1617.75,1604.5,1613.25,1,1,1593.3162694979876
2009-11-16T15:30:00+01:00,1620.75,1634,1620,1628.25,1,2,1596.6432914505601
2009-11-17T15:30:00+01:00,1626,1630.75,1621.75,1629.25,1,3,1599.7486922647925
2009-11-18T15:30:00+01:00,1629.5,1631.25,1622.5,1630.25,1,4,1602.6535787157645
2009-11-19T15:30:00+01:00,1622,1622.5,1608.25,1616,-1,-1,1603.9246664571203
2009-11-20T15:30:00+01:00,1609.25,1614.5,1607,1612,1,1,1604.6937458421564
2009-11-23T15:30:00+01:00,1624,1633.25,1623,1625.5,1,2,1606.6752938571892
2009-11-24T15:30:00+01:00,1627.25,1628.5,1616.75,1625,-1,-1,1608.4205039660283
2009-11-25T15:30:00+01:00,1628.5,1632,1625,1630.75,1,1,1610.5471226359302
2009-11-27T15:30:00+01:00,1600.5,1620,1599.5,1611.25,1,2,1610.6140633372702
2009-11-30T15:30:00+01:00,1611.75,1618.25,1606.75,1614.75,1,3,1611.007962067054
2009-12-01T15:30:00+01:00,1626,1633.5,1624,1630.5,1,4,1612.8643466320964
2009-12-02T15:30:00+01:00,1630,1637.25,1626,1629.5,-1,-1,1614.4486945718968
2009-12-03T15:30:00+01:00,1632.25,1638.75,1619.25,1619.5,-1,-2,1614.9297712793352
2009-12-04T15:30:00+01:00,1635.25,1640.75,1617,1630,-1,-3,1616.3650311574938
2009-12-07T15:30:00+01:00,1626.25,1632.25,1621.75,1625.5,-1,-4,1617.2350281901136
2009-12-08T15:30:00+01:00,1617.75,1619.25,1609.5,1612,-1,-5,1616.7364540767694
2009-12-09T15:30:00+01:00,1612.5,1618.75,1606.75,1617.5,1,1,1616.8091727361248
2009-12-10T15:30:00+01:00,1623.75,1628,1621.25,1624.25,1,2,1617.517822951732
2009-12-11T15:30:00+01:00,1628,1630.5,1623,1630.25,1,3,1618.7304112420431
2009-12-14T15:30:00+01:00,1635.25,1636.75,1630.5,1635,-1,-1,1620.279895885658
2009-12-15T15:30:00+01:00,1631.75,1636.25,1627,1630.5,-1,-2,1621.253239134643
2009-12-16T15:30:00+01:00,1635,1638.5,1629.75,1632.5,-1,-3,1622.324359217058
2009-12-17T15:30:00+01:00,1624.25,1626.25,1617.5,1621.25,-1,-4,1622.2220392916238
2009-12-18T15:30:00+01:00,1624.75,1625.75,1615.25,1624.5,-1,-5,1622.4389879305168
2009-12-21T15:30:00+01:00,1630.25,1640,1630,1634.25,1,1,1623.5638462228485
2009-12-22T15:30:00+01:00,1638.25,1642.5,1637.25,1640.5,1,2,1625.1768132492439
2009-12-23T15:30:00+01:00,1642.75,1644,1638,1642.5,-1,-1,1626.8266405588397
2009-12-24T15:30:00+01:00,1645,1649.25,1644.75,1648.75,1,1,1628.9145795532359
2009-12-28T15:30:00+01:00,1652,1653,1646.25,1649.75,-1,-1,1630.8989053100706
2009-12-29T15:30:00+01:00,1653,1653.25,1647.25,1648.25,-1,-2,1632.5513905186353
2009-12-30T15:30:00+01:00,1645.25,1649.25,1644.5,1648.5,1,1,1634.0703057073367
2009-12-31T15:30:00+01:00,1650.5,1650.75,1636.5,1640.25,-1,-1,1634.6588480209236
2010-01-04T15:30:00+01:00,1646.25,1656.5,1646,1655.5,1,1,1636.6437196379786
2010-01-05T15:30:00+01:00,1655.25,1659.75,1651.75,1659,1,2,1638.7728891962663
2010-01-06T15:30:00+01:00,1657.5,1662.25,1656.5,1659.75,1,3,1640.7707092728124
2010-01-07T15:30:00+01:00,1657.25,1665.5,1654.25,1664.5,1,4,1643.0306417230208
2010-01-08T15:30:00+01:00,1661.25,1668.5,1658.75,1668.25,1,5,1645.4324853684475
2010-01-11T15:30:00+01:00,1673,1673.5,1664.5,1669.25,-1,-1,1647.700820095262
2010-01-12T15:30:00+01:00,1662,1664.5,1654.5,1660.75,-1,-2,1648.9435991338084
2010-01-13T15:30:00+01:00,1662,1672,1656,1668,1,1,1650.758494454398
2010-01-14T15:30:00+01:00,1667.25,1673.75,1666.5,1672.25,1,2,1652.80530450636
2010-01-15T15:30:00+01:00,1669.5,1670.75,1654.25,1658.75,-1,-1,1653.3714659819448
2010-01-19T15:30:00+01:00,1658.25,1673.75,1658,1672.5,1,1,1655.1932311265214
2010-01-20T15:30:00+01:00,1665,1665.25,1652,1661,-1,-1,1655.7462567335194
2010-01-21T15:30:00+01:00,1661.25,1665,1637,1637.25,-1,-2,1653.9847084731844
2010-01-22T15:30:00+01:00,1634.5,1638.5,1613,1618,-1,-3,1650.5575933805
2010-01-25T15:30:00+01:00,1624.5,1626.25,1616.5,1619.5,-1,-4,1647.599727344262
2010-01-26T15:30:00+01:00,1615.5,1626.75,1612.25,1613.75,-1,-5,1644.3759437876656
2010-01-27T15:30:00+01:00,1613.75,1623,1605.25,1621.5,1,1,1642.1972824745546
2010-01-28T15:30:00+01:00,1624,1624.5,1601,1605.5,-1,-1,1638.7023031912638
2010-01-29T15:30:00+01:00,1612.5,1620,1593.25,1595.5,-1,-2,1634.5877981254291
2010-02-01T15:30:00+01:00,1603.5,1613.25,1602.75,1613.25,1,1,1632.5556268753883
2010-02-02T15:30:00+01:00,1614.75,1628.25,1611,1624,1,2,1631.7408052682085
2010-02-03T15:30:00+01:00,1620.75,1626.25,1617.25,1623.25,1,3,1630.9321571474268
2010-02-04T15:30:00+01:00,1611.75,1612.5,1586,1588.5,-1,-1,1626.8909993238624
2010-02-05T15:30:00+01:00,1587.5,1590.75,1567.5,1586.25,-1,-2,1623.020427959685
2010-02-08T15:30:00+01:00,1589.5,1595.25,1579.75,1582.75,-1,-3,1619.1851491063817
2010-02-09T15:30:00+01:00,1593.25,1603.75,1584.75,1593.5,1,1,1616.7389444295834
2010-02-10T15:30:00+01:00,1592.5,1598.25,1583,1590,-1,-1,1614.1923782934325
2010-02-11T15:30:00+01:00,1590.75,1604.75,1584.25,1603,1,1,1613.1264375035819
2010-02-12T15:30:00+01:00,1591.75,1606,1586.75,1606,1,2,1612.4477291699075
2010-02-16T15:30:00+01:00,1610.75,1620.75,1606.25,1620.25,1,3,1613.1908025822972
2010-02-17T15:30:00+01:00,1624.75,1626.5,1619.5,1626.5,1,4,1614.458345193507
2010-02-18T15:30:00+01:00,1623,1633.5,1622.5,1632.5,1,5,1616.1765980322207
2010-02-19T15:30:00+01:00,1628.25,1637.75,1625.5,1633,1,6,1617.7788267910569
2010-02-22T15:30:00+01:00,1637.25,1637.75,1630.25,1634.5,-1,-1,1619.3713194776228
2010-02-23T15:30:00+01:00,1630.5,1634.25,1617,1623.75,-1,-2,1619.7883366702301
2010-02-24T15:30:00+01:00,1623.5,1632.25,1620.5,1630.25,1,1,1620.7846855587798
2010-02-25T15:30:00+01:00,1614.25,1629.75,1611.25,1629,1,2,1621.5670964579435
2010-02-26T15:30:00+01:00,1630,1633.25,1623,1632,1,3,1622.5607063190919
2010-03-01T15:30:00+01:00,1633.75,1642.25,1633.5,1641.25,1,4,1624.340639050607
2010-03-02T15:30:00+01:00,1645.5,1649.5,1642,1644,-1,-1,1626.2129591410253
2010-03-03T15:30:00+01:00,1647,1651.75,1642.25,1645.5,-1,-2,1628.0498201752134
2010-03-04T15:30:00+01:00,1646.25,1650.25,1642.25,1649,1,1,1630.0450753966218
2010-03-05T15:30:00+01:00,1656,1665.5,1652.75,1663,1,2,1633.1836396445626
2010-03-08T15:30:00+01:00,1664.75,1667.25,1662.75,1663.75,-1,-1,1636.0947215831757
2010-03-09T15:30:00+01:00,1661,1672,1660.75,1667,1,1,1639.0380814323971
2010-03-10T15:30:00+01:00,1667,1674.75,1666,1672.25,1,2,1642.2011212959783
2010-03-11T15:30:00+01:00,1669,1677.75,1665.25,1677.75,1,3,1645.5867287915994
2010-03-12T15:30:00+01:00,1681.25,1681.75,1673.5,1678.25,-1,-1,1648.6975165257327
2010-03-15T14:30:00+01:00,1674.5,1677.75,1668,1677,1,1,1651.3929911423295
2010-03-16T14:30:00+01:00,1680.25,1687,1676.75,1686.25,1,2,1654.7127062716315
2010-03-17T14:30:00+01:00,1689.25,1696.75,1688.75,1692.25,1,3,1658.2876866267143
2010-03-18T14:30:00+01:00,1692.75,1694.5,1687.5,1692.75,0,0,1661.5698117098843
2010-03-19T14:30:00+01:00,1696,1696.25,1681.5,1687.5,-1,-1,1664.0393534518
2010-03-22T14:30:00+01:00,1679.5,1694.5,1679,1693.25,1,1,1666.821319789724
2010-03-23T14:30:00+01:00,1694,1701.75,1690.25,1700.75,1,2,1670.052622666893
2010-03-24T14:30:00+01:00,1696.25,1700,1692.25,1696,-1,-1,1672.5238014605222
2010-03-25T14:30:00+01:00,1702.75,1707.75,1691.5,1693.75,-1,-2,1674.5453441785678
2010-03-26T14:30:00+01:00,1695,1701,1687.75,1694.75,-1,-3,1676.4695971139422
2010-03-29T15:30:00+02:00,1698.25,1702.25,1696.5,1699.75,1,1,1678.6867783411858
2010-03-30T15:30:00+02:00,1701.25,1705,1695.5,1700.5,-1,-1,1680.7642280229777
2010-03-31T15:30:00+02:00,1696,1701.75,1692.5,1699,1,1,1682.5009682112654
2010-04-01T15:30:00+02:00,1704.5,1708.75,1697.5,1705,1,2,1684.6437331435259
2010-04-05T15:30:00+02:00,1709.25,1715,1705.75,1714.5,1,3,1687.4871871298567
2010-04-06T15:30:00+02:00,1711,1719.25,1709.5,1717.25,1,4,1690.321740736537
2010-04-07T15:30:00+02:00,1714.5,1717.5,1704.5,1710,-1,-1,1692.1958606663907
2010-04-08T15:30:00+02:00,1706,1716.25,1702.25,1715,1,1,1694.3676834600678
2010-04-09T15:30:00+02:00,1716.75,1724.25,1714.25,1724,1,2,1697.1898088448233
2010-04-12T15:30:00+02:00,1723.5,1727,1722,1724,1,3,1699.7431603834116
2010-04-13T15:30:00+02:00,1722.5,1727,1716.25,1724,1,4,1702.0533355849914
2010-04-14T15:30:00+02:00,1729.25,1738.5,1727.25,1737.75,1,5,1705.4530179102303
2010-04-15T15:30:00+02:00,1736.25,1741.75,1735.75,1739.5,1,6,1708.6955876330655
2010-04-16T15:30:00+02:00,1735.25,1737.25,1714,1721,-1,-1,1709.8674364299166
2010-04-19T15:30:00+02:00,1716.5,1727.75,1711,1727.25,1,1,1711.5229186746865
2010-04-20T15:30:00+02:00,1732.25,1737,1728.25,1736.75,1,2,1713.9254978485258
2010-04-21T15:30:00+02:00,1736,1738.75,1726.25,1730.75,-1,-1,1715.5278313867614
2010-04-22T15:30:00+02:00,1724.75,1738.25,1717.5,1733.5,1,1,1717.239466492784
2010-04-23T15:30:00+02:00,1735.75,1745,1732.5,1744,1,2,1719.7880887315664
2010-04-26T15:30:00+02:00,1745,1747.75,1738.75,1738.75,-1,-1,1721.5939850428458
2010-04-27T15:30:00+02:00,1733,1739.25,1709,1712.25,-1,-2,1720.704081705432
2010-04-28T15:30:00+02:00,1716.75,1723.25,1709,1721.5,1,1,1720.7798834477717
2010-04-29T15:30:00+02:00,1727.25,1737.5,1727,1736.75,1,2,1722.3008469289364
2010-05-03T15:30:00+02:00,1720.25,1733.25,1718.25,1729.75,1,3,1723.0102900785614
2010-05-04T15:30:00+02:00,1716.5,1716.75,1695.5,1703.25,-1,-1,1721.128357690127
2010-05-05T15:30:00+02:00,1692,1704.25,1686,1695.25,1,1,1718.6637521958291
2010-05-06T15:30:00+02:00,1688.75,1696.25,1587.25,1654,-1,-1,1712.5052996057502
2010-05-07T15:30:00+02:00,1653,1664,1622,1638.75,-1,-2,1705.4809853575834
2010-05-10T15:30:00+02:00,1684.5,1693,1675.5,1687.5,1,1,1703.768510561623
2010-05-11T15:30:00+02:00,1677.25,1700.25,1675.5,1683.25,1,2,1701.8143666986114
2010-05-12T15:30:00+02:00,1689.25,1702.5,1687.25,1701,1,3,1701.7368079654102
2010-05-13T15:30:00+02:00,1697.75,1703.25,1685,1687.5,-1,-1,1700.380921492514
2010-05-14T15:30:00+02:00,1677.75,1679.75,1655,1666.5,-1,-2,1697.1541670646557
2010-05-17T15:30:00+02:00,1668.25,1671.5,1644,1665.75,-1,-3,1694.1632940108789
2010-05-18T15:30:00+02:00,1675.25,1678.75,1646.5,1649.25,-1,-4,1689.8858374384142
2010-05-19T15:30:00+02:00,1644,1654,1630,1641,-1,-5,1685.2300433966604
2010-05-20T15:30:00+02:00,1620,1625.25,1598.5,1600.75,-1,-6,1677.1843249779308
2010-05-21T15:30:00+02:00,1585.25,1620,1582.5,1615.5,1,1,1671.3096273609851
2010-05-24T15:30:00+02:00,1611.25,1620,1601.25,1601.75,-1,-1,1664.6849009456532
2010-05-25T15:30:00+02:00,1577.25,1606,1569.75,1603.75,1,1,1658.8815770460672
2010-05-26T15:30:00+02:00,1611,1620.75,1591.75,1592.25,-1,-1,1652.5357125654893
2010-05-27T15:30:00+02:00,1618.25,1634.25,1613.75,1631.75,1,1,1650.5561208925856
2010-05-28T15:30:00+02:00,1632.5,1633,1614.5,1618.75,-1,-1,1647.5269665218632
2010-06-01T15:30:00+02:00,1609.5,1625.75,1599.75,1600.5,-1,-2,1643.0482078054952
2010-06-02T15:30:00+02:00,1606.75,1629.5,1602,1628,1,1,1641.6150451573528
2010-06-03T15:30:00+02:00,1632.5,1636.5,1622,1635.25,1,2,1641.008850380462
2010-06-04T15:30:00+02:00,1612.25,1619.25,1590.5,1597.25,-1,-1,1636.841340820418
2010-06-07T15:30:00+02:00,1598,1602,1578.25,1578.5,-1,-2,1631.2850226470448
2010-06-08T15:30:00+02:00,1581.5,1594.5,1572.5,1590.5,1,1,1627.4007347758977
2010-06-09T15:30:00+02:00,1598.25,1609,1582.5,1586.25,-1,-1,1623.4816171781931
2010-06-10T15:30:00+02:00,1604.5,1619,1603,1615.25,1,1,1622.6976536374127
2010-06-11T15:30:00+02:00,1607.75,1623.5,1607.25,1620.75,1,2,1622.512162814802
2010-06-14T15:30:00+02:00,1631.25,1637.25,1620,1621.75,-1,-1,1622.439575880059
2010-06-15T15:30:00+02:00,1628.5,1647,1626.75,1644.75,1,1,1624.5643781771962
2010-06-16T15:30:00+02:00,1640,1650.25,1638,1645.25,1,2,1626.5344373984155
2010-06-17T15:30:00+02:00,1648.5,1649.25,1636.25,1647.25,-1,-1,1628.507348122376
2010-06-18T15:30:00+02:00,1649,1652.25,1644.5,1645.75,-1,-2,1630.1495054440545
2010-06-21T15:30:00+02:00,1662,1663,1638.75,1646,-1,-3,1631.6590763541446
2010-06-22T15:30:00+02:00,1645,1650,1625,1625.75,-1,-4,1631.0963071775595
2010-06-23T15:30:00+02:00,1627.5,1631.25,1615.75,1622.5,-1,-5,1630.2776112558872
2010-06-24T15:30:00+02:00,1618,1619.25,1602,1605.75,-1,-6,1627.941648279136
2010-06-25T15:30:00+02:00,1608.25,1615,1598.25,1610.25,1,1,1626.2567293954087
2010-06-28T15:30:00+02:00,1611,1614,1602,1606,-1,-1,1624.3275170720365
2010-06-29T15:30:00+02:00,1591,1591.25,1565.75,1570.25,-1,-2,1619.17727735089
2010-06-30T15:30:00+02:00,1569.75,1579.25,1558.5,1560,-1,-3,1613.5413461746148
2010-07-01T15:30:00+02:00,1561.75,1565.25,1541.5,1557.5,-1,-4,1608.2040751103657
2010-07-02T15:30:00+02:00,1561.5,1564.5,1546.25,1549.75,-1,-5,1602.63702033795
2010-07-06T15:30:00+02:00,1566.75,1574,1549,1559.75,-1,-6,1598.552542210526
2010-07-07T15:30:00+02:00,1561.25,1595.25,1560.25,1595,1,1,1598.2142048571427
2010-07-08T15:30:00+02:00,1600.25,1604,1589.5,1602.5,1,2,1598.622375823129
2010-07-09T15:30:00+02:00,1601.75,1610.5,1599.75,1607.5,1,3,1599.467863839974
2010-07-12T15:30:00+02:00,1606.5,1612.75,1602,1611.75,1,4,1600.6375910933098
2010-07-13T15:30:00+02:00,1621.75,1631.5,1619.75,1625,1,5,1602.9578205129947
2010-07-14T15:30:00+02:00,1623.5,1631,1619,1626.5,1,6,1605.1999328450904
2010-07-15T15:30:00+02:00,1626.75,1631,1611.75,1625.75,-1,-1,1607.1570820979389
2010-07-16T15:30:00+02:00,1621.25,1622,1594.5,1598.75,-1,-2,1606.356407612421
2010-07-19T15:30:00+02:00,1600.75,1606.5,1592.5,1599.75,-1,-3,1605.7272259350475
2010-07-20T15:30:00+02:00,1589,1616.25,1588.5,1616,1,1,1606.7055853698048
2010-07-21T15:30:00+02:00,1620.75,1621,1596.5,1599.25,-1,-1,1605.9955296202995
2010-07-22T15:30:00+02:00,1613.75,1630,1613.5,1624,1,1,1607.710241085033
2010-07-23T15:30:00+02:00,1623,1637,1619.5,1636.5,1,2,1610.4521228864585
2010-07-26T15:30:00+02:00,1636.25,1647.25,1633.25,1645,1,3,1613.7423968972719
2010-07-27T15:30:00+02:00,1652,1653.25,1641.5,1646.5,-1,-1,1616.8621686213412
2010-07-28T15:30:00+02:00,1643.5,1647,1634.75,1637.75,-1,-2,1618.851485895499
2010-07-29T15:30:00+02:00,1645.5,1648.5,1624.25,1632.25,-1,-3,1620.1275348578324
2010-07-30T15:30:00+02:00,1622,1639,1620,1635.5,1,1,1621.5915791570865
2010-08-02T15:30:00+02:00,1650,1659.75,1645.75,1657,1,2,1624.9638097135544
2010-08-03T15:30:00+02:00,1655.25,1658.25,1648.75,1653.75,-1,-1,1627.705351645597
2010-08-04T15:30:00+02:00,1655.75,1661.5,1651.75,1660.5,1,1,1630.8286514888734
2010-08-05T15:30:00+02:00,1652.5,1659.5,1651,1659.25,1,2,1633.5354465851713
2010-08-06T15:30:00+02:00,1647.75,1656,1639.25,1655.25,1,3,1635.6034992913453
2010-08-09T15:30:00+02:00,1659.5,1662.25,1653.5,1661.25,1,4,1638.04602316836
2010-08-10T15:30:00+02:00,1650.5,1660,1643.75,1654.75,1,5,1639.6368781047067
2010-08-11T15:30:00+02:00,1636.5,1637,1620,1620.25,-1,-1,1637.7905087614013
2010-08-12T15:30:00+02:00,1606.75,1620.25,1606,1614.75,1,1,1635.5961745936488
2010-08-13T15:30:00+02:00,1612.75,1619.75,1611,1611.5,-1,-1,1633.3013008228252
2010-08-16T15:30:00+02:00,1605.75,1616.25,1601.75,1612.75,1,1,1631.3440340777943
2010-08-17T15:30:00+02:00,1621.75,1634,1618.75,1624.25,1,2,1630.668411784671
2010-08-18T15:30:00+02:00,1625.5,1634,1619.25,1621.75,-1,-1,1629.81903923375
2010-08-19T15:30:00+02:00,1622,1625,1604,1606.5,-1,-2,1627.5981783543452
2010-08-20T15:30:00+02:00,1605.75,1607,1597.25,1606,1,1,1625.5412089872648
2010-08-23T15:30:00+02:00,1610.25,1615.75,1599.75,1601,-1,-1,1623.2039509884776
2010-08-24T15:30:00+02:00,1589.5,1593.75,1579.5,1585.25,-1,-2,1619.589288989575
2010-08-25T15:30:00+02:00,1579.5,1593.25,1572.5,1590.75,1,1,1616.842690038187
2010-08-26T15:30:00+02:00,1594.25,1595.75,1578.5,1580.25,-1,-1,1613.357671939312
2010-08-27T15:30:00+02:00,1589,1600,1572.75,1599.5,1,1,1612.0378936593775
2010-08-30T15:30:00+02:00,1595.75,1599,1580,1580.25,-1,-1,1609.0104752156271
2010-08-31T15:30:00+02:00,1579.25,1589.75,1574.75,1588,1,1,1607.0094775760435
2010-09-01T15:30:00+02:00,1597.25,1618,1596.5,1617.5,1,2,1608.0085749497537
2010-09-02T15:30:00+02:00,1617.25,1626,1614.75,1625.5,1,3,1609.674424954539
2010-09-03T15:30:00+02:00,1635.5,1640,1629.25,1638.75,1,4,1612.443527339821
2010-09-07T15:30:00+02:00,1633.5,1635,1625.25,1626.75,-1,-1,1613.8060485455524
2010-09-08T15:30:00+02:00,1628.25,1638.5,1627.75,1634.75,1,1,1615.800710588833
2010-09-09T15:30:00+02:00,1646.25,1647,1636,1638.25,-1,-1,1617.9387381518013
2010-09-10T15:30:00+02:00,1641.25,1646,1638.5,1645.25,1,1,1620.5398107087726
2010-09-13T15:30:00+02:00,1655.5,1659.5,1651.25,1656.25,1,2,1623.940781117461
2010-09-14T15:30:00+02:00,1655,1663,1650.75,1656.25,1,3,1627.0178495824648
2010-09-15T15:30:00+02:00,1653.25,1662,1649.5,1661.5,1,4,1630.3018639079444
2010-09-16T15:30:00+02:00,1657,1664.5,1653.25,1662.75,1,5,1633.3921625833782
2010-09-17T15:30:00+02:00,1666.25,1667.25,1657.5,1660.25,-1,-1,1635.9500518611517
2010-09-20T15:30:00+02:00,1664.5,1680.75,1661.75,1676.75,1,1,1639.8357612077086
2010-09-21T15:30:00+02:00,1679,1684.5,1671,1675.25,-1,-1,1643.2085458545935
2010-09-22T15:30:00+02:00,1674,1680.25,1667,1670.25,-1,-2,1645.7839224398704
2010-09-23T15:30:00+02:00,1661,1672.75,1657.75,1661,0,0,1647.2330726836922
2010-09-24T15:30:00+02:00,1673.25,1685,1672.25,1683.5,1,1,1650.6870657614359
2010-09-27T15:30:00+02:00,1684.5,1685.75,1677.5,1678.25,-1,-1,1653.3121071174896
2010-09-28T15:30:00+02:00,1680,1686.5,1667.75,1682,1,1,1656.0442873920144
2010-09-29T15:30:00+02:00,1679.75,1685,1676,1681.5,1,2,1658.4686409737274
2010-09-30T15:30:00+02:00,1686.5,1694,1671.75,1675.75,-1,-1,1660.1144846905152
2010-10-01T15:30:00+02:00,1685.25,1687,1675,1683,-1,-2,1662.2940575771327
2010-10-04T15:30:00+02:00,1679.5,1684.5,1667.5,1675,-1,-3,1663.5041473316915
2010-10-05T15:30:00+02:00,1683.75,1699.25,1682.5,1695.5,1,1,1666.5513713953399
2010-10-06T15:30:00+02:00,1696.25,1699.25,1691.5,1696.5,1,2,1669.4036217386408
2010-10-07T15:30:00+02:00,1700.75,1701.25,1687.75,1697.25,-1,-1,1672.0556577635323
2010-10-08T15:30:00+02:00,1696.5,1704.5,1692,1701.25,1,1,1674.8360713098625
2010-10-11T15:30:00+02:00,1703,1705.5,1698.25,1703,0,0,1677.5183502327327
2010-10-12T15:30:00+02:00,1698.75,1709.5,1692.25,1705,1,1,1680.1356502105677
2010-10-13T15:30:00+02:00,1712.5,1721.5,1709.75,1715,1,2,1683.456064476228
2010-10-14T15:30:00+02:00,1714,1716,1703,1713.75,-1,-1,1686.3412011927778
2010-10-15T15:30:00+02:00,1718.75,1719.5,1703.5,1715.5,-1,-2,1689.1182296506086
2010-10-18T15:30:00+02:00,1713.25,1722.75,1711,1719.25,1,1,1691.9879220648363
2010-10-19T15:30:00+02:00,1707.75,1714.25,1696,1704.5,-1,-1,1693.1795485348518
2010-10-20T15:30:00+02:00,1705.25,1720.5,1704.5,1715.5,1,1,1695.305305817247
2010-10-21T15:30:00+02:00,1719.75,1726.75,1707.75,1716,-1,-1,1697.2762290727474
2010-10-22T15:30:00+02:00,1718.75,1722,1716,1721.75,1,1,1699.6070643991525
2010-10-25T15:30:00+02:00,1727.25,1733.5,1721.75,1724,-1,-1,1701.9302011230427
2010-10-26T15:30:00+02:00,1717,1724.25,1714.5,1723.75,1,1,1704.0082772065625
2010-10-27T15:30:00+02:00,1714.75,1721,1708.25,1719.5,1,2,1705.4836793773661
2010-10-28T15:30:00+02:00,1726.25,1727,1714,1719.75,-1,-1,1706.8423765795217
2010-10-29T15:30:00+02:00,1718.5,1723,1716.25,1721,1,1,1708.1907216671864
2010-11-01T14:30:00+01:00,1726.75,1733.25,1714.25,1723.5,-1,-1,1709.6487481750735
2010-11-02T14:30:00+01:00,1730.25,1734,1726.75,1733.5,1,1,1711.9202959679237
2010-11-03T14:30:00+01:00,1732.75,1738.5,1720,1738.25,1,2,1714.4278868281215
2010-11-04T14:30:00+01:00,1748.25,1759.25,1747,1759,1,3,1718.672849987348
2010-11-05T14:30:00+01:00,1759,1765,1757.5,1762.75,1,4,1722.8706737980767
2010-11-08T15:30:00+01:00,1759.25,1762.5,1755.25,1760.5,1,5,1726.454419150641
2010-11-09T15:30:00+01:00,1764,1765.25,1746.75,1751.25,-1,-1,1728.8159030410561
2010-11-10T15:30:00+01:00,1751.5,1757.5,1742.25,1754.5,1,1,1731.2620075133366
2010-11-11T15:30:00+01:00,1746,1753.75,1742.5,1751.25,1,2,1733.1656258453997
2010-11-12T15:30:00+01:00,1743.75,1749.25,1732,1735.25,-1,-1,1733.3641376696473
2010-11-15T15:30:00+01:00,1741.5,1746.25,1735.25,1736.5,-1,-2,1733.662791224919
2010-11-16T15:30:00+01:00,1728.5,1730.5,1711.5,1715.5,-1,-3,1731.9330015844505
2010-11-17T15:30:00+01:00,1717.5,1722.5,1714,1718.5,1,1,1730.6536681002171
2010-11-18T15:30:00+01:00,1729,1739.5,1729,1738.25,1,2,1731.3771282811488
2010-11-19T15:30:00+01:00,1734.75,1740.5,1728,1738.75,1,3,1732.079306540087
2010-11-22T15:30:00+01:00,1732.5,1739,1723,1737.75,1,4,1732.6193725838882
2010-11-23T15:30:00+01:00,1723.25,1725.5,1715.25,1718.5,-1,-1,1731.2746704330418
2010-11-24T15:30:00+01:00,1727.25,1738,1727,1736.75,1,1,1731.7961303917998
2010-11-26T15:30:00+01:00,1727.25,1733.75,1723.5,1723.75,-1,-1,1731.0298322592475
2010-11-29T15:30:00+01:00,1720.75,1730.5,1712.75,1727.25,1,1,1730.6698482345573
2010-11-30T15:30:00+01:00,1715.25,1727.5,1713.5,1717.5,1,2,1729.4155769741233
2010-12-01T15:30:00+01:00,1737.5,1748.25,1737.25,1745.25,1,3,1730.923617262302
2010-12-02T15:30:00+01:00,1747.5,1763.75,1746.75,1763.5,1,4,1734.0261299039876
2010-12-03T15:30:00+01:00,1757,1766,1756.75,1764.25,1,5,1736.9045937226554
2010-12-06T15:30:00+01:00,1761.75,1766,1760.5,1762.75,1,6,1739.3660609871645
2010-12-07T15:30:00+01:00,1774.5,1775.5,1762.5,1763,-1,-1,1741.6169123217203
2010-12-08T15:30:00+01:00,1765.5,1769.75,1759.5,1769,1,1,1744.2248254339374
2010-12-09T15:30:00+01:00,1775,1775.75,1767,1773,-1,-1,1746.965318249753
2010-12-10T15:30:00+01:00,1776.75,1782,1772.75,1781.25,1,1,1750.2305260354908
2010-12-13T15:30:00+01:00,1785.75,1787.5,1780.5,1781.25,-1,-1,1753.1847616511584
2010-12-14T15:30:00+01:00,1783,1787.75,1778.25,1782.25,-1,-2,1755.9528795891433
2010-12-15T15:30:00+01:00,1779.75,1785,1774.25,1777.5,-1,-3,1758.0049862949393
2010-12-16T15:30:00+01:00,1777.5,1785.25,1773,1784,1,1,1760.4807018858974
2010-12-17T15:30:00+01:00,1782.75,1786.5,1780,1783.75,1,2,1762.696825515812
2010-12-20T15:30:00+01:00,1788.5,1791.25,1781.75,1786.75,-1,-1,1764.9876040381155
2010-12-21T15:30:00+01:00,1791.75,1796.75,1790.75,1796.25,1,1,1767.9649750821045
2010-12-22T15:30:00+01:00,1796.75,1800.5,1796,1800.25,1,2,1771.0397393599992
2010-12-23T15:30:00+01:00,1798.25,1799.75,1794.75,1798.25,0,0,1773.631192754285
2010-12-27T15:30:00+01:00,1793,1799.75,1792.5,1799.25,1,1,1776.0710791586387
2010-12-28T15:30:00+01:00,1801,1801.5,1797,1799.75,-1,-1,1778.3262144768635
2010-12-29T15:30:00+01:00,1801.75,1804,1800.5,1801.25,-1,-2,1780.5094321457336
2010-12-30T15:30:00+01:00,1800,1802.5,1797,1800.25,1,1,1782.3894862270922
2010-12-31T15:30:00+01:00,1796.75,1803.25,1795,1803.25,1,2,1784.376201824512
2011-01-03T15:30:00+01:00,1809,1818,1808.25,1810.5,1,3,1786.8641826031298
2011-01-04T15:30:00+01:00,1815.25,1815.5,1803.75,1811,-1,-1,1789.1628318790222
2011-01-05T15:30:00+01:00,1807.5,1819.25,1806.25,1817.25,1,1,1791.8378002714962
2011-01-06T15:30:00+01:00,1818.5,1820,1811.75,1815.5,-1,-1,1794.0913431027823
2011-01-07T15:30:00+01:00,1817.25,1819.5,1803.25,1812.75,-1,-2,1795.8683580453744
2011-01-10T15:30:00+01:00,1807.5,1813.5,1803.5,1811.25,1,1,1797.3332763267674
2011-01-11T15:30:00+01:00,1816.25,1819.25,1811,1815.5,-1,-1,1799.063440486123
2011-01-12T15:30:00+01:00,1824,1829.75,1821.5,1829,1,1,1801.9145413922065
2011-01-13T15:30:00+01:00,1828,1828.5,1821.75,1826.25,-1,-1,1804.2322041167583
2011-01-14T15:30:00+01:00,1823.5,1835.5,1822.5,1835.5,1,1,1807.2100894389719
2011-01-18T15:30:00+01:00,1833.25,1840.5,1832,1840.5,1,2,1810.3805571114508
2011-01-19T15:30:00+01:00,1835.75,1836.75,1820.5,1824.75,-1,-1,1811.7490754817889
2011-01-20T15:30:00+01:00,1821.25,1825.75,1813,1821.25,0,0,1812.6539254359043
2011-01-21T15:30:00+01:00,1830.5,1833.5,1824,1825.5,-1,-1,1813.8773611086754
2011-01-24T15:30:00+01:00,1824.5,1835.25,1824.25,1834.25,1,1,1815.8176124316587
2011-01-25T15:30:00+01:00,1829,1834,1822.5,1832.75,1,2,1817.4302207715007
2011-01-26T15:30:00+01:00,1836.25,1842.25,1833.75,1839,1,3,1819.4844854599291
2011-01-27T15:30:00+01:00,1838.75,1843.75,1836.25,1841,1,4,1821.5335820827931
2011-01-28T15:30:00+01:00,1843,1845,1816,1816,-1,-1,1821.0065742653842
2011-01-31T15:30:00+01:00,1822.25,1829.25,1818.75,1828.25,1,1,1821.6964243353475
2011-02-01T15:30:00+01:00,1836.25,1851.5,1835.25,1847.75,1,2,1824.1777172557906
2011-02-02T15:30:00+01:00,1845.5,1849.75,1844.75,1845.5,0,0,1826.2084108504773
2011-02-03T15:30:00+01:00,1844,1851.25,1837,1848.75,1,1,1828.3552288647177
2011-02-04T15:30:00+01:00,1850,1853.75,1843.5,1853,1,2,1830.7023499252207
2011-02-07T15:30:00+01:00,1856,1865.5,1855.5,1861.25,1,3,1833.6116499323425
2011-02-08T15:30:00+01:00,1862.5,1867.75,1858.5,1867.5,1,4,1836.839111843548
2011-02-09T15:30:00+01:00,1863.25,1867.5,1857.25,1864.75,1,5,1839.497291667972
2011-02-10T15:30:00+01:00,1857,1866,1854,1864.25,1,6,1841.8546924614984
2011-02-11T15:30:00+01:00,1859.25,1874.25,1858.75,1873.25,1,7,1844.8447217508794
2011-02-14T15:30:00+01:00,1871.5,1876.75,1870,1873.25,1,8,1847.5499863460338
2011-02-15T15:30:00+01:00,1871.5,1873.5,1867.75,1871.75,1,9,1849.8547495511734
2011-02-16T15:30:00+01:00,1875.75,1881.5,1873,1878.5,1,10,1852.582868641538
2011-02-17T15:30:00+01:00,1875.75,1885.5,1874.5,1883.25,1,11,1855.5035478185343
2011-02-18T15:30:00+01:00,1885,1888.5,1881.75,1888.5,1,12,1858.646067073912
2011-02-22T15:30:00+01:00,1872.25,1880,1855.75,1859.5,-1,-1,1858.7273940192538
2011-02-23T15:30:00+01:00,1858.75,1862,1843,1850.75,-1,-2,1857.9676422078962
2011-02-24T15:30:00+01:00,1850,1855.5,1838,1847.75,-1,-3,1856.9945334261918
2011-02-25T15:30:00+01:00,1856,1865.5,1855.25,1864.25,1,1,1857.685530242745
2011-02-28T15:30:00+01:00,1869.25,1874.5,1864.75,1872,1,2,1859.0488130767692
2011-03-01T15:30:00+01:00,1876.75,1878,1846.25,1846.5,-1,-1,1857.8536880218387
2011-03-02T15:30:00+01:00,1848.25,1859.25,1847,1851.5,1,1,1857.2485748769018
2011-03-03T15:30:00+01:00,1864.75,1877.5,1864.75,1875.25,1,2,1858.962996317197
2011-03-04T15:30:00+01:00,1874.75,1876,1856.75,1865.5,-1,-1,1859.5855680965115
2011-03-07T15:30:00+01:00,1870,1872.75,1848.25,1854.5,-1,-2,1859.101228277796
2011-03-08T15:30:00+01:00,1857.25,1871.25,1851.5,1865.75,1,1,1859.7344446322916
2011-03-09T15:30:00+01:00,1864,1869,1857,1860.75,-1,-1,1859.831164191121
2011-03-10T15:30:00+01:00,1851,1851.25,1838.25,1839.75,-1,-2,1857.9186723633952
2011-03-11T15:30:00+01:00,1836,1854.25,1835.75,1852,1,1,1857.354989281167
2011-03-14T14:30:00+01:00,1840.5,1845.5,1831.5,1840.75,1,2,1855.7735617305798
2011-03-15T14:30:00+01:00,1806.5,1834.25,1805.75,1826,1,3,1852.9379844229056
2011-03-16T14:30:00+01:00,1822.5,1826.75,1793.75,1805.5,-1,-1,1848.4200811445337
2011-03-17T14:30:00+01:00,1821,1825,1812,1819,-1,-2,1845.618168654578
2011-03-18T14:30:00+01:00,1835,1835.5,1821.25,1825,-1,-3,1843.6545335446183
2011-03-21T14:30:00+01:00,1840,1846.75,1838.25,1843.5,1,1,1843.6398160641784
2011-03-22T14:30:00+01:00,1843.5,1845.25,1838,1838.5,-1,-1,1843.1503097723519
2011-03-23T14:30:00+01:00,1835.5,1846.5,1829.5,1842.75,1,1,1843.1121850321279
2011-03-24T14:30:00+01:00,1850.25,1857.25,1843,1855.75,1,2,1844.3157864576394
2011-03-25T14:30:00+01:00,1858.75,1865,1855.75,1861.25,1,3,1845.928568699769
2011-03-28T15:30:00+02:00,1862.25,1865.75,1852.5,1852.5,-1,-1,1846.5544192997909
2011-03-29T15:30:00+02:00,1855,1868.25,1850.75,1867,1,1,1848.5016174617156
2011-03-30T15:30:00+02:00,1871.75,1878.25,1870,1874.25,1,2,1850.9538443701235
2011-03-31T15:30:00+02:00,1872.25,1876.25,1871,1872.25,0,0,1852.982049668207
2011-04-01T15:30:00+02:00,1880.5,1884.25,1874.75,1877.75,-1,-1,1855.3409020807587
2011-04-04T15:30:00+02:00,1880.75,1883.25,1875.25,1880,-1,-2,1857.689387596877
2011-04-05T15:30:00+02:00,1876,1884.75,1875.75,1877.5,1,1,1859.5761125876506
2011-04-06T15:30:00+02:00,1885,1886.25,1877.25,1879.5,-1,-1,1861.4736256745412
2011-04-07T15:30:00+02:00,1880.25,1885.75,1872.75,1879,-1,-2,1863.1428041817278
2011-04-08T15:30:00+02:00,1885.25,1886.25,1869.25,1874.75,-1,-3,1864.2482514025157
2011-04-11T15:30:00+02:00,1876,1880.75,1867.5,1870.5,-1,-4,1864.8436560308476
2011-04-12T15:30:00+02:00,1863.25,1866,1855.75,1858.5,-1,-5,1864.239498313624
2011-04-13T15:30:00+02:00,1867,1868,1855.5,1859.5,-1,-6,1863.7881175218502
2011-04-14T15:30:00+02:00,1853,1863.75,1848.75,1861.25,1,1,1863.5463920435786
2011-04-15T15:30:00+02:00,1864,1869.75,1860,1869.25,1,2,1864.089592801333
2011-04-18T15:30:00+02:00,1851.75,1854.25,1840.75,1851.5,-1,-1,1862.8905839631109
2011-04-19T15:30:00+02:00,1853.75,1860,1850.25,1859,1,1,1862.5200521571003
2011-04-20T15:30:00+02:00,1874.75,1881,1873.75,1879,1,2,1864.0895709992812
2011-04-21T15:30:00+02:00,1884,1884.5,1879.25,1881.25,-1,-1,1865.7238975707783
2011-04-25T15:30:00+02:00,1882.5,1884.5,1877.75,1881.5,-1,-2,1867.2263835164185
2011-04-26T15:30:00+02:00,1886.5,1896.75,1885,1891.5,1,1,1869.5381565148548
2011-04-27T15:30:00+02:00,1896.75,1904.75,1890.75,1902.5,1,2,1872.6773797039161
2011-04-28T15:30:00+02:00,1900.5,1909,1900,1905.75,1,3,1875.8271530654479
2011-04-29T15:30:00+02:00,1907.5,1914.25,1905.75,1914,1,4,1879.46266229731
2011-05-02T15:30:00+02:00,1916.5,1917.75,1905.25,1908.5,-1,-1,1882.2281230308995
2011-05-03T15:30:00+02:00,1905.5,1907.75,1896.25,1902.5,-1,-2,1884.1587779803376
2011-05-04T15:30:00+02:00,1902.75,1903.25,1888,1893.5,-1,-3,1885.0484181726865
2011-05-05T15:30:00+02:00,1886.5,1895.25,1875.75,1885.5,-1,-4,1885.091425965764
2011-05-06T15:30:00+02:00,1895,1902.25,1882.25,1885.5,-1,-5,1885.1303377785484
2011-05-09T15:30:00+02:00,1887.5,1896.75,1885.25,1893,1,1,1885.8798294186868
2011-05-10T15:30:00+02:00,1897.5,1907,1895.75,1904.25,1,2,1887.62936947405
2011-05-11T15:30:00+02:00,1902.25,1902.75,1883.5,1889.25,-1,-1,1887.783715238426
2011-05-12T15:30:00+02:00,1886.25,1899.25,1879.25,1898.25,1,1,1888.780504263338
2011-05-13T15:30:00+02:00,1897.25,1899,1881,1884.75,-1,-1,1888.3966467144485
2011-05-16T15:30:00+02:00,1881.5,1891.75,1875.25,1876,-1,-2,1887.216013694025
2011-05-17T15:30:00+02:00,1872.5,1879.25,1866.5,1876,1,1,1886.1478219136416
2011-05-18T15:30:00+02:00,1878,1891,1875,1889,1,2,1886.419457921866
2011-05-19T15:30:00+02:00,1893.75,1896,1885,1892.25,-1,-1,1886.9747476435932
2011-05-20T15:30:00+02:00,1889,1890.75,1877.5,1879.25,-1,-2,1886.2390573918224
2011-05-23T15:30:00+02:00,1865.5,1870.25,1861.25,1865.5,0,0,1884.2639090687917
2011-05-24T15:30:00+02:00,1870,1873,1862.25,1863.5,-1,-1,1882.286393919383
2011-05-25T15:30:00+02:00,1859.5,1875,1859.25,1866.75,1,1,1880.8067373556323
2011-05-26T15:30:00+02:00,1865.75,1878,1863,1877,1,2,1880.4441909408101
2011-05-27T15:30:00+02:00,1879.25,1884.25,1877.25,1880.5,1,3,1880.4495060893044
2011-05-31T15:30:00+02:00,1893.25,1896.25,1883.75,1895,1,4,1881.8352674141324
2011-06-01T15:30:00+02:00,1890.5,1891.5,1861.75,1863.5,-1,-1,1880.0890514699292
2011-06-02T15:30:00+02:00,1865,1867.5,1854.75,1862.75,-1,-2,1878.4377132346979
2011-06-03T15:30:00+02:00,1846.5,1859.5,1846,1846.25,-1,-3,1875.3722167361552
2011-06-06T15:30:00+02:00,1846.25,1848.75,1833.75,1835.75,-1,-4,1871.5986722850928
2011-06-07T15:30:00+02:00,1842.25,1846,1833,1835.5,-1,-5,1868.1607034960364
2011-06-08T15:30:00+02:00,1832.75,1837,1826.75,1828,-1,-6,1864.3358745916519
2011-06-09T15:30:00+02:00,1833,1844.5,1829.5,1838,1,1,1861.8276960591136
2011-06-10T15:30:00+02:00,1833.5,1834.5,1817.5,1820.25,-1,-1,1857.8679154820552
2011-06-13T15:30:00+02:00,1824,1827.75,1815.5,1822.25,-1,-2,1854.475733055193
2011-06-14T15:30:00+02:00,1833.75,1842.75,1833.25,1839.75,1,1,1853.0732822880316
2011-06-15T15:30:00+02:00,1827.5,1831.5,1811.5,1816.5,-1,-1,1849.5901125463142
2011-06-16T15:30:00+02:00,1815.75,1824.75,1808,1819.5,1,1,1846.7243875419033
2011-06-17T15:30:00+02:00,1830.25,1830.75,1817.25,1821.75,-1,-1,1844.3458744426744
2011-06-20T15:30:00+02:00,1817.5,1831,1817,1829,1,1,1842.884362590991
2011-06-21T15:30:00+02:00,1834.75,1848.5,1833.25,1843,1,2,1842.8953756775634
2011-06-22T15:30:00+02:00,1841.75,1849.5,1835.25,1835.25,-1,-1,1842.1672446606526
2011-06-23T15:30:00+02:00,1822.5,1835,1812.75,1833,1,1,1841.2941737405904
2011-06-24T15:30:00+02:00,1833.75,1835,1817,1819.5,-1,-1,1839.2185381462484
2011-06-27T15:30:00+02:00,1820,1835.75,1817.5,1832.5,1,1,1838.5786773704153
2011-06-28T15:30:00+02:00,1835.5,1850.75,1833.75,1850.25,1,2,1839.6902319065662
2011-06-29T15:30:00+02:00,1853.25,1861.25,1848.5,1860,1,3,1841.6244955345123
2011-06-30T15:30:00+02:00,1862.75,1873.25,1861.25,1870.25,1,4,1844.350734055035
2011-07-01T15:30:00+02:00,1871.5,1892.25,1869,1891,1,5,1848.7935212878888
2011-07-05T15:30:00+02:00,1888.75,1892.75,1885,1892,1,6,1852.9084240223756
2011-07-06T15:30:00+02:00,1886,1892.5,1882.25,1891.5,1,7,1856.5838122107207
2011-07-07T15:30:00+02:00,1902.75,1908.5,1900,1907.5,1,8,1861.4329729525568
2011-07-08T15:30:00+02:00,1889.5,1898.25,1885,1897.5,1,9,1864.8679279094563
2011-07-11T15:30:00+02:00,1878.75,1882.75,1867.5,1874.5,-1,-1,1865.7852681085558
2011-07-12T15:30:00+02:00,1867.75,1879,1864.5,1866.5,-1,-2,1865.8533378125028
2011-07-13T15:30:00+02:00,1872.25,1883.5,1866.25,1868.25,-1,-3,1866.0815913541692
2011-07-14T15:30:00+02:00,1872.5,1879,1857.75,1862.75,-1,-4,1865.7642969394865
2011-07-15T15:30:00+02:00,1867.5,1871.25,1858.75,1870.25,1,1,1866.1915067547734
2011-07-18T15:30:00+02:00,1862,1863.75,1847,1856,-1,-1,1865.2208870638426
2011-07-19T15:30:00+02:00,1864.25,1880,1864,1876.75,1,1,1866.3188978196672
2011-07-20T15:30:00+02:00,1881.5,1882.5,1875,1877.25,-1,-1,1867.359955170175
2011-07-21T15:30:00+02:00,1885.25,1899.25,1882.25,1898.5,1,1,1870.3256737253964
2011-07-22T15:30:00+02:00,1896.25,1898.5,1888.5,1896.5,1,2,1872.8184667039302
2011-07-25T15:30:00+02:00,1884,1896,1882.5,1889,1,3,1874.3595651130797
2011-07-26T15:30:00+02:00,1888.25,1890.75,1881.25,1881.75,-1,-1,1875.0634160546913
2011-07-27T15:30:00+02:00,1877,1877.25,1853.75,1855.25,-1,-2,1873.1764240494826
2011-07-28T15:30:00+02:00,1856.75,1868.75,1851,1853.25,-1,-3,1871.2786693781034
2011-07-29T15:30:00+02:00,1840,1856.5,1834.25,1847.5,1,1,1869.0140341992364
2011-08-01T15:30:00+02:00,1859.25,1860.5,1826,1834.75,-1,-1,1865.750792846928
2011-08-02T15:30:00+02:00,1829,1835.75,1802.5,1803.5,-1,-2,1859.8221459091255
2011-08-03T15:30:00+02:00,1807.5,1813.75,1786,1809.75,1,1,1855.0533701082563
2011-08-04T15:30:00+02:00,1794.75,1796.75,1749,1755.25,-1,-1,1845.5482872408033
2011-08-05T15:30:00+02:00,1767.75,1771.25,1719,1753,-1,-2,1836.734164646441
2011-08-08T15:30:00+02:00,1719.75,1734,1665.25,1667,-1,-3,1820.5690061086848
2011-08-09T15:30:00+02:00,1691,1731.25,1652.75,1727,1,1,1811.657672193572
2011-08-10T15:30:00+02:00,1703,1713,1669.5,1679.5,-1,-1,1799.0712272227556
2011-08-11T15:30:00+02:00,1682.75,1739.75,1678.75,1724,1,1,1791.9215865348742
2011-08-12T15:30:00+02:00,1734.75,1742.5,1723.25,1732.75,-1,-1,1786.2861973410768
2011-08-15T15:30:00+02:00,1742.25,1757.5,1740.25,1752.5,1,1,1783.0684642609742
2011-08-16T15:30:00+02:00,1745,1757.25,1733.25,1747.75,1,2,1779.7048009980242
2011-08-17T15:30:00+02:00,1752.5,1762.5,1737.25,1745.25,-1,-1,1776.4233913791647
2011-08-18T15:30:00+02:00,1715.5,1716.75,1684,1699.75,-1,-2,1769.121163628768
2011-08-19T15:30:00+02:00,1679.5,1709,1674.75,1679.25,-1,-3,1760.562005187933
2011-08-22T15:30:00+02:00,1701.75,1702.25,1674.25,1679.75,-1,-4,1752.8656237414632
2011-08-23T15:30:00+02:00,1681.5,1716.5,1676,1714.25,1,1,1749.1879452898952
2011-08-24T15:30:00+02:00,1712,1732.5,1709.25,1727.25,1,2,1747.0986171670481
2011-08-25T15:30:00+02:00,1737.5,1744.25,1708.75,1713,-1,-1,1743.8511298178055
2011-08-26T15:30:00+02:00,1706.75,1735.5,1688.5,1731,1,1,1742.6272126923002
2011-08-29T15:30:00+02:00,1745.5,1764.5,1744.75,1764,1,2,1744.6627162454145
2011-08-30T15:30:00+02:00,1758.5,1774.5,1749.25,1760.5,1,3,1746.1710289839464
2011-08-31T15:30:00+02:00,1774.75,1785.5,1763.25,1774.75,0,0,1748.89283574738
2011-09-01T15:30:00+02:00,1773.25,1784.25,1756.5,1757,-1,-1,1749.664946628582
2011-09-02T15:30:00+02:00,1734.5,1741,1724.25,1725.5,-1,-2,1747.3635231401456
2011-09-06T15:30:00+02:00,1694,1721.75,1693.75,1720.25,1,1,1744.781282841084
2011-09-07T15:30:00+02:00,1737.25,1755.5,1733.5,1755,1,2,1745.754493999076
2011-09-08T15:30:00+02:00,1745.75,1759.5,1737.75,1742.25,-1,-1,1745.4207326658307
2011-09-09T15:30:00+02:00,1727.25,1731.25,1702.5,1714,-1,-2,1742.4282819357516
2011-09-12T15:30:00+02:00,1694.75,1719.75,1690.5,1719.25,1,1,1740.220826513299
2011-09-13T15:30:00+02:00,1720.5,1732.25,1712.25,1726.75,1,2,1738.9378906548895
2011-09-14T15:30:00+02:00,1733.75,1758,1717,1743.5,1,3,1739.3723772591857
2011-09-15T15:30:00+02:00,1756.5,1767.25,1745.75,1766.5,1,4,1741.9559603773585
2011-09-16T15:30:00+02:00,1769,1776.25,1759.25,1773.5,1,5,1744.9601546271338
2011-09-19T15:30:00+02:00,1751.5,1765.5,1743.25,1759,1,6,1746.2972827578828
2011-09-20T15:30:00+02:00,1764.25,1776.25,1756.25,1757.75,-1,-1,1747.3880177333226
2011-09-21T15:30:00+02:00,1758.75,1762.25,1716.75,1717.75,-1,-2,1744.5653493777681
2011-09-22T15:30:00+02:00,1688,1697.75,1668.5,1686.25,-1,-3,1739.0115065798855
2011-09-23T15:30:00+02:00,1676.75,1697.25,1675.5,1692.5,1,1,1734.581839286563
2011-09-26T15:30:00+02:00,1702,1720.75,1685.5,1719.75,1,2,1733.1692831640332
2011-09-27T15:30:00+02:00,1741.5,1751.75,1724.5,1731.75,-1,-1,1733.0341133388872
2011-09-28T15:30:00+02:00,1733.75,1741,1705.25,1711,-1,-2,1730.9356263542313
2011-09-29T15:30:00+02:00,1726,1732.5,1695.25,1719.25,-1,-3,1729.8227095585903
2011-09-30T15:30:00+02:00,1700.5,1710.5,1683.25,1684,-1,-4,1725.4586419815816
2011-10-03T15:30:00+02:00,1680.5,1695.25,1647,1648.75,-1,-5,1718.1530570309549
2011-10-04T15:30:00+02:00,1639,1681.5,1629.75,1675.75,1,1,1714.1146706470545
2011-10-05T15:30:00+02:00,1681.75,1703,1671.25,1696.75,1,2,1712.4608924901922
2011-10-06T15:30:00+02:00,1699,1722.25,1690.75,1719.75,1,3,1713.155093205412
2011-10-07T15:30:00+02:00,1727.5,1728.25,1706.5,1717.5,-1,-1,1713.5688938525157
2011-10-10T15:30:00+02:00,1732.75,1754,1732.5,1753.25,1,1,1717.3480468189427
2011-10-11T15:30:00+02:00,1745,1756.5,1743.75,1751,1,2,1720.5529947409482
2011-10-12T15:30:00+02:00,1762.25,1777.75,1758.25,1759.25,-1,-1,1724.2384238132388
2011-10-13T15:30:00+02:00,1756.25,1764.75,1747,1759.5,1,1,1727.596669164359
2011-10-14T15:30:00+02:00,1775.25,1783.25,1768.5,1781.75,1,2,1732.7541292439437
2011-10-17T15:30:00+02:00,1776.25,1777,1755.25,1756.25,-1,-1,1734.991831220711
2011-10-18T15:30:00+02:00,1757.25,1791.5,1748,1785,1,1,1739.7545139615956
2011-10-19T15:30:00+02:00,1779.75,1787,1763.25,1768.75,-1,-1,1742.5159888223961
2011-10-20T15:30:00+02:00,1770.25,1777.25,1754.25,1770.75,1,1,1745.2049422678822
2011-10-21T15:30:00+02:00,1787,1797.5,1783.5,1796.75,1,2,1750.1139953852266
2011-10-24T15:30:00+02:00,1797.75,1814.25,1796.75,1809,1,3,1755.7221863009192
2011-10-25T15:30:00+02:00,1805,1805.75,1784,1787.25,-1,-1,1758.7248352246413
2011-10-26T15:30:00+02:00,1799.75,1804.25,1778.25,1799.75,0,0,1762.6319937746755
2011-10-27T15:30:00+02:00,1832.75,1851,1822.5,1845,1,1,1770.476565796135
2011-10-28T15:30:00+02:00,1836.75,1845.25,1834.5,1844,1,2,1777.4787976250745
2011-10-31T14:30:00+01:00,1828.25,1829.25,1807,1808.5,-1,-1,1780.433197851258
2011-11-01T14:30:00+01:00,1776.25,1791.25,1771.25,1785.75,1,1,1780.939559960662
2011-11-02T14:30:00+01:00,1794.5,1800.5,1784,1796.25,1,2,1782.3976971072657
2011-11-03T14:30:00+01:00,1809,1821.5,1792.25,1817.5,1,3,1785.7407735732404
2011-11-04T14:30:00+01:00,1808.5,1815,1796.25,1812.5,1,4,1788.28927132817
2011-11-07T15:30:00+01:00,1810,1820.25,1798.25,1819,1,5,1791.214102630249
2011-11-08T15:30:00+01:00,1825.25,1837,1813.25,1835,1,6,1795.384188094035
2011-11-09T15:30:00+01:00,1805.25,1811,1784.5,1787.5,-1,-1,1794.63331303746
2011-11-10T15:30:00+01:00,1804.25,1805.75,1786.25,1799.5,-1,-2,1795.0968070338924
2011-11-11T15:30:00+01:00,1814.5,1826.5,1814.25,1823.5,1,1,1797.8018730306646
2011-11-14T15:30:00+01:00,1818.25,1820,1805.25,1813.75,-1,-1,1799.3207422658395
2011-11-15T15:30:00+01:00,1808,1824,1803.5,1815.75,1,1,1800.8854334786167
2011-11-16T15:30:00+01:00,1804.5,1819.5,1792.25,1792.5,-1,-1,1800.0868207663675
2011-11-17T15:30:00+01:00,1794.5,1797.75,1768.25,1776.75,-1,-2,1797.8642664076658
2011-11-18T15:30:00+01:00,1781.25,1783.5,1770.5,1775.25,-1,-3,1795.710526749793
2011-11-21T15:30:00+01:00,1758,1759.5,1742.25,1752.5,-1,-4,1791.5952384879079
2011-11-22T15:30:00+01:00,1749.75,1757,1741,1744,-1,-5,1787.0623586319166
2011-11-23T15:30:00+01:00,1736.5,1738,1720.25,1722.25,-1,-6,1780.8897530479246
2011-11-25T15:30:00+01:00,1719.75,1733,1711,1715.25,-1,-7,1774.6383479957412
2011-11-28T15:30:00+01:00,1751.25,1758,1744.25,1753,1,1,1772.5775529485277
2011-11-29T15:30:00+01:00,1756.75,1764.75,1752.25,1758.25,1,2,1771.213024096287
2011-11-30T15:30:00+01:00,1790.75,1808.5,1788.25,1806.25,1,3,1774.5498789442597
2011-12-01T15:30:00+01:00,1804.5,1812.75,1800.5,1805,1,4,1777.4498904733778
2011-12-02T15:30:00+01:00,1817.25,1821.25,1803.75,1805.75,-1,-1,1780.1451389997228
2011-12-05T15:30:00+01:00,1824.25,1828,1810.5,1817,-1,-2,1783.655125761654
2011-12-06T15:30:00+01:00,1818.25,1827.5,1813.75,1816.5,-1,-3,1786.783209022449
2011-12-07T15:30:00+01:00,1814.25,1828.75,1805.75,1826,1,1,1790.5181414965016
2011-12-08T15:30:00+01:00,1814.75,1818,1792.5,1797,-1,-1,1791.1354613539777
2011-12-09T15:30:00+01:00,1801,1822.25,1800.25,1821.5,1,1,1794.0273221774085
2011-12-12T15:30:00+01:00,1805.75,1806,1787.75,1797,-1,-1,1794.3104343509885
2011-12-13T15:30:00+01:00,1804.5,1811.75,1780.25,1788,-1,-2,1793.7094406032754
2011-12-14T15:30:00+01:00,1781.5,1786.25,1770.25,1774,-1,-3,1791.8323510220112
2011-12-15T15:30:00+01:00,1786,1787.75,1775.5,1779.75,-1,-4,1790.6816509246767
2011-12-16T15:30:00+01:00,1785.5,1792.75,1776,1777.75,-1,-5,1789.4500651223266
2011-12-19T15:30:00+01:00,1783.5,1786.25,1763.25,1766.5,-1,-6,1787.264344634486
2011-12-20T15:30:00+01:00,1784.75,1805,1784.75,1804.25,1,1,1788.8820260978682
2011-12-21T15:30:00+01:00,1802.75,1807.25,1790.75,1804,1,2,1790.3218331361666
2011-12-22T15:30:00+01:00,1809.75,1818.75,1806.75,1817,1,3,1792.8626109327222
2011-12-23T15:30:00+01:00,1820.5,1828.5,1817.5,1827.25,1,4,1796.137600367701
2011-12-27T15:30:00+01:00,1825.25,1831.75,1824,1828,1,5,1799.172114618396
2011-12-28T15:30:00+01:00,1828.5,1829,1810.75,1812,-1,-1,1800.3938179880727
2011-12-29T15:30:00+01:00,1815.75,1826.25,1815.25,1825,1,1,1802.7372638939705
2011-12-30T15:30:00+01:00,1823.75,1827,1818.5,1820.75,-1,-1,1804.4527625707353
2012-01-03T15:30:00+01:00,1841,1847.5,1838,1840,-1,-2,1807.8382137544747
2012-01-04T15:30:00+01:00,1835.5,1841.5,1830.5,1841,1,1,1810.9964791111913
2012-01-05T15:30:00+01:00,1833.25,1845.75,1827.5,1841,1,2,1813.853957291078
2012-01-06T15:30:00+01:00,1845.25,1845.25,1836,1841.75,-1,-1,1816.510723263356
2012-01-09T15:30:00+01:00,1843.25,1845,1837.25,1843.25,0,0,1819.0573210477985
2012-01-10T15:30:00+01:00,1857.25,1859.75,1852.75,1854,-1,-1,1822.3851952337225
2012-01-11T15:30:00+01:00,1850.75,1857.25,1848.5,1855.75,1,1,1825.5627956876538
2012-01-12T15:30:00+01:00,1859.25,1860.5,1848.5,1860,1,2,1828.8425294316867
2012-01-13T15:30:00+01:00,1849.5,1857.5,1840.5,1857.25,1,3,1831.548002819145
2012-01-17T15:30:00+01:00,1864,1866.75,1853.75,1857.25,-1,-1,1833.9958120744645
2012-01-18T15:30:00+01:00,1856.75,1872,1854.25,1870.5,1,1,1837.472401400706
2012-01-19T15:30:00+01:00,1875.5,1879.25,1871.25,1878.25,1,2,1841.3559822196864
2012-01-20T15:30:00+01:00,1876,1879.5,1872.5,1879,1,3,1844.9411267701926
2012-01-23T15:30:00+01:00,1878.5,1886,1873,1879.25,1,4,1848.2086385063647
2012-01-24T15:30:00+01:00,1871.25,1879.5,1869.25,1879.5,1,5,1851.1887681724252
2012-01-25T15:30:00+01:00,1875.75,1892.5,1870.75,1888.25,1,6,1854.718409298861
2012-01-26T15:30:00+01:00,1894.75,1897.5,1877,1882.75,-1,-1,1857.3880846037314
2012-01-27T15:30:00+01:00,1876,1885,1874.75,1880.5,1,1,1859.589219403376
2012-01-30T15:30:00+01:00,1868.5,1877.75,1863.75,1876.75,1,2,1861.2235794601975
2012-01-31T15:30:00+01:00,1883.75,1885.25,1870,1875.75,-1,-1,1862.6070480830358
2012-02-01T15:30:00+01:00,1886.25,1894.75,1884.5,1888,1,1,1865.02542445608
2012-02-02T15:30:00+01:00,1890.25,1893.75,1885.25,1890.5,1,2,1867.4515745078818
2012-02-03T15:30:00+01:00,1903.5,1909.75,1901,1907.25,1,3,1871.2419007452263
2012-02-06T15:30:00+01:00,1903,1908.25,1901.5,1907,1,4,1874.6474340075856
2012-02-07T15:30:00+01:00,1904.75,1913.5,1899.5,1912.25,1,5,1878.228630768768
2012-02-08T15:30:00+01:00,1911.75,1915.25,1906,1915,1,6,1881.7306659336473
2012-02-09T15:30:00+01:00,1917,1919,1908.75,1916,-1,-1,1884.9944120352047
2012-02-10T15:30:00+01:00,1904.75,1909,1901.5,1908,1,1,1887.1854204128042
2012-02-13T15:30:00+01:00,1916.25,1918.5,1910.5,1917.25,1,2,1890.0487137068228
2012-02-14T15:30:00+01:00,1913.25,1915.75,1905.5,1915.75,1,3,1892.496455258554
2012-02-15T15:30:00+01:00,1919.75,1921.5,1905.75,1910,-1,-1,1894.1634595196442
2012-02-16T15:30:00+01:00,1909,1925,1906.25,1922.5,1,1,1896.8621776606306
2012-02-17T15:30:00+01:00,1928.25,1929,1922.75,1928,-1,-1,1899.8276845500943
2012-02-21T15:30:00+01:00,1930.25,1933.5,1923.5,1928,-1,-2,1902.5107622119901
2012-02-22T15:30:00+01:00,1925.5,1928.5,1920.75,1923.5,-1,-3,1904.5097372394196
2012-02-23T15:30:00+01:00,1922.5,1931.5,1918,1931,1,1,1907.032619407094
2012-02-24T15:30:00+01:00,1932.5,1935.25,1929.25,1930.5,-1,-1,1909.2676080349897
2012-02-27T15:30:00+01:00,1923.25,1938.5,1920.75,1935.25,1,1,1911.7421215554668
2012-02-28T15:30:00+01:00,1935,1939.75,1932.25,1939.25,1,2,1914.3619195025653
2012-02-29T15:30:00+01:00,1940.75,1945,1924.5,1930.25,-1,-1,1915.8750700261305
2012-03-01T15:30:00+01:00,1936,1943,1934,1942.25,1,1,1918.38696811888
2012-03-02T15:30:00+01:00,1939.5,1941,1932.75,1936.25,-1,-1,1920.0882092504153
2012-03-05T15:30:00+01:00,1934,1935,1925.75,1932,-1,-2,1921.2226655122804
2012-03-06T15:30:00+01:00,1916.25,1917.25,1906.25,1909.25,-1,-3,1920.082411653968
2012-03-07T15:30:00+01:00,1913.25,1922,1912,1920.75,1,1,1920.145991496447
2012-03-08T15:30:00+01:00,1928,1936.25,1925.25,1934,1,2,1921.4654208777379
2012-03-09T15:30:00+01:00,1935.75,1942.25,1934.25,1939.75,1,3,1923.2068093655723
2012-03-12T14:30:00+01:00,1938.25,1940.5,1933.75,1940.5,1,4,1924.8537799021844
2012-03-13T14:30:00+01:00,1946,1964.75,1943.75,1964,1,5,1928.5819913400717
2012-03-14T14:30:00+01:00,1964,1967.75,1957.75,1962.25,-1,-1,1931.788468355303
2012-03-15T14:30:00+01:00,1964.25,1971,1960.75,1969.5,1,1,1935.380042797655
2012-03-16T14:30:00+01:00,1972.75,1973.75,1969,1972.25,-1,-1,1938.8914672931164
2012-03-19T14:30:00+01:00,1971.25,1981.5,1969.75,1977.75,1,1,1942.5922799318673
2012-03-20T14:30:00+01:00,1969.25,1975,1965.25,1973.5,1,2,1945.5358723193085
2012-03-21T14:30:00+01:00,1974.25,1975.25,1967.75,1971.25,-1,-1,1947.9848368603268
2012-03-22T14:30:00+01:00,1960.5,1964.25,1956,1962.75,1,1,1949.391042873629
2012-03-23T14:30:00+01:00,1962,1968,1954,1967.75,1,2,1951.1395149809025
2012-03-26T15:30:00+02:00,1975.5,1989,1974.75,1988.75,1,3,1954.7214659351023
2012-03-27T15:30:00+02:00,1986.25,1987.5,1979.5,1979.5,-1,-1,1957.0813263222353
2012-03-28T15:30:00+02:00,1980,1982.25,1965.5,1973.5,-1,-2,1958.6450095296416
2012-03-29T15:30:00+02:00,1965.25,1973.25,1959.75,1971.5,1,1,1959.8692943363424
2012-03-30T15:30:00+02:00,1978.5,1979.5,1969.25,1977.5,-1,-1,1961.5484091614526
2012-04-02T15:30:00+02:00,1975.25,1991.25,1972.5,1985.75,1,1,1963.8533225746476
2012-04-03T15:30:00+02:00,1985.5,1987.75,1973,1982,-1,-1,1965.5815775675383
2012-04-04T15:30:00+02:00,1970.75,1972,1962,1966.75,-1,-2,1965.6928558944394
2012-04-05T15:30:00+02:00,1962.25,1970.75,1961,1963.75,1,1,1965.5078219997308
2012-04-09T15:30:00+02:00,1948.5,1956.25,1946.75,1948,-1,-1,1963.8404103807088
2012-04-10T15:30:00+02:00,1948,1952,1926,1930.25,-1,-2,1960.6413236777842
2012-04-11T15:30:00+02:00,1941.75,1944,1936,1937.75,-1,-3,1958.4611976132333
2012-04-12T15:30:00+02:00,1940,1959.75,1939,1959.5,1,1,1958.5601311738776
2012-04-13T15:30:00+02:00,1953.5,1953.5,1937.25,1938.5,-1,-1,1956.649642490651
2012-04-16T15:30:00+02:00,1947,1948.75,1934.25,1937.25,-1,-2,1954.8020574915415
2012-04-17T15:30:00+02:00,1947,1962.25,1945.25,1957.25,1,1,1955.0351948732994
2012-04-18T15:30:00+02:00,1953,1959.25,1951.5,1952,-1,-1,1954.7461286948899
2012-04-19T15:30:00+02:00,1954.75,1960,1939,1946,-1,-2,1953.9131640572814
2012-04-20T15:30:00+02:00,1951.75,1956.75,1947,1948.75,-1,-3,1953.421434147064
2012-04-23T15:30:00+02:00,1933.75,1937.5,1927.5,1936.25,1,1,1951.7860594663912
2012-04-24T15:30:00+02:00,1937.25,1944.75,1936.25,1943.5,1,2,1950.9969109457825
2012-04-25T15:30:00+02:00,1954.75,1961.25,1953.75,1961.25,1,3,1951.9733956176128
2012-04-26T15:30:00+02:00,1957.25,1971.75,1956.5,1970.5,1,4,1953.737834130221
2012-04-27T15:30:00+02:00,1974.25,1976.25,1966.5,1972.5,-1,-1,1955.5247070702
2012-04-30T15:30:00+02:00,1969.75,1970.5,1963.25,1967.75,-1,-2,1956.689020682562
2012-05-01T15:30:00+02:00,1966.25,1985.25,1964.75,1974,1,1,1958.3376853794607
2012-05-02T15:30:00+02:00,1967.5,1973,1962.75,1971,1,2,1959.5436201052264
2012-05-03T15:30:00+02:00,1971.75,1972.75,1958,1959.5,-1,-1,1959.5394658094906
2012-05-04T15:30:00+02:00,1953.5,1954.75,1935,1935.75,-1,-2,1957.273802399063
2012-05-07T15:30:00+02:00,1933.5,1943.75,1932.75,1939.25,1,1,1955.5572497896285
2012-05-08T15:30:00+02:00,1930.75,1935.75,1917.25,1932.25,1,2,1953.3375117144258
2012-05-09T15:30:00+02:00,1919,1934.25,1912.75,1924.5,1,3,1950.5910820273375
2012-05-10T15:30:00+02:00,1934.75,1936.5,1925,1930.75,-1,-1,1948.7014551675911
2012-05-11T15:30:00+02:00,1919.75,1936.75,1919,1923.5,1,1,1946.3013165802015
2012-05-14T15:30:00+02:00,1911,1918.25,1906.75,1907.5,-1,-1,1942.6059530963728
2012-05-15T15:30:00+02:00,1908.25,1916,1899,1902,-1,-2,1938.7387194681469
2012-05-16T15:30:00+02:00,1907.5,1913.25,1895.5,1896.25,-1,-3,1934.6921747568947
2012-05-17T15:30:00+02:00,1896.25,1898,1874,1875,-1,-4,1929.0072057324285
2012-05-18T15:30:00+02:00,1881.5,1884,1863.25,1863.75,-1,-5,1922.7922337579114
2012-05-21T15:30:00+02:00,1869.5,1889.5,1867.25,1889.25,1,1,1919.597735304777
2012-05-22T15:30:00+02:00,1890.75,1900,1881,1888.75,-1,-1,1916.659855751941
2012-05-23T15:30:00+02:00,1880.5,1892.5,1867.5,1889.5,1,1,1914.0732028231846
2012-05-24T15:30:00+02:00,1894,1897,1881.75,1896.5,1,2,1912.3995644590718
2012-05-25T15:30:00+02:00,1892.75,1896.25,1885.5,1888.25,-1,-1,1910.0996059391603
2012-05-29T15:30:00+02:00,1899.5,1907.75,1895,1907,1,1,1909.804405373526
2012-05-30T15:30:00+02:00,1893.25,1894,1881.5,1882,-1,-1,1907.1563667665234
2012-05-31T15:30:00+02:00,1884.75,1892.5,1870.75,1879.5,-1,-2,1904.5224270744736
2012-06-01T15:30:00+02:00,1861.75,1866.25,1847,1847.25,-1,-3,1899.067910210238
2012-06-04T15:30:00+02:00,1851.25,1855,1838.75,1846.25,-1,-4,1894.0376330473582
2012-06-05T15:30:00+02:00,1845.75,1860.25,1845.25,1859,1,1,1890.7007156142765
2012-06-06T15:30:00+02:00,1867.25,1889.25,1866.75,1889.25,1,2,1890.5625522224407
2012-06-07T15:30:00+02:00,1902.25,1903,1885.5,1889.75,-1,-1,1890.4851662964938
2012-06-08T15:30:00+02:00,1885,1903,1880.5,1903,1,1,1891.6770552206374
2012-06-11T15:30:00+02:00,1909.5,1910.25,1879.75,1880.5,-1,-1,1890.612573771053
2012-06-12T15:30:00+02:00,1885.5,1900.75,1879.25,1900.5,1,1,1891.554233411905
2012-06-13T15:30:00+02:00,1893.25,1901.5,1883.75,1889.25,-1,-1,1891.334782610771
2012-06-14T15:30:00+02:00,1891.25,1908,1887.5,1906,1,1,1892.7314699811739
2012-06-15T15:30:00+02:00,1908.5,1918.75,1905.75,1918.5,1,2,1895.1856156972526
2012-06-18T15:30:00+02:00,1910.25,1922,1907.5,1921.25,1,3,1897.6679380118
2012-06-19T15:30:00+02:00,1925.5,1937.25,1924,1930.5,1,4,1900.7948010582952
2012-06-20T15:30:00+02:00,1931.75,1935.75,1919,1930.75,-1,-1,1903.6476771479813
2012-06-21T15:30:00+02:00,1931.25,1932.75,1897.75,1898.5,-1,-2,1903.157422181507
2012-06-22T15:30:00+02:00,1906,1912,1900.75,1905.75,-1,-3,1903.4043343546969
2012-06-25T15:30:00+02:00,1895,1895.75,1882.75,1887,-1,-4,1901.8420167971067
2012-06-26T15:30:00+02:00,1891.25,1898.25,1883.5,1896,1,1,1901.2856342450013
2012-06-27T15:30:00+02:00,1898.5,1908.75,1897.5,1906.5,1,2,1901.782240507382
2012-06-28T15:30:00+02:00,1897.25,1904.5,1887,1903.5,1,3,1901.9458366495362
2012-06-29T15:30:00+02:00,1926.5,1939.75,1923,1938.5,1,4,1905.4271855400566
2012-07-02T15:30:00+02:00,1939.25,1941.25,1929.75,1938.25,-1,-1,1908.553167869575
2012-07-03T15:30:00+02:00,1939.25,1949.75,1938,1948.25,1,1,1912.333818548663
2012-07-05T15:30:00+02:00,1943.75,1948.5,1937.25,1942,-1,-1,1915.159169163076
2012-07-06T15:30:00+02:00,1929,1932.75,1922.5,1932.75,1,1,1916.8344863856403
2012-07-09T15:30:00+02:00,1928,1930,1921.25,1929.5,1,2,1918.040725777484
2012-07-10T15:30:00+02:00,1934.5,1936.75,1910.75,1915.75,-1,-1,1917.8225614177238
2012-07-11T15:30:00+02:00,1916,1920.25,1908,1917,1,1,1917.7442222350835
2012-07-12T15:30:00+02:00,1908,1915.25,1900,1909,1,2,1916.9114391650755
2012-07-13T15:30:00+02:00,1912.5,1933.5,1912.25,1932.25,1,3,1918.3722544826874
2012-07-16T15:30:00+02:00,1928.5,1932.75,1923.25,1927.25,-1,-1,1919.2177540557648
2012-07-17T15:30:00+02:00,1933.75,1940.75,1919.5,1938.5,1,1,1921.0541584314062
2012-07-18T15:30:00+02:00,1934.5,1950.75,1933.75,1947.5,1,2,1923.5728100093675
2012-07-19T15:30:00+02:00,1950.75,1956.25,1946.25,1952.25,1,3,1926.3039709608563
2012-07-20T15:30:00+02:00,1943.75,1945.75,1937.25,1938.75,-1,-1,1927.4893070598223
2012-07-23T15:30:00+02:00,1918.75,1928.75,1912.25,1924,1,1,1927.156992101744
2012-07-24T15:30:00+02:00,1925.75,1926.5,1904,1909.75,-1,-1,1925.4991833301492
2012-07-25T15:30:00+02:00,1916.25,1919.75,1906.5,1914.75,-1,-2,1924.4754515844206
2012-07-26T15:30:00+02:00,1933,1939,1926.75,1935.5,1,1,1925.5254085763806
2012-07-27T15:30:00+02:00,1943.25,1965.25,1940.75,1962.75,1,2,1929.0706077595826
2012-07-30T15:30:00+02:00,1959.5,1967.75,1956.75,1960.5,1,3,1932.063883211051
2012-07-31T15:30:00+02:00,1959.5,1963.25,1951.25,1952.25,-1,-1,1933.9863705242842
2012-08-01T15:30:00+02:00,1961.25,1961.5,1948,1950.75,-1,-2,1935.5829066648287
2012-08-02T15:30:00+02:00,1939.75,1949.75,1929.5,1942.5,1,1,1936.2416774586545
2012-08-03T15:30:00+02:00,1960,1970.75,1959,1969.75,1,2,1939.432946272116
2012-08-06T15:30:00+02:00,1971.5,1976,1969.75,1970.5,-1,-1,1942.3917132938193
2012-08-07T15:30:00+02:00,1976,1983.5,1975.75,1977.25,1,1,1945.7115501229794
2012-08-08T15:30:00+02:00,1972.75,1980.5,1972.25,1978.75,1,2,1948.858069158886
2012-08-09T15:30:00+02:00,1976.75,1983,1975.5,1980.75,1,3,1951.895395905659
2012-08-10T15:30:00+02:00,1974.75,1983,1972.25,1982.5,1,4,1954.81012010512
2012-08-13T15:30:00+02:00,1979.75,1983.25,1974.5,1982.75,1,5,1957.4710610474895
2012-08-14T15:30:00+02:00,1987,1988,1977.5,1981.25,-1,-1,1959.7357219001094
2012-08-15T15:30:00+02:00,1980.5,1986,1979.5,1983.5,1,1,1961.9989864810514
2012-08-16T15:30:00+02:00,1985.5,1995.75,1982,1994,1,2,1965.0467020542847
2012-08-17T15:30:00+02:00,1996.5,1997,1992.5,1995.75,-1,-1,1967.9708256681622
2012-08-20T15:30:00+02:00,1993.5,1996.5,1989.75,1995,1,1,1970.5450327473848
2012-08-21T15:30:00+02:00,1999.25,2005,1988.25,1992.75,-1,-1,1972.6597915333482
2012-08-22T15:30:00+02:00,1988,1994.5,1984.5,1992.5,1,1,1974.549335196839
2012-08-23T15:30:00+02:00,1988.5,1988.75,1978.25,1980.25,-1,-1,1975.0922556542828
2012-08-24T15:30:00+02:00,1976.75,1992.25,1975.75,1990.75,1,1,1976.5834694014939
2012-08-27T15:30:00+02:00,1992.75,1994.75,1987.25,1988.25,-1,-1,1977.6945675537324
2012-08-28T15:30:00+02:00,1985.5,1992.25,1983.5,1988,1,1,1978.6760373105199
2012-08-29T15:30:00+02:00,1989,1992.75,1985,1987.75,-1,-1,1979.5402242333275
2012-08-30T15:30:00+02:00,1982.5,1983,1975.5,1977.25,-1,-2,1979.3221076396774
2012-08-31T15:30:00+02:00,1986.75,1992,1977.25,1985,-1,-3,1979.8628592930415
2012-09-04T15:30:00+02:00,1984,1988.5,1974.75,1986.5,1,1,1980.4949679317995
2012-09-05T15:30:00+02:00,1984.5,1988.5,1980,1984,-1,-1,1980.8287805097234
2012-09-06T15:30:00+02:00,1991.25,2012.5,1991,2011,1,1,1983.7022299849878
2012-09-07T15:30:00+02:00,2013.75,2019,2012.5,2018.25,1,2,1986.9924937959413
2012-09-10T15:30:00+02:00,2015.75,2018.25,2006,2006.25,-1,-1,1988.8265420058517
2012-09-11T15:30:00+02:00,2009.75,2017.75,2009.25,2010.75,1,1,1990.9144903862468
2012-09-12T15:30:00+02:00,2017.5,2020.5,2012.75,2018.75,1,2,1993.5654913018423
2012-09-13T15:30:00+02:00,2017.5,2044.5,2015.25,2037.75,1,3,1997.7735397492859
2012-09-14T15:30:00+02:00,2042.75,2055,2041.5,2046.5,1,4,2002.4141550112586
2012-09-17T15:30:00+02:00,2043,2046,2037.75,2041,-1,-1,2006.0889973911387
2012-09-18T15:30:00+02:00,2039,2042.25,2036.5,2039.75,1,1,2009.2948071634112
2012-09-19T15:30:00+02:00,2042.25,2046,2038.25,2040.5,-1,-1,2012.2667302907053
2012-09-20T15:30:00+02:00,2034.75,2042,2030.5,2041,1,1,2015.0032321677809
2012-09-21T15:30:00+02:00,2048.25,2048.5,2037.5,2038.75,-1,-1,2017.2648291041828
2012-09-24T15:30:00+02:00,2033,2041.5,2031.75,2038.25,1,1,2019.2634168085463
2012-09-25T15:30:00+02:00,2041,2044,2022,2023.75,-1,-1,2019.6907104458276
2012-09-26T15:30:00+02:00,2022,2022.75,2011,2013.75,-1,-2,2019.1249284986059
2012-09-27T15:30:00+02:00,2020.5,2031.5,2016.75,2028,1,1,2019.9701734035004
2012-09-28T15:30:00+02:00,2022.5,2027,2016,2021.5,-1,-1,2020.1158711745957
2012-10-01T15:30:00+02:00,2026.5,2038.5,2021.25,2023.75,-1,-2,2020.461978681777
2012-10-02T15:30:00+02:00,2030.25,2032.75,2019.25,2027.5,-1,-3,2021.1322664263698
2012-10-03T15:30:00+02:00,2030.25,2035.75,2022.5,2031.5,1,1,2022.1196696238585
2012-10-04T15:30:00+02:00,2037.5,2044.75,2035.75,2042.75,1,2,2024.0844629930148
2012-10-05T15:30:00+02:00,2050.5,2053,2038.25,2042.75,-1,-1,2025.8621331841562
2012-10-08T15:30:00+02:00,2037.25,2040.5,2034.5,2036.75,-1,-2,2026.8990728809033
2012-10-09T15:30:00+02:00,2036.75,2038,2022.25,2023,-1,-3,2026.5277326065316
2012-10-10T15:30:00+02:00,2023.25,2024.5,2012,2013,-1,-4,2025.2393771201953
2012-10-11T15:30:00+02:00,2024,2026.25,2014.25,2015.5,-1,-5,2024.3118173944624
2012-10-12T15:30:00+02:00,2016,2021,2007,2008.75,-1,-6,2022.8297395473708
2012-10-15T15:30:00+02:00,2013.5,2023.5,2009,2023,1,1,2022.8459548285734
2012-10-16T15:30:00+02:00,2028.75,2038.5,2027.75,2036.5,1,2,2024.146340082995
2012-10-17T15:30:00+02:00,2037.5,2044.75,2035.5,2044,1,3,2026.0371648369955
2012-10-18T15:30:00+02:00,2039.75,2046.75,2034.75,2038,-1,-1,2027.1764824715674
2012-10-19T15:30:00+02:00,2037,2037.25,2010.5,2011.25,-1,-2,2025.6596746171324
2012-10-22T15:30:00+02:00,2012.75,2018,2003.75,2017.5,1,1,2024.882562748834
2012-10-23T15:30:00+02:00,1999.5,2001.5,1989,1993.25,-1,-1,2021.8699377251355
2012-10-24T15:30:00+02:00,2000,2001.75,1988.75,1992.75,-1,-2,2019.0966103227418
2012-10-25T15:30:00+02:00,2001.25,2003.75,1986.5,1995.75,-1,-3,2016.8731236253377
2012-10-26T15:30:00+02:00,1993.75,1999.5,1984.5,1995,1,1,2014.789968994353
2012-10-29T14:30:00+01:00,1994.5,1994.5,1994.5,1994.5,0,0,2012.8575909948909
2012-10-30T14:30:00+01:00,1994.5,1994.5,1994.5,1994.5,0,0,2011.1092489953774
2012-10-31T14:30:00+01:00,1999.5,2001.5,1987.5,1988.75,-1,-1,2008.9797967101033
2012-11-01T14:30:00+01:00,1997.25,2012,1996,2010.5,1,1,2009.1245779758078
2012-11-02T14:30:00+01:00,2017.5,2017.75,1992,1992.5,-1,-1,2007.5412848352546
2012-11-05T15:30:00+01:00,1994.25,2002.5,1990,1998.75,1,1,2006.7040196128494
2012-11-06T15:30:00+01:00,2003.75,2016.25,2002,2012.5,1,2,2007.2560177449589
2012-11-07T15:30:00+01:00,1997.25,1997.75,1971,1976.75,-1,-1,2004.3506827216295
2012-11-08T15:30:00+01:00,1977.25,1984.5,1959.5,1962,-1,-2,2000.3172843671887
2012-11-09T15:30:00+01:00,1956.5,1975,1956,1963,1,1,1996.7632572845994
2012-11-12T15:30:00+01:00,1966.5,1968.75,1960,1965.25,-1,-1,1993.7619946860661
2012-11-13T15:30:00+01:00,1955.75,1973.25,1954,1958.75,1,1,1990.427519001679
2012-11-14T15:30:00+01:00,1962.5,1964.75,1936.5,1940.5,-1,-1,1985.6725171919952
2012-11-15T15:30:00+01:00,1940.25,1945.5,1932.25,1938.5,-1,-2,1981.1798965070434
2012-11-16T15:30:00+01:00,1939.25,1947.5,1927.25,1947.5,1,1,1977.9722873158964
2012-11-19T15:30:00+01:00,1959,1971.75,1958.5,1970,1,2,1977.2130218572397
2012-11-20T15:30:00+01:00,1969.5,1974.5,1961,1972.75,1,3,1976.7879721565503
2012-11-21T15:30:00+01:00,1973.25,1976.75,1970.5,1976,1,4,1976.7129271892597
2012-11-23T15:30:00+01:00,1981.75,1994.5,1980.75,1992.25,1,5,1978.1926484093303
2012-11-26T15:30:00+01:00,1986.75,1992,1982,1990.75,1,6,1979.3885866560609
2012-11-27T15:30:00+01:00,1989.25,1994,1982.5,1984.5,-1,-1,1979.8753879269123
2012-11-28T15:30:00+01:00,1977.5,1995.75,1970,1993.75,1,1,1981.1967795529206
2012-11-29T15:30:00+01:00,2000,2005.5,1994,2003,1,2,1983.2732767383568
2012-11-30T15:30:00+01:00,2001.75,2004.75,1997,2002.5,1,3,1985.1043932394657
2012-12-03T15:30:00+01:00,2008.5,2009.75,1993.5,1993.75,-1,-1,1985.9277843595166
2012-12-04T15:30:00+01:00,1994.5,1998.75,1988.5,1991.75,-1,-2,1986.4822810871817
2012-12-05T15:30:00+01:00,1993.75,2001.75,1983.75,1995.5,1,1,1987.3411114598312
2012-12-06T15:30:00+01:00,1993.5,2000.5,1991.75,1999.75,1,2,1988.5229103684187
2012-12-07T15:30:00+01:00,2005.5,2007,1996.5,2002.25,-1,-1,1989.8302522380932
2012-12-10T15:30:00+01:00,2002,2008,2001.5,2007.25,1,1,1991.4892758344652
2012-12-11T15:30:00+01:00,2010.75,2021.25,2009.75,2018.75,1,2,1994.085535278802
2012-12-12T15:30:00+01:00,2020.25,2025.75,2013,2013.75,-1,-1,1995.9583414427254
2012-12-13T15:30:00+01:00,2014.5,2018.5,2002.75,2005,-1,-2,1996.8194517815134
2012-12-14T15:30:00+01:00,2003.25,2006,1998.5,2002,-1,-3,1997.312837326131
2012-12-17T15:30:00+01:00,2004.75,2020.25,2004.25,2020,1,1,1999.4735194855473
2012-12-18T15:30:00+01:00,2020,2036,2017.75,2034,1,2,2002.761755725019
2012-12-19T15:30:00+01:00,2036.25,2036.75,2023.5,2025.25,-1,-1,2004.9034932750171
2012-12-20T15:30:00+01:00,2024.75,2033.75,2020.75,2033.25,1,1,2007.6031605821584
2012-12-21T15:30:00+01:00,2011.25,2020.75,2009,2018.5,1,2,2008.640954812429
2012-12-24T15:30:00+01:00,2014,2015.5,2011.5,2012.25,-1,-1,2008.9846734017215
2012-12-26T15:30:00+01:00,2016.25,2017,2003.25,2006,-1,-2,2008.7004187920338
2012-12-27T15:30:00+01:00,2008,2011,1988.5,2003,-1,-3,2008.157521764221
2012-12-28T15:30:00+01:00,1995.75,2003.75,1974.75,1975,-1,-4,2004.9996625485808
2012-12-31T15:30:00+01:00,1985.75,2018.25,1984.75,2017,1,1,2006.1425518296683
2013-01-02T15:30:00+01:00,2040.75,2050.5,2036.5,2049.25,1,2,2010.2480230839856
2013-01-03T15:30:00+01:00,2049,2053,2042.5,2045.75,-1,-1,2013.6291637426536
2013-01-04T15:30:00+01:00,2049,2055.5,2045.75,2051.25,1,1,2017.2121005290676
2013-01-07T15:30:00+01:00,2047.5,2050.25,2043.25,2048.25,1,2,2020.1680909548706
2013-01-08T15:30:00+01:00,2046,2048.25,2038.5,2045,-1,-1,2022.5330346734545
2013-01-09T15:30:00+01:00,2047.5,2052,2045,2048.25,1,1,2024.9822694664588
2013-01-10T15:30:00+01:00,2056,2060,2048.25,2059.25,1,2,2028.2458628506056
2013-01-11T15:30:00+01:00,2059.25,2060.25,2054.75,2059.5,1,3,2031.222447341024
2013-01-14T15:30:00+01:00,2057.75,2059.5,2052.75,2056.25,-1,-1,2033.606023784736
2013-01-15T15:30:00+01:00,2051.75,2060.75,2050.75,2058,1,1,2035.9292596147611
2013-01-16T15:30:00+01:00,2056.5,2061.5,2054.5,2058.25,1,2,2038.0550444133553
2013-01-17T15:30:00+01:00,2066,2073,2062.75,2069,1,3,2041.0021830406547
2013-01-18T15:30:00+01:00,2068.75,2073.5,2063,2071.5,1,4,2043.9067370367827
2013-01-22T15:30:00+01:00,2072,2082.5,2068.25,2082,1,5,2047.5346668428035
2013-01-23T15:30:00+01:00,2080,2083.5,2077,2083.25,1,6,2050.936127143489
2013-01-24T15:30:00+01:00,2080,2090.25,2078.75,2084.5,1,7,2054.132686463157
2013-01-25T15:30:00+01:00,2087.75,2091.75,2083.25,2088,1,8,2057.3581448952373
2013-01-28T15:30:00+01:00,2091.5,2092,2083.75,2089.25,-1,-1,2060.3954644290243
2013-01-29T15:30:00+01:00,2086.5,2098,2085.5,2097.5,1,1,2063.9292297214984
2013-01-30T15:30:00+01:00,2095.25,2098,2087.5,2088.25,-1,-1,2066.245493557546
2013-01-31T15:30:00+01:00,2087.75,2092.5,2084.5,2088.25,1,1,2068.3411608377796
2013-02-01T15:30:00+01:00,2095.25,2103,2092.5,2099,1,2,2071.2610502818006
2013-02-04T15:30:00+01:00,2091.5,2094.25,2082.75,2086,-1,-1,2072.664759778772
2013-02-05T15:30:00+01:00,2092.25,2103.5,2091.25,2098.25,1,1,2075.1014493236507
2013-02-06T15:30:00+01:00,2093.75,2101.25,2092.5,2099.5,1,2,2077.4251208166365
2013-02-07T15:30:00+01:00,2100.5,2102,2087,2097.75,-1,-1,2079.3608235960046
2013-02-08T15:30:00+01:00,2100.5,2107.5,2100.5,2105.25,1,1,2081.8264594440043
2013-02-11T15:30:00+01:00,2106,2107.5,2102.25,2106,0,0,2084.128701401718
2013-02-12T15:30:00+01:00,2106.25,2111.5,2104.5,2109,1,1,2086.4973965063164
2013-02-13T15:30:00+01:00,2111.75,2114.5,2105.5,2109.75,-1,-1,2088.7119301723815
2013-02-14T15:30:00+01:00,2105.25,2113.25,2103.25,2110.75,1,1,2090.810793965488
2013-02-15T15:30:00+01:00,2112.75,2114.25,2103.75,2109.5,-1,-1,2092.590718349727
2013-02-19T15:30:00+01:00,2112,2121.25,2112,2120.5,1,1,2095.2487451735624
2013-02-20T15:30:00+01:00,2120,2120.5,2099,2099.5,-1,-1,2095.653626585604
2013-02-21T15:30:00+01:00,2098,2098,2087.5,2093.5,-1,-2,2095.448519291737
2013-02-22T15:30:00+01:00,2100,2107.5,2095.75,2107.25,1,1,2096.572469835381
2013-02-25T15:30:00+01:00,2114.75,2117,2077.75,2079.5,-1,-1,2094.9465203272493
2013-02-26T15:30:00+01:00,2085.75,2090.25,2075.25,2085,-1,-2,2093.9992326770353
2013-02-27T15:30:00+01:00,2087,2111.75,2085.75,2108.5,1,1,2095.3802581363652
2013-02-28T15:30:00+01:00,2107.5,2117,2101.75,2104.75,-1,-1,2096.2726145043302
2013-03-01T15:30:00+01:00,2099.25,2111.5,2092,2109.25,1,1,2097.508555980108
2013-03-04T15:30:00+01:00,2105.75,2118.5,2103,2118.25,1,2,2099.4839316010502
2013-03-05T15:30:00+01:00,2124.75,2135.25,2124.5,2129.25,1,3,2102.318795258093
2013-03-06T15:30:00+01:00,2136.5,2137.25,2129.75,2131.75,-1,-1,2105.1217671382747
2013-03-07T15:30:00+01:00,2135.25,2138,2133.25,2135.75,1,1,2108.038741696534
2013-03-08T15:30:00+01:00,2142.5,2144.5,2134.75,2142.25,-1,-1,2111.2969567730547
2013-03-11T14:30:00+01:00,2141.25,2148.75,2139.5,2148.5,1,1,2114.8401037470494
2013-03-12T14:30:00+01:00,2147.25,2149,2139.75,2145,-1,-1,2117.712474818759
2013-03-13T14:30:00+01:00,2145.75,2149,2140.25,2148.25,1,1,2120.6208105503056
2013-03-14T14:30:00+01:00,2150.5,2155.25,2149.75,2154,1,2,2123.799780974086
2013-03-15T14:30:00+01:00,2152.5,2154.5,2147,2151.5,-1,-1,2126.437897071792
2013-03-18T14:30:00+01:00,2137.25,2150.5,2135.75,2145.25,1,1,2128.2295259220978
2013-03-19T14:30:00+01:00,2147,2149,2129.75,2140.25,-1,-1,2129.374332977136
2013-03-20T14:30:00+01:00,2149.25,2153.75,2146,2147.25,-1,-2,2131.076777455504
2013-03-21T14:30:00+01:00,2141.75,2147,2134.5,2137.5,-1,-3,2131.688512935932
2013-03-22T14:30:00+01:00,2142.25,2150.5,2141,2150,1,1,2133.432464084891
2013-03-25T14:30:00+01:00,2154,2156.5,2137,2145.25,-1,-1,2134.5579436958537
2013-03-26T14:30:00+01:00,2150,2156.75,2148.25,2155.5,1,1,2136.55242524863
2013-03-27T14:30:00+01:00,2146.5,2156.25,2143.75,2154.75,1,2,2138.285527605903
2013-03-28T14:30:00+01:00,2154.5,2162.5,2152.5,2161,1,3,2140.4488106910553
2013-04-01T15:30:00+02:00,2159.5,2163,2150.5,2153.5,-1,-1,2141.691781101431
2013-04-02T15:30:00+02:00,2160,2166,2157.5,2162.25,1,1,2143.6497067108185
2013-04-03T15:30:00+02:00,2163,2164.25,2142,2146.25,-1,-1,2143.8973536907406
2013-04-04T15:30:00+02:00,2148.25,2155.5,2144.75,2152.75,1,1,2144.740462863051
2013-04-05T15:30:00+02:00,2133.25,2147.25,2131.25,2144,1,2,2144.6699425903794
2013-04-08T15:30:00+02:00,2146.25,2158.5,2141,2157,1,3,2145.844233772248
2013-04-09T15:30:00+02:00,2159,2167,2153.5,2161.25,1,4,2147.3114496034627
2013-04-10T15:30:00+02:00,2165.5,2182.5,2165,2181.25,1,5,2150.543692498371
2013-04-11T15:30:00+02:00,2181,2191,2179,2186,1,6,2153.920483689002
2013-04-12T15:30:00+02:00,2180.75,2184.25,2173,2180,-1,-1,2156.4042471471926
2013-04-15T15:30:00+02:00,2173.75,2175,2140.5,2141.25,-1,-2,2154.9609855141266
2013-04-16T15:30:00+02:00,2156.5,2168.75,2152.5,2166.5,1,1,2156.059939274686
2013-04-17T15:30:00+02:00,2156.5,2156.75,2136,2144,-1,-1,2154.9113736294776
2013-04-18T15:30:00+02:00,2147.25,2147.5,2128.75,2133,-1,-2,2152.8245761409557
2013-04-19T15:30:00+02:00,2138,2148.75,2134.25,2145.25,1,1,2152.1031879370553
2013-04-22T15:30:00+02:00,2151.25,2159,2140.75,2154.25,1,2,2152.3076462287645
2013-04-23T15:30:00+02:00,2162.75,2172.75,2155,2171.5,1,3,2154.135489445073
2013-04-24T15:30:00+02:00,2172,2176.5,2168.75,2171.75,-1,-1,2155.8130618788755
2013-04-25T15:30:00+02:00,2176.75,2186.25,2174.5,2180,1,1,2158.116579795173
2013-04-26T15:30:00+02:00,2176.75,2179.5,2170.5,2174.5,-1,-1,2159.676905528966
2013-04-29T15:30:00+02:00,2180.25,2190.25,2177.5,2186.5,1,1,2162.2314859547787
2013-04-30T15:30:00+02:00,2186,2191.25,2179.25,2190.5,1,2,2164.9237253876568
2013-05-01T15:30:00+02:00,2186.75,2187.5,2174,2175,-1,-1,2165.8833705888323
2013-05-02T15:30:00+02:00,2180,2192.25,2178.25,2190.25,1,1,2168.2040019613246
2013-05-03T15:30:00+02:00,2204.5,2212.25,2203.5,2207.25,1,2,2171.9226684411983
2013-05-06T15:30:00+02:00,2208,2213.25,2207.25,2211.5,1,3,2175.6919381134653
2013-05-07T15:30:00+02:00,2214.5,2219.75,2209.75,2219.25,1,4,2179.840324959802
2013-05-08T15:30:00+02:00,2217.5,2227.5,2216.5,2226.75,1,5,2184.3079130588685
2013-05-09T15:30:00+02:00,2226,2230.25,2218,2222.5,-1,-1,2187.9452546723096
2013-05-10T15:30:00+02:00,2223.25,2228.5,2218.25,2227.75,1,1,2191.736182798756
2013-05-13T15:30:00+02:00,2225.25,2231.25,2221.25,2229,1,2,2195.2851177703033
2013-05-14T15:30:00+02:00,2229.75,2246.75,2229.5,2246,1,3,2200.115106554084
2013-05-15T15:30:00+02:00,2243,2257.75,2242.25,2252.25,1,4,2205.080334501314
2013-05-16T15:30:00+02:00,2251,2256.75,2244,2246.5,-1,-1,2209.025064548808
2013-05-17T15:30:00+02:00,2252.75,2263.75,2250.5,2261.75,1,1,2214.046486972731
2013-05-20T15:30:00+02:00,2260.75,2268.75,2259,2262.5,1,2,2218.6611072610426
2013-05-21T15:30:00+02:00,2263.75,2271.25,2258,2263.75,0,0,2222.9552875218956
2013-05-22T15:30:00+02:00,2266.5,2283.75,2244.5,2253.25,-1,-1,2225.840498234096
2013-05-23T15:30:00+02:00,2234.5,2252,2232.25,2248,1,1,2227.950926973706
2013-05-24T15:30:00+02:00,2237.5,2249,2232.5,2248.75,1,2,2229.931791071448
2013-05-28T15:30:00+02:00,2263.5,2270.75,2250.75,2253.5,-1,-1,2232.176382397977
2013-05-29T15:30:00+02:00,2247,2250.75,2236,2244.75,-1,-2,2233.3738697886456
2013-05-30T15:30:00+02:00,2246,2258.75,2244.75,2251.5,1,1,2235.100167904013
2013-05-31T15:30:00+02:00,2246.25,2256,2224.25,2226.75,-1,-1,2234.3049138179163
2013-06-03T15:30:00+02:00,2230.75,2237,2218.75,2233.75,1,1,2234.2520648828768
2013-06-04T15:30:00+02:00,2236.75,2243.75,2219.5,2229,-1,-1,2233.751868227365
2013-06-05T15:30:00+02:00,2223.25,2226.75,2203.5,2205.75,-1,-2,2231.0850236342826
2013-06-06T15:30:00+02:00,2204.25,2222.25,2194.5,2221,1,1,2230.124545192922
2013-06-07T15:30:00+02:00,2231,2242,2223.75,2237.5,1,2,2230.8269694602627
2013-06-10T15:30:00+02:00,2245.25,2246.5,2236.25,2240.5,-1,-1,2231.748210464047
2013-06-11T15:30:00+02:00,2225,2237.75,2219.5,2225.5,1,1,2231.1531428008047
2013-06-12T15:30:00+02:00,2234.5,2236.25,2207.5,2208,-1,-1,2228.9480815816805
2013-06-13T15:30:00+02:00,2208.75,2237.5,2205.25,2234.75,1,1,2229.5006452405682
2013-06-14T15:30:00+02:00,2232.75,2238.75,2221.25,2222.75,-1,-1,2228.8577266462285
2013-06-17T15:30:00+02:00,2235.25,2244.75,2227.75,2238,1,1,2229.7284193465875
2013-06-18T15:30:00+02:00,2238,2252.75,2237.5,2249.75,1,2,2231.6352365516746
2013-06-19T15:30:00+02:00,2248.5,2251.5,2226,2226.75,-1,-1,2231.1699759277058
2013-06-20T15:30:00+02:00,2210.75,2213,2181,2188.25,-1,-2,2227.082359172686
2013-06-21T15:30:00+02:00,2196.25,2197.75,2174.5,2188.25,-1,-3,2223.384039251478
2013-06-24T15:30:00+02:00,2174,2184.25,2157.25,2170,-1,-4,2218.2998450370515
2013-06-25T15:30:00+02:00,2185,2191.75,2174,2185.25,1,1,2215.1522407478083
2013-06-26T15:30:00+02:00,2199,2205.25,2192.5,2199.25,1,2,2213.6377416289693
2013-06-27T15:30:00+02:00,2211.25,2218.25,2209.25,2210.75,-1,-1,2213.3627186166864
2013-06-28T15:30:00+02:00,2205.75,2213.75,2198.25,2202,-1,-2,2212.280554938907
2013-07-01T15:30:00+02:00,2212.25,2224.5,2210,2210.5,-1,-3,2212.1109782780586
2013-07-02T15:30:00+02:00,2210.5,2222.5,2204.25,2211.25,1,1,2212.028980346815
2013-07-03T15:30:00+02:00,2204,2217,2201.25,2213,1,2,2212.121458409023
2013-07-05T15:30:00+02:00,2223.75,2232.5,2212.25,2232.25,1,3,2214.0384623700684
2013-07-08T15:30:00+02:00,2238,2243.5,2235.25,2239.75,1,4,2216.4871802395855
2013-07-09T15:30:00+02:00,2249.25,2253,2242.25,2249.5,1,5,2219.631258312006
2013-07-10T15:30:00+02:00,2249.25,2257,2245.5,2252.75,1,6,2222.785424187053
2013-07-11T15:30:00+02:00,2270.75,2275.75,2264.75,2274,1,7,2227.6630028359054
2013-07-12T15:30:00+02:00,2273.75,2278.25,2271,2274.5,1,8,2232.123669232486
2013-07-15T15:30:00+02:00,2279.25,2283.5,2276.25,2281.5,1,9,2236.82617692463
2013-07-16T15:30:00+02:00,2282.5,2283.5,2270.5,2275.5,-1,-1,2240.5093981699033
2013-07-17T15:30:00+02:00,2281.5,2284.5,2276.75,2279,-1,-2,2244.1751697727696
2013-07-18T15:30:00+02:00,2282.75,2292.5,2281.5,2284.75,1,1,2248.03943931822
2013-07-19T15:30:00+02:00,2284.75,2294.5,2282.5,2294,1,2,2252.4166355736274
2013-07-22T15:30:00+02:00,2293.5,2297,2289.5,2294.5,1,3,2256.424575042806
2013-07-23T15:30:00+02:00,2297.5,2298,2290,2292,-1,-1,2259.812710753015
2013-07-24T15:30:00+02:00,2297.75,2298.5,2281.25,2287.75,-1,-2,2262.4734049670137
2013-07-25T15:30:00+02:00,2281.75,2290.5,2278.75,2288,1,1,2264.9045092558695
2013-07-26T15:30:00+02:00,2282,2291.75,2274.5,2290.75,1,2,2267.3659845648344
2013-07-29T15:30:00+02:00,2286.25,2290.25,2280.5,2286.75,1,3,2269.2120812729454
2013-07-30T15:30:00+02:00,2290.5,2292.5,2281.25,2289,-1,-1,2271.0966449612365
2013-07-31T15:30:00+02:00,2289.25,2298,2284.25,2289,-1,-2,2272.8017263935
2013-08-01T15:30:00+02:00,2299.5,2307.75,2298.25,2304.75,1,1,2275.8444191179283
2013-08-02T15:30:00+02:00,2302,2309,2299.75,2308.25,1,2,2278.930664916221
2013-08-05T15:30:00+02:00,2305,2309,2302.75,2306.5,1,3,2281.556315876581
2013-08-06T15:30:00+02:00,2302.75,2304.5,2292.75,2298,-1,-1,2283.122381031192
2013-08-07T15:30:00+02:00,2291.25,2293.5,2284.5,2292,1,1,2283.967868552031
2013-08-08T15:30:00+02:00,2299.25,2301,2288.5,2297.75,-1,-1,2285.2804524994567
2013-08-09T15:30:00+02:00,2295,2300.25,2286.5,2290,-1,-2,2285.729933213794
2013-08-12T15:30:00+02:00,2283.75,2292.25,2282.75,2291.25,1,1,2286.2556538600993
2013-08-13T15:30:00+02:00,2293.25,2298.5,2283.25,2294.75,1,2,2287.0646392067565
2013-08-14T15:30:00+02:00,2294.5,2297.25,2285,2285.5,-1,-1,2286.91562594897
2013-08-15T15:30:00+02:00,2273,2273.25,2259.25,2260.25,-1,-2,2284.3760425252585
2013-08-16T15:30:00+02:00,2259.75,2265.5,2253.5,2255,-1,-3,2281.5783241895197
2013-08-19T15:30:00+02:00,2255.25,2261,2246.25,2248.5,-1,-4,2278.4280076000414
2013-08-20T15:30:00+02:00,2249.25,2260.75,2247.25,2254.5,1,1,2276.149149733371
2013-08-21T15:30:00+02:00,2249.75,2258.75,2240,2240.5,-1,-1,2272.753992615907
2013-08-22T15:30:00+02:00,2247.75,2261.75,2247.25,2259,1,1,2271.4440885572494
2013-08-23T15:30:00+02:00,2264,2266.75,2256.25,2265.25,1,2,2270.854175361321
2013-08-26T15:30:00+02:00,2266.25,2271.5,2257.25,2258,-1,-1,2269.6299681840524
2013-08-27T15:30:00+02:00,2242,2248.25,2230.25,2232.25,-1,-2,2266.0699712141427
2013-08-28T15:30:00+02:00,2231,2243.25,2228.75,2236,1,1,2263.2061644318433
2013-08-29T15:30:00+02:00,2233.5,2248.75,2232.25,2240.75,1,2,2261.067482105001
2013-08-30T15:30:00+02:00,2243.25,2243.5,2229.5,2236.75,-1,-1,2258.751531428334
2013-09-03T15:30:00+02:00,2250.5,2254,2234.75,2243.5,-1,-2,2257.2990046256355
2013-09-04T15:30:00+02:00,2242.25,2258.75,2239.25,2257.75,1,1,2257.341956566051
2013-09-05T15:30:00+02:00,2256.75,2262.25,2255.25,2257,1,2,2257.309389274046
2013-09-06T15:30:00+02:00,2263.25,2268,2242.75,2258.5,-1,-1,2257.422780771756
2013-09-09T15:30:00+02:00,2262.5,2275.75,2262.25,2273.75,1,1,2258.977754031589
2013-09-10T15:30:00+02:00,2284.5,2287.25,2280.75,2286.5,1,2,2261.598920314295
2013-09-11T15:30:00+02:00,2284.75,2293,2281.75,2292.5,1,3,2264.541880284362
2013-09-12T15:30:00+02:00,2292,2294,2285.25,2288.75,-1,-1,2266.847415495375
2013-09-13T15:30:00+02:00,2289.75,2293,2285.75,2292.75,1,1,2269.3143283053396
2013-09-16T15:30:00+02:00,2310.25,2311,2298.75,2302.25,-1,-1,2272.4510589429265
2013-09-17T15:30:00+02:00,2303,2310,2302.75,2309.75,1,1,2276.0033390436
2013-09-18T15:30:00+02:00,2308.5,2334,2304,2328.75,1,2,2281.026830563257
2013-09-19T15:30:00+02:00,2333.75,2334.5,2324,2328.25,-1,-1,2285.5242752715185
2013-09-20T15:30:00+02:00,2329.75,2330,2312,2313.5,-1,-2,2288.1886300075644
2013-09-23T15:30:00+02:00,2311.25,2313,2300.25,2303.25,-1,-3,2289.62304619732
2013-09-24T15:30:00+02:00,2305.5,2311.75,2298.25,2303.25,-1,-4,2290.920851321385
2013-09-25T15:30:00+02:00,2303,2305.75,2295.25,2297,-1,-5,2291.4998178622054
2013-09-26T15:30:00+02:00,2299.75,2308.25,2296.5,2303.25,1,1,2292.6188828277095
2013-09-27T15:30:00+02:00,2294.5,2297.75,2290.75,2297.25,1,2,2293.0599416060227
2013-09-30T15:30:00+02:00,2280.75,2291.75,2277.5,2288.75,1,3,2292.6494709768776
2013-10-01T15:30:00+02:00,2287.25,2303,2286,2300,1,4,2293.349521360032
2013-10-02T15:30:00+02:00,2289.25,2298.25,2284,2294.25,1,5,2293.4352812305056
2013-10-03T15:30:00+02:00,2293.75,2295.5,2274,2279.75,-1,-1,2292.1319211133145
2013-10-04T15:30:00+02:00,2283.25,2296.75,2281,2295.5,1,1,2292.452690531094
2013-10-07T15:30:00+02:00,2279.75,2290.25,2277.75,2278.75,-1,-1,2291.1476723852757
2013-10-08T15:30:00+02:00,2279.75,2282,2259,2260.25,-1,-2,2288.2050369200115
2013-10-09T15:30:00+02:00,2263.5,2267.5,2250.75,2259.5,-1,-3,2285.4712238800103
2013-10-10T15:30:00+02:00,2278.25,2298.5,2278,2296,1,1,2286.473964462866
2013-10-11T15:30:00+02:00,2295,2310.25,2293.25,2310,1,2,2288.7145392759267
2013-10-14T15:30:00+02:00,2297.75,2316.75,2296.25,2315.5,1,3,2291.2655355353622
2013-10-15T15:30:00+02:00,2310.75,2317.25,2300.25,2303,-1,-1,2292.3831035796134
2013-10-16T15:30:00+02:00,2313,2327.75,2312,2324.5,1,1,2295.44185561965
2013-10-17T15:30:00+02:00,2319.75,2339.25,2319.25,2339.25,1,2,2299.6140598463503
2013-10-18T15:30:00+02:00,2344.25,2351,2341,2347.25,1,3,2304.15081605146
2013-10-21T15:30:00+02:00,2350,2353.25,2345.5,2348.75,-1,-1,2308.3983573798923
2013-10-22T15:30:00+02:00,2354.75,2365.25,2352.5,2360.25,1,1,2313.336609057998
2013-10-23T15:30:00+02:00,2354,2354.75,2345.25,2352.5,-1,-1,2317.066455814379
2013-10-24T15:30:00+02:00,2355,2361,2350.75,2359.25,1,1,2321.0839362130096
2013-10-25T15:30:00+02:00,2361,2366.5,2357.5,2364.75,1,2,2325.2426089546275
2013-10-28T14:30:00+01:00,2364.75,2370.75,2362.75,2369,1,3,2329.4099795303773
2013-10-29T14:30:00+01:00,2372.25,2378.75,2369.75,2378.25,1,4,2334.061410051294
2013-10-30T14:30:00+01:00,2380,2381.25,2362.5,2371.5,-1,-1,2337.626990046409
2013-10-31T14:30:00+01:00,2367.5,2374.75,2361,2365.75,-1,-2,2340.305371946751
2013-11-01T14:30:00+01:00,2366.25,2372,2357.75,2365.25,-1,-3,2342.681050808965
2013-11-04T15:30:00+01:00,2372.75,2374.75,2366.75,2373.5,1,1,2345.616188827159
2013-11-05T15:30:00+01:00,2367,2373,2361.25,2367.5,1,2,2347.7003613198103
2013-11-06T15:30:00+01:00,2376.25,2380.75,2370.75,2376.5,1,3,2350.443184051257
2013-11-07T15:30:00+01:00,2380.75,2382.25,2353,2356.25,-1,-1,2350.9962141416136
2013-11-08T15:30:00+01:00,2354,2378.75,2354,2377.25,1,1,2353.496574699555
2013-11-11T15:30:00+01:00,2377,2381,2374.75,2378.25,1,2,2355.854043775788
2013-11-12T15:30:00+01:00,2375,2379.25,2369.25,2375.75,1,3,2357.7488967495224
2013-11-13T15:30:00+01:00,2366.25,2390.25,2366.25,2389.25,1,4,2360.7490018209965
2013-11-14T15:30:00+01:00,2391,2399.75,2388,2398.25,1,5,2364.320525457092
2013-11-15T15:30:00+01:00,2401.25,2406.75,2398.75,2404,1,6,2368.099523032607
2013-11-18T15:30:00+01:00,2408.75,2410.5,2395.5,2399.5,-1,-1,2371.0900446485493
2013-11-19T15:30:00+01:00,2399,2404.5,2392.75,2396,-1,-2,2373.4624213486877
2013-11-20T15:30:00+01:00,2399.75,2405,2385.25,2390.5,-1,-3,2375.085047886908
2013-11-21T15:30:00+01:00,2395.5,2406.25,2394.25,2404.5,1,1,2377.8864718976783
2013-11-22T15:30:00+01:00,2405.5,2414,2403.25,2412,1,2,2381.135379335995
2013-11-25T15:30:00+01:00,2417,2417.5,2409.25,2413,-1,-1,2384.170105113519
2013-11-26T15:30:00+01:00,2413,2417.75,2409.5,2412.75,-1,-2,2386.8919998646124
2013-11-27T15:30:00+01:00,2414.5,2418.25,2412,2415,1,1,2389.568952258459
2013-11-29T15:30:00+01:00,2419,2423.25,2413.5,2414.75,-1,-1,2391.967147281463
2013-12-02T15:30:00+01:00,2416.25,2419.75,2407.75,2411,-1,-2,2393.7797999213235
2013-12-03T15:30:00+01:00,2404.75,2409.25,2397,2402.25,-1,-3,2394.586485643102
2013-12-04T15:30:00+01:00,2396,2410.25,2388.5,2402.75,1,1,2395.363963200902
2013-12-05T15:30:00+01:00,2399.5,2402.75,2392.75,2395,-1,-1,2395.3293000389117
2013-12-06T15:30:00+01:00,2412,2416.75,2407,2415.5,1,1,2397.2503190828247
2013-12-09T15:30:00+01:00,2420.5,2422.25,2417,2419.75,-1,-1,2399.3931458368415
2013-12-10T15:30:00+01:00,2415.25,2419,2411.75,2414,-1,-2,2400.7842748047615
2013-12-11T15:30:00+01:00,2413.5,2413.75,2390,2391.5,-1,-3,2399.900058156689
2013-12-12T15:30:00+01:00,2391.25,2394,2382.5,2385.5,-1,-4,2398.528624046528
2013-12-13T15:30:00+01:00,2390,2391.5,2382.5,2385.5,-1,-5,2397.2878027087636
2013-12-16T15:30:00+01:00,2394.25,2403.25,2394,2397.25,1,1,2397.2842024507863
2013-12-17T15:30:00+01:00,2398.5,2399.25,2387.25,2390,-1,-1,2396.5904688840446
2013-12-18T15:30:00+01:00,2394.25,2423.75,2377.75,2421.5,1,1,2398.962805180802
2013-12-19T15:30:00+01:00,2416.75,2422,2412,2419,1,2,2400.8711094492974
2013-12-20T15:30:00+01:00,2421.5,2434.75,2421.25,2431.25,1,3,2403.764337120793
2013-12-23T15:30:00+01:00,2439,2441.5,2435.25,2440.5,1,4,2407.2629716807173
2013-12-24T15:30:00+01:00,2440.5,2446.5,2440,2446,1,5,2410.95221247303
2013-12-26T15:30:00+01:00,2448,2454.75,2448,2453.75,1,6,2415.0281922375034
2013-12-27T15:30:00+01:00,2456.25,2457,2451.25,2453.5,-1,-1,2418.6921739291697
2013-12-30T15:30:00+01:00,2453.5,2455,2450.5,2452,-1,-2,2421.8643478406775
2013-12-31T15:30:00+01:00,2455,2463.5,2453.75,2463.25,1,1,2425.8058385225177
2014-01-02T15:30:00+01:00,2454.25,2455,2438.75,2443.25,-1,-1,2427.467187234659
2014-01-03T15:30:00+01:00,2445.75,2450,2440,2442.25,-1,-2,2428.8750741646913
2014-01-06T15:30:00+01:00,2448.25,2449.5,2434.25,2437.5,-1,-3,2429.696495672816
2014-01-07T15:30:00+01:00,2444.75,2451.75,2443.25,2447.5,1,1,2431.3920675135005
2014-01-08T15:30:00+01:00,2448.25,2451.75,2442.5,2449.25,1,2,2433.0928229884053
2014-01-09T15:30:00+01:00,2454.75,2455,2441.25,2450,-1,-1,2434.703030322843
2014-01-10T15:30:00+01:00,2453,2455.75,2443.25,2454.5,1,1,2436.588456006382
2014-01-13T15:30:00+01:00,2450.5,2455.25,2426.5,2432,-1,-1,2436.1514601962504
2014-01-14T15:30:00+01:00,2436.25,2451.25,2432.75,2450,1,1,2437.470368748988
2014-01-15T15:30:00+01:00,2454.25,2462.75,2453.5,2458.5,1,2,2439.473190772894
2014-01-16T15:30:00+01:00,2456,2458,2451.5,2453.25,-1,-1,2440.7852678421423
2014-01-17T15:30:00+01:00,2454.25,2457.5,2446.25,2451.25,-1,-2,2441.7819090000335
2014-01-21T15:30:00+01:00,2460,2461,2443.25,2455.5,-1,-3,2443.0883938571733
2014-01-22T15:30:00+01:00,2458.25,2458.75,2452,2456,-1,-4,2444.3180706326807
2014-01-23T15:30:00+01:00,2446.75,2447,2430.75,2440.75,-1,-5,2443.9782543819492
2014-01-24T15:30:00+01:00,2428.75,2429.25,2398.25,2398.5,-1,-6,2439.646992059859
2014-01-27T15:30:00+01:00,2403.5,2408,2384,2392.5,-1,-7,2435.1568023398722
2014-01-28T15:30:00+01:00,2394.25,2405.75,2393.75,2405,1,1,2432.284725926551
2014-01-29T15:30:00+01:00,2388.25,2398,2381,2388.5,1,2,2428.114752028784
2014-01-30T15:30:00+01:00,2401.25,2410.75,2395,2398,-1,-1,2425.246680406995
2014-01-31T15:30:00+01:00,2382.75,2405.25,2381.75,2394.75,1,1,2422.342234653948
2014-02-03T15:30:00+01:00,2391.75,2396,2349.25,2350,-1,-1,2415.4524980202386
2014-02-04T15:30:00+01:00,2361.75,2370.5,2355.75,2361,-1,-2,2410.2665458278348
2014-02-05T15:30:00+01:00,2360,2367.75,2349,2361.25,1,1,2405.598303368041
2014-02-06T15:30:00+01:00,2367.75,2386.75,2367.5,2384,1,2,2403.541322094894
2014-02-07T15:30:00+01:00,2395,2411,2389.25,2410.25,1,3,2404.1802438001423
2014-02-10T15:30:00+01:00,2408.75,2412.5,2403.75,2411.75,1,4,2404.9011729620333
2014-02-11T15:30:00+01:00,2413.5,2436.5,2412.25,2430.5,1,5,2407.3391564894587
2014-02-12T15:30:00+01:00,2434.25,2440.25,2429,2434.25,0,0,2409.902093966653
2014-02-13T15:30:00+01:00,2420.25,2444,2420,2441.25,1,1,2412.8876088269717
2014-02-14T15:30:00+01:00,2440.25,2455.75,2438.5,2452,1,2,2416.612598462498
2014-02-18T15:30:00+01:00,2454,2457,2448.5,2454.5,1,3,2420.2209224184508
2014-02-19T15:30:00+01:00,2449.25,2461.5,2440.25,2442.25,-1,-1,2422.3189298071698
2014-02-20T15:30:00+01:00,2444.5,2457.25,2438,2453,1,1,2425.2409364922014
2014-02-21T15:30:00+01:00,2457,2461,2449.75,2451,-1,-1,2427.6941806358013
2014-02-24T15:30:00+01:00,2454.75,2473.75,2454,2463,1,1,2431.056639622868
2014-02-25T15:30:00+01:00,2462.25,2468,2454.25,2463.25,1,2,2434.1226739444996
2014-02-26T15:30:00+01:00,2463.25,2468,2455,2458.75,-1,-1,2436.468133568833
2014-02-27T15:30:00+01:00,2457.75,2471.25,2455.5,2471,1,1,2439.7568827527534
2014-02-28T15:30:00+01:00,2469.75,2483.5,2462.25,2477.5,1,2,2443.351465347729
2014-03-03T15:30:00+01:00,2458.75,2466.5,2449.25,2460.25,1,3,2444.960849600326
2014-03-04T15:30:00+01:00,2479.5,2491.75,2479.25,2488.75,1,4,2449.1312448764857
2014-03-05T15:30:00+01:00,2489.25,2492.5,2486.25,2489.25,0,0,2452.952078697773
2014-03-06T15:30:00+01:00,2494,2498,2490.75,2493.5,-1,-1,2456.8137854884612
2014-03-07T15:30:00+01:00,2500.75,2501.75,2486.25,2494.75,-1,-2,2460.4267582990838
2014-03-10T14:30:00+01:00,2491.5,2494.75,2482.75,2494,1,1,2463.6242098896473
2014-03-11T14:30:00+01:00,2496.5,2499.25,2480,2482,-1,-1,2465.374285138252
2014-03-12T14:30:00+01:00,2475.25,2485.5,2470.75,2484.75,1,1,2467.2195913155615
2014-03-13T14:30:00+01:00,2490.5,2492,2458.5,2463.5,-1,-1,2466.865344523603
2014-03-14T14:30:00+01:00,2460,2470,2456,2456.75,-1,-2,2465.901978378498
2014-03-17T14:30:00+01:00,2467.75,2479.75,2467,2475,1,1,2466.7684566281646
2014-03-18T14:30:00+01:00,2478.75,2491,2476.75,2487.75,1,2,2468.7666988540536
2014-03-19T14:30:00+01:00,2489,2491.25,2466,2476.25,-1,-1,2469.4793942012866
2014-03-20T14:30:00+01:00,2473.75,2490.5,2470.25,2490.25,1,1,2471.4575471344974
2014-03-21T14:30:00+01:00,2496.5,2500.75,2479.5,2481,-1,-1,2472.366352169307
2014-03-24T14:30:00+01:00,2487.75,2490,2465.25,2473.25,-1,-2,2472.4505091055635
2014-03-25T14:30:00+01:00,2483,2488.5,2472,2483.5,1,1,2473.5028415717
2014-03-26T14:30:00+01:00,2489.75,2492.75,2465.5,2466.75,-1,-1,2472.859713802967
2014-03-27T14:30:00+01:00,2466.75,2472.25,2458,2465,-1,-2,2472.1111696312555
2014-03-28T14:30:00+01:00,2470,2483.5,2469,2474.5,1,1,2472.3386772854215
2014-03-31T15:30:00+02:00,2485.25,2492,2483.5,2487,1,2,2473.734993734429
2014-04-01T15:30:00+02:00,2495.25,2502.75,2493.25,2501.75,1,3,2476.403089569245
2014-04-02T15:30:00+02:00,2504,2510.25,2500.25,2506.75,1,4,2479.293271515031
2014-04-03T15:30:00+02:00,2510.5,2511,2499.5,2507.5,-1,-1,2481.9796266088374
2014-04-04T15:30:00+02:00,2515.25,2516.25,2479.75,2484.75,-1,-2,2482.24347169371
2014-04-07T15:30:00+02:00,2478,2481.5,2458.5,2462.25,-1,-3,2480.3393315324042
2014-04-08T15:30:00+02:00,2461,2473,2454.75,2468.75,1,1,2479.235585672175
2014-04-09T15:30:00+02:00,2474.75,2490.5,2469.25,2489.25,1,2,2480.1893394176823
2014-04-10T15:30:00+02:00,2489.5,2490.5,2447.75,2451.25,-1,-1,2477.4332118540933
2014-04-11T15:30:00+02:00,2440.5,2452.5,2431.25,2435.75,-1,-2,2473.4633821537036
2014-04-14T15:30:00+02:00,2447.75,2452,2432.75,2448.5,1,1,2471.085917186684
2014-04-15T15:30:00+02:00,2451.5,2464,2433.25,2463.75,1,2,2470.387258407
2014-04-16T15:30:00+02:00,2473.25,2481,2464.75,2477.5,1,3,2471.0646623682383
2014-04-17T15:30:00+02:00,2477.25,2487.75,2474.25,2482,1,4,2472.1061230950727
2014-04-21T15:30:00+02:00,2483,2489.5,2480.5,2488.25,1,5,2473.6436351812563
2014-04-22T15:30:00+02:00,2490.75,2502.75,2489.75,2498,1,6,2475.9632889735176
2014-04-23T15:30:00+02:00,2496.75,2497.75,2491.5,2496.25,-1,-1,2477.8953566903256
2014-04-24T15:30:00+02:00,2502.25,2502.5,2487.75,2496.75,-1,-2,2479.6910370055325
2014-04-25T15:30:00+02:00,2491,2492,2477,2484.25,-1,-3,2480.1252239573864
2014-04-28T15:30:00+02:00,2489.25,2495.75,2468,2490,1,1,2481.065678818588
2014-04-29T15:30:00+02:00,2493.5,2499.25,2489.25,2495.75,1,2,2482.46418559777
2014-04-30T15:30:00+02:00,2493,2504.25,2490.5,2502.75,1,3,2484.3961679217923
2014-05-01T15:30:00+02:00,2500.75,2506.75,2495.5,2501.5,1,4,2486.025104310193
2014-05-02T15:30:00+02:00,2501.5,2509.75,2496,2498.5,-1,-1,2487.213189613984
2014-05-05T15:30:00+02:00,2489.75,2504,2484.5,2500,1,1,2488.430981079319
2014-05-06T15:30:00+02:00,2498.25,2499.5,2485.75,2488.5,-1,-1,2488.43755430986
2014-05-07T15:30:00+02:00,2492.75,2499.75,2478.5,2498.25,1,1,2489.372072947016
2014-05-08T15:30:00+02:00,2495.25,2508.75,2489,2496,1,2,2490.0033040949193
2014-05-09T15:30:00+02:00,2495.25,2499,2486.5,2497.75,1,3,2490.741084657308
2014-05-12T15:30:00+02:00,2506,2517.25,2505.75,2517.25,1,4,2493.2657432613737
2014-05-13T15:30:00+02:00,2518.25,2522.5,2516,2518.25,0,0,2495.6451962841
2014-05-14T15:30:00+02:00,2516.5,2517.25,2506.25,2509.5,-1,-1,2496.9647013999
2014-05-15T15:30:00+02:00,2505,2505.5,2483,2491.25,-1,-2,2496.4204441237193
2014-05-16T15:30:00+02:00,2493.25,2499.75,2485.25,2499,1,1,2496.6661161119364
2014-05-19T15:30:00+02:00,2495,2507,2493.25,2506.5,1,2,2497.602676482228
2014-05-20T15:30:00+02:00,2504.5,2504.75,2488.75,2492.25,-1,-1,2497.092897769635
2014-05-21T15:30:00+02:00,2499,2510.5,2498.5,2509.5,1,1,2498.274526553479
2014-05-22T15:30:00+02:00,2509.75,2518,2506.75,2514,1,2,2499.772190691243
2014-05-23T15:30:00+02:00,2515.5,2523.25,2514.75,2521,1,3,2501.7938868158863
2014-05-27T15:30:00+02:00,2528.75,2534,2527.5,2533,1,4,2504.7658975953254
2014-05-28T15:30:00+02:00,2533.25,2536.5,2528.5,2533.5,1,5,2507.502478776723
2014-05-29T15:30:00+02:00,2536.25,2542,2531.25,2541.5,1,6,2510.7403379408447
2014-05-30T15:30:00+02:00,2539.75,2546.25,2538.25,2544.25,1,7,2513.931734327431
2014-06-02T15:30:00+02:00,2547.5,2548,2537.75,2545.5,-1,-1,2516.938235820057
2014-06-03T15:30:00+02:00,2542,2547,2540.5,2546,1,1,2519.7060228848136
2014-06-04T15:30:00+02:00,2542.5,2551,2540.75,2549.75,1,2,2522.567354038641
2014-06-05T15:30:00+02:00,2552,2564.75,2545,2562.75,1,3,2526.3942727016274
2014-06-06T15:30:00+02:00,2566.75,2573.5,2565.75,2573.25,1,4,2530.85672292052
2014-06-09T15:30:00+02:00,2571.5,2578.75,2569.75,2574.25,1,5,2534.9894159757087
2014-06-10T15:30:00+02:00,2571.5,2574.75,2567,2574.75,1,6,2538.7761382637364
2014-06-11T15:30:00+02:00,2567,2569.25,2562.5,2567.75,1,7,2541.53555366719
2014-06-12T15:30:00+02:00,2564.75,2566,2548.75,2554.5,-1,-1,2542.7702628417433
2014-06-13T15:30:00+02:00,2557,2561,2550.75,2560,1,1,2544.411190190149
2014-06-16T15:30:00+02:00,2557,2564.75,2554.25,2560.5,1,2,2545.943457791087
2014-06-17T15:30:00+02:00,2557.75,2567,2555.5,2565,1,3,2547.758366572888
2014-06-18T15:30:00+02:00,2565.75,2581.5,2560.5,2580.5,1,4,2550.8766173754702
2014-06-19T15:30:00+02:00,2581.75,2583.5,2575.25,2581.5,-1,-1,2553.793130006378
2014-06-20T15:30:00+02:00,2586.75,2586.75,2583.25,2584,-1,-2,2556.6699747676753
2014-06-23T15:30:00+02:00,2585.75,2586.75,2581.25,2584,-1,-3,2559.272834313611
2014-06-24T15:30:00+02:00,2581.5,2591.25,2571,2574.5,-1,-4,2560.7230405694577
2014-06-25T15:30:00+02:00,2569,2584.5,2569,2580.5,1,1,2562.6065605152235
2014-06-26T15:30:00+02:00,2582.75,2582.75,2567.5,2580,-1,-1,2564.263078561393
2014-06-27T15:30:00+02:00,2576,2585.25,2575,2583.5,1,1,2566.0951663174505
2014-06-30T15:30:00+02:00,2583.25,2588,2581.5,2585.75,1,2,2567.9670552395983
2014-07-01T15:30:00+02:00,2588,2603,2587.5,2597,1,3,2570.732097597732
2014-07-02T15:30:00+02:00,2597,2601.25,2596,2599,1,4,2573.4242787789003
2014-07-03T15:30:00+02:00,2604,2609.5,2602.5,2608.75,1,5,2576.78863318091
2014-07-07T15:30:00+02:00,2604.75,2606.25,2598.5,2602.5,-1,-1,2579.237334782728
2014-07-08T15:30:00+02:00,2598,2598.75,2584,2591.75,-1,-2,2580.4290171843727
2014-07-09T15:30:00+02:00,2593.5,2599.5,2589.5,2598.5,1,1,2582.150063166813
2014-07-10T15:30:00+02:00,2578.75,2595.25,2577,2589.25,1,2,2582.8262476271166
2014-07-11T15:30:00+02:00,2588.75,2594.25,2584.25,2593.5,1,3,2583.8427954721533
2014-07-14T15:30:00+02:00,2602.75,2605.25,2601,2602.25,-1,-1,2585.5958625700437
2014-07-15T15:30:00+02:00,2603.5,2607.5,2590,2599.25,-1,-2,2586.8962566109917
2014-07-16T15:30:00+02:00,2607.75,2609.25,2600.5,2605.75,-1,-3,2588.691851219469
2014-07-17T15:30:00+02:00,2599.75,2607.25,2580.25,2585.25,-1,-4,2588.3640558652337
2014-07-18T15:30:00+02:00,2589.5,2605.5,2588.5,2602.75,1,1,2589.7341457828306
2014-07-21T15:30:00+02:00,2597.25,2601.25,2590.25,2597.75,1,2,2590.49756047018
2014-07-22T15:30:00+02:00,2606.25,2611.75,2605,2605.75,-1,-1,2591.9501737587343
2014-07-23T15:30:00+02:00,2611.25,2614.75,2607,2612.25,1,1,2593.883490543617
2014-07-24T15:30:00+02:00,2614.5,2617,2610.75,2611.75,-1,-1,2595.5850628727962
2014-07-25T15:30:00+02:00,2607,2608.75,2599.25,2602.25,-1,-2,2596.219818789673
2014-07-28T15:30:00+02:00,2603.75,2607.25,2592,2604,1,1,2596.9607884287516
2014-07-29T15:30:00+02:00,2608,2610.75,2593.25,2594.5,-1,-1,2596.7264276260134
2014-07-30T15:30:00+02:00,2602.5,2605.5,2587.75,2596.75,-1,-2,2596.7286726140123
2014-07-31T15:30:00+02:00,2582.25,2584,2554.75,2559.25,-1,-3,2593.159275222202
2014-08-01T15:30:00+02:00,2551.5,2563.5,2541.5,2549.5,-1,-4,2589.0012490105637
2014-08-04T15:30:00+02:00,2554.5,2568.75,2546,2563.25,1,1,2586.5487491047957
2014-08-05T15:30:00+02:00,2556.75,2561.75,2538.75,2544.25,-1,-1,2582.5202968091007
2014-08-06T15:30:00+02:00,2536.75,2554.75,2536.5,2546,1,1,2579.0421733034723
2014-08-07T15:30:00+02:00,2555,2557,2531,2536.5,-1,-1,2574.9905377507607
2014-08-08T15:30:00+02:00,2540.25,2559.5,2535,2554.75,1,1,2573.0628674887835
2014-08-11T15:30:00+02:00,2565.25,2572.25,2562.5,2563.75,-1,-1,2572.175927727947
2014-08-12T15:30:00+02:00,2561.75,2567.25,2554.75,2561.75,0,0,2571.1829822300474
2014-08-13T15:30:00+02:00,2568.5,2576.5,2565.25,2575.75,1,1,2571.617936303376
2014-08-14T15:30:00+02:00,2577.5,2585.25,2575.25,2584.75,1,2,2572.868609036388
2014-08-15T15:30:00+02:00,2590.25,2592.25,2568.5,2584,-1,-1,2573.928741509113
2014-08-18T15:30:00+02:00,2593.5,2600.25,2592.5,2599,1,1,2576.316480413007
2014-08-19T15:30:00+02:00,2603.75,2611,2602,2608.5,1,2,2579.38157751653
2014-08-20T15:30:00+02:00,2607,2617.25,2606.5,2614.75,1,3,2582.7499987054316
2014-08-21T15:30:00+02:00,2616.25,2623.25,2614.75,2620.75,1,4,2586.3690464477713
2014-08-22T15:30:00+02:00,2619,2622.5,2612.75,2619.25,1,5,2589.5005658336977
2014-08-25T15:30:00+02:00,2627,2631,2624,2626.25,-1,-1,2593.000511944774
2014-08-26T15:30:00+02:00,2629,2634,2628.25,2629.75,1,1,2596.500463188129
2014-08-27T15:30:00+02:00,2630,2631.25,2624.75,2628.5,-1,-1,2599.548038122593
2014-08-28T15:30:00+02:00,2621.25,2628.5,2619.25,2628.25,1,1,2602.2815583013935
2014-08-29T15:30:00+02:00,2630,2633,2623.5,2631,1,2,2605.016647986975
2014-09-02T15:30:00+02:00,2635.25,2635.5,2624,2631,-1,-1,2607.4912529405965
2014-09-03T15:30:00+02:00,2639.5,2639.75,2627.5,2630,-1,-2,2609.6349431367303
2014-09-04T15:30:00+02:00,2633.75,2641.25,2622,2629,-1,-3,2611.4792342665655
2014-09-05T15:30:00+02:00,2627,2637.75,2619.5,2637,1,1,2613.9097833840356
2014-09-08T15:30:00+02:00,2634.75,2637.5,2625.25,2631.75,-1,-1,2615.608851633175
2014-09-09T15:30:00+02:00,2629.5,2630.75,2614.5,2621,-1,-2,2616.1222943347775
2014-09-10T15:30:00+02:00,2619.75,2627.5,2612.75,2626.5,1,1,2617.1106472552747
2014-09-11T15:30:00+02:00,2618,2628.75,2616.5,2628,1,2,2618.147728469058
2014-09-12T15:30:00+02:00,2626.25,2626.75,2610.75,2616,-1,-1,2617.9431829005766
2014-09-15T15:30:00+02:00,2616.75,2618.5,2609,2615.75,-1,-2,2617.7343083386168
2014-09-16T15:30:00+02:00,2611.75,2634,2610.25,2631,1,1,2618.9977075444626
2014-09-17T15:30:00+02:00,2633.5,2642.75,2622.75,2633.25,-1,-1,2620.3550687307043
2014-09-18T15:30:00+02:00,2639.25,2645,2636.75,2644.25,1,1,2622.630776470637
2014-09-19T15:30:00+02:00,2650.25,2652.25,2637.75,2642.5,-1,-1,2624.5230834734334
2014-09-22T15:30:00+02:00,2638.25,2638.75,2622,2625.75,-1,-2,2624.6399326664396
2014-09-23T15:30:00+02:00,2619.25,2627.5,2611,2612,-1,-3,2623.43612955535
2014-09-24T15:30:00+02:00,2615.25,2632,2610,2630.25,1,1,2624.0850695976974
2014-09-25T15:30:00+02:00,2625.5,2625.75,2597.25,2600.25,-1,-1,2621.815062969345
2014-09-26T15:30:00+02:00,2601.75,2618.75,2599,2615.25,1,1,2621.1898188770265
2014-09-29T15:30:00+02:00,2596.5,2613.5,2595,2609,1,2,2620.028883745881
2014-09-30T15:30:00+02:00,2611.25,2617.75,2600.5,2604,-1,-1,2618.5023233891307
2014-10-01T15:30:00+02:00,2601.5,2602.25,2573.25,2580.5,-1,-2,2614.883054494928
2014-10-02T15:30:00+02:00,2576,2584.75,2557.75,2578,1,1,2611.370382638268
2014-10-03T15:30:00+02:00,2591.25,2604,2585,2600.25,1,2,2610.3112985774806
2014-10-06T15:30:00+02:00,2608,2610.5,2590,2595.5,-1,-1,2608.9006987129587
2014-10-07T15:30:00+02:00,2586.75,2591.25,2565.25,2567.25,-1,-2,2604.933965502201
2014-10-08T15:30:00+02:00,2568,2603.5,2557.5,2601.5,1,1,2604.606921168658
2014-10-09T15:30:00+02:00,2597.5,2600.25,2559.75,2563,-1,-1,2600.6443572478333
2014-10-10T15:30:00+02:00,2561,2570.75,2532.75,2532.75,-1,-2,2594.178227986135
2014-10-13T15:30:00+02:00,2538.5,2545.5,2504.5,2505.5,-1,-3,2585.732682463646
2014-10-14T15:30:00+02:00,2518,2532.25,2504.5,2514.5,-1,-4,2578.9486174671083
2014-10-15T15:30:00+02:00,2485.25,2502.5,2452.5,2485.75,1,1,2570.072558660717
2014-10-16T15:30:00+02:00,2464.25,2509.25,2462.25,2490,1,2,2562.4466006930297
2014-10-17T15:30:00+02:00,2517.75,2531.25,2509.5,2520.25,1,3,2558.427876817503
2014-10-20T15:30:00+02:00,2514.75,2540,2514,2539.75,1,4,2556.6490314063126
2014-10-21T15:30:00+02:00,2550.25,2578.25,2548.25,2577.75,1,5,2558.6586474628543
2014-10-22T15:30:00+02:00,2577.75,2582.75,2559.75,2565.25,-1,-1,2559.286395323535
2014-10-23T15:30:00+02:00,2580,2595.75,2576.5,2585.5,1,1,2561.782929102246
2014-10-24T15:30:00+02:00,2586,2599.75,2578.5,2599.25,1,2,2565.3512215686987
2014-10-27T14:30:00+01:00,2591.25,2598.5,2584,2596.75,1,3,2568.341581419299
2014-10-28T14:30:00+01:00,2602,2620.25,2601,2619.5,1,4,2573.213811760318
2014-10-29T14:30:00+01:00,2619.25,2625.25,2601.5,2611.75,-1,-1,2576.8839249260022
2014-10-30T14:30:00+01:00,2609.5,2633.75,2607.5,2628.25,1,1,2581.775932075907
2014-10-31T14:30:00+01:00,2652,2652.5,2641.75,2649.5,-1,-1,2588.2258433067727
2014-11-03T15:30:00+01:00,2653.25,2658.75,2647.25,2650.5,-1,-2,2594.156715372794
2014-11-04T15:30:00+01:00,2646.5,2650.25,2634.75,2645,-1,-3,2598.9989329563377
2014-11-05T15:30:00+01:00,2659.25,2660,2648.25,2658.25,-1,-4,2604.641891722401
2014-11-06T15:30:00+01:00,2658,2668,2650.25,2667.25,1,1,2610.6045687012197
2014-11-07T15:30:00+01:00,2666,2670.25,2660,2665.25,-1,-1,2615.8088954915797
2014-11-10T15:30:00+01:00,2667.75,2674.5,2665.25,2673.5,1,1,2621.3032863971434
2014-11-11T15:30:00+01:00,2674.75,2677.25,2670.5,2676,1,2,2626.512497216463
2014-11-12T15:30:00+01:00,2667.5,2676.75,2667.25,2675.25,1,3,2631.1541641482286
2014-11-13T15:30:00+01:00,2676,2682.75,2666.25,2673,-1,-1,2635.1394818483973
2014-11-14T15:30:00+01:00,2675.25,2679.25,2671.5,2677.75,1,1,2639.1976264342643
2014-11-17T15:30:00+01:00,2672.75,2680,2670.75,2679,1,2,2642.9883286786203
2014-11-18T15:30:00+01:00,2678.75,2693.5,2678.5,2687.75,1,3,2647.251344994942
2014-11-19T15:30:00+01:00,2687.5,2690,2677.25,2687,-1,-1,2651.0369311859
2014-11-20T15:30:00+01:00,2677,2692,2676,2691.5,1,1,2654.890556787243
2014-11-21T15:30:00+01:00,2711,2711.75,2694.25,2701.25,-1,-1,2659.305741855125
2014-11-24T15:30:00+01:00,2706,2708.5,2703.5,2706.75,1,1,2663.824242630827
2014-11-25T15:30:00+01:00,2709.75,2712.5,2702.25,2707.25,-1,-1,2667.960029046939
2014-11-26T15:30:00+01:00,2707.25,2712.25,2704.75,2712,1,1,2672.1543119948496
2014-11-28T15:30:00+01:00,2708.75,2712.75,2703,2706.25,-1,-1,2675.4015203762924
2014-12-01T15:30:00+01:00,2698,2699.5,2687.75,2690.25,-1,-2,2676.815661292836
2014-12-02T15:30:00+01:00,2692,2707.5,2692,2705.5,1,1,2679.5475030744706
2014-12-03T15:30:00+01:00,2706.75,2715.5,2705,2711.75,1,2,2682.6144075435686
2014-12-04T15:30:00+01:00,2709.25,2716.75,2700.75,2711.25,1,3,2685.3416068251336
2014-12-05T15:30:00+01:00,2712.25,2718.5,2709.25,2715.75,1,4,2688.237644270359
2014-12-08T15:30:00+01:00,2709.25,2715.25,2693.25,2699.25,-1,-1,2689.2864400541343
2014-12-09T15:30:00+01:00,2677.5,2700.25,2672.75,2696.75,1,1,2689.997255287074
2014-12-10T15:30:00+01:00,2693,2693.75,2662.75,2665.75,-1,-1,2687.687992878781
2014-12-11T15:30:00+01:00,2672.75,2696,2669.5,2670,-1,-2,2686.003422128421
2014-12-12T15:30:00+01:00,2659.75,2671.75,2636,2637,-1,-3,2681.336429544762
2014-12-15T15:30:00+01:00,2653,2658.75,2621,2628.75,-1,-4,2676.3281981595464
2014-12-16T15:30:00+01:00,2619,2657.5,2609.25,2612.25,-1,-5,2670.225512620542
2014-12-17T15:30:00+01:00,2617.75,2657.25,2616.25,2654.25,1,1,2668.704035228109
2014-12-18T15:30:00+01:00,2681.25,2708,2673,2706.5,1,2,2672.3036509206704
2014-12-19T15:30:00+01:00,2709.25,2722.5,2702.75,2712.75,1,3,2676.155684166321
2014-12-22T15:30:00+01:00,2716.25,2722.25,2714.25,2718.5,1,4,2680.1884761504807
2014-12-23T15:30:00+01:00,2728.5,2729,2721.75,2725.5,-1,-1,2684.5038593742443
2014-12-24T15:30:00+01:00,2726.5,2729.75,2723.25,2724.25,-1,-2,2688.289206100507
2014-12-26T15:30:00+01:00,2729.5,2735,2728.5,2730.5,1,1,2692.3092817099823
2014-12-29T15:30:00+01:00,2728.25,2735,2727.25,2732.25,1,2,2696.1131596423647
2014-12-30T15:30:00+01:00,2726,2728,2719.25,2723,-1,-1,2698.6738111049967
2014-12-31T15:30:00+01:00,2724.5,2726,2697,2699.75,-1,-2,2698.7763052854734
2015-01-02T15:30:00+01:00,2707.5,2712.75,2685,2693,-1,-3,2698.226180972571
2015-01-05T15:30:00+01:00,2684.5,2686.75,2655.75,2662.25,-1,-4,2694.799878022802
2015-01-06T15:30:00+01:00,2663.75,2669.75,2630.5,2641.25,-1,-5,2689.699889639678
2015-01-07T15:30:00+01:00,2656.5,2670,2651,2666.25,1,1,2687.466566816852
2015-01-08T15:30:00+01:00,2682.75,2704.75,2682.25,2700.75,1,2,2688.7316556914375
2015-01-09T15:30:00+01:00,2706.75,2707.25,2677.5,2681.25,-1,-1,2688.0191170541575
2015-01-12T15:30:00+01:00,2686.25,2688.5,2661.5,2668.75,-1,-2,2686.1839630489994
2015-01-13T15:30:00+01:00,2683.75,2698,2647.25,2662.25,-1,-3,2683.9045379967138
2015-01-14T15:30:00+01:00,2638.5,2655,2627.5,2654.5,1,1,2681.1041058065507
2015-01-15T15:30:00+01:00,2658.5,2662.25,2631,2635,-1,-1,2676.713238586879
2015-01-16T15:30:00+01:00,2629.75,2660.5,2627.5,2659.25,1,1,2675.0500730071763
2015-01-20T15:30:00+01:00,2666.25,2669.5,2643.75,2663,-1,-1,2673.902447006493
2015-01-21T15:30:00+01:00,2657,2679,2651.5,2673.5,1,1,2673.86411872016
2015-01-22T15:30:00+01:00,2682.5,2705.5,2665.5,2702.75,1,2,2676.6151550325258
2015-01-23T15:30:00+01:00,2700,2703.5,2689.75,2689.75,-1,-1,2677.866092648476
2015-01-26T15:30:00+01:00,2689.5,2700.25,2680.75,2699.75,1,1,2679.950274301002
2015-01-27T15:30:00+01:00,2671.75,2683.25,2659.5,2675.25,1,2,2679.502629129478
2015-01-28T15:30:00+01:00,2683.5,2685,2637.5,2637.75,-1,-1,2675.526188260004
2015-01-29T15:30:00+01:00,2645.25,2665.75,2628.25,2665.25,1,1,2674.547503663813
2015-01-30T15:30:00+01:00,2647,2663.5,2632.5,2637.5,-1,-1,2671.019169981545
2015-02-02T15:30:00+01:00,2642,2664.75,2620,2663,1,1,2670.255439507112
2015-02-03T15:30:00+01:00,2671.5,2690.25,2667.25,2687.75,1,2,2671.9215881254822
2015-02-04T15:30:00+01:00,2680.75,2695.5,2675.5,2676.75,-1,-1,2672.3814368754365
2015-02-05T15:30:00+01:00,2690.5,2705,2689.25,2701.5,1,1,2675.15463336349
2015-02-06T15:30:00+01:00,2707.25,2714.25,2690.75,2700,-1,-1,2677.5208587574434
2015-02-09T15:30:00+01:00,2689,2698,2682.75,2688.75,-1,-2,2678.590300780544
2015-02-10T15:30:00+01:00,2700.25,2712.75,2689.5,2708.5,1,1,2681.4388435633496
2015-02-11T15:30:00+01:00,2707.5,2716,2699.5,2712.25,1,2,2684.373239414459
2015-02-12T15:30:00+01:00,2720,2731.75,2718,2730.75,1,3,2688.790073755939
2015-02-13T15:30:00+01:00,2732.25,2740.75,2729,2739.25,1,4,2693.595781017278
2015-02-17T15:30:00+01:00,2735.5,2745,2732.5,2742,1,5,2698.20570663468
2015-02-18T15:30:00+01:00,2738,2743.75,2734.75,2741.75,1,6,2702.352782193282
2015-02-19T15:30:00+01:00,2735.5,2745.75,2733.75,2741.5,1,7,2706.081088651065
2015-02-20T15:30:00+01:00,2736,2755,2728.5,2753.5,1,8,2710.5971754462016
2015-02-23T15:30:00+01:00,2750.75,2754.5,2746,2753,1,9,2714.6355396894205
2015-02-24T15:30:00+01:00,2752.5,2762,2749,2760,1,10,2718.955964480904
2015-02-25T15:30:00+01:00,2758,2764,2753.5,2756.5,-1,-1,2722.531586911294
2015-02-26T15:30:00+01:00,2756.5,2758.5,2747.75,2756.5,0,0,2725.766673872123
2015-02-27T15:30:00+01:00,2754,2757.25,2747,2751.5,-1,-1,2728.217466836683
2015-03-02T15:30:00+01:00,2749,2761.75,2748.5,2760.75,1,1,2731.3158033284276
2015-03-03T15:30:00+01:00,2755.75,2757,2741.75,2751,-1,-1,2733.19048872572
2015-03-04T15:30:00+01:00,2745,2746,2731.5,2742.75,-1,-2,2734.1009183708898
2015-03-05T15:30:00+01:00,2747.25,2749,2739.5,2745.75,-1,-3,2735.2103547165193
2015-03-06T15:30:00+01:00,2735,2740.5,2711.75,2717.25,-1,-4,2733.4998447435173
2015-03-09T14:30:00+01:00,2718.25,2728.75,2716.5,2724,1,1,2732.595097625087
2015-03-10T14:30:00+01:00,2708,2709,2687.5,2688.25,-1,-1,2728.371754994126
2015-03-11T14:30:00+01:00,2693.25,2695.75,2684.5,2686.25,-1,-2,2724.3601592804
2015-03-12T14:30:00+01:00,2693.25,2712.75,2692.75,2710,1,1,2722.9925250632186
2015-03-13T14:30:00+01:00,2708.5,2710.25,2686.25,2696.75,-1,-1,2720.4932369619596
2015-03-16T14:30:00+01:00,2707.75,2728,2707.75,2722.25,1,1,2720.6605477274875
2015-03-17T14:30:00+01:00,2718,2724.75,2710.5,2720.75,1,2,2720.6690669915365
2015-03-18T14:30:00+01:00,2714.25,2754,2706.5,2747.75,1,3,2723.248203468533
2015-03-19T14:30:00+01:00,2740.75,2743.75,2730.75,2736.5,-1,-1,2724.510279328673
2015-03-20T14:30:00+01:00,2747.25,2761,2746.5,2754,1,1,2727.3188241545135
2015-03-23T14:30:00+01:00,2754.5,2761.25,2748.5,2749.5,-1,-1,2729.431317092179
2015-03-24T14:30:00+01:00,2748.75,2754.5,2737.25,2739.5,-1,-2,2730.3902392738764
2015-03-25T14:30:00+01:00,2740.75,2743.5,2706.5,2708.25,-1,-3,2728.281645057317
2015-03-26T14:30:00+01:00,2699.25,2713,2690.5,2702.5,1,1,2725.8262502899534
2015-03-27T14:30:00+01:00,2700.75,2709,2698.25,2707.25,1,2,2724.057083595672
2015-03-30T15:30:00+02:00,2719.25,2736,2718.75,2730.5,1,3,2724.6706946817985
2015-03-31T15:30:00+02:00,2722,2730.5,2710.5,2713.25,-1,-1,2723.583009474008
2015-04-01T15:30:00+02:00,2713,2713.25,2694,2707.5,-1,-2,2722.0512942860073
2015-04-02T15:30:00+02:00,2705.5,2719,2703,2714.25,1,1,2721.308313877816
2015-04-06T15:30:00+02:00,2703,2734.25,2701.25,2727.5,1,2,2721.897998270405
2015-04-07T15:30:00+02:00,2728.25,2737,2721.5,2722.25,-1,-1,2721.931522244652
2015-04-08T15:30:00+02:00,2724.75,2734.5,2720,2730.5,1,1,2722.7475677451616
2015-04-09T15:30:00+02:00,2727,2741.25,2721,2739.75,1,2,2724.366847007527
2015-04-10T15:30:00+02:00,2741,2750.25,2738.75,2750,1,3,2726.808099673477
2015-04-13T15:30:00+02:00,2748,2755.5,2739.5,2741,-1,-1,2728.159709228384
2015-04-14T15:30:00+02:00,2737.5,2746.25,2730,2745.25,1,1,2729.787355968538
2015-04-15T15:30:00+02:00,2749.5,2759.75,2748.5,2754.25,1,2,2732.117131590582
2015-04-16T15:30:00+02:00,2749.75,2759,2747,2754.75,1,3,2734.2726428676697
2015-04-17T15:30:00+02:00,2738.25,2741.25,2718.75,2729.75,-1,-1,2733.8419149755105
2015-04-20T15:30:00+02:00,2739.5,2751.75,2738.5,2745.25,1,1,2734.928399263557
2015-04-21T15:30:00+02:00,2755.75,2757.75,2741.5,2745.75,-1,-1,2735.959027905123
2015-04-22T15:30:00+02:00,2749.25,2758,2738,2754.75,1,1,2737.7486442951113
2015-04-23T15:30:00+02:00,2750.75,2768.75,2749,2761.25,1,2,2739.9868686479576
2015-04-24T15:30:00+02:00,2766,2769,2760.25,2766,0,0,2742.4643097291046
2015-04-27T15:30:00+02:00,2772.75,2774,2754.5,2758.5,-1,-1,2743.991518326333
2015-04-28T15:30:00+02:00,2756.75,2766.75,2742.5,2766.25,1,1,2746.111373723825
2015-04-29T15:30:00+02:00,2752.75,2762,2744.75,2753,1,2,2746.7674333691753
2015-04-30T15:30:00+02:00,2747.75,2752.25,2724.5,2735.75,-1,-1,2745.7181540006823
2015-05-01T15:30:00+02:00,2742.75,2756.75,2741.5,2756.25,1,1,2746.7211869529983
2015-05-04T15:30:00+02:00,2761.25,2769.25,2759.75,2763.5,1,2,2748.319169147951
2015-05-05T15:30:00+02:00,2759.25,2763.5,2735.75,2738.25,-1,-1,2747.36020065767
2015-05-06T15:30:00+02:00,2744.25,2748,2715.5,2728.75,-1,-2,2745.5878005950344
2015-05-07T15:30:00+02:00,2727.75,2742.5,2723.5,2738.25,1,1,2744.8889624431263
2015-05-08T15:30:00+02:00,2757.5,2767.75,2756.75,2762.5,1,2,2746.5662041152095
2015-05-11T15:30:00+02:00,2764.25,2767.75,2751.5,2752,-1,-1,2747.0837084851896
2015-05-12T15:30:00+02:00,2744.75,2755,2734.5,2749.25,1,1,2747.2900219627904
2015-05-13T15:30:00+02:00,2753,2760.75,2745.75,2749,-1,-1,2747.452877013953
2015-05-14T15:30:00+02:00,2761.25,2772.5,2757.75,2772,1,1,2749.7906982507197
2015-05-15T15:30:00+02:00,2773,2774.75,2767.5,2773.5,1,2,2752.0487269887462
2015-05-18T15:30:00+02:00,2771.25,2783,2770.5,2780.25,1,3,2754.7345625136277
2015-05-19T15:30:00+02:00,2781.25,2784.5,2775.5,2778.75,-1,-1,2757.0217470361395
2015-05-20T15:30:00+02:00,2780.25,2786.5,2773.5,2776.75,-1,-2,2758.900628270793
2015-05-21T15:30:00+02:00,2775.75,2786.25,2773.75,2782.75,1,1,2761.171997006908
2015-05-22T15:30:00+02:00,2778.75,2784,2777,2779,1,2,2762.8699020538693
2015-05-26T15:30:00+02:00,2772.75,2773.5,2750.25,2759.75,-1,-1,2762.5727685249294
2015-05-27T15:30:00+02:00,2761,2778.5,2756.75,2775,1,1,2763.756314379698
2015-05-28T15:30:00+02:00,2772,2776.5,2764.75,2776.25,1,2,2764.946189200679
2015-05-29T15:30:00+02:00,2772.5,2773,2756.5,2762,-1,-1,2764.665599752995
2015-06-01T15:30:00+02:00,2767.75,2772,2754.5,2763.75,-1,-2,2764.5783997765193
2015-06-02T15:30:00+02:00,2758.75,2770.25,2750.5,2760.75,1,1,2764.2137902739937
2015-06-03T15:30:00+02:00,2768.25,2775,2761.5,2770.75,1,2,2764.8362864383753
2015-06-04T15:30:00+02:00,2758.75,2766,2745.5,2753.5,-1,-1,2763.756640110911
2015-06-05T15:30:00+02:00,2747.5,2754,2737.75,2746.5,-1,-2,2762.113150576539
2015-06-08T15:30:00+02:00,2744.25,2746.25,2730.5,2733.25,-1,-3,2759.364279093059
2015-06-09T15:30:00+02:00,2732.5,2739,2725,2734.25,1,1,2756.972442988958
2015-06-10T15:30:00+02:00,2741.75,2762.25,2741,2760.75,1,2,2757.3322103233427
2015-06-11T15:30:00+02:00,2763,2769,2760,2763.5,1,3,2757.9196188639767
2015-06-12T15:30:00+02:00,2754.25,2756.25,2744.5,2747.25,-1,-1,2756.903464686455
2015-06-15T15:30:00+02:00,2734,2742.25,2725.5,2737.5,1,1,2755.0555156686974
2015-06-16T15:30:00+02:00,2737.25,2752,2734.75,2751.75,1,2,2754.740704652631
2015-06-17T15:30:00+02:00,2754.5,2761.5,2741.5,2751.75,-1,-1,2754.4558756380948
2015-06-18T15:30:00+02:00,2761.5,2782,2759.75,2777.5,1,1,2756.6505541487522
2015-06-19T15:30:00+02:00,2773.75,2774.25,2760,2760.5,-1,-1,2757.0171680393473
2015-06-22T15:30:00+02:00,2777.75,2784.75,2774,2775.75,-1,-2,2758.801247273695
2015-06-23T15:30:00+02:00,2780,2783,2774,2779.5,-1,-3,2760.7725570571524
2015-06-24T15:30:00+02:00,2775.5,2780.25,2761.75,2762.25,-1,-4,2760.9132659088523
2015-06-25T15:30:00+02:00,2769.25,2770.5,2754.75,2756.25,-1,-5,2760.4691453461046
2015-06-26T15:30:00+02:00,2760.75,2763.5,2749,2758.75,-1,-6,2760.305417217904
2015-06-29T15:30:00+02:00,2737.75,2746,2710,2713.75,-1,-7,2755.871567959056
2015-06-30T15:30:00+02:00,2729.75,2730.25,2709.5,2717.25,-1,-8,2752.193323391527
2015-07-01T15:30:00+02:00,2734.5,2737.25,2722.5,2734.25,-1,-9,2750.4844354494767
2015-07-02T15:30:00+02:00,2737.5,2739.75,2725,2731.5,-1,-10,2748.676393978098
2015-07-06T15:30:00+02:00,2714.5,2733.25,2712,2727.25,1,1,2746.635785027803
2015-07-07T15:30:00+02:00,2726.25,2739,2697.75,2736,1,2,2745.6228531203933
2015-07-08T15:30:00+02:00,2721,2724.5,2699,2701.75,-1,-1,2741.444486156546
2015-07-09T15:30:00+02:00,2727.5,2730.75,2702.25,2703.25,-1,-2,2737.806916046399
2015-07-10T15:30:00+02:00,2730.75,2737.5,2722.25,2732.5,1,1,2737.3014954705513
2015-07-13T15:30:00+02:00,2747.5,2757.5,2746.75,2756.75,1,2,2739.1537339971655
2015-07-14T15:30:00+02:00,2754.75,2768.25,2754.25,2765.25,1,3,2741.639092664102
2015-07-15T15:30:00+02:00,2765,2770.5,2757.75,2767.25,1,4,2744.0782266960923
2015-07-16T15:30:00+02:00,2776.25,2781.25,2773.5,2779.5,1,5,2747.451728915512
2015-07-17T15:30:00+02:00,2780.5,2782.75,2775.5,2781.75,1,6,2750.7182309235586
2015-07-20T15:30:00+02:00,2784.5,2789,2779.25,2784.25,-1,-1,2753.9117327403624
2015-07-21T15:30:00+02:00,2781.25,2784.5,2770.75,2777.5,-1,-2,2756.1582343841374
2015-07-22T15:30:00+02:00,2766.25,2774.75,2765.75,2771.25,1,1,2757.595545395172
2015-07-23T15:30:00+02:00,2772.25,2773.25,2754.25,2761.5,-1,-1,2757.967398214679
2015-07-24T15:30:00+02:00,2759.75,2760.5,2732.5,2741.25,-1,-2,2756.3752650513766
2015-07-27T15:30:00+02:00,2726.25,2732.25,2719.25,2727,1,1,2753.577620760769
2015-07-28T15:30:00+02:00,2734.5,2751.75,2724.25,2750.5,1,2,2753.284514021648
2015-07-29T15:30:00+02:00,2751.25,2767,2749.5,2764,1,3,2754.305036495777
2015-07-30T15:30:00+02:00,2757.75,2766.75,2750.5,2766.75,1,4,2755.4902711152267
2015-07-31T15:30:00+02:00,2771,2771.25,2758,2763,-1,-1,2756.205483389967
2015-08-03T15:30:00+02:00,2761,2761.75,2742.75,2753.5,-1,-2,2755.9478183052083
2015-08-04T15:30:00+02:00,2753.5,2759,2744.25,2745.75,-1,-3,2754.976597514236
2015-08-05T15:30:00+02:00,2761,2769.75,2753.5,2757,-1,-4,2755.16930251288
2015-08-06T15:30:00+02:00,2759.5,2760.75,2732.75,2742.5,-1,-5,2753.962702273558
2015-08-07T15:30:00+02:00,2738,2739.5,2724.75,2736.5,-1,-6,2752.2995877713142
2015-08-10T15:30:00+02:00,2749,2763.5,2748.75,2762.25,1,1,2753.247246078808
2015-08-11T15:30:00+02:00,2746,2751,2733.5,2742.25,-1,-1,2752.199889309398
2015-08-12T15:30:00+02:00,2727,2747.5,2709.25,2747.5,1,1,2751.752280803741
2015-08-13T15:30:00+02:00,2743.75,2751.75,2736,2743.25,-1,-1,2750.942539774813
2015-08-14T15:30:00+02:00,2740.5,2752.5,2738.75,2752,1,1,2751.04325027245
2015-08-17T15:30:00+02:00,2743.25,2763.25,2737.5,2761.5,1,2,2752.0391311988838
2015-08-18T15:30:00+02:00,2759,2763,2753,2756,-1,-1,2752.41635679899
2015-08-19T15:30:00+02:00,2747,2756.25,2729.25,2735.5,-1,-2,2750.8052751990863
2015-08-20T15:30:00+02:00,2721,2727.75,2687.25,2687.5,-1,-3,2744.776201370602
2015-08-21T15:30:00+02:00,2673.5,2685,2630.75,2633,-1,-4,2734.130848859116
2015-08-24T15:30:00+02:00,2531.5,2613.5,2493.75,2531.5,0,0,2714.8326727772956
2015-08-25T15:30:00+02:00,2609.5,2610,2522.75,2536.5,-1,-1,2697.8486087032675
2015-08-26T15:30:00+02:00,2576.25,2605.75,2538.25,2598.75,1,1,2688.410645969623
2015-08-27T15:30:00+02:00,2625.75,2653,2607,2652.25,1,2,2684.966774924897
2015-08-28T15:30:00+02:00,2640.25,2653.75,2634.25,2651.5,1,3,2681.779463027288
2015-08-31T15:30:00+02:00,2636.25,2646.5,2625,2626,-1,-1,2676.467133215165
2015-09-01T15:30:00+02:00,2585.75,2602.25,2561.5,2578.5,-1,-2,2667.1369300518163
2015-09-02T15:30:00+02:00,2601.5,2611,2579,2609.5,1,1,2661.64769861831
2015-09-03T15:30:00+02:00,2617.75,2636.25,2604.75,2608.5,-1,-1,2656.586013035614
2015-09-04T15:30:00+02:00,2583.25,2593.5,2570.5,2584,1,1,2649.6730594131745
2015-09-08T15:30:00+02:00,2614.25,2631.5,2606.75,2628.75,1,2,2647.6803870881104
2015-09-09T15:30:00+02:00,2649,2650.25,2598.25,2606,-1,-1,2643.710826413052
2015-09-10T15:30:00+02:00,2600.25,2628,2597.5,2611.25,1,1,2640.6193191356183
2015-09-11T15:30:00+02:00,2609,2624.5,2600.25,2623.25,1,2,2638.9650982655594
2015-09-14T15:30:00+02:00,2624.75,2625,2609.25,2616.25,-1,-1,2636.8017555736014
2015-09-15T15:30:00+02:00,2621.5,2645.75,2616.25,2642.5,1,1,2637.344445518973
2015-09-16T15:30:00+02:00,2643.75,2661.75,2639.75,2660.5,1,2,2639.5497364219277
2015-09-17T15:30:00+02:00,2655.5,2684.5,2644.75,2648,-1,-1,2640.3545234293633
2015-09-18T15:30:00+02:00,2621.75,2640.25,2614,2624,1,1,2638.796949769424
2015-09-21T15:30:00+02:00,2629.25,2641.75,2617,2636.25,1,2,2638.554383124717
2015-09-22T15:30:00+02:00,2603.5,2609.5,2590.5,2604.25,1,3,2635.287299017601
2015-09-23T15:30:00+02:00,2606,2611.5,2593.5,2602,-1,-1,2632.1170800635437
2015-09-24T15:30:00+02:00,2586,2599.5,2570,2592.25,1,1,2628.3202152955873
2015-09-25T15:30:00+02:00,2611.5,2615.25,2583,2591.75,-1,-1,2624.8373376483887
2015-09-28T15:30:00+02:00,2583.25,2584.5,2541.5,2544.25,-1,-2,2617.162353110447
2015-09-29T15:30:00+02:00,2547.5,2562.5,2534.25,2547.5,0,0,2610.5278432904042
2015-09-30T15:30:00+02:00,2568.75,2583.25,2559.25,2575.75,1,1,2607.215667738937
2015-10-01T15:30:00+02:00,2585.75,2590,2563,2589.25,1,2,2605.5046517638
2015-10-02T15:30:00+02:00,2562.5,2616.5,2555.75,2615.75,1,3,2606.480399214867
2015-10-05T15:30:00+02:00,2629.75,2652.75,2628,2648,1,4,2610.434646908689
2015-10-06T15:30:00+02:00,2648.25,2655,2635.25,2640.75,-1,-1,2613.321823393576
2015-10-07T15:30:00+02:00,2654.25,2664,2640.25,2660,1,1,2617.767364022759
2015-10-08T15:30:00+02:00,2655.25,2681.5,2651.5,2679.75,1,2,2623.6704722110676
2015-10-09T15:30:00+02:00,2679.75,2685,2671.5,2679.5,-1,-1,2628.9875700957277
2015-10-12T15:30:00+02:00,2679.75,2684.25,2675,2683.5,1,1,2634.179230086611
2015-10-13T15:30:00+02:00,2672.25,2687.5,2666,2666.5,-1,-1,2637.257398649791
2015-10-14T15:30:00+02:00,2667.75,2674.5,2655.25,2657,-1,-2,2639.1376463974298
2015-10-15T15:30:00+02:00,2667,2692.25,2662.25,2691.75,1,1,2644.148346740532
2015-10-16T15:30:00+02:00,2694.5,2698.75,2685,2698.5,1,2,2649.324694670005
2015-10-19T15:30:00+02:00,2691,2700.5,2687,2700,1,3,2654.1509142252426
2015-10-20T15:30:00+02:00,2694.5,2704.25,2691.25,2694,-1,-1,2657.94606525141
2015-10-21T15:30:00+02:00,2702.5,2704,2680.75,2681.25,-1,-2,2660.1654876084185
2015-10-22T15:30:00+02:00,2696,2726.75,2694.25,2724.5,1,1,2666.2925840266644
2015-10-23T15:30:00+02:00,2739,2746.25,2729.5,2738.75,-1,-1,2673.193290309839
2015-10-26T14:30:00+01:00,2739.5,2740.25,2732.25,2735,-1,-2,2679.079643613664
2015-10-27T14:30:00+01:00,2728.25,2736.5,2724,2733.25,1,1,2684.238725174267
2015-10-28T14:30:00+01:00,2736.25,2758,2728.25,2756.5,1,2,2691.1207513481463
2015-10-29T14:30:00+01:00,2749.75,2759.25,2748.25,2755.75,1,3,2697.275917886418
2015-10-30T14:30:00+01:00,2757,2761,2742.5,2747,-1,-1,2702.011544754378
2015-11-02T15:30:00+01:00,2749.75,2772.75,2748,2767.5,1,1,2708.2485404920562
2015-11-03T15:30:00+01:00,2766.25,2783,2763.25,2775,1,2,2714.605822349956
2015-11-04T15:30:00+01:00,2779.75,2781.25,2763.25,2767.5,-1,-1,2719.6433630785314
2015-11-05T15:30:00+01:00,2770,2776,2756.75,2767,-1,-2,2724.153518975814
2015-11-06T15:30:00+01:00,2763.25,2769,2750.25,2766.5,1,1,2728.186517168594
2015-11-09T15:30:00+01:00,2758.75,2760.75,2734.75,2745.5,-1,-1,2729.8354202953947
2015-11-10T15:30:00+01:00,2740.5,2751.75,2737.25,2750.5,1,1,2731.8034755053573
2015-11-11T15:30:00+01:00,2754.5,2755.25,2740.75,2742,-1,-1,2732.774573076276
2015-11-12T15:30:00+01:00,2730.5,2736.25,2712.75,2713.5,-1,-2,2730.9388994499636
2015-11-13T15:30:00+01:00,2709,2712.25,2688.75,2692,-1,-3,2727.2304328356813
2015-11-16T15:30:00+01:00,2688.75,2723.75,2687.25,2720.75,1,1,2726.6132487560926
2015-11-17T15:30:00+01:00,2725.5,2736.25,2714.25,2722.25,-1,-1,2726.1977012555126
2015-11-18T15:30:00+01:00,2726.25,2755.25,2725.5,2752,1,1,2728.655063040702
2015-11-19T15:30:00+01:00,2751.75,2756.5,2748,2752.25,1,2,2730.9021998939684
2015-11-20T15:30:00+01:00,2760.5,2767.25,2754.5,2761.25,1,3,2733.7924665707333
2015-11-23T15:30:00+01:00,2759.75,2765.75,2751,2757,-1,-1,2736.002707849711
2015-11-24T15:30:00+01:00,2744.25,2764.25,2739.75,2757.5,1,1,2738.0500690068816
2015-11-25T15:30:00+01:00,2760.75,2763.25,2756,2761.25,1,2,2740.2595862443213
2015-11-27T15:30:00+01:00,2760.25,2764,2754.25,2763.25,1,3,2742.449149459148
2015-11-30T15:30:00+01:00,2763,2764.75,2751.25,2755.25,-1,-1,2743.668278082086
2015-12-01T15:30:00+01:00,2760.5,2774.25,2757,2772.75,1,1,2746.437965883792
2015-12-02T15:30:00+01:00,2772.25,2776,2747.75,2754.75,-1,-1,2747.2295881805735
2015-12-03T15:30:00+01:00,2754.25,2757.25,2712.75,2724,-1,-2,2745.01724644909
2015-12-04T15:30:00+01:00,2726.5,2765.75,2724.75,2761,1,1,2746.539413453939
2015-12-07T15:30:00+01:00,2757.75,2758.25,2737.25,2754,-1,-1,2747.2499455059447
2015-12-08T15:30:00+01:00,2730.25,2746,2723,2731,1,1,2745.7023316482355
2015-12-09T15:30:00+01:00,2727.25,2752.5,2707,2715,-1,-1,2742.778300062689
2015-12-10T15:30:00+01:00,2719.75,2739.75,2716.5,2721.5,1,1,2740.751795294814
2015-12-11T15:30:00+01:00,2698.75,2706.5,2680,2682.25,-1,-1,2735.180195742927
2015-12-14T15:30:00+01:00,2685.75,2697.25,2665,2691.25,1,1,2730.996367576934
2015-12-15T15:30:00+01:00,2712.75,2727.5,2711.25,2719.75,1,2,2729.925284950559
2015-12-16T15:30:00+01:00,2730,2750.5,2712.75,2745.25,1,3,2731.3847816219345
2015-12-17T15:30:00+01:00,2750.25,2751.25,2705,2706,-1,-1,2728.9671833722264
2015-12-18T15:30:00+01:00,2703.5,2705.5,2672.75,2674,-1,-2,2723.7322135272525
2015-12-21T15:30:00+01:00,2691.75,2698,2677.5,2696.5,1,1,2721.1386693818
2015-12-22T15:30:00+01:00,2704.5,2718.25,2692.25,2717.25,1,2,2720.7683199168664
2015-12-23T15:30:00+01:00,2724.75,2739.5,2723.5,2734.5,1,3,2722.076098972403
2015-12-24T15:30:00+01:00,2735.5,2741.5,2731.25,2732.5,-1,-1,2723.0688514512217
2015-12-28T15:30:00+01:00,2726.75,2731.25,2717,2731,1,1,2723.8241989320577
2015-12-29T15:30:00+01:00,2742.75,2756.25,2742.5,2754.5,1,2,2726.745703795671
2015-12-30T15:30:00+01:00,2749,2750.25,2735.25,2736.75,-1,-1,2727.698493910369
2015-12-31T15:30:00+01:00,2728.75,2736.5,2712,2718.25,-1,-2,2726.798637347477
2016-01-04T15:30:00+01:00,2681.75,2691.25,2662,2691.25,1,1,2723.4130528381934
2016-01-05T15:30:00+01:00,2690.75,2696,2677,2693.75,1,2,2720.588000186937
2016-01-06T15:30:00+01:00,2659.75,2677.25,2652.25,2667.75,1,3,2715.555809692943
2016-01-07T15:30:00+01:00,2630.25,2650.75,2610.25,2613.75,-1,-1,2705.860018293615
2016-01-08T15:30:00+01:00,2628.5,2635,2591.75,2593.5,-1,-2,2695.159064170414
2016-01-11T15:30:00+01:00,2606.5,2610.75,2574.25,2596,-1,-3,2685.7153437732313
2016-01-12T15:30:00+01:00,2614.5,2622,2587.5,2606.75,-1,-4,2678.1948348424476
2016-01-13T15:30:00+01:00,2620.75,2625,2559.75,2562.75,-1,-5,2667.200088666976
2016-01-14T15:30:00+01:00,2571.75,2609.25,2552.75,2597,1,1,2660.514365936788
2016-01-15T15:30:00+01:00,2543.5,2563.75,2531,2557.25,1,2,2650.679664418999
2016-01-19T15:30:00+01:00,2575.75,2577.25,2538,2555.5,-1,-1,2641.6149344743326
2016-01-20T15:30:00+01:00,2526.5,2551,2486,2536.5,1,1,2631.60398833392
2016-01-21T15:30:00+01:00,2538,2565,2522.5,2543,1,2,2623.165513254499
2016-01-22T15:30:00+01:00,2574,2584,2565,2580.5,1,3,2619.1021310397846
2016-01-25T15:30:00+01:00,2575.5,2577.5,2549.75,2551.5,-1,-1,2612.663832845519
2016-01-26T15:30:00+01:00,2560.5,2581.5,2556.25,2577.75,1,1,2609.338705907851
2016-01-27T15:30:00+01:00,2572,2591.75,2546.25,2556.75,-1,-1,2604.3302577261506
2016-01-28T15:30:00+01:00,2575.5,2578,2547.5,2563.25,-1,-2,2600.417852228422
2016-01-29T15:30:00+01:00,2576.25,2614.75,2575,2610,1,1,2601.330437730477
2016-02-01T15:30:00+01:00,2601,2621.75,2594.25,2612.25,1,2,2602.37039604186
2016-02-02T15:30:00+01:00,2595.25,2595.75,2570.75,2579,-1,-1,2600.1446440378736
2016-02-03T15:30:00+01:00,2590.25,2594,2546.75,2589.75,-1,-2,2599.1546779390287
2016-02-04T15:30:00+01:00,2583.25,2603.5,2575.5,2589.5,1,1,2598.2351848019784
2016-02-05T15:30:00+01:00,2585.75,2587,2547.5,2556.75,-1,-1,2594.284214820838
2016-02-08T15:30:00+01:00,2533.25,2536.75,2503.5,2534.25,1,1,2588.5666705521867
2016-02-09T15:30:00+01:00,2509,2545.5,2507.5,2530,1,2,2582.9888924043594
2016-02-10T15:30:00+01:00,2540,2559.5,2525.25,2528.75,-1,-1,2577.823283603944
2016-02-11T15:30:00+01:00,2499,2516.5,2486.75,2507,1,1,2571.0782089749973
2016-02-12T15:30:00+01:00,2525.25,2542.5,2515.25,2540.75,1,2,2568.1898081202357
2016-02-16T15:30:00+01:00,2564,2574.25,2552,2570.25,1,3,2568.3860168706897
2016-02-17T15:30:00+01:00,2587.75,2609,2585.75,2604.5,1,4,2571.825443835386
2016-02-18T15:30:00+01:00,2607.75,2608.75,2593,2598,-1,-1,2574.3182587082065
2016-02-19T15:30:00+01:00,2587.75,2597.75,2580.25,2596,1,1,2576.383186450282
2016-02-22T15:30:00+01:00,2614.5,2625.5,2613.75,2617,1,2,2580.2514544073983
2016-02-23T15:30:00+01:00,2616,2619,2597,2597.25,-1,-1,2581.8703635114557
2016-02-24T15:30:00+01:00,2582,2613,2568.5,2612.25,1,1,2584.7636622246505
2016-02-25T15:30:00+01:00,2613.25,2632.5,2603.75,2632.25,1,2,2589.2861705842074
2016-02-26T15:30:00+01:00,2641.5,2642.75,2623.5,2624.25,-1,-1,2592.616059099997
2016-02-29T15:30:00+01:00,2626.5,2638,2608.25,2611.75,-1,-2,2594.438339185712
2016-03-01T15:30:00+01:00,2625.5,2660.25,2620,2659.75,1,1,2600.6584973585013
2016-03-02T15:30:00+01:00,2652.75,2666.5,2648,2664.5,1,2,2606.7386404672156
2016-03-03T15:30:00+01:00,2663.5,2673.5,2656.5,2672.75,1,3,2613.0254366131953
2016-03-04T15:30:00+01:00,2676,2689.25,2665.75,2676.5,1,4,2619.0706331262245
2016-03-07T15:30:00+01:00,2669,2686.25,2667.75,2680.5,1,5,2624.921049018965
2016-03-08T15:30:00+01:00,2668.5,2674.75,2657.75,2663.25,-1,-1,2628.5714253028727
2016-03-09T15:30:00+01:00,2669.25,2673.5,2659.75,2670.75,1,1,2632.5884324168846
2016-03-10T15:30:00+01:00,2675,2686.5,2649,2671,-1,-1,2636.24667694861
2016-03-11T15:30:00+01:00,2688.5,2704,2687,2702,1,1,2642.5088981915997
2016-03-14T14:30:00+01:00,2697.25,2706.25,2693.75,2700.25,1,2,2648.0080507447806
2016-03-15T14:30:00+01:00,2689.25,2698.25,2686.25,2697.25,1,3,2652.6977601976587
2016-03-16T14:30:00+01:00,2691.5,2714,2691,2707.75,1,4,2657.9408306550245
2016-03-17T14:30:00+01:00,2708,2728,2703.25,2721.5,1,5,2663.9940848783554
2016-03-18T14:30:00+01:00,2728,2734,2724.25,2728.75,1,6,2670.1613148899405
2016-03-21T14:30:00+01:00,2727,2735.75,2724,2733.75,1,7,2676.2173801385175
2016-03-22T14:30:00+01:00,2723.5,2738.75,2721.75,2734,1,8,2681.720486791992
2016-03-23T14:30:00+01:00,2727.75,2729.75,2716.5,2720.25,-1,-1,2685.3899642403735
2016-03-24T14:30:00+01:00,2706,2720.25,2703.5,2719.75,1,1,2688.6623485984333
2016-03-28T15:30:00+02:00,2722.5,2725.25,2713.25,2719.5,-1,-1,2691.599267779535
2016-03-29T15:30:00+02:00,2714.25,2739.25,2710.5,2738.75,1,1,2696.089813705293
2016-03-30T15:30:00+02:00,2749.5,2755.75,2742.75,2746.25,-1,-1,2700.866974304789
2016-03-31T15:30:00+02:00,2745.75,2751,2740,2745,-1,-2,2705.070119609095
2016-04-01T15:30:00+02:00,2730.25,2758.25,2726.5,2756.75,1,1,2709.9920129796574
2016-04-04T15:30:00+02:00,2755.5,2757.75,2745.5,2748.25,-1,-1,2713.6356307911187
2016-04-05T15:30:00+02:00,2733.25,2739.25,2725.5,2730.25,-1,-2,2715.217951668155
2016-04-06T15:30:00+02:00,2729.5,2751.75,2726.25,2751.5,1,1,2718.6733848426165
2016-04-07T15:30:00+02:00,2738.25,2742.25,2717.25,2726,-1,-1,2719.3711577147483
2016-04-08T15:30:00+02:00,2740.25,2745.5,2725.25,2732,-1,-2,2720.573904599058
2016-04-11T15:30:00+02:00,2739.5,2747.75,2724.75,2726,-1,-3,2721.090675589624
2016-04-12T15:30:00+02:00,2729,2749.75,2723.75,2747.25,1,1,2723.5820398191836
2016-04-13T15:30:00+02:00,2757,2768.25,2755.25,2767.25,1,2,2727.7408931697373
2016-04-14T15:30:00+02:00,2767.75,2773,2763,2768.25,1,3,2731.5989033440483
2016-04-15T15:30:00+02:00,2767.25,2768.25,2760.75,2766,-1,-1,2734.8751982636627
2016-04-18T15:30:00+02:00,2758,2780,2756.5,2778,1,1,2738.982322238552
2016-04-19T15:30:00+02:00,2784.25,2789,2776.25,2785,1,2,2743.3649582158328
2016-04-20T15:30:00+02:00,2786.75,2796.5,2780.75,2789.25,1,3,2747.734962195277
2016-04-21T15:30:00+02:00,2788.25,2789.75,2773.25,2774,-1,-1,2750.2363943671553
2016-04-22T15:30:00+02:00,2772.75,2780.25,2766.25,2777.5,1,1,2752.83292823695
2016-04-25T15:30:00+02:00,2769.75,2774.75,2762.25,2774.5,1,2,2754.89645888105
2016-04-26T15:30:00+02:00,2777.75,2782.5,2770.75,2780,1,3,2757.28727232095
2016-04-27T15:30:00+02:00,2772,2785.25,2767.5,2782.25,1,4,2759.66467495705
2016-04-28T15:30:00+02:00,2771.5,2784.75,2756.5,2764.5,-1,-1,2760.1251821039978
2016-04-29T15:30:00+02:00,2754,2758.25,2737,2752.5,-1,-2,2759.3989742845692
2016-05-02T15:30:00+02:00,2756.25,2768.75,2750.75,2765.75,1,1,2760.003833876515
2016-05-03T15:30:00+02:00,2751.75,2754.5,2739.25,2748,-1,-1,2758.860611602561
2016-05-04T15:30:00+02:00,2736.25,2744.75,2730.25,2738,1,1,2756.8738866880317
2016-05-05T15:30:00+02:00,2742,2746.25,2730.75,2735.25,-1,-1,2754.814468908219
2016-05-06T15:30:00+02:00,2726.75,2744.75,2725,2744,1,1,2753.784519488389
2016-05-09T15:30:00+02:00,2741.75,2750,2739.5,2745.75,1,2,2753.0193271561616
2016-05-10T15:30:00+02:00,2753.5,2771,2752.5,2769.5,1,3,2754.588915046051
2016-05-11T15:30:00+02:00,2765.5,2769.75,2749,2749.25,-1,-1,2754.0804469464274
2016-05-12T15:30:00+02:00,2759,2761,2739.75,2750,-1,-2,2753.6918329515297
2016-05-13T15:30:00+02:00,2748.25,2754.75,2729.75,2734.75,-1,-3,2751.887848860908
2016-05-16T15:30:00+02:00,2735.5,2759.75,2734.75,2754,1,1,2752.08900611225
2016-05-17T15:30:00+02:00,2750.75,2754,2728,2735.5,-1,-1,2750.5091007682263
2016-05-18T15:30:00+02:00,2730.5,2749,2722,2733.75,1,1,2748.912995933157
2016-05-19T15:30:00+02:00,2726.25,2731,2713.25,2730.25,1,2,2747.135567749047
2016-05-20T15:30:00+02:00,2734.75,2746.75,2734,2741.25,1,3,2746.5750374872327
2016-05-23T15:30:00+02:00,2740.75,2744,2735.25,2736.5,-1,-1,2745.6155101074964
2016-05-24T15:30:00+02:00,2747.75,2768.5,2747.25,2766.75,1,1,2747.6283186686874
2016-05-25T15:30:00+02:00,2772.75,2783.75,2772,2778.5,1,2,2750.568478795479
2016-05-26T15:30:00+02:00,2780.5,2783,2775.5,2781.25,1,3,2753.4905284340052
2016-05-27T15:30:00+02:00,2781,2789.25,2780.5,2788.75,1,4,2756.8485733450525
2016-05-31T15:30:00+02:00,2791.25,2792.75,2777.25,2786,-1,-1,2759.6248996931427
2016-06-01T15:30:00+02:00,2777,2790.5,2774.5,2788.5,1,1,2762.3749092461767
2016-06-02T15:30:00+02:00,2783.5,2795.5,2778,2794.75,1,2,2765.458251222731
2016-06-03T15:30:00+02:00,2788.25,2792.5,2774,2789.25,1,3,2767.7241320586613
2016-06-06T15:30:00+02:00,2792.5,2803.5,2790.75,2799.25,1,4,2770.726595672122
2016-06-07T15:30:00+02:00,2801,2809.25,2800.5,2801.75,1,5,2773.6812056081103
2016-06-08T15:30:00+02:00,2804,2811,2802.5,2809.5,1,6,2777.092519359719
2016-06-09T15:30:00+02:00,2800.75,2808,2797.5,2805.75,1,7,2779.821803230222
2016-06-10T15:30:00+02:00,2790.25,2794.25,2779.75,2787.25,-1,-1,2780.5292505416296
2016-06-13T15:30:00+02:00,2779.5,2789.5,2769,2769.75,-1,-2,2779.5026552519507
2016-06-14T15:30:00+02:00,2765.5,2773,2755,2766.5,1,1,2778.2643071327175
2016-06-15T15:30:00+02:00,2771.5,2779.75,2761.25,2763.5,-1,-1,2776.858182643887
2016-06-16T15:30:00+02:00,2753.25,2771.75,2741,2770.5,1,1,2776.2526414397075
2016-06-17T15:30:00+02:00,2768.25,2768.5,2753.5,2759,-1,-1,2774.609532731164
2016-06-20T15:30:00+02:00,2784.75,2792.75,2771.5,2774.75,-1,-2,2774.6229105662915
2016-06-21T15:30:00+02:00,2779.5,2786,2774.25,2780.5,1,1,2775.1826333695017
2016-06-22T15:30:00+02:00,2782.75,2791.5,2775.5,2777.5,-1,-1,2775.403334953359
2016-06-23T15:30:00+02:00,2794.75,2807,2789.25,2806.5,1,1,2778.364922100658
2016-06-24T15:30:00+02:00,2731.75,2765,2716.75,2722,-1,-1,2772.9968342815478
2016-06-27T15:30:00+02:00,2711,2711,2681.75,2685.25,-1,-2,2764.6399929214003
2016-06-28T15:30:00+02:00,2710,2729.25,2706.25,2728.5,1,1,2761.198088833648
2016-06-29T15:30:00+02:00,2744,2767.5,2742.5,2767.25,1,2,2761.7744613256814
2016-06-30T15:30:00+02:00,2768,2791.5,2761.25,2788.75,1,3,2764.343560247045
2016-07-01T15:30:00+02:00,2789.5,2801,2789.25,2797,1,4,2767.453697366374
2016-07-05T15:30:00+02:00,2785.5,2786.75,2772.75,2783.25,-1,-1,2768.958107141005
2016-07-06T15:30:00+02:00,2774,2794.75,2766,2794,1,1,2771.343049318052
2016-07-07T15:30:00+02:00,2794.5,2802.25,2782,2792.5,-1,-1,2773.3579970020473
2016-07-08T15:30:00+02:00,2806.5,2825.75,2803.75,2820,1,1,2777.800092525662
2016-07-11T15:30:00+02:00,2827.75,2837,2825.5,2830.75,1,2,2782.842940856551
2016-07-12T15:30:00+02:00,2841.5,2849.5,2838.5,2846.25,1,3,2788.8817083940226
2016-07-13T15:30:00+02:00,2851,2851,2839.75,2846,-1,-1,2794.32154568983
2016-07-14T15:30:00+02:00,2860.5,2863.25,2853,2857.75,-1,-2,2800.3623508622272
2016-07-15T15:30:00+02:00,2864,2864.5,2849.25,2852.75,-1,-3,2805.3516507801105
2016-07-18T15:30:00+02:00,2856.25,2862.75,2853,2859.5,1,1,2810.5086364201
2016-07-19T15:30:00+02:00,2855.5,2860.25,2852.5,2858.25,1,2,2815.0554329515194
2016-07-20T15:30:00+02:00,2863.75,2870,2858.75,2867.5,1,3,2820.0501536228035
2016-07-21T15:30:00+02:00,2866,2868.75,2853.75,2858.75,-1,-1,2823.7358532777744
2016-07-22T15:30:00+02:00,2860.5,2869.5,2857.25,2867.5,1,1,2827.9038672513198
2016-07-25T15:30:00+02:00,2866.25,2867.25,2856,2862.5,-1,-1,2831.1987370369084
2016-07-26T15:30:00+02:00,2862,2868.25,2854,2863.5,1,1,2834.275047795298
2016-07-27T15:30:00+02:00,2868.5,2869.5,2852.25,2860.75,-1,-1,2836.7964718147937
2016-07-28T15:30:00+02:00,2859.5,2867.75,2853.75,2864.5,1,1,2839.4349030705275
2016-07-29T15:30:00+02:00,2861.25,2872,2857.75,2870.75,1,2,2842.417293254287
2016-08-01T15:30:00+02:00,2868.25,2873,2860,2865,-1,-1,2844.568027230069
2016-08-02T15:30:00+02:00,2862.5,2864.25,2841.75,2853.25,-1,-2,2845.3948817795863
2016-08-03T15:30:00+02:00,2851,2858.5,2847.25,2857.25,1,1,2846.523940657721
2016-08-04T15:30:00+02:00,2859,2863.75,2854.25,2859.25,1,2,2847.7359463093667
2016-08-05T15:30:00+02:00,2868.25,2878.75,2866.75,2877,1,3,2850.522999041808
2016-08-08T15:30:00+02:00,2880.5,2881.5,2873.5,2876,-1,-1,2852.9493800854452
2016-08-09T15:30:00+02:00,2877.5,2883.75,2874,2878,1,1,2855.335153410641
2016-08-10T15:30:00+02:00,2879.25,2880.25,2868,2873,-1,-1,2857.0175197524845
2016-08-11T15:30:00+02:00,2878.5,2885.5,2875.5,2882,1,1,2859.3968035855814
2016-08-12T15:30:00+02:00,2879,2883.25,2875.75,2880.5,1,2,2861.406631815526
2016-08-15T15:30:00+02:00,2885,2891,2884.75,2886.5,1,3,2863.7964764045237
2016-08-16T15:30:00+02:00,2881.75,2882.75,2875.5,2877.25,-1,-1,2865.0777643659976
2016-08-17T15:30:00+02:00,2876,2881.25,2865.75,2880.25,1,1,2866.5227391882836
2016-08-18T15:30:00+02:00,2879,2884.75,2878,2883.5,1,2,2868.139621170352
2016-08-19T15:30:00+02:00,2879,2883.25,2872.75,2882,1,3,2869.459657249366
2016-08-22T15:30:00+02:00,2878.25,2883.75,2873.75,2882,1,4,2870.6539756065695
2016-08-23T15:30:00+02:00,2888,2891.75,2884.75,2885.5,-1,-1,2872.0678826916583
2016-08-24T15:30:00+02:00,2884,2885,2869,2875.5,-1,-2,2872.3947510067383
2016-08-25T15:30:00+02:00,2869.5,2877.5,2867.75,2873.5,1,1,2872.5000128156203
2016-08-26T15:30:00+02:00,2875,2887,2857.75,2869,-1,-1,2872.1666782617517
2016-08-29T15:30:00+02:00,2870,2882.5,2869.5,2879.5,1,1,2872.865089855871
2016-08-30T15:30:00+02:00,2878.25,2881.75,2868.75,2875.75,-1,-1,2873.139843202931
2016-08-31T15:30:00+02:00,2872,2873,2859.75,2870.5,-1,-2,2872.8884295645566
2016-09-01T15:30:00+02:00,2868.5,2872.5,2855,2867.25,-1,-3,2872.351436272694
2016-09-02T15:30:00+02:00,2879,2884,2872,2878.25,-1,-4,2872.913204246723
2016-09-06T15:30:00+02:00,2882,2886.5,2873.25,2884.75,1,1,2874.0405181279875
2016-09-07T15:30:00+02:00,2883.25,2887,2877.75,2885,1,2,2875.0842783062744
2016-09-08T15:30:00+02:00,2880.75,2884.25,2876,2877.75,-1,-1,2875.3381565628197
2016-09-09T15:30:00+02:00,2864.25,2864.75,2822.5,2823.25,-1,-2,2870.377379747313
2016-09-12T15:30:00+02:00,2818.25,2863,2817.5,2857.75,1,1,2869.174772152331
2016-09-13T15:30:00+02:00,2842.5,2845.75,2819,2829.5,-1,-1,2865.396222423538
2016-09-14T15:30:00+02:00,2827.25,2841.25,2818.75,2819.75,-1,-2,2861.0489631451055
2016-09-15T15:30:00+02:00,2823.25,2851.25,2821.25,2844.75,1,1,2859.4966809408097
2016-09-16T15:30:00+02:00,2838,2841,2829.75,2838.75,1,2,2857.5208065654947
2016-09-19T15:30:00+02:00,2845.75,2853.5,2834.5,2839.75,-1,-1,2855.828348797352
2016-09-20T15:30:00+02:00,2848.5,2850.25,2836.5,2837.75,-1,-2,2854.1066012928422
2016-09-21T15:30:00+02:00,2846.5,2864.25,2838.25,2863,1,1,2854.953591645905
2016-09-22T15:30:00+02:00,2874.25,2879.5,2871,2875,1,2,2856.862773393914
2016-09-23T15:30:00+02:00,2871,2873,2862.75,2865.5,-1,-1,2857.6853664040173
2016-09-26T15:30:00+02:00,2854.75,2856.25,2843.5,2846.75,-1,-2,2856.643902936968
2016-09-27T15:30:00+02:00,2844,2860.75,2839.5,2859.5,1,1,2856.9159121810662
2016-09-28T15:30:00+02:00,2862.25,2872,2850.75,2869.75,1,2,2858.13820625906
2016-09-29T15:30:00+02:00,2868,2872.5,2844,2855.5,-1,-1,2857.886948520102
2016-09-30T15:30:00+02:00,2860,2875,2857.25,2865.75,1,1,2858.635810565807
2016-10-03T15:30:00+02:00,2861.5,2863.5,2853.5,2860.25,-1,-1,2858.7895428928728
2016-10-04T15:30:00+02:00,2862.5,2865,2842.75,2851.5,-1,-2,2858.095300712599
2016-10-05T15:30:00+02:00,2857.25,2864.75,2856.5,2860.25,1,1,2858.300510168542
2016-10-06T15:30:00+02:00,2856.75,2864,2850,2863.25,1,2,2858.7718901524904
2016-10-07T15:30:00+02:00,2864,2866,2844.75,2853.25,-1,-1,2858.245995852253
2016-10-10T15:30:00+02:00,2864.75,2870.25,2863,2866,1,1,2858.9844724377526
2016-10-11T15:30:00+02:00,2859.5,2860.5,2828.5,2841.25,-1,-1,2857.2954750627287
2016-10-12T15:30:00+02:00,2838.75,2846.25,2833,2838.25,-1,-2,2855.4816202948496
2016-10-13T15:30:00+02:00,2824.5,2839,2814.5,2833.25,1,1,2853.3643231239116
2016-10-14T15:30:00+02:00,2844.25,2850,2831.75,2833.75,-1,-1,2851.4962923502057
2016-10-17T15:30:00+02:00,2833.75,2836.75,2824.5,2830,-1,-2,2849.449026412091
2016-10-18T15:30:00+02:00,2845.75,2846,2835.75,2838.5,-1,-3,2848.406261991892
2016-10-19T15:30:00+02:00,2843.5,2849.25,2839,2845.25,1,1,2848.1056656117116
2016-10-20T15:30:00+02:00,2841.5,2848,2833.5,2843.75,1,2,2847.690840315358
2016-10-21T15:30:00+02:00,2832,2843.5,2830,2841.5,1,3,2847.1012364758
2016-10-24T15:30:00+02:00,2852.5,2855.75,2847.25,2851.25,-1,-1,2847.496356811438
2016-10-25T15:30:00+02:00,2849.25,2852.5,2842,2845.25,-1,-2,2847.2824180674916
2016-10-26T15:30:00+02:00,2834.25,2846.75,2831.5,2840.5,1,1,2846.636473489635
2016-10-27T15:30:00+02:00,2848.5,2849,2829.25,2830.75,-1,-1,2845.1234760144316
2016-10-28T15:30:00+02:00,2834,2842,2819.25,2830.75,-1,-2,2843.7545735368667
2016-10-31T14:30:00+01:00,2832,2834.5,2825.75,2829.75,-1,-3,2842.4208046285935
2016-11-01T14:30:00+01:00,2831.75,2832.25,2797.75,2810.75,-1,-4,2839.4045375211085
2016-11-02T14:30:00+01:00,2808.5,2813.25,2794,2799.25,-1,-5,2835.5802958524314
2016-11-03T14:30:00+01:00,2801.75,2804.5,2786.5,2790.75,-1,-6,2831.3107438664856
2016-11-04T14:30:00+01:00,2791,2801,2785.75,2786.5,-1,-7,2827.0430539744393
2016-11-07T15:30:00+01:00,2816.25,2837,2814.75,2836.25,1,1,2827.9199059768735
2016-11-08T15:30:00+01:00,2829.25,2850,2825.75,2842,1,2,2829.260867312409
2016-11-09T15:30:00+01:00,2825.5,2873.5,2825,2867.5,1,3,2832.902689473132
2016-11-10T15:30:00+01:00,2875,2885.25,2854.5,2873.5,-1,-1,2836.7690999995
2016-11-11T15:30:00+01:00,2863.25,2869.75,2855.25,2868.25,1,1,2839.7672809519286
2016-11-14T15:30:00+01:00,2872.25,2874.75,2859,2867.75,-1,-1,2842.4323018136497
2016-11-15T15:30:00+01:00,2872.25,2886.5,2869.75,2886,1,1,2846.581606402826
2016-11-16T15:30:00+01:00,2877.5,2883,2875.75,2879.25,1,2,2849.6928819835093
2016-11-17T15:30:00+01:00,2882,2892.25,2880.75,2891.5,1,3,2853.6745122707944
2016-11-18T15:30:00+01:00,2892.25,2894.25,2884.25,2887.25,-1,-1,2856.872177768814
2016-11-21T15:30:00+01:00,2893.25,2903.25,2891.5,2899.5,1,1,2860.93197036226
2016-11-22T15:30:00+01:00,2906.75,2909.5,2898.5,2907.5,1,2,2865.3670208039493
2016-11-23T15:30:00+01:00,2901.25,2909,2898.75,2907.25,1,3,2869.355875965478
2016-11-25T15:30:00+01:00,2912.5,2918.5,2911.5,2918.25,1,4,2874.012459206861
2016-11-28T15:30:00+01:00,2913,2916.25,2905,2907.5,-1,-1,2877.2017488062074
2016-11-29T15:30:00+01:00,2907,2916.25,2903,2910.5,1,1,2880.3730108246637
2016-11-30T15:30:00+01:00,2918,2919.75,2904.25,2906.5,-1,-1,2882.861295508029
2016-12-01T15:30:00+01:00,2908.5,2908.75,2892.75,2898.5,-1,-2,2884.3506959358356
2016-12-02T15:30:00+01:00,2898,2904,2893.75,2899,1,1,2885.74586775147
2016-12-05T15:30:00+01:00,2907.75,2915.5,2905.5,2911,1,2,2888.1510232037112
2016-12-06T15:30:00+01:00,2913,2918.75,2907.5,2917.25,1,3,2890.9223543271673
2016-12-07T15:30:00+01:00,2916.25,2948,2914.5,2943.25,1,4,2895.905939629342
2016-12-08T15:30:00+01:00,2946.5,2958.25,2943.5,2954.25,1,5,2901.4625168075
2016-12-09T15:30:00+01:00,2955.25,2967.5,2954.5,2966.5,1,6,2907.656562825833
2016-12-12T15:30:00+01:00,2965.25,2971,2959,2962.25,-1,-1,2912.8559377948013
2016-12-13T15:30:00+01:00,2971.75,2985.25,2971.25,2979.75,1,1,2919.226800861963
2016-12-14T15:30:00+01:00,2975.75,2984.75,2955.25,2964.25,-1,-1,2923.514724589395
2016-12-15T15:30:00+01:00,2963.25,2980,2961.5,2970.75,1,1,2928.013322247548
2016-12-16T15:30:00+01:00,2973.75,2975,2961.75,2967.5,-1,-1,2931.773958223972
2016-12-19T15:30:00+01:00,2968.25,2976,2966.25,2972.25,1,1,2935.6288193454984
2016-12-20T15:30:00+01:00,2977.5,2981.75,2974.5,2978.75,1,2,2939.735598455451
2016-12-21T15:30:00+01:00,2978,2980.25,2972,2972.75,-1,-1,2942.8798271739797
2016-12-22T15:30:00+01:00,2970.75,2972.25,2963.75,2971,1,1,2945.557938871696
2016-12-23T15:30:00+01:00,2968.75,2972.5,2966.5,2972,1,2,2948.076230407725
2016-12-27T15:30:00+01:00,2974.5,2981.75,2972.75,2973,-1,-1,2950.4499227498463
2016-12-28T15:30:00+01:00,2979.25,2979.25,2955.75,2957.75,-1,-2,2951.145168202242
2016-12-29T15:30:00+01:00,2958,2962.25,2951.75,2957.5,-1,-3,2951.750390278219
2016-12-30T15:30:00+01:00,2961,2961.75,2940.25,2947,-1,-4,2951.297972156484
2017-01-03T15:30:00+01:00,2964.25,2971.75,2951.75,2965,1,1,2952.6029271892
2017-01-04T15:30:00+01:00,2968.5,2979.5,2968.25,2976.75,1,2,2954.902648409276
2017-01-05T15:30:00+01:00,2974,2977.5,2966.25,2976.25,1,3,2956.9357295131545
2017-01-06T15:30:00+01:00,2977,2989.25,2970.5,2983.5,1,4,2959.465660035711
2017-01-09T15:30:00+01:00,2981,2982.5,2975.75,2977.25,-1,-1,2961.159406698977
2017-01-10T15:30:00+01:00,2976.75,2986.25,2971.75,2976.25,-1,-2,2962.596606060979
2017-01-11T15:30:00+01:00,2975.5,2984,2967.25,2982.75,1,1,2964.5159769123143
2017-01-12T15:30:00+01:00,2976.75,2979.5,2960.75,2976,-1,-1,2965.6096933968556
2017-01-13T15:30:00+01:00,2979,2985.75,2978.5,2984.5,1,1,2967.408770216203
2017-01-17T15:30:00+01:00,2974.75,2979.5,2969.5,2974.75,0,0,2968.107934957517
2017-01-18T15:30:00+01:00,2977,2979.75,2970.5,2978.25,1,1,2969.073845913944
2017-01-19T15:30:00+01:00,2980,2981.75,2965.25,2974,-1,-1,2969.543003445949
2017-01-20T15:30:00+01:00,2978.75,2985,2972,2978.75,0,0,2970.4198602606207
2017-01-23T15:30:00+01:00,2974.75,2979.75,2964,2974.25,-1,-1,2970.784635473895
2017-01-24T15:30:00+01:00,2975.75,2992.75,2974.25,2986.75,1,1,2972.305146381143
2017-01-25T15:30:00+01:00,2998.75,3007.5,2996.5,3006,1,2,2975.5141800591296
2017-01-26T15:30:00+01:00,3005.25,3008.75,3001.75,3006.25,1,3,2978.441401005879
2017-01-27T15:30:00+01:00,3006,3007.75,2999.25,3001,-1,-1,2980.589839005319
2017-01-30T15:30:00+01:00,2993.25,2993.5,2975.5,2988.5,-1,-2,2981.343187671479
2017-01-31T15:30:00+01:00,2981,2988.75,2974.5,2987.25,1,1,2981.905741226576
2017-02-01T15:30:00+01:00,2994,2997.25,2980.5,2987,-1,-1,2982.390908728807
2017-02-02T15:30:00+01:00,2983,2992,2979,2988,1,1,2982.925107897492
2017-02-03T15:30:00+01:00,2999.25,3006.25,2995.25,3003.5,1,2,2984.8846214310643
2017-02-06T15:30:00+01:00,2999,3003.75,2995.75,2998.5,-1,-1,2986.1813241519153
2017-02-07T15:30:00+01:00,3004.5,3007.25,2997.5,3000.25,-1,-2,2987.521198042209
2017-02-08T15:30:00+01:00,2996.5,3004.25,2993.25,3002.5,1,1,2988.9477506096177
2017-02-09T15:30:00+01:00,3006,3020,3005.25,3016.25,1,2,2991.5479648372734
2017-02-10T15:30:00+01:00,3020.25,3028,3019,3025,1,3,2994.7338729480093
2017-02-13T15:30:00+01:00,3031.25,3041.25,3030.75,3038.75,1,4,2998.925885048199
2017-02-14T15:30:00+01:00,3036,3050,3032,3049.5,1,5,3003.742467424561
2017-02-15T15:30:00+01:00,3045,3063.25,3044.25,3062.25,1,6,3009.3146133841265
2017-02-16T15:30:00+01:00,3060.25,3062,3049,3058,-1,-1,3013.9513168713524
2017-02-17T15:30:00+01:00,3050,3061,3049.5,3059.75,1,1,3018.313096216938
2017-02-21T15:30:00+01:00,3065.25,3077.25,3065,3072,1,2,3023.426134672468
2017-02-22T15:30:00+01:00,3070.25,3075.5,3068,3073.25,1,3,3028.1712647036616
2017-02-23T15:30:00+01:00,3078.75,3079,3065.25,3075.5,-1,-1,3032.6787633033127
2017-02-24T15:30:00+01:00,3064.5,3078,3063.75,3077.25,1,1,3036.9236429887114
2017-02-27T15:30:00+01:00,3076,3083,3073.25,3080.75,1,2,3041.0975817516915
2017-02-28T15:30:00+01:00,3076.75,3079.25,3069.75,3075,-1,-1,3044.3263834896256
2017-03-01T15:30:00+01:00,3093.75,3113.25,3093.5,3105.25,1,1,3050.12863268109
2017-03-02T15:30:00+01:00,3105,3105.25,3090.25,3094,-1,-1,3054.306858140034
2017-03-03T15:30:00+01:00,3091,3095.5,3086.5,3093,1,1,3057.9919192695543
2017-03-06T15:30:00+01:00,3084.25,3090.5,3079.25,3087.75,1,2,3060.8260221962632
2017-03-07T15:30:00+01:00,3082.75,3087,3076.75,3078.75,-1,-1,3062.5330677013812
2017-03-08T15:30:00+01:00,3082.25,3085.25,3073,3076.75,-1,-2,3063.8870612536307
2017-03-09T15:30:00+01:00,3076,3081.5,3066.25,3078.75,1,1,3065.302579229475
2017-03-10T15:30:00+01:00,3088.75,3089.5,3074.5,3083.75,-1,-1,3067.0594764457155
2017-03-13T14:30:00+01:00,3085,3087.5,3081.25,3087.5,1,1,3069.006192974695
2017-03-14T14:30:00+01:00,3080.75,3081,3070.25,3078.25,-1,-1,3069.8865555485336
2017-03-15T14:30:00+01:00,3084.25,3103.25,3081.25,3096,1,1,3072.373550258197
2017-03-16T14:30:00+01:00,3099.25,3100,3089,3094.75,-1,-1,3074.5046407097975
2017-03-17T14:30:00+01:00,3096,3097.75,3088.25,3090.25,-1,-2,3076.0041987374357
2017-03-20T14:30:00+01:00,3088.25,3091.5,3081,3086,-1,-3,3076.956179810061
2017-03-21T14:30:00+01:00,3092.75,3094.25,3053.5,3057.5,-1,-4,3075.103210304341
2017-03-22T14:30:00+01:00,3055.75,3064.25,3048.25,3058.25,1,1,3073.498142656308
2017-03-23T14:30:00+01:00,3058,3071.5,3053.75,3055.5,-1,-1,3071.784033831898
2017-03-24T14:30:00+01:00,3061.75,3068.25,3047.25,3060.25,-1,-2,3070.6855544193363
2017-03-27T15:30:00+02:00,3036.5,3057,3033.5,3053.5,1,1,3069.048834950828
2017-03-28T15:30:00+02:00,3050.25,3076,3049,3067,1,2,3068.853707812654
2017-03-29T15:30:00+02:00,3067.5,3075.25,3064.25,3072.5,1,3,3069.2009737352587
2017-03-30T15:30:00+02:00,3071.5,3082.25,3069.5,3080.25,1,4,3070.2532619509484
2017-03-31T15:30:00+02:00,3076,3082.25,3073.25,3074.25,-1,-1,3070.6339036699055
2017-04-03T15:30:00+02:00,3074.75,3077.25,3055.5,3071.5,-1,-2,3070.7163890346765
2017-04-04T15:30:00+02:00,3066.25,3074,3062,3072,1,1,3070.8386376980407
2017-04-05T15:30:00+02:00,3078.5,3090.5,3059.75,3062,-1,-1,3069.9968626791797
2017-04-06T15:30:00+02:00,3066,3076.75,3060.5,3069,1,1,3069.9019233764006
2017-04-07T15:30:00+02:00,3067.75,3076.25,3062.5,3067.75,0,0,3069.696978292934
2017-04-10T15:30:00+02:00,3069.75,3078.75,3063,3068.25,-1,-1,3069.559170836464
2017-04-11T15:30:00+02:00,3064.5,3067.25,3048.75,3066.75,1,1,3069.2916307568007
2017-04-12T15:30:00+02:00,3062.5,3065,3053,3056,-1,-1,3068.025761160915
2017-04-13T15:30:00+02:00,3051.75,3060.5,3039.5,3043,-1,-2,3065.642355336066
2017-04-17T15:30:00+02:00,3046.25,3061.5,3044.25,3060.75,1,1,3065.176416732631
2017-04-18T15:30:00+02:00,3052.25,3060,3045.75,3053.25,1,2,3064.0405675199995
2017-04-19T15:30:00+02:00,3060.5,3064.75,3046.75,3049,-1,-1,3062.608132518095
2017-04-20T15:30:00+02:00,3056.5,3073.75,3052.75,3067.5,1,1,3063.0740246592286
2017-04-21T15:30:00+02:00,3067.75,3068.5,3056,3062.75,-1,-1,3063.0431651678737
2017-04-24T15:30:00+02:00,3087,3089.5,3081.25,3085.75,-1,-2,3065.2057208661713
2017-04-25T15:30:00+02:00,3094,3104.75,3093,3100.5,1,1,3068.5670807836786
2017-04-26T15:30:00+02:00,3100.25,3110.25,3097.5,3098.25,-1,-1,3071.3940254709473
2017-04-27T15:30:00+02:00,3102,3104.25,3094.25,3101.75,-1,-2,3074.2850706641902
2017-04-28T15:30:00+02:00,3103.5,3103.75,3093.75,3096,-1,-3,3076.3531591723627
2017-05-01T15:30:00+02:00,3101.5,3106.25,3096.25,3102.5,1,1,3078.8433344892806
2017-05-02T15:30:00+02:00,3103,3104.25,3097.25,3101.5,-1,-1,3081.0011121569682
2017-05-03T15:30:00+02:00,3097,3101.5,3091,3098.25,1,1,3082.643863380114
2017-05-04T15:30:00+02:00,3102.25,3103.25,3091.5,3101.25,-1,-1,3084.4158763915316
2017-05-05T15:30:00+02:00,3105.5,3113.5,3100.5,3113.25,1,1,3087.161983401862
2017-05-08T15:30:00+02:00,3111.25,3113.25,3105.25,3110.5,-1,-1,3089.3846516493036
2017-05-09T15:30:00+02:00,3113.25,3115.5,3104.25,3108.75,-1,-2,3091.228970539846
2017-05-10T15:30:00+02:00,3107.25,3112.5,3104.75,3110.75,1,1,3093.088116202718
2017-05-11T15:30:00+02:00,3106.75,3109,3094.5,3106.5,-1,-1,3094.365438469126
2017-05-12T15:30:00+02:00,3104,3105.5,3099.75,3104.25,1,1,3095.30682528159
2017-05-15T15:30:00+02:00,3108,3117.75,3107.75,3113.75,1,2,3097.0633181119147
2017-05-16T15:30:00+02:00,3119.5,3120,3109.25,3113.25,-1,-1,3098.604906863161
2017-05-17T15:30:00+02:00,3094,3099.25,3070.25,3073.75,-1,-2,3096.237772876193
2017-05-18T15:30:00+02:00,3069.75,3090.5,3067,3079,1,1,3094.5960802213176
2017-05-19T15:30:00+02:00,3085.75,3103.5,3085.25,3097,1,2,3094.8250249621447
2017-05-22T15:30:00+02:00,3101.5,3109.75,3100.5,3108,1,3,3096.0797844895596
2017-05-23T15:30:00+02:00,3112,3115,3107.5,3113.25,1,4,3097.7150431096015
2017-05-24T15:30:00+02:00,3115.5,3119.5,3111.5,3117,1,5,3099.5517056705917
2017-05-25T15:30:00+02:00,3124,3133.25,3121.5,3128.75,1,6,3102.332495606726
2017-05-26T15:30:00+02:00,3127.5,3131,3126.5,3129.5,1,7,3104.919876977514
2017-05-30T15:30:00+02:00,3125.25,3130,3123.5,3126.5,1,8,3106.9751267891793
2017-05-31T15:30:00+02:00,3130,3130.75,3118.25,3129.25,-1,-1,3109.0965432854478
2017-06-01T15:30:00+02:00,3131.25,3146,3128.25,3145.25,1,1,3112.539729639215
2017-06-02T15:30:00+02:00,3145.75,3155.25,3142.5,3153.25,1,2,3116.4168982450037
2017-06-05T15:30:00+02:00,3151.25,3154.5,3149,3150.25,-1,-1,3119.6390984121463
2017-06-06T15:30:00+02:00,3144.25,3151.25,3142.5,3146.25,1,1,3122.173469991942
2017-06-07T15:30:00+02:00,3147.25,3150.5,3139.5,3147.5,1,2,3124.5855204689
2017-06-08T15:30:00+02:00,3148.75,3154.5,3142.75,3148,-1,-1,3126.8154709004334
2017-06-09T15:30:00+02:00,3152.25,3161.25,3130.25,3146.5,-1,-2,3128.690187957535
2017-06-12T15:30:00+02:00,3142,3145,3134.5,3144.5,1,1,3130.1958843425314
2017-06-13T15:30:00+02:00,3150.5,3156.75,3146.25,3155.5,1,2,3132.6058001194333
2017-06-14T15:30:00+02:00,3159,3159.5,3143.25,3152.75,-1,-1,3134.524295346154
2017-06-15T15:30:00+02:00,3137,3150,3133.75,3149.75,1,1,3135.9743624560438
2017-06-16T15:30:00+02:00,3149.25,3150,3137.75,3149,-1,-1,3137.214899364992
2017-06-19T15:30:00+02:00,3157.5,3169,3156,3165,1,1,3139.861099425469
2017-06-20T15:30:00+02:00,3163.75,3164.25,3151.5,3155.5,-1,-1,3141.3505185278054
2017-06-21T15:30:00+02:00,3155.75,3157.5,3145.5,3150.75,-1,-2,3142.245707239443
2017-06-22T15:30:00+02:00,3151,3156.5,3147.5,3149.25,-1,-3,3142.9127827404486
2017-06-23T15:30:00+02:00,3150.25,3156.25,3145.75,3152,1,1,3143.778232003263
2017-06-26T15:30:00+02:00,3159.75,3165,3151.5,3153.25,-1,-1,3144.680305145809
2017-06-27T15:30:00+02:00,3150.75,3154.5,3134,3138.25,-1,-2,3144.0678951319223
2017-06-28T15:30:00+02:00,3145.5,3158,3143,3155.75,1,1,3145.1804765479296
2017-06-29T15:30:00+02:00,3157.5,3158,3119.75,3137.5,-1,-1,3144.449002590984
2017-06-30T15:30:00+02:00,3143,3147.25,3136,3138.75,-1,-2,3143.9062404394617
2017-07-03T15:30:00+02:00,3149.25,3154,3139.5,3141.25,-1,-3,3143.653265159513
2017-07-05T15:30:00+02:00,3146,3149.75,3136.75,3145.25,-1,-4,3143.8053351443214
2017-07-06T15:30:00+02:00,3138.25,3139.75,3122.75,3125.75,-1,-5,3142.0857794162907
2017-07-07T15:30:00+02:00,3131.25,3142.5,3129.5,3140,1,1,3141.8871337575965
2017-07-10T15:30:00+02:00,3138.5,3147.5,3136.75,3142,1,2,3141.89788292354
2017-07-11T15:30:00+02:00,3140.75,3144.75,3127.75,3142.25,1,3,3141.931417883203
2017-07-12T15:30:00+02:00,3152.5,3161.25,3152.25,3157.25,1,4,3143.390330465755
2017-07-13T15:30:00+02:00,3159.25,3164.5,3156.5,3162.75,1,5,3145.2341085166354
2017-07-14T15:30:00+02:00,3163.25,3178.75,3161.75,3173.75,1,6,3147.949907705527
2017-07-17T15:30:00+02:00,3173.25,3178,3171.75,3176,1,7,3150.6213450669056
2017-07-18T15:30:00+02:00,3169.5,3176,3165.5,3175.75,1,8,3153.014550298629
2017-07-19T15:30:00+02:00,3179,3189.25,3178.75,3188.75,1,9,3156.417926460664
2017-07-20T15:30:00+02:00,3191.5,3192.75,3183,3188.5,-1,-1,3159.473362035839
2017-07-21T15:30:00+02:00,3183.25,3187.75,3180.25,3186.75,1,1,3162.0711370800445
2017-07-24T15:30:00+02:00,3186.5,3188,3181,3185.75,-1,-1,3164.3262668819452
2017-07-25T15:30:00+02:00,3195.5,3196.25,3190,3192,-1,-2,3166.961860512236
2017-07-26T15:30:00+02:00,3195.75,3196,3189,3190.5,-1,-3,3169.203588082499
2017-07-27T15:30:00+02:00,3197.5,3198,3174.5,3189.75,-1,-4,3171.1603892174994
2017-07-28T15:30:00+02:00,3184,3188.5,3179,3188.5,1,1,3172.811780720595
2017-07-31T15:30:00+02:00,3191.25,3192.5,3182.75,3187.5,-1,-1,3174.210658747205
2017-08-01T15:30:00+02:00,3192,3192.5,3185.5,3189.25,-1,-2,3175.6429769617566
2017-08-02T15:30:00+02:00,3192.25,3193.25,3180.75,3190.75,-1,-3,3177.081741060637
2017-08-03T15:30:00+02:00,3190.5,3190.5,3183.5,3189.5,-1,-4,3178.2644323881955
2017-08-04T15:30:00+02:00,3192.25,3195.25,3186.75,3190,-1,-5,3179.3821054940818
2017-08-07T15:30:00+02:00,3191.75,3195.75,3190.5,3195,1,1,3180.8695240184547
2017-08-08T15:30:00+02:00,3191.75,3206,3185,3190.25,-1,-1,3181.762902683364
2017-08-09T15:30:00+02:00,3181,3191.5,3176.75,3190.75,1,1,3182.6188167135197
2017-08-10T15:30:00+02:00,3178.75,3180.5,3153.25,3154.25,-1,-1,3179.9170246455656
2017-08-11T15:30:00+02:00,3156.25,3164,3153.5,3157.75,1,1,3177.805879441226
2017-08-14T15:30:00+02:00,3171.75,3184,3171.5,3181.25,1,2,3178.133890923014
2017-08-15T15:30:00+02:00,3185.75,3186,3177.5,3181.75,-1,-1,3178.4782822636794
2017-08-16T15:30:00+02:00,3187,3191.5,3180,3185.25,-1,-2,3179.1232077623768
2017-08-17T15:30:00+02:00,3178,3181.5,3145.25,3147.5,-1,-3,3176.1114736897694
2017-08-18T15:30:00+02:00,3144,3157,3137,3144.5,1,1,3173.1008571478865
2017-08-21T15:30:00+02:00,3141.75,3147,3133.25,3146,1,2,3170.519823133802
2017-08-22T15:30:00+02:00,3150.75,3171.5,3150.25,3170.75,1,3,3170.541744740107
2017-08-23T15:30:00+02:00,3158,3165.25,3156.25,3158.75,1,4,3169.4187214315252
2017-08-24T15:30:00+02:00,3165,3166.5,3152,3158.5,-1,-1,3168.3788431999515
2017-08-25T15:30:00+02:00,3163.75,3171,3158.5,3160,-1,-2,3167.5808581332894
2017-08-28T15:30:00+02:00,3165.75,3166.75,3155.5,3161.25,-1,-3,3166.9779192634523
2017-08-29T15:30:00+02:00,3145.75,3166,3143.75,3165,1,1,3166.7895460002665
2017-08-30T15:30:00+02:00,3162.25,3177.25,3160.25,3173.5,1,2,3167.428636857384
2017-08-31T15:30:00+02:00,3181.25,3191.75,3180,3186.5,1,3,3169.244957156681
2017-09-01T15:30:00+02:00,3192.75,3197.25,3190.5,3191.5,-1,-1,3171.3644850465207
2017-09-05T15:30:00+02:00,3186.25,3188.75,3163,3177.5,-1,-2,3171.948819803995
2017-09-06T15:30:00+02:00,3182.25,3186.5,3175.75,3183.5,1,1,3173.048932203614
2017-09-07T15:30:00+02:00,3186,3186.25,3177,3184.25,-1,-1,3174.115700565175
2017-09-08T15:30:00+02:00,3178.25,3184,3176,3180.25,1,1,3174.699919558968
2017-09-11T15:30:00+02:00,3193.25,3206.25,3193.25,3204.5,1,2,3177.5380224581136
2017-09-12T15:30:00+02:00,3209,3214,3207,3213.5,1,3,3180.962972700198
2017-09-13T15:30:00+02:00,3209.75,3214.75,3208.5,3214.25,1,4,3184.1331657763694
2017-09-14T15:30:00+02:00,3210,3215.5,3208.25,3214,1,5,3186.97762617862
2017-09-15T15:30:00+02:00,3211.25,3217.25,3209.75,3216.5,1,6,3189.7892808282754
2017-09-18T15:30:00+02:00,3220.25,3225.25,3217,3222,1,7,3192.8569683684395
2017-09-19T15:30:00+02:00,3224.25,3225.25,3220.5,3223.5,-1,-1,3195.77535233335
2017-09-20T15:30:00+02:00,3225.25,3226.5,3213.25,3224.25,-1,-2,3198.4872235396974
2017-09-21T15:30:00+02:00,3223,3223.75,3215.75,3220,-1,-3,3200.5360593930595
2017-09-22T15:30:00+02:00,3214.5,3220.25,3214,3218.5,1,1,3202.246910879435
2017-09-25T15:30:00+02:00,3215,3219.25,3204.25,3216.75,1,2,3203.628157462346
2017-09-26T15:30:00+02:00,3217.75,3220.5,3211.5,3215,-1,-1,3204.7111900849795
2017-09-27T15:30:00+02:00,3222.75,3228.5,3212.25,3223.25,1,1,3206.476791029267
2017-09-28T15:30:00+02:00,3220.5,3227.5,3219.25,3227.25,1,2,3208.455191883623
2017-09-29T15:30:00+02:00,3226,3237,3224,3236,1,3,3211.0785069423255
2017-10-02T15:30:00+02:00,3237.5,3246.25,3236.75,3245.5,1,4,3214.3567443763895
2017-10-03T15:30:00+02:00,3247,3252.25,3245,3252.25,1,5,3217.9656258643527
2017-10-04T15:30:00+02:00,3249.25,3257.25,3248.25,3255.25,1,6,3221.5165186391764
2017-10-05T15:30:00+02:00,3257.75,3270,3256.5,3269,1,7,3226.0387549592547
2017-10-06T15:30:00+02:00,3263.5,3266.75,3260.75,3264.5,1,8,3229.701730677421
2017-10-09T15:30:00+02:00,3268.25,3269.25,3258.5,3263.25,-1,-1,3232.896803946238
2017-10-10T15:30:00+02:00,3268.25,3272.5,3262,3267.75,-1,-2,3236.216155951358
2017-10-11T15:30:00+02:00,3267.25,3272.75,3265.25,3272,1,1,3239.6241410988478
2017-10-12T15:30:00+02:00,3268.5,3272.5,3265.5,3268.75,1,2,3242.398032422767
2017-10-13T15:30:00+02:00,3273.25,3274.75,3269.5,3271.75,-1,-1,3245.1934579063127
2017-10-16T15:30:00+02:00,3274,3277,3270,3275.5,1,1,3248.0797952485686
2017-10-17T15:30:00+02:00,3274,3277,3271.5,3276.75,1,2,3250.810290939181
2017-10-18T15:30:00+02:00,3280.75,3281.25,3276.5,3279.5,-1,-1,3253.5426441830687
2017-10-19T15:30:00+02:00,3269.5,3280.75,3264.5,3280,1,1,3256.0623923561097
2017-10-20T15:30:00+02:00,3288.25,3293.75,3285.25,3293.25,1,2,3259.6040692745755
2017-10-23T15:30:00+02:00,3296,3296,3281.25,3282.25,-1,-1,3261.7608245817587
2017-10-24T15:30:00+02:00,3287,3289.5,3282.5,3286.25,-1,-2,3264.0931270025435
2017-10-25T15:30:00+02:00,3283,3284.25,3260.75,3278,-1,-3,3265.4175910975396
2017-10-26T15:30:00+02:00,3281,3284.25,3274.75,3280.25,-1,-4,3266.8302014692026
2017-10-27T15:30:00+02:00,3285.75,3300,3282.5,3297.75,1,1,3269.7749441864216
2017-10-30T14:30:00+01:00,3291.5,3296.75,3284.75,3287.25,-1,-1,3271.4392352162863
2017-10-31T14:30:00+01:00,3292.25,3294.75,3288.25,3291.75,-1,-2,3273.3735937671163
2017-11-01T14:30:00+01:00,3300.75,3304.75,3290.75,3293.75,-1,-3,3275.314203884534
2017-11-02T14:30:00+01:00,3293.75,3297.5,3281.5,3296,1,1,3277.2842797050544
2017-11-03T14:30:00+01:00,3297.5,3304.75,3292.75,3302,1,2,3279.6381578283826
2017-11-06T15:30:00+01:00,3302.25,3309.25,3301.5,3308,1,3,3282.339285654251
2017-11-07T15:30:00+01:00,3309,3312.75,3300,3306.25,-1,-1,3284.616496544322
2017-11-08T15:30:00+01:00,3303.75,3311.75,3300.75,3310.5,1,1,3287.0815921115295
2017-11-09T15:30:00+01:00,3296.25,3303.5,3282.5,3302.75,1,2,3288.573821434241
2017-11-10T15:30:00+01:00,3296.25,3301,3292.25,3299,1,3,3289.566790821456
2017-11-13T15:30:00+01:00,3291.75,3304.75,3291.25,3301.25,1,4,3290.6794774098885
2017-11-14T15:30:00+01:00,3292.75,3297.5,3283.5,3297.25,1,5,3291.3052414660897
2017-11-15T15:30:00+01:00,3285.5,3290.75,3274.75,3284.25,-1,-1,3290.6333137074143
2017-11-16T15:30:00+01:00,3293.25,3308.75,3293,3304.5,1,1,3291.9539504971845
2017-11-17T15:30:00+01:00,3300,3302.5,3295,3295.25,-1,-1,3292.267859973643
2017-11-20T15:30:00+01:00,3299.25,3303.25,3296.25,3301.5,1,1,3293.147111404725
2017-11-21T15:30:00+01:00,3309.5,3319.75,3308.5,3315.25,1,2,3295.2521484137987
2017-11-22T15:30:00+01:00,3317.5,3319,3313,3313.5,-1,-1,3296.990039041056
2017-11-24T15:30:00+01:00,3319.75,3322.25,3318.5,3320.75,1,1,3299.2528924657177
2017-11-27T15:30:00+01:00,3321,3324.75,3317,3320.75,-1,-1,3301.300236040411
2017-11-28T15:30:00+01:00,3325,3346.25,3323.5,3345,1,1,3305.4621183222766
2017-11-29T15:30:00+01:00,3347.25,3353.5,3339,3344.5,-1,-1,3309.1800118153933
2017-11-30T15:30:00+01:00,3354.5,3377.75,3353.75,3360.5,1,1,3314.0676297377368
2017-12-01T15:30:00+01:00,3364.5,3370,3324.25,3363.75,-1,-1,3318.7992840484285
2017-12-04T15:30:00+01:00,3379.5,3384.5,3356.25,3357.5,-1,-2,3322.4850665200065
2017-12-05T15:30:00+01:00,3361,3368,3346.75,3347.75,-1,-3,3324.891250660958
2017-12-06T15:30:00+01:00,3345,3353.75,3343.25,3348.5,1,1,3327.1397029789623
2017-12-07T15:30:00+01:00,3347,3360.5,3345.5,3359,1,2,3330.174016980966
2017-12-08T15:30:00+01:00,3366,3371.5,3363.25,3370.5,1,3,3334.0145867923025
2017-12-11T15:30:00+01:00,3371.75,3381.25,3371,3381.25,1,4,3338.513197573988
2017-12-12T15:30:00+01:00,3381.75,3389.25,3379.5,3384.5,1,5,3342.8928930431316
2017-12-13T15:30:00+01:00,3386.5,3391.75,3382.5,3385.5,-1,-1,3346.9507127533097
2017-12-14T15:30:00+01:00,3386.5,3387.5,3370.5,3372.5,-1,-2,3349.3839782053756
2017-12-15T15:30:00+01:00,3383,3399,3382.25,3398.25,1,1,3354.037885042959
2017-12-18T15:30:00+01:00,3408.75,3414.25,3407.75,3411,1,2,3359.462848372201
2017-12-19T15:30:00+01:00,3413.5,3413.75,3399.25,3400.25,-1,-1,3363.3473390034196
2017-12-20T15:30:00+01:00,3410.75,3411.75,3395.25,3398,-1,-2,3366.6475924316655
2017-12-21T15:30:00+01:00,3405.5,3412.25,3401,3403.75,-1,-3,3370.181155057221
2017-12-22T15:30:00+01:00,3404.5,3405.75,3398.5,3402.5,-1,-4,3373.2591402898665
2017-12-26T15:30:00+01:00,3401.75,3404.5,3400.5,3403.5,1,1,3376.139222167022
2017-12-27T15:30:00+01:00,3404.5,3407.25,3397.75,3401.25,-1,-1,3378.530724817782
2017-12-28T15:30:00+01:00,3404.5,3405.25,3399.25,3402,-1,-2,3380.765893882755
2017-12-29T15:30:00+01:00,3410,3410.25,3385,3389.25,-1,-3,3381.573903989159
2018-01-02T15:30:00+01:00,3403.25,3412.25,3398,3409.25,1,1,3384.209722656858
2018-01-03T15:30:00+01:00,3413.5,3430.5,3413.25,3426.5,1,2,3388.2373681181098
2018-01-04T15:30:00+01:00,3435.5,3445.25,3434.5,3440.25,1,3,3393.190952106861
2018-01-05T15:30:00+01:00,3448.5,3459.5,3442.75,3459,1,4,3399.458480477636
2018-01-08T15:30:00+01:00,3456.25,3464.75,3453.25,3463.5,1,5,3405.557672813099
2018-01-09T15:30:00+01:00,3467.25,3476.25,3464.25,3468.75,1,6,3411.5759896880422
2018-01-10T15:30:00+01:00,3460.25,3468,3452.75,3467,1,7,3416.8544668606096
2018-01-11T15:30:00+01:00,3470.5,3486.25,3469,3485.75,1,8,3423.415946207218
2018-01-12T15:30:00+01:00,3487.5,3505.25,3486.25,3504.75,1,9,3431.1620465684355
2018-01-16T15:30:00+01:00,3517,3524.75,3485.5,3499.5,-1,-1,3437.670423085727
2018-01-17T15:30:00+01:00,3505,3525.75,3496.75,3520,1,1,3445.511335172801
2018-01-18T15:30:00+01:00,3519,3524,3510,3512.75,-1,-1,3451.915017537296
2018-01-19T15:30:00+01:00,3522.25,3531.25,3515.75,3527.5,1,1,3459.113587295649
2018-01-22T15:30:00+01:00,3525.75,3552.75,3525.5,3551.5,1,2,3467.912293267492
2018-01-23T15:30:00+01:00,3551.75,3561,3548.25,3555.75,1,3,3476.277789146778
2018-01-24T15:30:00+01:00,3564.25,3571.5,3541.75,3557.75,-1,-1,3484.0370473232756
2018-01-25T15:30:00+01:00,3564.75,3566.25,3547,3557.25,-1,-2,3491.0097094829634
2018-01-26T15:30:00+01:00,3566,3591.5,3562.75,3590.25,1,1,3500.461165722681
2018-01-29T15:30:00+01:00,3582.5,3587.5,3567.75,3570,-1,-1,3507.0839118443305
2018-01-30T15:30:00+01:00,3548,3555.75,3534.75,3540.5,-1,-2,3510.266396430585
2018-01-31T15:30:00+01:00,3550,3556,3529.25,3545.75,-1,-3,3513.6457872467195
2018-02-01T15:30:00+01:00,3533,3553,3528.75,3538.25,1,1,3515.989045604175
2018-02-02T15:30:00+01:00,3522.25,3524,3471.5,3473.5,-1,-1,3511.9424698323487
2018-02-05T15:30:00+01:00,3455.5,3479.25,3318,3323.75,-1,-2,3494.019377467363
2018-02-06T15:30:00+01:00,3318,3416,3305.25,3406,1,1,3485.6365796133286
2018-02-07T15:30:00+01:00,3403.5,3443,3383.25,3384.25,-1,-1,3475.9807148882496
2018-02-08T15:30:00+01:00,3398.25,3400.25,3293.25,3306.25,-1,-2,3459.8158848988924
2018-02-09T15:30:00+01:00,3325.75,3354,3246.5,3334.25,1,1,3447.857229194236
2018-02-12T15:30:00+01:00,3355.75,3387.75,3336.25,3371,1,2,3440.537493080499
2018-02-13T15:30:00+01:00,3357,3383.75,3350.5,3378,1,3,3434.581541358547
2018-02-14T15:30:00+01:00,3361.5,3418,3359,3413,1,4,3432.526156467257
2018-02-15T15:30:00+01:00,3433,3451.25,3404.75,3449,1,5,3434.0950939465656
2018-02-16T15:30:00+01:00,3440.25,3471,3440,3450.75,1,6,3435.681275475464
2018-02-20T15:30:00+01:00,3437,3454,3422,3430.25,-1,-1,3435.1640111444676
2018-02-21T15:30:00+01:00,3435.5,3464,3409.75,3415,-1,-2,3433.243629130709
2018-02-22T15:30:00+01:00,3427.75,3447.25,3412.75,3428,1,1,3432.7442358801654
2018-02-23T15:30:00+01:00,3434.5,3465.75,3429,3464.5,1,2,3435.768594367769
2018-02-26T15:30:00+01:00,3475.75,3501.25,3469,3501,1,3,3441.981109189886
2018-02-27T15:30:00+01:00,3498,3506,3458.25,3465,-1,-1,3444.173384505135
2018-02-28T15:30:00+01:00,3473.5,3478.25,3428.25,3435.25,-1,-2,3443.323538361789
2018-03-01T15:30:00+01:00,3429.75,3447.25,3374.75,3394.75,-1,-3,3438.6974870892377
2018-03-02T15:30:00+01:00,3372.75,3412.25,3363.25,3406.75,1,1,3435.654869271215
2018-03-05T15:30:00+01:00,3392.25,3444,3390.75,3434.5,1,2,3435.5448817215756
2018-03-06T15:30:00+01:00,3447.75,3449,3426.5,3440.25,-1,-1,3435.9929882242827
2018-03-07T15:30:00+01:00,3418.75,3446.5,3416.5,3439.5,1,1,3436.3269893457796
2018-03-08T15:30:00+01:00,3449.75,3456.75,3438.25,3455.5,1,2,3438.1529903604674
2018-03-09T15:30:00+01:00,3471.25,3503.25,3467.75,3499.5,1,3,3443.9955627070894
2018-03-12T14:30:00+01:00,3506.25,3513.5,3495.25,3500.75,-1,-1,3449.400747211176
2018-03-13T14:30:00+01:00,3512.75,3518.5,3473.75,3483.75,-1,-2,3452.672104619636
2018-03-14T14:30:00+01:00,3491.5,3493.75,3459.5,3465.25,-1,-3,3453.8699994177655
2018-03-15T14:30:00+01:00,3471.25,3478.5,3457,3466.75,-1,-4,3455.096666139883
2018-03-16T14:30:00+01:00,3467.5,3477.5,3464,3467,-1,-5,3456.2303169837037
2018-03-19T14:30:00+01:00,3456.25,3456.5,3408.5,3434.25,-1,-6,3454.1369534614464
2018-03-20T14:30:00+01:00,3431.75,3439,3424,3435.25,1,1,3452.3381959889275
2018-03-21T14:30:00+01:00,3431.5,3455.25,3423.75,3429.5,-1,-1,3450.1631297042677
2018-03-22T14:30:00+01:00,3399.75,3409.5,3353.25,3355,-1,-2,3441.0999744943374
2018-03-23T14:30:00+01:00,3361.25,3370,3297.25,3308,-1,-3,3428.4237864472575
2018-03-26T15:30:00+02:00,3341,3374,3313.25,3371.75,1,1,3423.02628297609
2018-03-27T15:30:00+02:00,3381.75,3387.25,3307.25,3326.5,-1,-1,3413.833303645034
2018-03-28T15:30:00+02:00,3326,3345,3304.25,3319.25,-1,-2,3404.8253699645547
2018-03-29T15:30:00+02:00,3328.75,3370.75,3320.5,3348,1,1,3399.4134299679304
2018-04-02T15:30:00+02:00,3343.25,3349.25,3263.25,3287.25,-1,-1,3388.731198542413
2018-04-03T15:30:00+02:00,3305.25,3330,3284.75,3324.75,1,1,3382.6377510621833
2018-04-04T15:30:00+02:00,3283.75,3361,3282.5,3358.5,1,2,3380.3389176276896
2018-04-05T15:30:00+02:00,3372,3383.5,3360.25,3374.25,1,3,3379.759020710767
2018-04-06T15:30:00+02:00,3350.75,3368,3295.75,3315.75,-1,-1,3373.662923500218
2018-04-09T15:30:00+02:00,3330,3365,3321.25,3330,0,0,3369.5045498335303
2018-04-10T15:30:00+02:00,3359,3377.5,3346.25,3366.5,1,1,3369.218402230337
2018-04-11T15:30:00+02:00,3350.75,3372.5,3349.75,3351.75,1,2,3367.5547448750667
2018-04-12T15:30:00+02:00,3368.25,3386.25,3366.25,3374.75,1,3,3368.2400072679175
2018-04-13T15:30:00+02:00,3390,3391.75,3356,3368.5,-1,-1,3368.264768480497
2018-04-16T15:30:00+02:00,3386.5,3398.25,3377.25,3392.5,1,1,3370.5728857680688
2018-04-17T15:30:00+02:00,3409.5,3425,3403.75,3418,1,2,3375.0897537901574
2018-04-18T15:30:00+02:00,3423,3429.25,3415,3421,-1,-1,3379.4621581910947
2018-04-19T15:30:00+02:00,3412,3414.75,3392.75,3403.25,-1,-2,3381.7276669348
2018-04-20T15:30:00+02:00,3403.5,3406,3371,3383.5,-1,-3,3381.8964605600568
2018-04-23T15:30:00+02:00,3388.25,3394.25,3368.5,3382,-1,-4,3381.9063214590988
2018-04-24T15:30:00+02:00,3392.25,3395,3327.25,3346.25,-1,-5,3378.510481320137
2018-04-25T15:30:00+02:00,3343.5,3356.25,3322.5,3355.25,1,1,3376.295197384886
2018-04-26T15:30:00+02:00,3362.25,3386.75,3356.75,3386.5,1,2,3377.26708334823
2018-04-27T15:30:00+02:00,3384,3387.5,3369,3382,-1,-1,3377.717837315065
2018-04-30T15:30:00+02:00,3386.25,3393,3357,3358.5,-1,-2,3375.8875670945827
2018-05-01T15:30:00+02:00,3352.5,3365.5,3334.5,3362.75,1,1,3374.636370228432
2018-05-02T15:30:00+02:00,3360.5,3369.75,3338.25,3339,-1,-1,3371.2424302066765
2018-05-03T15:30:00+02:00,3334.75,3346,3302.5,3342.75,1,1,3368.5288654250885
2018-05-04T15:30:00+02:00,3327,3380.75,3323.5,3375,1,2,3369.1451639560323
2018-05-07T15:30:00+02:00,3381.25,3392.75,3373.75,3381,-1,-1,3370.27419596022
2018-05-08T15:30:00+02:00,3377.25,3385.5,3363.5,3381.75,1,1,3371.367129678294
2018-05-09T15:30:00+02:00,3388.5,3411.25,3383.25,3407.25,1,2,3374.784545899409
2018-05-10T15:30:00+02:00,3415.5,3436.25,3414.25,3429.75,1,3,3380.019351051846
2018-05-11T15:30:00+02:00,3433.5,3443.75,3428,3441,1,4,3385.827031904051
2018-05-14T15:30:00+02:00,3445,3452.5,3435.5,3441.75,-1,-1,3391.15302886557
2018-05-15T15:30:00+02:00,3427.5,3428.25,3411.75,3420.5,-1,-2,3393.9479784974205
2018-05-16T15:30:00+02:00,3422.5,3439.25,3422.25,3434,1,1,3397.7624567357616
2018-05-17T15:30:00+02:00,3430.75,3443.25,3422.25,3429.75,-1,-1,3400.808889427594
2018-05-18T15:30:00+02:00,3426.75,3431,3420,3424.75,-1,-2,3403.0889951963945
2018-05-21T15:30:00+02:00,3440,3450.5,3436.5,3444.25,1,1,3407.009090891976
2018-05-22T15:30:00+02:00,3449.75,3453,3432.75,3437.5,-1,-1,3409.9129869975022
2018-05-23T15:30:00+02:00,3421.75,3444.25,3419.75,3441.5,1,1,3412.921273950121
2018-05-24T15:30:00+02:00,3438.5,3441.75,3417,3438.5,0,0,3415.3573430977285
2018-05-25T15:30:00+02:00,3431,3438.25,3425,3429.5,-1,-1,3416.7042628027066
2018-05-29T15:30:00+02:00,3412,3420.75,3386.25,3403,-1,-2,3415.3990949167346
2018-05-30T15:30:00+02:00,3414.25,3440.5,3413,3436.25,1,1,3417.384895400855
2018-05-31T15:30:00+02:00,3430.25,3433.75,3411,3416.75,-1,-1,3417.324429172202
2018-06-01T15:30:00+02:00,3432.75,3448.25,3431.75,3445,1,1,3419.9601978224687
2018-06-04T15:30:00+02:00,3453.75,3460.5,3451,3456.75,1,2,3423.4639885060433
2018-06-05T15:30:00+02:00,3458.75,3463.75,3450.25,3462.75,1,3,3427.2055134102297
2018-06-06T15:30:00+02:00,3466.25,3483.75,3459.25,3483.75,1,4,3432.5907026092555
2018-06-07T15:30:00+02:00,3487.5,3490.75,3471.25,3483,-1,-1,3437.3915880750405
2018-06-08T15:30:00+02:00,3476.5,3491,3474.5,3489.75,1,1,3442.3781034964654
2018-06-11T15:30:00+02:00,3492,3501.75,3490.5,3494.25,1,2,3447.3182841158496
2018-06-12T15:30:00+02:00,3498,3501.5,3490.25,3495.25,-1,-1,3451.8832094381496
2018-06-13T15:30:00+02:00,3500,3503.5,3486,3486,-1,-2,3455.1324275868974
2018-06-14T15:30:00+02:00,3498,3501.5,3488.5,3496.25,-1,-3,3459.048386864336
2018-06-15T15:30:00+02:00,3486.5,3495,3473,3492,1,1,3462.1866357343993
2018-06-18T15:30:00+02:00,3474.25,3487.5,3468.75,3487.25,1,2,3464.5736228073138
2018-06-19T15:30:00+02:00,3458.25,3476.5,3453.75,3473.5,1,3,3465.423753968522
2018-06-20T15:30:00+02:00,3481.5,3485.75,3474.5,3479.25,-1,-1,3466.740539304853
2018-06-21T15:30:00+02:00,3477.75,3478,3454.5,3459.5,-1,-2,3466.0509641329622
2018-06-22T15:30:00+02:00,3474.5,3476,3462.75,3467,-1,-3,3466.1413485012517
2018-06-25T15:30:00+02:00,3452,3453.75,3408,3429.25,-1,-4,3462.627886739228
2018-06-26T15:30:00+02:00,3433.25,3442.75,3424.75,3436,1,1,3460.0918975259683
2018-06-27T15:30:00+02:00,3439.5,3455.5,3408.5,3413,-1,-1,3455.6069549044473
2018-06-28T15:30:00+02:00,3409,3433.75,3401,3426.75,1,1,3452.858673484976
2018-06-29T15:30:00+02:00,3437.25,3453,3428,3429.75,-1,-1,3450.657847438788
2018-07-02T15:30:00+02:00,3410.75,3436,3408,3434.75,1,1,3449.1428143493795
2018-07-03T15:30:00+02:00,3444,3445.5,3419.5,3420.75,-1,-1,3446.438736792296
2018-07-05T15:30:00+02:00,3437,3447,3424.5,3446,1,1,3446.396952335887
2018-07-06T15:30:00+02:00,3446.25,3473.75,3442,3470,1,2,3448.644861637231
2018-07-09T15:30:00+02:00,3481,3495.25,3480.25,3495,1,3,3453.0596367193994
2018-07-10T15:30:00+02:00,3499.25,3505.25,3496,3504,1,4,3457.9110998889805
2018-07-11T15:30:00+02:00,3486,3495.25,3479.75,3481.25,-1,-1,3460.1338522805063
2018-07-12T15:30:00+02:00,3497,3508.5,3490.25,3506.25,1,1,3464.5258663490295
2018-07-13T15:30:00+02:00,3506.25,3513.75,3500.75,3510.75,1,2,3468.928164791979
2018-07-16T15:30:00+02:00,3510.5,3512.25,3502.5,3504.5,-1,-1,3472.315958621314
2018-07-17T15:30:00+02:00,3498.5,3523.25,3498.25,3518.75,1,1,3476.738248276427
2018-07-18T15:30:00+02:00,3519.5,3525.75,3514.25,3523.25,1,2,3481.167938916767
2018-07-19T15:30:00+02:00,3516.25,3520.75,3507.75,3513.25,-1,-1,3484.2233733056464
2018-07-20T15:30:00+02:00,3511,3518,3507.75,3508.5,-1,-2,3486.5354329908228
2018-07-23T15:30:00+02:00,3507.5,3520,3503.5,3519.25,1,1,3489.651106039316
2018-07-24T15:30:00+02:00,3530.5,3538.75,3519.5,3528,-1,-1,3493.303381654619
2018-07-25T15:30:00+02:00,3526.25,3557,3525.75,3549,1,1,3498.607821497036
2018-07-26T15:30:00+02:00,3544.75,3554,3541,3549.75,1,2,3503.478505163985
2018-07-27T15:30:00+02:00,3549.75,3550.75,3516.25,3525,-1,-1,3505.5281713388435
2018-07-30T15:30:00+02:00,3527.25,3529.25,3505.75,3510.75,-1,-2,3506.0254883541916
2018-07-31T15:30:00+02:00,3520.25,3532.5,3516,3531.5,1,1,3508.451632320459
2018-08-01T15:30:00+02:00,3527,3533.25,3513,3518.25,-1,-1,3509.384810194701
2018-08-02T15:30:00+02:00,3504.75,3537,3502.5,3536,1,1,3511.919590176158
2018-08-03T15:30:00+02:00,3536.5,3548,3534.5,3547.75,1,2,3515.3320101593813
2018-08-06T15:30:00+02:00,3546.5,3561,3543,3557.5,1,3,3519.3480091918213
2018-08-07T15:30:00+02:00,3564.5,3571.25,3563.25,3567.25,1,4,3523.910103554505
2018-08-08T15:30:00+02:00,3564.5,3570,3560.5,3562.75,-1,-1,3527.609141311219
2018-08-09T15:30:00+02:00,3565.5,3570.25,3559.75,3561,-1,-2,3530.789223091103
2018-08-10T15:30:00+02:00,3544.5,3550.5,3533.5,3545,1,1,3532.14263041576
2018-08-13T15:30:00+02:00,3544.5,3551.25,3527.5,3533.25,-1,-1,3532.2480941856875
2018-08-14T15:30:00+02:00,3538.5,3551,3534.25,3548.75,1,1,3533.819704263241
2018-08-15T15:30:00+02:00,3532.75,3534.25,3510.5,3529.5,-1,-1,3533.408303857218
2018-08-16T15:30:00+02:00,3542.5,3559.25,3542.25,3552.75,1,1,3535.2503701565306
2018-08-17T15:30:00+02:00,3547,3564.5,3542.5,3560,1,2,3537.6074777606705
2018-08-20T15:30:00+02:00,3564.25,3568.25,3559,3566.25,1,3,3540.335337021559
2018-08-21T15:30:00+02:00,3571,3581.5,3568.5,3568.5,-1,-1,3543.0176858766486
2018-08-22T15:30:00+02:00,3567,3575.75,3563.75,3568.75,1,1,3545.468382459825
2018-08-23T15:30:00+02:00,3567.25,3577.25,3562.25,3565.25,-1,-1,3547.35234603508
2018-08-24T15:30:00+02:00,3572.25,3584.75,3571.5,3584.25,1,1,3550.866408317453
2018-08-27T15:30:00+02:00,3596,3606.75,3594.5,3606.25,1,2,3556.1410360967434
2018-08-28T15:30:00+02:00,3610.75,3612,3601.75,3607,-1,-1,3560.9847469446727
2018-08-29T15:30:00+02:00,3609.25,3625,3606.25,3622.25,1,1,3566.8195329499417
2018-08-30T15:30:00+02:00,3616.5,3620.5,3603,3609.5,-1,-1,3570.8843393356615
2018-08-31T15:30:00+02:00,3605,3615,3599.25,3613.25,1,1,3574.9191641608368
2018-09-04T15:30:00+02:00,3605,3608.5,3593,3606,1,2,3577.8792437645666
2018-09-05T15:30:00+02:00,3600.5,3602.5,3585,3596,-1,-1,3579.605030072703
2018-09-06T15:30:00+02:00,3597.25,3600.5,3575.5,3586.25,-1,-2,3580.237884351493
2018-09-07T15:30:00+02:00,3575,3592.5,3572.5,3582.5,1,1,3580.4533239370653
2018-09-10T15:30:00+02:00,3592.75,3595.75,3584,3588,-1,-1,3581.172054990678
2018-09-11T15:30:00+02:00,3578.75,3600.5,3574.75,3597.5,1,1,3582.7270973725185
2018-09-12T15:30:00+02:00,3595.5,3602.75,3587,3596.25,1,2,3584.0149928608503
2018-09-13T15:30:00+02:00,3607.25,3614.5,3604.25,3612.75,1,3,3586.751660207436
2018-09-14T15:30:00+02:00,3614.5,3617,3604.25,3614,-1,-1,3589.34674018768
2018-09-17T15:30:00+02:00,3612,3612.75,3594.75,3598.75,-1,-2,3590.2422887412345
2018-09-18T15:30:00+02:00,3600.25,3620.25,3599.75,3614.75,1,1,3592.5763564801646
2018-09-19T15:30:00+02:00,3614,3621.25,3612.5,3617.5,1,2,3594.950036815387
2018-09-20T15:30:00+02:00,3630.25,3643.25,3628.75,3642.25,1,3,3599.454795213922
2018-09-21T15:30:00+02:00,3647.75,3649,3635,3636.5,-1,-1,3602.982909955453
2018-09-24T15:30:00+02:00,3630,3631.5,3620.25,3628.25,-1,-2,3605.389299483505
2018-09-25T15:30:00+02:00,3631.5,3632.75,3620.75,3623.75,-1,-3,3607.1379376279333
2018-09-26T15:30:00+02:00,3624.75,3638.5,3610,3614.25,-1,-4,3607.8152769014637
2018-09-27T15:30:00+02:00,3620,3634.5,3616.5,3622.5,1,1,3609.213821958467
2018-09-28T15:30:00+02:00,3615,3628,3614.5,3622.75,1,2,3610.5029817719465
2018-10-01T15:30:00+02:00,3636.25,3644.5,3625,3632.25,-1,-1,3612.5741263650943
2018-10-02T15:30:00+02:00,3630.5,3638.5,3626.5,3631.25,1,1,3614.35278099699
2018-10-03T15:30:00+02:00,3642,3647.25,3628,3634,-1,-1,3616.2239447115626
2018-10-04T15:30:00+02:00,3626.25,3626.5,3590.25,3610,-1,-2,3615.631188072366
2018-10-05T15:30:00+02:00,3610.5,3616.5,3575.75,3596.75,-1,-3,3613.832979684522
2018-10-08T15:30:00+02:00,3583.75,3596.5,3568.5,3596.5,1,1,3612.1822197145675
2018-10-09T15:30:00+02:00,3588,3602.5,3581.5,3590.25,1,2,3610.0934368846088
2018-10-10T15:30:00+02:00,3582,3582.5,3482.5,3483.5,-1,-1,3598.0369190860747
2018-10-11T15:30:00+02:00,3483.25,3501.25,3414.75,3449,-1,-2,3583.842926792163
2018-10-12T15:30:00+02:00,3478.75,3481.75,3434.75,3471.25,-1,-3,3573.119790907195
2018-10-15T15:30:00+02:00,3465.75,3481.25,3451,3451.25,-1,-4,3561.5131441541284
2018-10-16T15:30:00+02:00,3476.5,3521.5,3471,3521,1,1,3557.654749472783
2018-10-17T15:30:00+02:00,3514.75,3521.75,3485.75,3519.25,1,2,3553.997154284899
2018-10-18T15:30:00+02:00,3503.75,3510.5,3459,3475.5,-1,-1,3546.5212348291943
2018-10-19T15:30:00+02:00,3480.75,3503,3464.75,3470.25,-1,-2,3539.2573077026045
2018-10-22T15:30:00+02:00,3479.5,3483,3453.5,3458.5,-1,-3,3531.566135540452
2018-10-23T15:30:00+02:00,3418,3457.25,3394.75,3449,1,1,3523.7026940604087
2018-10-24T15:30:00+02:00,3441.5,3446,3354.75,3367.5,-1,-1,3508.8262470070363
2018-10-25T15:30:00+02:00,3381.75,3426.25,3370,3387.5,1,1,3497.2713663396994
2018-10-26T15:30:00+02:00,3366.25,3395.25,3329.75,3373,1,2,3485.435998116871
2018-10-29T14:30:00+01:00,3394.75,3409.5,3305.5,3345.5,-1,-1,3472.1087602009784
2018-10-30T14:30:00+01:00,3343.75,3391.5,3338.25,3387,1,1,3464.0031639913614
2018-10-31T14:30:00+01:00,3414.25,3439.75,3408.25,3408.25,-1,-1,3458.693338849327
2018-11-01T14:30:00+01:00,3423,3443.75,3410.25,3440.5,1,1,3456.960639911296
2018-11-02T14:30:00+01:00,3453.75,3459,3402,3426.5,-1,-1,3454.0596265864106
2018-11-05T15:30:00+01:00,3430.25,3446.25,3419.5,3441.5,1,1,3452.863471673419
2018-11-06T15:30:00+01:00,3439.25,3463.5,3438.25,3461.75,1,2,3453.709807704522
2018-11-07T15:30:00+01:00,3481.75,3520,3476.75,3519.25,1,3,3459.9517307802817
2018-11-08T15:30:00+01:00,3507,3517.75,3497.5,3511.75,1,4,3464.884899277398
2018-11-09T15:30:00+01:00,3495.5,3497.75,3467,3481.5,-1,-1,3466.4672898224076
2018-11-12T15:30:00+01:00,3476.75,3480,3424.75,3431.25,-1,-2,3463.1132622202736
2018-11-13T15:30:00+01:00,3435.75,3458.25,3417,3430,-1,-3,3459.959618199295
2018-11-14T15:30:00+01:00,3446.5,3450.75,3388.75,3401.25,-1,-4,3454.3682259898383
2018-11-15T15:30:00+01:00,3391.5,3439.25,3373.75,3438,1,1,3452.8093473241393
2018-11-16T15:30:00+01:00,3421.5,3451.25,3415.75,3445,1,2,3452.0655999599353
2018-11-19T15:30:00+01:00,3433.75,3437.25,3384,3399,-1,-1,3447.0117332970844
2018-11-20T15:30:00+01:00,3356.75,3373.25,3334.25,3343,-1,-2,3437.105853935457
2018-11-21T15:30:00+01:00,3360.75,3373.75,3350.25,3350.75,-1,-3,3428.881486893985
2018-11-23T15:30:00+01:00,3333.5,3350,3331,3331,-1,-4,3419.559440523129
2018-11-26T15:30:00+01:00,3359.75,3378.75,3355,3371.5,1,1,3414.9823509494977
2018-11-27T15:30:00+01:00,3364.75,3386.5,3357.75,3386.5,1,2,3412.2697460971644
2018-11-28T15:30:00+01:00,3397.75,3447.5,3386.75,3444.75,1,3,3415.3631036117204
2018-11-29T15:30:00+01:00,3438.75,3457,3425.75,3446.5,1,4,3418.328522315366
2018-11-30T15:30:00+01:00,3439.25,3467.25,3435.75,3466.75,1,5,3422.9400916186646
2018-12-03T15:30:00+01:00,3503.75,3505,3476,3493.5,-1,-1,3429.6600828930773
2018-12-04T15:30:00+01:00,3484.75,3489.75,3399.75,3404.5,-1,-2,3427.263884522308
2018-12-06T15:30:00+01:00,3359.25,3401.75,3323.75,3394,1,1,3424.0958955201836
2018-12-07T15:30:00+01:00,3394.25,3412.25,3325.75,3337.5,-1,-1,3415.848667375404
2018-12-10T15:30:00+01:00,3333.25,3351,3285.5,3345.75,1,1,3409.1726038158417
2018-12-11T15:30:00+01:00,3375.75,3378,3323.75,3343,-1,-1,3402.870451071476
2018-12-12T15:30:00+01:00,3374,3389,3349.75,3353.75,-1,-2,3398.192312874193
2018-12-13T15:30:00+01:00,3363.75,3373.5,3339.75,3346.5,-1,-3,3393.269235457603
2018-12-14T15:30:00+01:00,3327.75,3339,3296.5,3304.25,-1,-4,3384.791213033069
2018-12-17T15:30:00+01:00,3292.25,3304.75,3233,3254.5,-1,-5,3372.382526077539
2018-12-18T15:30:00+01:00,3269.25,3277,3230.25,3236,-1,-6,3359.393714070154
2018-12-19T15:30:00+01:00,3248.5,3291.25,3188.75,3204,-1,-7,3344.5943127301393
2018-12-20T15:30:00+01:00,3193.5,3211.25,3140.75,3186.25,-1,-8,3329.5139019939356
2018-12-21T15:30:00+01:00,3175.75,3207.25,3108.5,3112,-1,-9,3308.7982922802275
2018-12-24T15:30:00+01:00,3099.5,3111.75,3039.75,3041.5,-1,-10,3283.341312063063
2018-12-26T15:30:00+01:00,3067.5,3177,3044.75,3168.25,1,1,3272.380234723724
2018-12-27T15:30:00+01:00,3132.5,3198,3096.25,3192.5,1,2,3264.7725933214642
2018-12-28T15:30:00+01:00,3203.5,3222.25,3172,3186.25,-1,-1,3257.2942511003725
2018-12-31T15:30:00+01:00,3202.75,3212.25,3182,3207.5,1,1,3252.5519414717655
2019-01-02T15:30:00+01:00,3167.25,3219.75,3166.25,3210.25,1,2,3248.5231851411213
2019-01-03T15:30:00+01:00,3189.75,3192.75,3142.5,3147.5,-1,-1,3238.9019294133955
2019-01-04T15:30:00+01:00,3182.25,3238.5,3178,3230,1,1,3238.0541266121195
2019-01-07T15:30:00+01:00,3233.75,3266.75,3223.75,3249.5,1,2,3239.1442097919175
2019-01-08T15:30:00+01:00,3275.25,3280.5,3246.75,3271.25,-1,-1,3242.201904097449
2019-01-09T15:30:00+01:00,3282.25,3296,3268.25,3281.5,-1,-2,3245.944579897692
2019-01-10T15:30:00+01:00,3269,3298.75,3261.25,3293,1,1,3250.4260484788642
2019-01-11T15:30:00+01:00,3283,3296,3276.25,3294.25,1,2,3254.599758147544
2019-01-14T15:30:00+01:00,3274.75,3289,3270,3280,1,3,3257.0188288001586
2019-01-15T15:30:00+01:00,3284,3313,3283.5,3303.75,1,4,3261.4694165334768
2019-01-16T15:30:00+01:00,3314,3325.5,3311.75,3312.75,-1,-1,3266.3532816255265
2019-01-17T15:30:00+01:00,3305,3344.75,3304.75,3335,1,1,3272.8910643278573
2019-01-18T15:30:00+01:00,3355.25,3375.75,3346.25,3370.75,1,2,3282.2109629632996
2019-01-22T15:30:00+01:00,3353.5,3355.75,3315.75,3331.25,-1,-1,3286.8813474429853
2019-01-23T15:30:00+01:00,3345.5,3353,3311.75,3337.5,-1,-2,3291.702171496034
2019-01-24T15:30:00+01:00,3336.75,3346.75,3325.25,3333.5,-1,-3,3295.6829170678407
2019-01-25T15:30:00+01:00,3360.5,3371.75,3355.75,3362.5,1,1,3302.0464487756653
2019-01-28T15:30:00+01:00,3337.75,3342.5,3321.5,3341.25,1,2,3305.78012032084
2019-01-29T15:30:00+01:00,3342.75,3349.25,3328.5,3340.25,-1,-1,3309.0629660045697
2019-01-30T15:30:00+01:00,3354.5,3389,3345.75,3381.75,1,1,3315.985540670801
2019-01-31T15:30:00+01:00,3378.25,3408.25,3375.75,3406,1,2,3324.558346321201
2019-02-01T15:30:00+01:00,3404.25,3415.25,3394.75,3404,-1,-1,3332.1242181001344
2019-02-04T15:30:00+01:00,3404,3424.25,3396.25,3420.25,1,1,3340.5171497096453
2019-02-05T15:30:00+01:00,3427.25,3437,3421.5,3430.5,1,2,3349.086944975393
2019-02-06T15:30:00+01:00,3430.5,3435.75,3421.5,3429,-1,-1,3356.6977121205937
2019-02-07T15:30:00+01:00,3411,3417.75,3384.75,3404,-1,-2,3361.2026919186324
2019-02-08T15:30:00+01:00,3389.25,3408,3380,3405.25,1,1,3365.3976736406676
2019-02-11T15:30:00+01:00,3413.75,3416.75,3402,3407.75,-1,-1,3369.4312285320325
2019-02-12T15:30:00+01:00,3426,3447.25,3425.25,3444.5,1,1,3376.5806353385055
2019-02-13T15:30:00+01:00,3452.25,3461.25,3447.25,3449,-1,-1,3383.4777176872194
2019-02-14T15:30:00+01:00,3438.75,3457.5,3429.5,3443,1,1,3389.1465064789127
2019-02-15T15:30:00+01:00,3464.25,3476.75,3462.25,3476.25,1,2,3397.442077290445
2019-02-19T15:30:00+01:00,3465.5,3486.75,3465.25,3477.75,1,3,3405.090450881831
2019-02-20T15:30:00+01:00,3478.75,3490,3473,3486.25,1,4,3412.819931750228
2019-02-21T15:30:00+01:00,3477,3481,3463.5,3473.5,-1,-1,3418.598985869254
2019-02-22T15:30:00+01:00,3481,3493.75,3478,3490.75,1,1,3425.470511024563
2019-02-25T15:30:00+01:00,3507,3513.25,3494.25,3496.25,-1,-1,3432.2114147365096
2019-02-26T15:30:00+01:00,3490.75,3502.75,3488.75,3490.75,0,0,3437.786518094937
2019-02-27T15:30:00+01:00,3484.75,3495.5,3474.25,3494.25,1,1,3443.1639925620857
2019-02-28T15:30:00+01:00,3488.5,3493.5,3482,3488.25,-1,-1,3447.457898032363
2019-03-01T15:30:00+01:00,3503,3507.5,3486.75,3504.5,1,1,3452.890479172138
2019-03-04T15:30:00+01:00,3514.75,3517.25,3466.75,3490.75,-1,-1,3456.4961478224104
2019-03-05T15:30:00+01:00,3494,3496,3482.5,3490.75,-1,-2,3459.7584194583715
2019-03-06T15:30:00+01:00,3489.75,3490,3467.75,3470.5,-1,-3,3460.7814271290026
2019-03-07T15:30:00+01:00,3465.5,3467,3437.75,3449.25,-1,-4,3459.6831959738597
2019-03-08T15:30:00+01:00,3426.5,3446.75,3421.25,3446.5,1,1,3458.4276535001586
2019-03-11T14:30:00+01:00,3449.75,3484,3449.25,3483.5,1,2,3460.815496023953
2019-03-12T14:30:00+01:00,3487.75,3497.5,3485.25,3491.75,1,3,3463.761639259767
2019-03-13T14:30:00+01:00,3501.75,3520.75,3499.75,3514,1,4,3468.546245044551
2019-03-14T14:30:00+01:00,3509.75,3515,3502.75,3507,-1,-1,3472.2085074212605
2019-03-15T14:30:00+01:00,3513.5,3530.75,3511.5,3524.5,1,1,3477.1886495716167
2019-03-18T14:30:00+01:00,3524.25,3535.75,3521.75,3534.75,1,2,3482.6706829457485
2019-03-19T14:30:00+01:00,3544,3553,3523.25,3530.25,-1,-1,3487.2020464747247
2019-03-20T14:30:00+01:00,3530.75,3543.5,3511.5,3521,-1,-2,3490.4208991914174
2019-03-21T14:30:00+01:00,3514.5,3560.25,3514,3557.25,1,1,3496.7855754589013
2019-03-22T14:30:00+01:00,3539.75,3546,3499.5,3505,-1,-1,3497.5679016056724
2019-03-25T14:30:00+01:00,3496,3509.5,3483.75,3501.5,1,1,3497.942387167037
2019-03-26T14:30:00+01:00,3517,3529.25,3502.75,3517.5,1,2,3499.8050169606527
2019-03-27T14:30:00+01:00,3518.5,3524.75,3486,3504.5,-1,-1,3500.252158202495
2019-03-28T14:30:00+01:00,3509.75,3518.5,3496.75,3515.5,1,1,3501.7043336117813
2019-03-29T14:30:00+01:00,3530,3534.75,3517.5,3534,1,2,3504.7801113630403
2019-04-01T15:30:00+02:00,3553.25,3567.75,3550.25,3565.25,1,3,3510.539148376084
2019-04-02T15:30:00+02:00,3566,3568,3556.5,3561.5,-1,-1,3515.392562816457
2019-04-03T15:30:00+02:00,3579,3583.5,3563.25,3574.25,-1,-2,3520.9980330244134
2019-04-04T15:30:00+02:00,3573,3580,3565.25,3577.25,1,1,3526.3553632125645
2019-04-05T15:30:00+02:00,3584.25,3592,3581,3590.75,1,2,3532.488185763749
2019-04-08T15:30:00+02:00,3585.75,3594,3578.5,3592.75,1,3,3538.2274061672015
2019-04-09T15:30:00+02:00,3581.5,3585.25,3571.5,3577,-1,-1,3541.9200341512774
2019-04-10T15:30:00+02:00,3582,3589.25,3577.5,3589,1,1,3546.4038404225844
2019-04-11T15:30:00+02:00,3592.25,3592.75,3579.5,3585.75,-1,-1,3550.151093715672
2019-04-12T15:30:00+02:00,3604.25,3609,3596.75,3607,1,1,3555.56527526656
2019-04-15T15:30:00+02:00,3606.5,3607.75,3594.75,3604,-1,-1,3560.1781061935544
2019-04-16T15:30:00+02:00,3613.5,3614.25,3598.75,3605.75,-1,-2,3564.5182865560732
2019-04-17T15:30:00+02:00,3617.25,3617.75,3592.75,3594.75,-1,-3,3567.3974973602567
2019-04-18T15:30:00+02:00,3603.75,3605.75,3589.25,3604.75,1,1,3570.954878564042
2019-04-22T15:30:00+02:00,3594.25,3607.5,3593.25,3607,1,2,3574.3877472722284
2019-04-23T15:30:00+02:00,3609.5,3634,3606.5,3632.75,1,3,3579.946057055826
2019-04-24T15:30:00+02:00,3630.25,3633.75,3622.75,3624.75,-1,-1,3584.2130992409852
2019-04-25T15:30:00+02:00,3623,3629.25,3608.5,3620.25,-1,-2,3587.645185027558
2019-04-26T15:30:00+02:00,3622.25,3637,3613.5,3636.25,1,1,3592.2742150249333
2019-04-29T15:30:00+02:00,3636.25,3645.75,3635.25,3636.75,1,2,3596.5100040701777
2019-04-30T15:30:00+02:00,3635.75,3645.75,3620.25,3644.75,1,3,3601.1042893968274
2019-05-01T15:30:00+02:00,3648.25,3650.25,3615.25,3617.25,-1,-1,3602.641976120939
2019-05-02T15:30:00+02:00,3617,3627,3595.25,3612.25,-1,-2,3603.557026014183
2019-05-03T15:30:00+02:00,3628,3643.25,3625.5,3641.75,1,1,3607.1944521080704
2019-05-06T15:30:00+02:00,3591.75,3632.5,3588.25,3627.25,1,2,3609.1045042882542
2019-05-07T15:30:00+02:00,3600.25,3607.25,3556.75,3585,-1,-1,3606.8088372131824
2019-05-08T15:30:00+02:00,3574,3593,3567.25,3580.75,1,1,3604.3270431928795
2019-05-09T15:30:00+02:00,3550.5,3571.25,3530.5,3567,1,2,3600.7720866983195
2019-05-10T15:30:00+02:00,3554.5,3587.25,3520.25,3581,1,3,3598.889030822289
2019-05-13T15:30:00+02:00,3521,3532,3496.25,3501,-1,-1,3589.566265982071
2019-05-14T15:30:00+02:00,3517,3548,3515.25,3533.75,1,1,3584.2504311266357
2019-05-15T15:30:00+02:00,3512.5,3554.25,3510,3549.5,1,2,3580.9408662574324
2019-05-16T15:30:00+02:00,3554,3588.25,3553.5,3572.75,1,3,3580.1607837567244
2019-05-17T15:30:00+02:00,3547.25,3581.75,3546.75,3556.75,1,4,3577.931185303703
2019-05-20T15:30:00+02:00,3536.25,3550,3526.75,3538.25,1,5,3574.152024798588
2019-05-21T15:30:00+02:00,3553.5,3565,3550.75,3560.25,1,6,3572.8280224368177
2019-05-22T15:30:00+02:00,3549.75,3562.25,3546.25,3551,1,7,3570.7491631571206
2019-05-23T15:30:00+02:00,3526.25,3526.5,3500,3513,-1,-1,3565.2492428564424
2019-05-24T15:30:00+02:00,3531.75,3536.25,3515,3526,-1,-2,3561.5112197272574
2019-05-28T15:30:00+02:00,3525,3535.5,3494.75,3499,-1,-3,3555.5577702294236
2019-05-29T15:30:00+02:00,3482.75,3487,3460.5,3474.25,-1,-4,3547.8141730647167
2019-05-30T15:30:00+02:00,3484,3493.25,3470.75,3484.75,1,1,3541.8080613442676
2019-05-31T15:30:00+02:00,3454.75,3463.75,3444.25,3446.25,-1,-1,3532.7072935971946
2019-06-03T15:30:00+02:00,3445.25,3458,3423,3444.5,-1,-2,3524.3065989688903
2019-06-04T15:30:00+02:00,3463.5,3500,3458.25,3499.5,1,1,3521.9440657337577
2019-06-05T15:30:00+02:00,3515.5,3522.5,3495.25,3521.75,1,2,3521.9255832829235
2019-06-06T15:30:00+02:00,3525,3547.25,3517.5,3539.75,1,3,3523.623146779788
2019-06-07T15:30:00+02:00,3551,3580.5,3549,3569.5,1,4,3527.9923708959986
2019-06-10T15:30:00+02:00,3585,3600,3580.5,3584,-1,-1,3533.3264308106654
2019-06-11T15:30:00+02:00,3601.25,3605.75,3573.5,3581,-1,-2,3537.8667707334594
2019-06-12T15:30:00+02:00,3577.75,3584,3569.5,3575.75,-1,-3,3541.4746973302726
2019-06-13T15:30:00+02:00,3584.75,3590.75,3577,3588.75,1,1,3545.977107108342
2019-06-14T15:30:00+02:00,3583.25,3590,3574.75,3584.75,1,2,3549.669763574214
2019-06-17T15:30:00+02:00,3585.5,3592.75,3582,3586.5,1,3,3553.1774051385746
2019-06-18T15:30:00+02:00,3604,3626.5,3600.25,3616.75,1,4,3559.23193798252
2019-06-19T15:30:00+02:00,3615.5,3626.75,3605.25,3623.25,1,5,3565.328896269899
2019-06-20T15:30:00+02:00,3650.5,3653.25,3625.75,3650.75,1,6,3573.4642394822895
2019-06-21T15:30:00+02:00,3645.5,3659.25,3640,3641,-1,-1,3579.8962166744523
2019-06-24T15:30:00+02:00,3646.25,3650,3638.75,3642.25,-1,-2,3585.8346722292663
2019-06-25T15:30:00+02:00,3641,3641.25,3610,3612.25,-1,-3,3588.350417731241
2019-06-26T15:30:00+02:00,3621.25,3626.75,3606.75,3608,-1,-4,3590.221806518742
2019-06-27T15:30:00+02:00,3616.25,3623.5,3612,3621,1,1,3593.1530630407665
2019-06-28T15:30:00+02:00,3628.5,3645.25,3622.75,3644.75,1,2,3598.067057036884
2019-07-01T15:30:00+02:00,3669.25,3671.75,3645.5,3658.25,-1,-1,3603.798765890514
2019-07-02T15:30:00+02:00,3658,3670,3648.5,3669.75,1,1,3610.079835805703
2019-07-03T15:30:00+02:00,3673.25,3691.5,3671.5,3691,1,2,3617.786518109922
2019-07-05T15:30:00+02:00,3675.75,3687.75,3661.25,3680.5,1,3,3623.7592306708816
2019-07-08T15:30:00+02:00,3671.5,3674.75,3663.25,3668.25,-1,-1,3627.996446797464
2019-07-09T15:30:00+02:00,3656.25,3676.25,3655.75,3672.25,1,1,3632.2110709119916
2019-07-10T15:30:00+02:00,3684.5,3697.5,3678.5,3687.5,1,2,3637.4766832060877
2019-07-11T15:30:00+02:00,3693.5,3696.25,3682.5,3694.25,1,3,3642.883665757889
2019-07-12T15:30:00+02:00,3699,3708,3695.5,3704.75,1,4,3648.775697590471
2019-07-15T15:30:00+02:00,3711.5,3711.5,3702.5,3707.5,-1,-1,3654.36848829614
2019-07-16T15:30:00+02:00,3706.75,3708.75,3694.5,3696.75,-1,-2,3658.4048227441267
2019-07-17T15:30:00+02:00,3697.25,3699.25,3674.5,3675.25,-1,-3,3660.009125339924
2019-07-18T15:30:00+02:00,3670.75,3691.5,3665.75,3687.75,1,1,3662.6511134027887
2019-07-19T15:30:00+02:00,3699.25,3699.75,3666.5,3667.25,-1,-1,3663.0891026025233
2019-07-22T15:30:00+02:00,3674.5,3683.5,3668.5,3679.25,1,1,3664.6282356879974
2019-07-23T15:30:00+02:00,3690,3698.25,3680.25,3698,1,2,3667.806498955807
2019-07-24T15:30:00+02:00,3689.5,3712,3688.75,3711.5,1,3,3671.96778476954
2019-07-25T15:30:00+02:00,3707,3707.75,3688,3695.5,-1,-1,3674.2089481248217
2019-07-26T15:30:00+02:00,3704.75,3719.5,3703.25,3714,1,1,3677.9985721129337
2019-07-29T15:30:00+02:00,3716,3716.25,3705.5,3712,-1,-1,3681.2368033402736
2019-07-30T15:30:00+02:00,3695.75,3708.25,3691.5,3702,1,1,3683.2142506412
2019-07-31T15:30:00+02:00,3706.25,3708.5,3648,3668.75,-1,-1,3681.836702961086
2019-08-01T15:30:00+02:00,3671.25,3704.25,3634.5,3641,-1,-2,3677.947493155268
2019-08-02T15:30:00+02:00,3633.5,3636,3603.5,3621.75,-1,-3,3672.5953509500046
2019-08-05T15:30:00+02:00,3575,3576.25,3510.5,3518.5,-1,-4,3657.9196032404802
2019-08-06T15:30:00+02:00,3552.75,3573.75,3536,3566,1,1,3649.1653553128153
2019-08-07T15:30:00+02:00,3537.25,3581.5,3513.25,3570,1,2,3641.625797663976
2019-08-08T15:30:00+02:00,3588.5,3630.5,3582.5,3630.5,1,3,3640.566197886454
2019-08-09T15:30:00+02:00,3618.75,3625.5,3589,3609,-1,-1,3637.5598933258393
2019-08-12T15:30:00+02:00,3592,3598.25,3562.5,3570,-1,-2,3631.1256177709975
2019-08-13T15:30:00+02:00,3569.75,3634.25,3565.75,3622.25,1,1,3630.280320840426
2019-08-14T15:30:00+02:00,3572.5,3579.75,3527.5,3530,-1,-1,3620.7298140937187
2019-08-15T15:30:00+02:00,3540,3547.75,3515,3537.75,-1,-2,3612.826974656222
2019-08-16T15:30:00+02:00,3555.75,3584.75,3555,3581.75,1,1,3609.8672627842006
2019-08-19T15:30:00+02:00,3613.5,3622.25,3605.5,3613.5,0,0,3610.213237757134
2019-08-20T15:30:00+02:00,3608.75,3614.5,3587.5,3588.5,-1,-1,3608.1453103516924
2019-08-21T15:30:00+02:00,3615.5,3620,3608,3620,1,1,3609.274328413436
2019-08-22T15:30:00+02:00,3622.5,3629.75,3594.25,3611.75,-1,-1,3609.5101066597754
2019-08-23T15:30:00+02:00,3599.5,3617.75,3524,3545.75,-1,-2,3603.4377155493207
2019-08-26T15:30:00+02:00,3562.5,3574,3545.25,3573.25,1,1,3600.562695020814
2019-08-27T15:30:00+02:00,3585.25,3589.5,3550,3556,-1,-1,3596.3186288283555
2019-08-28T15:30:00+02:00,3550.75,3580.5,3541.75,3580,1,1,3594.7644737018454
2019-08-29T15:30:00+02:00,3606.5,3620.75,3595.25,3616.75,1,2,3596.858333349289
2019-08-30T15:30:00+02:00,3631.5,3631.75,3603.25,3611.25,-1,-1,3598.228968268404
2019-09-03T15:30:00+02:00,3594,3604.5,3581,3595.5,1,1,3597.969066528556
2019-09-04T15:30:00+02:00,3620,3629,3611.5,3629,1,2,3600.9243935258364
2019-09-05T15:30:00+02:00,3656,3676.5,3654.5,3662,1,3,3606.741117951947
2019-09-06T15:30:00+02:00,3670,3675.75,3662.25,3670.75,1,4,3612.8372019565236
2019-09-09T15:30:00+02:00,3679.5,3680.25,3659.5,3668.5,-1,-1,3618.138420817807
2019-09-10T15:30:00+02:00,3661.25,3669.75,3647.25,3669,1,1,3622.9823807399207
2019-09-11T15:30:00+02:00,3672,3692.5,3664.75,3692.25,1,2,3629.579296859928
2019-09-12T15:30:00+02:00,3699.5,3711.75,3691,3701.25,1,3,3636.4050781113633
2019-09-13T15:30:00+02:00,3704.75,3708.75,3693.5,3696.75,-1,-1,3642.1522135293285
2019-09-16T15:30:00+02:00,3685,3693.25,3681,3689.5,1,1,3646.6615265265355
2019-09-17T15:30:00+02:00,3685.75,3696.5,3684,3695.75,1,2,3651.336619238294
2019-09-18T15:30:00+02:00,3691,3699.75,3668.25,3696.5,1,3,3655.6378935965517
2019-09-19T15:30:00+02:00,3701,3712,3692.25,3695.75,-1,-1,3659.458094206404
2019-09-20T15:30:00+02:00,3702.5,3705.5,3672.75,3676.75,-1,-2,3661.104942377223
2019-09-23T15:30:00+02:00,3673.75,3688.25,3671,3685,1,1,3663.3806621508206
2019-09-24T15:30:00+02:00,3692.5,3696.75,3646,3659.25,-1,-1,3662.9872657555043
2019-09-25T15:30:00+02:00,3657.25,3679.25,3641.25,3674.25,1,1,3664.059907112123
2019-09-26T15:30:00+02:00,3674,3676,3651.75,3667.75,-1,-1,3664.411344530016
2019-09-27T15:30:00+02:00,3675.75,3677,3633.75,3651.25,-1,-2,3663.1578831462048
2019-09-30T15:30:00+02:00,3656.5,3673.25,3655.75,3672.5,1,1,3664.047608560852
2019-10-01T15:30:00+02:00,3674.25,3681.5,3624.5,3626,-1,-1,3660.424026793152
2019-10-02T15:30:00+02:00,3610.75,3611.25,3561.5,3567.75,-1,-2,3651.597929003328
2019-10-03T15:30:00+02:00,3572.75,3600,3542.5,3599.25,1,1,3646.612411955392
2019-10-04T15:30:00+02:00,3605.75,3640.75,3605,3637.5,1,2,3645.7445631977357
2019-10-07T15:30:00+02:00,3629,3647,3621.75,3625,-1,-1,3643.7688905122372
2019-10-08T15:30:00+02:00,3603.75,3612.25,3578,3580,-1,-2,3637.695662844405
2019-10-09T15:30:00+02:00,3601.25,3617,3594,3607.25,1,1,3634.796075906843
2019-10-10T15:30:00+02:00,3605,3635.75,3603.25,3629.5,1,2,3634.2916877252387
2019-10-11T15:30:00+02:00,3656.25,3681.5,3651.25,3657.75,1,3,3636.5258127037873
2019-10-14T15:30:00+02:00,3652.5,3660,3649,3653.5,1,4,3638.1424019700935
2019-10-15T15:30:00+02:00,3664.25,3690.75,3663,3685.5,1,5,3642.6526494015134
2019-10-16T15:30:00+02:00,3677,3685,3672.25,3678.75,1,6,3646.090492315655
2019-10-17T15:30:00+02:00,3689.75,3695.5,3678,3685.5,-1,-1,3649.843778761783
2019-10-18T15:30:00+02:00,3679.25,3686.5,3662.5,3675.75,-1,-2,3652.3110379273276
2019-10-21T15:30:00+02:00,3687,3695,3682,3693.75,1,1,3656.2576057437727
2019-10-22T15:30:00+02:00,3698.5,3701.5,3680,3681.5,-1,-1,3658.661643291985
2019-10-23T15:30:00+02:00,3679.5,3693.5,3677.25,3693,1,1,3661.9319629784627
2019-10-24T15:30:00+02:00,3701.25,3702.75,3686.25,3691.75,-1,-1,3664.771776028133
2019-10-25T15:30:00+02:00,3689,3714,3688.75,3707.5,1,1,3668.8411306921203
2019-10-28T14:30:00+01:00,3720.75,3730.25,3720.75,3723.5,1,2,3674.0467372928706
2019-10-29T14:30:00+01:00,3721.5,3733.75,3719.75,3723,1,3,3678.708952788788
2019-10-30T14:30:00+01:00,3725.5,3736.5,3711,3735.75,1,4,3684.14143347557
2019-10-31T14:30:00+01:00,3731.5,3732,3707.75,3723.25,-1,-1,3687.866058858849
2019-11-01T14:30:00+01:00,3739.25,3752.5,3737.75,3750.75,1,1,3693.855005634197
2019-11-04T15:30:00+01:00,3769,3770.5,3760,3763,-1,-1,3700.4402431928447
2019-11-05T15:30:00+01:00,3766.5,3769.5,3757.25,3759.25,-1,-2,3706.041172412574
2019-11-06T15:30:00+01:00,3760.75,3764.25,3750.5,3763.25,1,1,3711.489632182805
2019-11-07T15:30:00+01:00,3775.5,3784.5,3766.25,3773.75,-1,-1,3717.4191910225377
2019-11-08T15:30:00+01:00,3767.5,3780,3760,3777.75,1,1,3723.1649823537246
2019-11-11T15:30:00+01:00,3763.5,3775.5,3762,3775.25,1,2,3728.125460224798
2019-11-12T15:30:00+01:00,3776.75,3789.5,3770.5,3779.75,1,3,3733.0420830605317
2019-11-13T15:30:00+01:00,3768,3784.5,3765.5,3783.25,1,4,3737.823789435719
2019-11-14T15:30:00+01:00,3776,3785.75,3769.25,3784.75,1,5,3742.2929523466028
2019-11-15T15:30:00+01:00,3798.25,3807,3790.75,3805.25,1,6,3748.2888616469263
2019-11-18T15:30:00+01:00,3803.5,3811,3798.5,3809.25,1,7,3754.094684347219
2019-11-19T15:30:00+01:00,3815,3815.5,3800.25,3805.75,-1,-1,3759.0142382189124
2019-11-20T15:30:00+01:00,3800.75,3806,3778.25,3796.25,-1,-2,3762.5605012456826
2019-11-21T15:30:00+01:00,3796,3797.25,3781,3791.25,-1,-3,3765.2928344603797
2019-11-22T15:30:00+01:00,3798,3799.5,3785.25,3799.25,1,1,3768.526850226058
2019-11-25T15:30:00+01:00,3807,3821,3806.75,3820,1,2,3773.4290549664333
2019-11-26T15:30:00+01:00,3821.25,3831.75,3817.25,3831.5,1,3,3778.9596211601065
2019-11-27T15:30:00+01:00,3832.5,3842.5,3829.75,3841.25,1,4,3784.8920381924772
2019-11-29T15:30:00+01:00,3835,3837.75,3827,3831.25,-1,-1,3789.307082174146
2019-12-02T15:30:00+01:00,3832.25,3832.75,3797.75,3801.5,-1,-2,3790.468312443275
2019-12-03T15:30:00+01:00,3772.25,3782.25,3757,3778.5,1,1,3789.328473162963
2019-12-04T15:30:00+01:00,3792.75,3807,3788.75,3799.25,1,2,3790.273380480776
2019-12-05T15:30:00+01:00,3807.75,3807.75,3790.75,3804.75,-1,-1,3791.6521061492735
2019-12-06T15:30:00+01:00,3826.25,3838.5,3826,3834,1,1,3795.685238896962
2019-12-09T15:30:00+01:00,3829.5,3837,3820.25,3822,-1,-1,3798.1914066210607
2019-12-10T15:30:00+01:00,3823.5,3830.5,3813,3823.75,1,1,3800.625558371436
2019-12-11T15:30:00+01:00,3825.25,3832,3821,3830.75,1,2,3803.4945528122516
2019-12-12T15:30:00+01:00,3829,3865,3826.25,3855,1,3,3808.399833496799
2019-12-13T15:30:00+01:00,3853,3871.5,3844.25,3859.5,1,4,3813.2665160209135
2019-12-16T15:30:00+01:00,3876.5,3886.25,3876.25,3882.25,1,5,3819.8363716379695
2019-12-17T15:30:00+01:00,3883.25,3886.75,3877.75,3878.25,-1,-1,3825.399574339115
2019-12-18T15:30:00+01:00,3883.25,3886.25,3878.75,3882.75,-1,-2,3830.861519640152
2019-12-19T15:30:00+01:00,3881.25,3895.5,3880.75,3895,1,1,3836.96994634109
2019-12-20T15:30:00+01:00,3904.5,3912.75,3902.5,3908.5,1,2,3843.782332403843
2019-12-23T15:30:00+01:00,3913.75,3914,3907.5,3910.25,-1,-1,3850.11258646062
2019-12-24T15:30:00+01:00,3911.5,3912,3905.75,3909.75,-1,-2,3855.7923401310372
2019-12-26T15:30:00+01:00,3912.5,3928,3912.25,3927.5,1,1,3862.6216410709385
2019-12-27T15:30:00+01:00,3933.75,3934.25,3918.75,3920.5,-1,-1,3868.1338657308493
2019-12-30T15:30:00+01:00,3924.75,3926.25,3900.5,3906.5,-1,-2,3871.7877832802924
2019-12-31T15:30:00+01:00,3900,3918.5,3896.25,3918,1,1,3876.188946777407
2020-01-02T15:30:00+01:00,3929.75,3943,3918.75,3942.5,1,2,3882.504285179559
2020-01-03T15:30:00+01:00,3904.75,3929.5,3904,3918.5,1,3,3885.9324484957915
2020-01-06T15:30:00+01:00,3897.75,3932.75,3896.5,3927,1,4,3889.8436438771446
2020-01-07T15:30:00+01:00,3922.75,3928,3915,3918.5,-1,-1,3892.5728206507497
2020-01-08T15:30:00+01:00,3922.25,3951,3919.25,3943.5,1,1,3897.423028207821
2020-01-09T15:30:00+01:00,3954.25,3960,3947.5,3959,1,2,3903.287501711838
2020-01-10T15:30:00+01:00,3965.25,3967,3944,3948,-1,-1,3907.5458348821394
2020-01-13T15:30:00+01:00,3956.25,3973.25,3951.25,3973,1,1,3913.7795648933643
2020-01-14T15:30:00+01:00,3967,3978.25,3960.5,3970.75,1,2,3919.2053206178057
2020-01-15T15:30:00+01:00,3965.5,3982.25,3964.5,3977,1,3,3924.7095757970624
2020-01-16T15:30:00+01:00,3988.5,4001.25,3986,3999.75,1,4,3931.856282864009
2020-01-17T15:30:00+01:00,4008.5,4013.5,4002.25,4007.5,-1,-1,3939.0604464007697
2020-01-21T15:30:00+01:00,3999.75,4013,3999.25,4002.75,1,1,3945.126118172125
2020-01-22T15:30:00+01:00,4013.75,4020.75,4002.75,4003.25,-1,-1,3950.661725965256
2020-01-23T15:30:00+01:00,3996.75,4010.25,3984.5,4009.25,1,1,3956.241561587613
2020-01-24T15:30:00+01:00,4014.75,4015.75,3963.75,3976.5,-1,-1,3958.170936674507
2020-01-27T15:30:00+01:00,3920,3941,3916.25,3922.5,1,1,3954.7737046102684
2020-01-28T15:30:00+01:00,3940.25,3968.25,3935,3960.5,1,2,3955.319066075957
2020-01-29T15:30:00+01:00,3973.5,3976,3952.75,3954.5,-1,-1,3955.2410597830085
2020-01-30T15:30:00+01:00,3932.25,3975.25,3924.25,3973.75,1,1,3957.0038159941505
2020-01-31T15:30:00+01:00,3958.75,3960.75,3896,3911.25,-1,-1,3952.646309708993
2020-02-03T15:30:00+01:00,3922.5,3950.5,3921,3929,1,1,3950.3942802128986
2020-02-04T15:30:00+01:00,3969.75,3988.5,3965.5,3982.75,1,2,3953.4757773354795
2020-02-05T15:30:00+01:00,4011.25,4019.25,3995,4018,1,3,3959.620941398767
2020-02-06T15:30:00+01:00,4027.25,4029.75,4016,4028.5,1,4,3966.1808517417417
2020-02-07T15:30:00+01:00,4016.25,4024.5,4004,4009.25,-1,-1,3970.282675385385
2020-02-10T15:30:00+01:00,3999.75,4036.75,3999.5,4036.25,1,1,3976.565277729634
2020-02-11T15:30:00+01:00,4049.5,4057.75,4035,4041,-1,-1,3982.7019179458593
2020-02-12T15:30:00+01:00,4055.75,4064,4051.75,4063.75,1,1,3990.4207829033967
2020-02-13T15:30:00+01:00,4045.5,4068,4042.25,4061,1,2,3997.142613103073
2020-02-14T15:30:00+01:00,4061.25,4064.75,4048.5,4064.5,1,3,4003.557602331352
2020-02-18T15:30:00+01:00,4051.75,4058.25,4038.5,4053.25,1,4,4008.290211633128
2020-02-19T15:30:00+01:00,4064,4077,4061,4069.75,1,5,4014.143524810925
2020-02-20T15:30:00+01:00,4063.25,4072.25,4022.75,4052.5,-1,-1,4017.79652244798
2020-02-21T15:30:00+01:00,4040.5,4043.75,4011.25,4023.25,-1,-2,4018.315901262458
2020-02-24T15:30:00+01:00,3916,3943.25,3897,3910.25,-1,-3,4008.0239106660333
2020-02-25T15:30:00+01:00,3923.75,3930.5,3800.5,3816.75,-1,-4,3989.8073477454586
2020-02-26T15:30:00+01:00,3825.5,3865.25,3790.25,3792.75,-1,-5,3971.03998129351
2020-02-27T15:30:00+01:00,3737.5,3779.5,3635.5,3639.25,-1,-6,3939.440935456033
2020-02-28T15:30:00+01:00,3569,3671.25,3536.5,3654.25,1,1,3912.27989398403
2020-03-02T15:30:00+01:00,3663.75,3776.5,3625.75,3747.25,1,2,3896.5627612236462
2020-03-03T15:30:00+01:00,3776.75,3820.25,3656.25,3680.25,-1,-1,3875.961545869013
2020-03-04T15:30:00+01:00,3742,3812.75,3714,3797,1,1,3868.441398643393
2020-03-05T15:30:00+01:00,3730.25,3765.5,3679.75,3700,-1,-1,3852.3993606773556
2020-03-06T15:30:00+01:00,3611.5,3667.5,3581.25,3647,1,1,3832.8375168033217
2020-03-09T14:30:00+01:00,3445.25,3520,3398.25,3432,-1,-1,3794.6625152030056
2020-03-10T14:30:00+01:00,3523.5,3568,3411.75,3546.75,1,1,3771.051799469386
2020-03-11T14:30:00+01:00,3485.5,3497.75,3386,3424,-1,-1,3737.9992471389683
2020-03-12T14:30:00+01:00,3246.25,3342,3131.25,3154,-1,-2,3682.3802712209713
2020-03-13T14:30:00+01:00,3305.75,3391,3172,3380.5,1,1,3653.6297691999266
2020-03-16T14:30:00+01:00,3196.75,3245.75,3043.5,3098.75,-1,-1,3600.784076895172
2020-03-17T14:30:00+01:00,3125,3237,3046.25,3177.5,1,1,3560.4713076670605
2020-03-18T14:30:00+01:00,3047.25,3136.25,2956.25,3094.25,1,2,3516.069278365436
2020-03-19T14:30:00+01:00,3069,3151.5,3000.5,3081,1,3,3474.634108997299
2020-03-20T14:30:00+01:00,3115,3136.75,2974.25,2982.5,-1,-1,3427.764193854699
2020-03-23T14:30:00+01:00,2973.75,2985,2873.75,2917.75,-1,-2,3379.1914134875847
2020-03-24T14:30:00+01:00,3041,3135,3028.25,3129.25,1,1,3355.3874693459097
2020-03-25T14:30:00+01:00,3138.25,3255,3087.75,3159.75,1,2,3336.755329408204
2020-03-26T14:30:00+01:00,3187.25,3320,3182.25,3303,1,3,3333.5405361312323
2020-03-27T14:30:00+01:00,3222.25,3299.25,3199.5,3218.5,-1,-1,3322.5842945949244
2020-03-30T15:30:00+02:00,3247.5,3316,3226.5,3306.5,1,1,3321.0524570144553
2020-03-31T15:30:00+02:00,3296.75,3323.75,3252.75,3254.5,-1,-1,3314.7141277749834
2020-04-01T15:30:00+02:00,3169,3204,3128.5,3142.25,-1,-2,3298.2889727487945
2020-04-02T15:30:00+02:00,3142,3219.25,3135.5,3211,1,1,3289.9757372489094
2020-04-03T15:30:00+02:00,3197.75,3223.75,3143.25,3175.75,-1,-1,3279.097095606156
2020-04-06T15:30:00+02:00,3269.5,3362.75,3258.25,3339.25,1,1,3284.825943643665
2020-04-07T15:30:00+02:00,3434,3444.25,3329,3338.25,-1,-1,3289.913949010935
2020-04-08T15:30:00+02:00,3372,3446.75,3347.75,3429,1,1,3303.160239581322
2020-04-09T15:30:00+02:00,3467.5,3503.75,3446.5,3474.25,1,2,3319.454502478339
2020-04-13T15:30:00+02:00,3463,3466,3405.25,3454,-1,-1,3332.268359385164
2020-04-14T15:30:00+02:00,3501.75,3540.25,3490.5,3537.25,1,1,3351.7904203961007
2020-04-15T15:30:00+02:00,3467,3487,3445.5,3468.5,1,2,3362.905618453615
2020-04-16T15:30:00+02:00,3483,3492,3449,3481.25,-1,-1,3374.176511934223
2020-04-17T15:30:00+02:00,3544.5,3567,3515.25,3563.25,1,1,3392.1835107976303
2020-04-20T15:30:00+02:00,3517,3555,3498.5,3500.75,-1,-1,3402.5231764359514
2020-04-21T15:30:00+02:00,3458.5,3471.75,3411.5,3426.75,-1,-2,3404.8304929658607
2020-04-22T15:30:00+02:00,3475,3502.25,3460.5,3481.75,1,1,3412.156160302445
2020-04-23T15:30:00+02:00,3496.25,3531,3473.25,3475.75,-1,-1,3418.212716464117
2020-04-24T15:30:00+02:00,3499.25,3529.25,3476.5,3523.25,1,1,3428.2162672770583
2020-04-27T15:30:00+02:00,3543.25,3575.5,3538,3562.75,1,2,3441.0290037268624
2020-04-28T15:30:00+02:00,3602.75,3606.5,3546.25,3561.25,-1,-1,3452.4786224195423
2020-04-29T15:30:00+02:00,3607.5,3641.5,3596.5,3634.5,1,1,3469.8139917129192
2020-04-30T15:30:00+02:00,3609,3614.25,3577.5,3592,-1,-1,3481.450754406927
2020-05-01T15:30:00+02:00,3544.5,3552,3506,3515.25,-1,-2,3484.669730177696
2020-05-04T15:30:00+02:00,3498.5,3530,3482.75,3519.5,1,1,3487.986898732201
2020-05-05T15:30:00+02:00,3557.5,3584,3548.5,3552.5,-1,-1,3494.1310036148484
2020-05-06T15:30:00+02:00,3571.75,3576,3526.25,3527.75,-1,-2,3497.3328127943864
2020-05-07T15:30:00+02:00,3568.75,3589.25,3562,3574.5,1,1,3504.6820687187305
2020-05-08T15:30:00+02:00,3602.25,3624,3590,3622.5,1,2,3515.9028240788516
2020-05-11T15:30:00+02:00,3594.5,3631.25,3589.75,3617.75,1,3,3525.602555118961
2020-05-12T15:30:00+02:00,3629.25,3633.5,3545.5,3547,-1,-1,3527.640407012393
2020-05-13T15:30:00+02:00,3551.5,3563,3480.25,3506.75,-1,-2,3525.650844439784
2020-05-14T15:30:00+02:00,3480.5,3548,3454.5,3541,1,1,3527.1126687788524
2020-05-15T15:30:00+02:00,3514.75,3553.75,3503.75,3540.75,1,2,3528.4114622284856
2020-05-18T15:30:00+02:00,3621.25,3659,3617.75,3641.5,1,3,3539.181799159106
2020-05-19T15:30:00+02:00,3634,3652.75,3609.75,3612.25,-1,-1,3546.140675429667
2020-05-20T15:30:00+02:00,3648.75,3670,3646.5,3662.25,1,1,3557.1987063411275
2020-05-21T15:30:00+02:00,3658.5,3667.25,3627.25,3631,-1,-1,3564.227400975306
2020-05-22T15:30:00+02:00,3636,3648.25,3622.5,3647.25,1,1,3572.134315168134
2020-05-26T15:30:00+02:00,3710.5,3713.25,3677.75,3688.75,-1,-1,3583.240570866407
2020-05-27T15:30:00+02:00,3711.75,3731,3659.75,3730,1,1,3597.2176593553204
2020-05-28T15:30:00+02:00,3737.75,3759.75,3713.75,3732.25,-1,-1,3610.077882273861
2020-05-29T15:30:00+02:00,3715.5,3749.25,3686.25,3748.5,1,1,3623.260941104922
2020-06-01T15:30:00+02:00,3727,3753.25,3721.25,3748,1,2,3635.140851475882
2020-06-02T15:30:00+02:00,3756.5,3772.5,3742,3770.75,1,3,3648.0560084781787
2020-06-03T15:30:00+02:00,3793,3823.75,3790.25,3811.75,1,4,3663.645912432638
2020-06-04T15:30:00+02:00,3802,3821,3781.75,3804.75,1,5,3677.0843969628627
2020-06-05T15:30:00+02:00,3863.75,3904.75,3862.75,3881.25,1,6,3696.528740109257
2020-06-08T15:30:00+02:00,3894,3925.5,3887.75,3921,1,7,3717.906955336947
2020-06-09T15:30:00+02:00,3894.5,3915.25,3885,3899.75,1,8,3735.225340542952
2020-06-10T15:30:00+02:00,3906,3915.5,3874,3879.5,-1,-1,3748.9657843007662
2020-06-11T15:30:00+02:00,3806,3812.5,3690.5,3706,-1,-2,3744.8738048435503
2020-06-12T15:30:00+02:00,3773.75,3782,3676.25,3730,-1,-3,3743.4572520013076
2020-06-15T15:30:00+02:00,3671,3773.5,3657.75,3768,1,1,3745.7946565726115
2020-06-16T15:30:00+02:00,3846.25,3848,3768.25,3821.75,-1,-1,3753.0284988037915
2020-06-17T15:30:00+02:00,3832.5,3835.5,3799.75,3812,-1,-2,3758.6448322510496
2020-06-18T15:30:00+02:00,3791.25,3814.25,3786,3804,1,1,3762.964372036664
2020-06-19T15:30:00+02:00,3846.5,3849.25,3762.75,3765.75,-1,-1,3763.229669937934
2020-06-22T15:30:00+02:00,3784.25,3819,3771.5,3818,1,1,3768.445891848607
2020-06-23T15:30:00+02:00,3839.5,3850.25,3820.75,3822.75,-1,-1,3773.6177116725494
2020-06-24T15:30:00+02:00,3802.75,3809.75,3725,3755.75,-1,-2,3771.9160248465923
2020-06-25T15:30:00+02:00,3739.25,3784.75,3716.75,3775.25,1,1,3772.233546289774
2020-06-26T15:30:00+02:00,3766.25,3768.5,3697.75,3713.5,-1,-1,3766.6398752145574
2020-06-29T15:30:00+02:00,3718.5,3754,3693.75,3752.5,1,1,3765.2932204322187
2020-06-30T15:30:00+02:00,3744,3806.5,3742.75,3788.5,1,2,3767.503389914865
2020-07-01T15:30:00+02:00,3799.75,3823,3794.5,3807.75,1,3,3771.3364003991633
2020-07-02T15:30:00+02:00,3847.25,3861.75,3819.5,3834,-1,-1,3777.3043622659097
2020-07-06T15:30:00+02:00,3868.75,3879.75,3860.25,3876.5,1,1,3786.7515658596326
2020-07-07T15:30:00+02:00,3858.25,3879.5,3837.75,3841.25,-1,-1,3791.94189292062
2020-07-08T15:30:00+02:00,3850.25,3869.25,3831.25,3868.75,1,1,3799.256950737704
2020-07-09T15:30:00+02:00,3872.5,3875.25,3810.5,3846,-1,-1,3803.7086697150653
2020-07-10T15:30:00+02:00,3846.75,3884.75,3831.75,3884.25,1,1,3811.379272599345
2020-07-13T15:30:00+02:00,3905.75,3931.5,3845.75,3855.75,-1,-1,3815.605056161312
2020-07-14T15:30:00+02:00,3837,3897.5,3824.25,3888.5,1,1,3822.5474317649964
2020-07-15T15:30:00+02:00,3928.25,3935,3897.25,3925.25,-1,-1,3832.3286287397586
2020-07-16T15:30:00+02:00,3902.5,3917.25,3895.5,3900.5,-1,-2,3838.821140288353
2020-07-17T15:30:00+02:00,3923,3930.5,3901.75,3918,-1,-3,3846.3619840704146
2020-07-20T15:30:00+02:00,3919,3955.75,3910.75,3951.5,1,1,3856.3751284446607
2020-07-21T15:30:00+02:00,3969,3974,3944.5,3957.25,-1,-1,3865.9822590689787
2020-07-22T15:30:00+02:00,3951,3977,3949.75,3971.5,1,1,3876.031567729076
2020-07-23T15:30:00+02:00,3969.5,3977,3919.5,3931.75,-1,-1,3881.3380850882118
2020-07-24T15:30:00+02:00,3914.25,3924.5,3896.75,3908.5,-1,-2,3883.92493412743
2020-07-27T15:30:00+02:00,3921.25,3939,3912.5,3937.75,1,1,3889.0511308771984
2020-07-28T15:30:00+02:00,3929,3941.5,3913.25,3917.75,-1,-1,3891.7843565079415
2020-07-29T15:30:00+02:00,3925.75,3962.25,3925.25,3957.5,1,1,3898.042989221471
2020-07-30T15:30:00+02:00,3923.5,3957.75,3900.25,3954,1,2,3903.3722283432357
2020-07-31T15:30:00+02:00,3963.25,3972.25,3917.75,3969,1,3,3909.6224923105465
2020-08-03T15:30:00+02:00,3988.25,4000.75,3981.75,3993.5,1,4,3917.610826376209
2020-08-04T15:30:00+02:00,3983.25,4005.75,3983,4004.5,1,5,3925.885985768951
2020-08-05T15:30:00+02:00,4019.5,4028.5,4016.5,4020.5,1,6,3934.896844267146
2020-08-06T15:30:00+02:00,4019,4050.75,4015.75,4049.75,1,7,3945.8352400512276
2020-08-07T15:30:00+02:00,4037.25,4052,4027.5,4050.5,1,8,3955.803312427301
2020-08-10T15:30:00+02:00,4055.25,4062.5,4034.25,4057.75,1,9,3965.5125207675583
2020-08-11T15:30:00+02:00,4073.5,4080,4024.75,4034.75,-1,-1,3972.106566408743
2020-08-12T15:30:00+02:00,4059,4087.75,4058.75,4075.25,1,1,3981.9297505602913
2020-08-13T15:30:00+02:00,4070.5,4087.25,4062.75,4072.25,1,2,3990.5316790783586
2020-08-14T15:30:00+02:00,4068.75,4078.75,4061.25,4067.25,-1,-1,3997.8381858328007
2020-08-17T15:30:00+02:00,4084,4088,4079.25,4085.25,1,1,4006.1631205153913
2020-08-18T15:30:00+02:00,4088,4096,4070.5,4091.5,1,2,4014.2904423710684
2020-08-19T15:30:00+02:00,4095.25,4101,4070.75,4077.75,-1,-1,4020.3342097643
2020-08-20T15:30:00+02:00,4058,4092.25,4056.5,4086.25,1,1,4026.6119040724616
2020-08-21T15:30:00+02:00,4083.75,4101.5,4080,4097.75,1,2,4033.3869608274654
2020-08-24T15:30:00+02:00,4125.75,4134.75,4114.75,4132.25,1,3,4042.8024883677067
2020-08-25T15:30:00+02:00,4140,4148.75,4127,4148,1,4,4052.8212989993535
2020-08-26T15:30:00+02:00,4152,4186.25,4146.25,4185.5,1,5,4065.45736576132
2020-08-27T15:30:00+02:00,4189.75,4203.5,4170,4190.25,1,6,4077.3423785459563
2020-08-28T15:30:00+02:00,4199,4212,4186,4209,1,7,4089.8811996368177
2020-08-31T15:30:00+02:00,4208,4218.25,4195.25,4202.75,-1,-1,4100.630609195216
2020-09-01T15:30:00+02:00,4206.75,4232.75,4197,4232,1,1,4113.141979748052
2020-09-02T15:30:00+02:00,4251.5,4292.25,4239,4284.5,1,2,4129.461791200619
2020-09-03T15:30:00+02:00,4263.25,4268.75,4129.75,4164.75,-1,-1,4132.822572991036
2020-09-04T15:30:00+02:00,4165.5,4182.5,4053,4123.5,-1,-2,4131.934708896652
2020-09-08T15:30:00+02:00,4071,4084.75,4032.75,4041.5,-1,-3,4123.321879477923
2020-09-09T15:30:00+02:00,4080.25,4129.25,4070.5,4106.25,1,1,4121.695986194311
2020-09-10T15:30:00+02:00,4122.5,4129.5,4032.5,4045.75,-1,-1,4114.463035128187
2020-09-11T15:30:00+02:00,4062.25,4073.75,4014,4040.25,-1,-2,4107.39512702074
2020-09-14T15:30:00+02:00,4078.75,4108,4073.25,4087.5,1,1,4105.500353018765
2020-09-15T15:30:00+02:00,4115.5,4124.5,4094,4110.5,-1,-1,4105.976509874121
2020-09-16T15:30:00+02:00,4119.75,4135,4089.25,4094.5,-1,-2,4104.883508933728
2020-09-17T15:30:00+02:00,4039,4080.75,4033.25,4066.5,1,1,4101.227936654325
2020-09-18T15:30:00+02:00,4070.5,4072.75,3996.25,4032.75,-1,-1,4094.7062284015324
2020-09-21T15:30:00+02:00,3973.5,3992,3933.25,3990.25,1,1,4084.758016172815
2020-09-22T15:30:00+02:00,4001.5,4025,3974.25,4014.75,1,2,4078.0905860611183
2020-09-23T15:30:00+02:00,4024.75,4028,3936.5,3947.25,-1,-1,4065.6295778648214
2020-09-24T15:30:00+02:00,3927.75,3983.75,3913.5,3953.5,1,1,4054.950570449124
2020-09-25T15:30:00+02:00,3941.25,4011.75,3931.5,4003,1,2,4050.002897073017
2020-09-28T15:30:00+02:00,4048.5,4066.25,4037.25,4062,1,3,4051.145478304158
2020-09-29T15:30:00+02:00,4056.25,4063.75,4032,4049.5,-1,-1,4050.9887660847144
2020-09-30T15:30:00+02:00,4047.25,4099.5,4044.75,4054.5,1,1,4051.323169314742
2020-10-01T15:30:00+02:00,4092.75,4103,4065.5,4083,-1,-1,4054.3400103323856
2020-10-02T15:30:00+02:00,4032.25,4075,4027,4055,1,1,4054.402866491206
2020-10-05T15:30:00+02:00,4076,4115.5,4076,4108.5,1,2,4059.5549744444247
2020-10-06T15:30:00+02:00,4114.75,4137.25,4059.25,4067.75,-1,-1,4060.335453068765
2020-10-07T15:30:00+02:00,4096.75,4132.25,4096.5,4122.5,1,1,4066.255886109835
2020-10-08T15:30:00+02:00,4144,4154.25,4134.25,4153,1,2,4074.517230289851
2020-10-09T15:30:00+02:00,4171.75,4189.5,4165,4189,1,3,4085.420351214627
2020-10-12T15:30:00+02:00,4212.25,4256.5,4206.75,4249.75,1,4,4101.070793956091
2020-10-13T15:30:00+02:00,4239,4240.25,4207,4220.75,-1,-1,4112.46881357932
2020-10-14T15:30:00+02:00,4223.5,4235.75,4187.5,4195.75,-1,-2,4120.400355143194
2020-10-15T15:30:00+02:00,4152.5,4196.5,4147,4191,1,1,4127.124130843842
2020-10-16T15:30:00+02:00,4205.5,4224,4176.75,4177.75,-1,-1,4131.945642192048
2020-10-19T15:30:00+02:00,4202.75,4209.25,4126.25,4138.75,-1,-2,4132.593676268995
2020-10-20T15:30:00+02:00,4150.5,4185.25,4142.25,4146.75,-1,-3,4133.94189757671
2020-10-21T15:30:00+02:00,4149.25,4172.75,4140,4149,-1,-4,4135.376002569405
2020-10-22T15:30:00+02:00,4145.5,4168.5,4122.25,4163.75,1,1,4138.078288038985
2020-10-23T15:30:00+02:00,4175.5,4176,4147,4166.75,-1,-1,4140.808927273368
2020-10-26T14:30:00+01:00,4137.25,4145.5,4071.5,4111,-1,-2,4137.969981818761
2020-10-27T14:30:00+01:00,4112.75,4117,4091.75,4095.75,-1,-3,4133.949031169355
2020-10-28T14:30:00+01:00,4036.5,4043.75,3976.25,3985,-1,-4,4119.763409153226
2020-10-29T14:30:00+01:00,3984.25,4049.25,3965.75,4009,1,1,4109.2145130433955
2020-10-30T14:30:00+01:00,3997,4011.75,3940.5,3987.25,-1,-1,4097.598845134501
2020-11-02T15:30:00+01:00,4017.5,4039,3987.5,4014.75,-1,-2,4089.7084789312153
2020-11-03T15:30:00+01:00,4052.5,4098.25,4047,4065.5,1,1,4087.4029095091946
2020-11-04T15:30:00+01:00,4124.5,4195.5,4111.5,4152,1,2,4093.555013365462
2020-11-05T15:30:00+01:00,4207.75,4238,4204.25,4227.5,1,3,4106.311678759227
2020-11-06T15:30:00+01:00,4214.75,4231.25,4192,4221.5,1,4,4117.281995067872
2020-11-09T15:30:00+01:00,4356,4360.75,4256.75,4266.75,-1,-1,4131.517043156647
2020-11-10T15:30:00+01:00,4250.5,4268,4222,4261.75,1,1,4143.9201819036325
2020-11-11T15:30:00+01:00,4280.25,4292.25,4266.75,4288.75,1,2,4157.71349791281
2020-11-12T15:30:00+01:00,4272.5,4280.75,4228.5,4254.25,-1,-1,4166.907450492543
2020-11-13T15:30:00+01:00,4269,4305.5,4263,4296.75,1,1,4179.273407588491
2020-11-16T15:30:00+01:00,4326.5,4345,4312.25,4344.75,1,2,4195.033083056253
2020-11-17T15:30:00+01:00,4316.25,4335.75,4299.75,4325.5,1,3,4207.458503717563
2020-11-18T15:30:00+01:00,4325.25,4331.75,4275,4277.25,-1,-1,4214.105312887319
2020-11-19T15:30:00+01:00,4272.25,4298.25,4257.75,4290.5,1,1,4221.380997374241
2020-11-20T15:30:00+01:00,4291,4293,4258.25,4259,-1,-1,4224.963759529075
2020-11-23T15:30:00+01:00,4288.5,4303.5,4264.25,4291.5,1,1,4231.30054433583
2020-11-24T15:30:00+01:00,4318,4354.25,4308.75,4349,1,2,4242.510016303846
2020-11-25T15:30:00+01:00,4347.25,4347.5,4330.75,4344,-1,-1,4252.175729036813
2020-11-27T15:30:00+01:00,4354.25,4358.25,4341.75,4352.5,-1,-2,4261.730421509497
2020-11-30T15:30:00+01:00,4344,4348,4307.75,4344.25,1,1,4269.589428984783
2020-12-01T15:30:00+01:00,4371.75,4393,4365.75,4375,1,2,4279.628530986232
2020-12-02T15:30:00+01:00,4364.25,4388.25,4357.75,4385.75,1,3,4289.735337558972
2020-12-03T15:30:00+01:00,4382.5,4397.5,4370.75,4386,1,4,4298.903400648594
2020-12-04T15:30:00+01:00,4388.25,4415.5,4387.75,4406.75,1,5,4309.1745053487275
2020-12-07T15:30:00+01:00,4406,4412,4392.75,4405.25,-1,-1,4318.324552458373
2020-12-08T15:30:00+01:00,4392.5,4423.5,4392,4416.75,1,1,4327.698404605194
2020-12-09T15:30:00+01:00,4424.25,4426,4375,4384.75,-1,-1,4333.1318898808895
2020-12-10T15:30:00+01:00,4369,4394,4359.5,4378.5,1,1,4337.4526622731855
2020-12-11T15:30:00+01:00,4364,4381,4347.75,4376.75,1,2,4341.195265866216
2020-12-14T15:30:00+01:00,4401.75,4413.5,4358.25,4365.25,-1,-1,4343.486192926576
2020-12-15T15:30:00+01:00,4389.25,4410.5,4374.25,4407,1,1,4349.535126933569
2020-12-16T15:30:00+01:00,4413,4426.5,4403.25,4416.25,1,2,4355.888924368467
2020-12-17T15:30:00+01:00,4433.5,4439,4424,4434,1,3,4363.328074428613
2020-12-18T15:30:00+01:00,4438,4440.5,4399.25,4433.5,-1,-1,4370.011114959221
2020-12-21T15:30:00+01:00,4377.75,4416.25,4347,4406.25,1,1,4373.462437344057
2020-12-22T15:30:00+01:00,4409.75,4411,4387.75,4398.25,-1,-1,4375.823157597004
2020-12-23T15:30:00+01:00,4410.25,4423.75,4396.5,4400,-1,-2,4378.125714016337
2020-12-24T15:30:00+01:00,4408.25,4418,4401.75,4414.75,1,1,4381.613741252876
2020-12-28T15:30:00+01:00,4444.75,4454.25,4438,4451.5,1,2,4388.269575419269
2020-12-29T15:30:00+01:00,4466.25,4468.25,4436.5,4446.5,-1,-1,4393.815330141243
2020-12-30T15:30:00+01:00,4451.25,4458.25,4442.75,4444.5,-1,-2,4398.642441556362
2020-12-31T15:30:00+01:00,4445.25,4475,4439.75,4469.25,1,1,4405.3669709319465
2021-01-04T15:30:00+01:00,4480.5,4482,4374.5,4413.25,-1,-1,4406.117735605095
2021-01-05T15:30:00+01:00,4407.5,4452,4407.25,4437.75,1,1,4409.130332214133
2021-01-06T15:30:00+01:00,4424,4496.75,4417.75,4467.25,1,2,4414.665538669929
2021-01-07T15:30:00+01:00,4487.75,4526,4485.75,4519.25,1,3,4424.6259635585075
2021-01-08T15:30:00+01:00,4532.25,4545.25,4497,4545,1,4,4436.090157505317
2021-01-11T15:30:00+01:00,4504.75,4532.5,4503,4517.25,1,5,4443.819666314334
2021-01-12T15:30:00+01:00,4515,4525.25,4490,4515.25,1,6,4450.622555236779
2021-01-13T15:30:00+01:00,4513.25,4535.5,4504.75,4527.75,1,7,4457.968026166609
2021-01-14T15:30:00+01:00,4532.25,4538,4508.25,4514.25,-1,-1,4463.328214150742
2021-01-15T15:30:00+01:00,4493.5,4502.5,4463.5,4472.5,-1,-2,4464.201717564957
2021-01-19T15:30:00+01:00,4510.25,4519,4494.25,4511,1,1,4468.658696844485
2021-01-20T15:30:00+01:00,4537.5,4574.5,4533.25,4566.5,1,2,4477.97691619263
2021-01-21T15:30:00+01:00,4571.25,4575.75,4558.5,4567.25,-1,-1,4486.479114650475
2021-01-22T15:30:00+01:00,4548.25,4567,4544.25,4555.5,1,1,4493.0525323028105
2021-01-25T15:30:00+01:00,4563,4574,4510.5,4570,1,2,4500.380862559686
2021-01-26T15:30:00+01:00,4580.25,4584.25,4562,4573,-1,-1,4507.296970887334
2021-01-27T15:30:00+01:00,4528,4528.75,4428.5,4438,-1,-2,4500.697259374255
2021-01-28T15:30:00+01:00,4489.25,4545.5,4484.5,4503,1,1,4500.916568005278
2021-01-29T15:30:00+01:00,4482,4492.25,4407.5,4423,-1,-1,4493.495942480966
2021-02-01T15:30:00+01:00,4462.75,4499,4439.25,4479,1,1,4492.115376530398
2021-02-02T15:30:00+01:00,4521.25,4557.75,4521,4548,1,2,4497.437721622741
2021-02-03T15:30:00+01:00,4549.25,4562,4529.75,4553.75,1,3,4502.8007957539085
2021-02-04T15:30:00+01:00,4554.25,4590.5,4552.5,4589.75,1,4,4511.081672348774
2021-02-05T15:30:00+01:00,4607.5,4610.25,4590.5,4606.25,-1,-1,4520.145322601272
2021-02-08T15:30:00+01:00,4618,4631.75,4609,4631,1,1,4530.702910924961
2021-02-09T15:30:00+01:00,4621.75,4634.25,4617,4631.5,1,2,4540.302633694012
2021-02-10T15:30:00+01:00,4646.5,4648,4600.5,4630.75,-1,-1,4548.916668580297
2021-02-11T15:30:00+01:00,4638,4642.5,4606.5,4631,-1,-2,4556.734128715507
2021-02-12T15:30:00+01:00,4623.75,4657,4623,4656.5,1,1,4566.235640266411
2021-02-16T15:30:00+01:00,4665,4667,4640.75,4647.5,-1,-1,4573.9751030981815
2021-02-17T15:30:00+01:00,4629.5,4652,4618.5,4648,1,1,4581.025093279307
2021-02-18T15:30:00+01:00,4620.75,4640.5,4602.5,4632,1,2,4585.879846300325
2021-02-19T15:30:00+01:00,4645.75,4649.25,4618.75,4620.5,-1,-1,4589.177003795532
2021-02-22T15:30:00+01:00,4595.25,4621.25,4592,4597.25,1,1,4589.94586057691
2021-02-23T15:30:00+01:00,4571.25,4614.25,4526.75,4597.25,1,2,4590.641492902918
2021-02-24T15:30:00+01:00,4588,4649.5,4577.5,4648.5,1,3,4596.151826912163
2021-02-25T15:30:00+01:00,4629.25,4643.75,4532.25,4553.5,-1,-1,4592.089748158624
2021-02-26T15:30:00+01:00,4568.5,4580.5,4507,4524.25,-1,-2,4585.6288197625645
2021-03-01T15:30:00+01:00,4580.75,4634,4580,4621.5,1,1,4589.04512264232
2021-03-02T15:30:00+01:00,4622.75,4625.5,4587.5,4594.75,-1,-1,4589.588444295433
2021-03-03T15:30:00+01:00,4582,4592.5,4535.5,4536.75,-1,-2,4584.556211505392
2021-03-04T15:30:00+01:00,4536.25,4564.25,4442.5,4494.25,-1,-3,4575.955619933449
2021-03-05T15:30:00+01:00,4528.5,4572,4450.5,4561,1,1,4574.531275177883
2021-03-08T15:30:00+01:00,4570.75,4600.75,4538.25,4551.5,-1,-1,4572.337820399037
2021-03-09T15:30:00+01:00,4582.75,4623.25,4577.25,4592.5,1,1,4574.258027980081
2021-03-10T15:30:00+01:00,4621,4638.25,4605.5,4627.5,1,2,4579.328691981978
2021-03-11T15:30:00+01:00,4646,4680.5,4641,4658.5,1,3,4586.868816555123
2021-03-12T15:30:00+01:00,4644.75,4669.5,4635.75,4666,1,4,4594.40511974035
2021-03-15T14:30:00+01:00,4667.5,4691.75,4644.25,4688.5,1,5,4603.366536907935
2021-03-16T14:30:00+01:00,4694.5,4702,4674,4688.75,-1,-1,4611.498295297656
2021-03-17T14:30:00+01:00,4668.75,4704.75,4656.25,4696.25,1,1,4619.569886221689
2021-03-18T14:30:00+01:00,4667.5,4690,4631.75,4642.25,-1,-1,4621.7298970577185
2021-03-19T14:30:00+01:00,4633.5,4650.75,4606.25,4627.25,-1,-2,4622.255621147459
2021-03-22T14:30:00+01:00,4635.25,4675.75,4634.75,4663.75,1,1,4626.207466752463
2021-03-23T14:30:00+01:00,4654,4669.75,4621.75,4636,-1,-1,4627.140088966514
2021-03-24T14:30:00+01:00,4645.5,4662.75,4608.75,4613.5,-1,-2,4625.841032874465
2021-03-25T14:30:00+01:00,4595.25,4640.75,4574.5,4636.5,1,1,4626.8561726007065
2021-03-26T14:30:00+01:00,4644.75,4699.25,4638,4695.5,1,2,4633.393679972068
2021-03-29T15:30:00+02:00,4679,4702.5,4663,4695.5,1,3,4639.3085675937755
2021-03-30T15:30:00+02:00,4679,4689.5,4665,4681,1,4,4643.279180203892
2021-03-31T15:30:00+02:00,4688.25,4715,4687.75,4695.25,1,5,4648.228782089235
2021-04-01T15:30:00+02:00,4719.25,4745.75,4716.25,4745.25,1,6,4657.468898080737
2021-04-05T15:30:00+02:00,4769.5,4805,4768.75,4799.25,1,7,4670.971860168285
2021-04-06T15:30:00+02:00,4792.75,4807.25,4789.5,4795.5,1,8,4682.831683009401
2021-04-07T15:30:00+02:00,4794.5,4805.25,4789.5,4804.75,1,9,4694.44295129422
2021-04-08T15:30:00+02:00,4814,4826.75,4804.25,4825.25,1,10,4706.900765456675
2021-04-09T15:30:00+02:00,4819,4852.75,4818,4844,1,11,4719.957835413182
2021-04-12T15:30:00+02:00,4844,4855.75,4837.25,4852.5,1,12,4732.580898707164
2021-04-13T15:30:00+02:00,4851,4871,4846.75,4865.5,1,13,4745.239860735053
2021-04-14T15:30:00+02:00,4863.5,4875.25,4844.25,4854,-1,-1,4755.597969236477
2021-04-15T15:30:00+02:00,4873,4897.75,4872.5,4892.75,1,1,4768.660067404432
2021-04-16T15:30:00+02:00,4908.5,4914.75,4893,4904,-1,-1,4781.549584794486
2021-04-19T15:30:00+02:00,4898,4902.75,4873,4889.5,-1,-2,4791.83057671882
2021-04-20T15:30:00+02:00,4874.5,4882.25,4841.75,4852.75,-1,-3,4797.632426555123
2021-04-21T15:30:00+02:00,4850.5,4898.5,4849,4890,1,1,4806.429338311778
2021-04-22T15:30:00+02:00,4894.5,4903,4846.5,4860.25,-1,-1,4811.555115615419
2021-04-23T15:30:00+02:00,4864,4918,4863,4898.75,1,1,4819.859390318712
2021-04-26T15:30:00+02:00,4909.5,4917.25,4904.5,4908.75,-1,-1,4828.325162669311
2021-04-27T15:30:00+02:00,4914.25,4916.5,4898,4910,-1,-2,4836.103718605567
2021-04-28T15:30:00+02:00,4913.25,4925,4904,4910.5,-1,-3,4843.189078738371
2021-04-29T15:30:00+02:00,4938.5,4942.25,4899.25,4931.25,-1,-4,4851.57583314424
2021-04-30T15:30:00+02:00,4911.25,4920.5,4898.5,4912.25,1,1,4857.354325225741
2021-05-03T15:30:00+02:00,4929.5,4933.75,4912.25,4914,-1,-1,4862.749151394718
2021-05-04T15:30:00+02:00,4896,4901.5,4851.75,4887.25,-1,-2,4865.082565547602
2021-05-05T15:30:00+02:00,4909,4911.25,4884.25,4892,-1,-3,4867.646130733545
2021-05-06T15:30:00+02:00,4893.5,4927.75,4871.75,4925.75,1,1,4873.179832568445
2021-05-07T15:30:00+02:00,4934.25,4963.5,4926.75,4958.5,1,2,4881.305562800022
2021-05-10T15:30:00+02:00,4959.75,4962.25,4909.75,4913.25,-1,-1,4884.347890152401
2021-05-11T15:30:00+02:00,4865.5,4887.5,4835,4871.25,1,1,4883.100472042649
2021-05-12T15:30:00+02:00,4847,4860.25,4782.25,4787.75,-1,-1,4874.019474705254
2021-05-13T15:30:00+02:00,4805,4858,4804.5,4835.5,1,1,4870.350953304754
2021-05-14T15:30:00+02:00,4866.25,4909.5,4866,4904.75,1,2,4873.627052990015
2021-05-17T15:30:00+02:00,4888,4898.25,4867.75,4891,1,3,4875.281619371918
2021-05-18T15:30:00+02:00,4892.25,4894.75,4851.75,4854,-1,-1,4873.254798479355
2021-05-19T15:30:00+02:00,4803,4845,4786.75,4838.5,1,1,4869.944817671797
2021-05-20T15:30:00+02:00,4852,4900.5,4850.5,4884.75,1,2,4871.354835036388
2021-05-21T15:30:00+02:00,4902.75,4916.25,4878.25,4888,-1,-1,4872.940088842446
2021-05-24T15:30:00+02:00,4907.5,4937.5,4904.75,4929.25,1,1,4878.302937524118
2021-05-25T15:30:00+02:00,4937.5,4941.25,4910.5,4916.25,-1,-1,4881.916943474202
2021-05-26T15:30:00+02:00,4922.75,4930.25,4911.75,4925,1,1,4886.020091714754
2021-05-27T15:30:00+02:00,4935.75,4941.25,4925.5,4939.25,1,2,4891.089606789539
2021-05-28T15:30:00+02:00,4943.75,4946.75,4932.25,4935.25,-1,-1,4895.295358523868
2021-06-01T15:30:00+02:00,4960,4961.25,4926.25,4931.25,-1,-2,4898.719610093024
2021-06-02T15:30:00+02:00,4937.75,4946.25,4926.75,4936.25,-1,-3,4902.2939329413075
2021-06-03T15:30:00+02:00,4912.25,4933.75,4896.5,4920.75,1,1,4904.051653613564
2021-06-04T15:30:00+02:00,4941.5,4963.25,4940.5,4957.25,1,2,4909.118162793225
2021-06-07T15:30:00+02:00,4959.75,4961.75,4945.75,4957.25,-1,-1,4913.702147289108
2021-06-08T15:30:00+02:00,4965.25,4966.25,4937,4957,-1,-2,4917.825752309193
2021-06-09T15:30:00+02:00,4965.75,4966.25,4948.25,4953,-1,-3,4921.175680660699
2021-06-10T15:30:00+02:00,4963.75,4980.25,4949.5,4968.5,1,1,4925.682758693013
2021-06-11T15:30:00+02:00,4976,4978.25,4962,4976.5,1,2,4930.522495960345
2021-06-14T15:30:00+02:00,4977.75,4988.75,4964.75,4986.5,1,3,4935.853686821264
2021-06-15T15:30:00+02:00,4988,4988.5,4968.5,4977.5,-1,-1,4939.820002362096
2021-06-16T15:30:00+02:00,4979.5,4981.75,4930.5,4953.5,-1,-2,4941.122859279992
2021-06-17T15:30:00+02:00,4949,4963,4925.75,4953.5,1,1,4942.301634586659
2021-06-18T15:30:00+02:00,4916,4924,4887.75,4891.5,-1,-1,4937.463383673644
2021-06-21T15:30:00+02:00,4913.75,4959.25,4905,4959.25,1,1,4939.538299514249
2021-06-22T15:30:00+02:00,4954,4985.75,4946,4976.5,1,2,4943.058461465273
2021-06-23T15:30:00+02:00,4977.25,4986.5,4970.75,4973.75,-1,-1,4945.981465135246
2021-06-24T15:30:00+02:00,4994.5,5001,4991.5,4998.75,1,1,4951.007039884271
2021-06-25T15:30:00+02:00,5004.5,5017,5001,5011.75,1,2,4956.792083704817
2021-06-28T15:30:00+02:00,5017.5,5022.25,5004.5,5020.75,1,3,4962.883313828168
2021-06-29T15:30:00+02:00,5024.5,5031.25,5017.25,5025.5,1,4,4968.846807749294
2021-06-30T15:30:00+02:00,5017.75,5034,5017.5,5032,1,5,4974.861397487457
2021-07-01T15:30:00+02:00,5034.25,5052.25,5033.5,5048.25,1,6,4981.850788202937
2021-07-02T15:30:00+02:00,5062.5,5087.25,5059.25,5080.25,1,7,4991.22214170742
2021-07-06T15:30:00+02:00,5083.75,5086,5045.5,5070.5,-1,-1,4998.772413925761
2021-07-07T15:30:00+02:00,5082.5,5093.5,5060.5,5090,1,1,5007.460755456641
2021-07-08T15:30:00+02:00,5032.75,5063,5020.5,5049,1,2,5011.41687398458
2021-07-09T15:30:00+02:00,5071.25,5104.25,5068.5,5099.75,1,3,5019.829552652715
2021-07-12T15:30:00+02:00,5099.5,5119.5,5095,5116.75,1,4,5029.060071447695
2021-07-13T15:30:00+02:00,5107.75,5124,5098.75,5101.25,-1,-1,5035.93530273839
2021-07-14T15:30:00+02:00,5119.5,5124.75,5094.75,5108.5,-1,-2,5042.846226287115
2021-07-15T15:30:00+02:00,5093.5,5101,5072.75,5088.25,-1,-3,5047.170395212152
2021-07-16T15:30:00+02:00,5105.5,5106,5054.5,5055,-1,-4,5047.916071858614
2021-07-19T15:30:00+02:00,5007,5012.25,4964.25,4994.75,-1,-5,5042.852636443507
2021-07-20T15:30:00+02:00,5001.5,5069.25,4993,5059.75,1,1,5044.461909163173
2021-07-21T15:30:00+02:00,5068.25,5094,5066.25,5092.75,1,2,5049.060774957156
2021-07-22T15:30:00+02:00,5092.25,5103.5,5081.75,5103.25,1,3,5054.221653532665
2021-07-23T15:30:00+02:00,5120,5148.5,5112.75,5141.25,1,4,5062.510067481935
2021-07-26T15:30:00+02:00,5138.25,5156.5,5137.25,5156.25,1,5,5071.437680102703
2021-07-27T15:30:00+02:00,5143.75,5144.25,5105,5126.25,-1,-1,5076.657901045302
2021-07-28T15:30:00+02:00,5141.5,5148,5117.75,5131.75,-1,-2,5081.904767612416
2021-07-29T15:30:00+02:00,5143,5162.75,5142.75,5146,1,1,5088.009075458853
2021-07-30T15:30:00+02:00,5124.25,5145.25,5122.5,5135,1,2,5092.484401605629
2021-08-02T15:30:00+02:00,5148.25,5154.25,5117.5,5123.75,-1,-1,5095.4620776431875
2021-08-03T15:30:00+02:00,5128.75,5157.25,5105.5,5149.75,1,1,5100.632355962884
2021-08-04T15:30:00+02:00,5142,5148.5,5131.5,5136.5,-1,-1,5104.048322061657
2021-08-05T15:30:00+02:00,5146.25,5163,5142.25,5160.5,1,1,5109.424672341499
2021-08-06T15:30:00+02:00,5165.25,5173.5,5162,5170.5,1,2,5115.241370213737
2021-08-09T15:30:00+02:00,5168.75,5172.25,5157,5166.5,-1,-1,5120.123144479096
2021-08-10T15:30:00+02:00,5170,5178.5,5162.5,5167.75,-1,-2,5124.659035481087
2021-08-11T15:30:00+02:00,5182,5182.75,5170.25,5180.25,-1,-3,5129.953413054317
2021-08-12T15:30:00+02:00,5180,5196.5,5170.5,5194,1,1,5136.053088001525
2021-08-13T15:30:00+02:00,5199.75,5203.5,5194.5,5201.75,1,2,5142.309936763284
2021-08-16T15:30:00+02:00,5189.5,5216.75,5172.75,5214.25,1,3,5149.161371357257
2021-08-17T15:30:00+02:00,5186,5193.75,5152,5178.5,-1,-1,5151.955526466089
2021-08-18T15:30:00+02:00,5173.25,5190,5131,5134.75,-1,-2,5150.316904897891
2021-08-19T15:30:00+02:00,5106,5155,5104.75,5144.5,1,1,5149.762913955235
2021-08-20T15:30:00+02:00,5145.75,5180.75,5140.25,5174.5,1,2,5152.118826911879
2021-08-23T15:30:00+02:00,5195.25,5226,5194.5,5219,1,3,5158.488462444081
2021-08-24T15:30:00+02:00,5223,5228.75,5217.75,5221.75,-1,-1,5164.51337078274
2021-08-25T15:30:00+02:00,5225.25,5238.25,5221,5233.5,1,1,5171.083525946288
2021-08-26T15:30:00+02:00,5229.75,5232.25,5205.25,5208,-1,-1,5174.59938061807
2021-08-27T15:30:00+02:00,5214.75,5250.25,5214,5244.5,1,1,5181.256582463969
2021-08-30T15:30:00+02:00,5253.5,5274.75,5250.75,5267.25,1,2,5189.446431753115
2021-08-31T15:30:00+02:00,5265.25,5268.75,5252.75,5266.5,1,3,5196.784866824247
2021-09-01T15:30:00+02:00,5269.75,5275.25,5259.5,5265,-1,-1,5203.2815461743185
2021-09-02T15:30:00+02:00,5277.25,5284.25,5263,5275.5,-1,-2,5210.159494157717
2021-09-03T15:30:00+02:00,5263.5,5280.25,5259.5,5274,1,1,5216.239542333173
2021-09-07T15:30:00+02:00,5271,5272.25,5251,5256.25,-1,-1,5220.050062110966
2021-09-08T15:30:00+02:00,5252.75,5260.5,5232.25,5252,-1,-2,5223.0929133384925
2021-09-09T15:30:00+02:00,5250.5,5269.75,5228.75,5232,-1,-3,5223.941207306255
2021-09-10T15:30:00+02:00,5254.25,5258.5,5196.75,5201.5,-1,-4,5221.803949467564
2021-09-13T15:30:00+02:00,5230.25,5233,5185,5213.75,-1,-5,5221.036906661129
2021-09-14T15:30:00+02:00,5225,5227,5175,5187.5,-1,-6,5217.8429155505455
2021-09-15T15:30:00+02:00,5189.25,5227.5,5177.25,5223,1,1,5218.334066450494
2021-09-16T15:30:00+02:00,5216,5226.25,5183,5212.25,-1,-1,5217.754631550447
2021-09-17T15:30:00+02:00,5205.5,5210,5161.25,5164.75,-1,-2,5212.706571402785
2021-09-20T15:30:00+02:00,5104,5121,5043.5,5089.75,-1,-3,5200.996421745377
2021-09-21T15:30:00+02:00,5121,5134.75,5081.5,5084.25,-1,-4,5189.877714912484
2021-09-22T15:30:00+02:00,5116.25,5156.25,5106.25,5136.25,1,1,5184.770313492248
2021-09-23T15:30:00+02:00,5154,5204.75,5151,5189.5,1,2,5185.220759826319
2021-09-24T15:30:00+02:00,5170,5202.75,5167.5,5195.5,1,3,5186.199735080956
2021-09-27T15:30:00+02:00,5183.25,5196.25,5174.75,5182,-1,-1,5185.799760311341
2021-09-28T15:30:00+02:00,5152.5,5156,5084.5,5095.75,-1,-2,5177.223592662642
2021-09-29T15:30:00+02:00,5107.75,5126.25,5094,5106.75,-1,-3,5170.511821932866
2021-09-30T15:30:00+02:00,5115.75,5123.25,5044,5052.25,-1,-4,5159.248791272593
2021-10-01T15:30:00+02:00,5064.75,5115.5,5026.75,5097,1,1,5153.3203349609175
2021-10-04T15:30:00+02:00,5084.5,5094.25,5017.25,5044,-1,-1,5142.908874488449
2021-10-05T15:30:00+02:00,5057.25,5109.5,5048.25,5085.25,1,1,5137.417553108597
2021-10-06T15:30:00+02:00,5046.75,5105.5,5029.25,5104.5,1,2,5134.282548050635
2021-10-07T15:30:00+02:00,5138,5171.25,5136.25,5141.25,1,3,5134.946114902956
2021-10-08T15:30:00+02:00,5149,5153,5126,5129,-1,-1,5134.379818245531
2021-10-11T15:30:00+02:00,5125.75,5157.25,5095.75,5098.25,-1,-2,5130.938883174528
2021-10-12T15:30:00+02:00,5110.5,5114.75,5077.5,5081.5,-1,-3,5126.230418110287
2021-10-13T15:30:00+02:00,5100.75,5114.5,5068.5,5102.75,1,1,5123.99418781407
2021-10-14T15:30:00+02:00,5145,5181,5139.75,5180.75,1,2,5129.399503260349
2021-10-15T15:30:00+02:00,5201.75,5217.25,5194.75,5213,1,3,5137.361455330792
2021-10-18T15:30:00+02:00,5193.5,5229.5,5186.5,5226.5,1,4,5145.850840537383
2021-10-19T15:30:00+02:00,5243.25,5265.5,5237,5264,1,5,5157.103141438585
2021-10-20T15:30:00+02:00,5265.5,5282,5264.25,5274.75,1,6,5168.30760415872
2021-10-21T15:30:00+02:00,5271.75,5293,5267.5,5289.5,1,7,5179.849737095985
2021-10-22T15:30:00+02:00,5285.75,5301.25,5265,5284.5,-1,-1,5189.816428801129
2021-10-25T15:30:00+02:00,5297.5,5313.75,5278.5,5309.5,1,1,5201.214864153403
2021-10-26T15:30:00+02:00,5326.25,5339.75,5310.5,5315.5,-1,-1,5212.09916280546
2021-10-27T15:30:00+02:00,5318.75,5326.5,5293.5,5297,-1,-2,5220.184956823988
2021-10-28T15:30:00+02:00,5309.5,5339.5,5308.75,5332.5,1,1,5230.8816276026555
2021-10-29T15:30:00+02:00,5313.5,5350.75,5310,5349.75,1,2,5242.2024249738315
2021-11-01T14:30:00+01:00,5357.75,5361.75,5336.25,5353.75,-1,-1,5252.826003547752
2021-11-02T14:30:00+01:00,5356.75,5376.75,5355.25,5371,1,1,5264.080669876538
2021-11-03T14:30:00+01:00,5367.75,5406.75,5362.75,5401.25,1,2,5277.144415602582
2021-11-04T14:30:00+01:00,5407.75,5424.5,5404.25,5422.5,1,3,5290.987804592812
2021-11-05T14:30:00+01:00,5447.5,5461.5,5424,5434.25,-1,-1,5304.63182320302
2021-11-08T15:30:00+01:00,5451.5,5456.75,5436.5,5442.5,-1,-2,5317.762125755114
2021-11-09T15:30:00+01:00,5448,5450.25,5413,5425.75,-1,-3,5328.046685207008
2021-11-10T15:30:00+01:00,5410.25,5428.5,5375,5392,-1,-4,5334.137477092055
2021-11-11T15:30:00+01:00,5406.5,5407.25,5391.75,5394.75,-1,-5,5339.910098321383
2021-11-12T15:30:00+01:00,5405.75,5433.25,5395.5,5431.5,1,1,5348.632946100299
2021-11-15T15:30:00+01:00,5441.25,5442.5,5416.75,5431.5,-1,-1,5356.525046471699
2021-11-16T15:30:00+01:00,5426,5459.5,5425.25,5447.25,1,1,5365.165518236299
2021-11-17T15:30:00+01:00,5444.5,5446.5,5429,5434.75,-1,-1,5371.792611737604
2021-11-18T15:30:00+01:00,5447,5454.75,5417.75,5448.75,1,1,5379.121886810213
2021-11-19T15:30:00+01:00,5450.5,5464,5439.75,5445,-1,-1,5385.395992828288
2021-11-22T15:30:00+01:00,5462.25,5490.25,5424,5433.25,-1,-2,5389.953517320832
2021-11-23T15:30:00+01:00,5426.5,5445.25,5398.75,5429,1,1,5393.672229956944
2021-11-24T15:30:00+01:00,5414.75,5450.5,5406,5449.5,1,2,5398.989160437235
2021-11-26T15:30:00+01:00,5378,5393,5327,5328.75,-1,-1,5392.29971658607
2021-11-29T15:30:00+01:00,5394.75,5419.5,5371,5402.5,1,1,5393.2711721493015
2021-11-30T15:30:00+01:00,5373.75,5394,5306.75,5328.5,-1,-1,5387.102489087463
2021-12-01T15:30:00+01:00,5370.25,5400.5,5247.5,5263.5,-1,-2,5375.330823460085
2021-12-02T15:30:00+01:00,5260,5343.5,5256,5322.75,1,1,5370.323125987697
2021-12-03T15:30:00+01:00,5344.75,5356.25,5241.75,5281,-1,-1,5361.816161607916
2021-12-06T15:30:00+01:00,5314.5,5361.5,5289,5340.25,1,1,5359.762241454781
2021-12-07T15:30:00+01:00,5397.5,5442.5,5397,5441,1,2,5367.49917084004
2021-12-08T15:30:00+01:00,5440,5453,5421.5,5447.75,1,3,5375.142106950512
2021-12-09T15:30:00+01:00,5434.5,5444.5,5412,5414.75,-1,-1,5378.914287240939
2021-12-10T15:30:00+01:00,5445.75,5462.25,5418.5,5460.75,1,1,5386.708164646564
2021-12-13T15:30:00+01:00,5455.5,5459,5414.5,5421.25,-1,-1,5389.997863251653
2021-12-14T15:30:00+01:00,5383.75,5411,5355.25,5384,1,1,5389.426638180067
2021-12-15T15:30:00+01:00,5387.75,5464.75,5361,5460.25,1,2,5396.171720258156
2021-12-16T15:30:00+01:00,5479,5482.25,5401,5423.75,-1,-1,5398.798223090713
2021-12-17T15:30:00+01:00,5383.75,5416,5349,5375.5,-1,-2,5396.579344701121
2021-12-20T15:30:00+01:00,5311.75,5330,5279.25,5330,1,1,5390.238454729586
2021-12-21T15:30:00+01:00,5353.75,5401.25,5331.25,5398.25,1,2,5391.001459041054
2021-12-22T15:30:00+01:00,5396.5,5449,5394.5,5448.5,1,3,5396.477510560953
2021-12-23T15:30:00+01:00,5455.5,5490.25,5454.5,5475.25,1,4,5403.979652412291
2021-12-27T15:30:00+01:00,5488.75,5543.25,5488.5,5540.25,1,5,5416.957780753978
2021-12-28T15:30:00+01:00,5546.25,5557,5529.5,5542.75,-1,-1,5428.937992110742
2021-12-29T15:30:00+01:00,5539.25,5555,5529,5542.25,1,1,5439.729611909719
2021-12-30T15:30:00+01:00,5547.5,5558.75,5526.25,5533.25,-1,-1,5448.636315537365
2021-12-31T15:30:00+01:00,5525.25,5537.5,5516.25,5523,-1,-2,5455.718571200473
2022-01-03T15:30:00+01:00,5532,5546.5,5506.5,5543.75,1,1,5464.102516800428
2022-01-04T15:30:00+01:00,5560.25,5567.25,5523.5,5540.75,-1,-1,5471.40227710515
2022-01-05T15:30:00+01:00,5539.25,5547.25,5448.5,5457.5,-1,-2,5470.078250714183
2022-01-06T15:30:00+01:00,5446.25,5474.75,5421,5450.25,1,1,5468.189845884261
2022-01-07T15:30:00+01:00,5446,5458.5,5412.75,5427,-1,-1,5464.267003419093
2022-01-10T15:30:00+01:00,5392.75,5424,5331.75,5420.5,1,1,5460.09871737918
2022-01-11T15:30:00+01:00,5418.75,5466.5,5386.25,5463.75,1,2,5460.446458581163
2022-01-12T15:30:00+01:00,5482,5498.5,5455.75,5480.5,-1,-1,5462.356319668671
2022-01-13T15:30:00+01:00,5488.5,5495.25,5401.5,5410.75,-1,-2,5457.441432081178
2022-01-14T15:30:00+01:00,5377.75,5419.75,5365,5418.25,1,1,5453.708914740114
2022-01-18T15:30:00+01:00,5363,5365.5,5319,5331.25,-1,-1,5442.046160955341
2022-01-19T15:30:00+01:00,5347,5362,5280.25,5284,-1,-2,5426.994145626261
2022-01-20T15:30:00+01:00,5302.75,5353.25,5224,5225.75,-1,-3,5407.8280365189985
2022-01-21T15:30:00+01:00,5221.25,5246,5141.25,5144.5,-1,-4,5382.749175898141
2022-01-24T15:30:00+01:00,5085.25,5169,4971.75,5164.5,1,1,5361.963540098319
2022-01-25T15:30:00+01:00,5095.25,5161.75,5035.5,5094,-1,-1,5336.443202946098
2022-01-26T15:30:00+01:00,5172,5205.25,5053.25,5088.25,-1,-2,5312.805755046469
2022-01-27T15:30:00+01:00,5146.5,5181,5057.75,5082.25,-1,-3,5290.848064089662
2022-01-28T15:30:00+01:00,5091,5185,5042,5172.25,1,1,5279.553010366837
2022-01-31T15:30:00+01:00,5176,5266.75,5161.75,5250,1,2,5276.738437950948
2022-02-01T15:30:00+01:00,5270.75,5300.75,5233,5299.75,1,3,5278.930015288953
2022-02-02T15:30:00+01:00,5318.75,5345,5294.25,5304.75,-1,-1,5281.38906145191
2022-02-03T15:30:00+01:00,5273.25,5293.25,5221,5259.25,-1,-2,5279.280579408871
2022-02-04T15:30:00+01:00,5226.75,5291.5,5201.5,5246,1,1,5276.11100041755
2022-02-07T15:30:00+01:00,5258.5,5273.5,5221.75,5242,-1,-1,5272.862333711117
2022-02-08T15:30:00+01:00,5230,5282.75,5215.25,5275,1,1,5273.065920976725
2022-02-09T15:30:00+01:00,5315.75,5341.5,5313.5,5339,1,2,5279.345357074179
2022-02-10T15:30:00+01:00,5276.5,5340.75,5235,5251.25,-1,-1,5276.669608781401
2022-02-11T15:30:00+01:00,5257.75,5279.5,5152.25,5172.25,-1,-2,5266.724884135553
2022-02-14T15:30:00+01:00,5162,5179,5116,5155.5,-1,-3,5256.1320380274055
2022-02-15T15:30:00+01:00,5200.5,5225.75,5195,5214.5,1,1,5252.1670820247955
2022-02-16T15:30:00+01:00,5202.5,5243.5,5181.75,5224.5,1,2,5249.532121831958
2022-02-17T15:30:00+01:00,5195,5200.75,5126.25,5133.25,-1,-1,5238.457634038438
2022-02-18T15:30:00+01:00,5136,5149.25,5080,5108.75,-1,-2,5226.104526034777
2022-02-22T15:30:00+01:00,5081.25,5117.75,5020.5,5075,-1,-3,5211.71361879337
2022-02-23T15:30:00+01:00,5089.25,5094.75,4975.25,4983,-1,-4,5189.931369384478
2022-02-24T15:30:00+01:00,4871.5,5049,4867.75,5025.5,1,1,5174.271238966909
2022-02-25T15:30:00+01:00,5057.75,5142.25,5040.25,5138,1,2,5170.816835255774
2022-02-28T15:30:00+01:00,5082.5,5144.5,5069,5127,1,3,5166.643803326653
2022-03-01T15:30:00+01:00,5112.25,5133.5,5034,5072.75,-1,-1,5157.701536343162
2022-03-02T15:30:00+01:00,5086.25,5158.25,5077.75,5137.25,1,1,5155.753770977147
2022-03-03T15:30:00+01:00,5166.5,5173,5100,5123.5,-1,-1,5152.681983265037
2022-03-04T15:30:00+01:00,5079,5096,5040.25,5079.5,1,1,5145.712270573129
2022-03-07T15:30:00+01:00,5077.5,5080.25,4944.25,4952,-1,-1,5127.263482899498
2022-03-08T15:30:00+01:00,4958.75,5034,4912.25,4916.75,-1,-2,5107.214579766212
2022-03-09T15:30:00+01:00,5013.75,5057.25,4989.75,5032.75,1,1,5100.122715026573
2022-03-10T15:30:00+01:00,4986.75,5026.5,4966,5019,1,2,5092.3967421668995
2022-03-11T15:30:00+01:00,5043.75,5049.75,4957,4965.25,-1,-1,5080.287528627195
2022-03-14T14:30:00+01:00,4971,5008.5,4919.75,4940,-1,-2,5066.926811615081
2022-03-15T14:30:00+01:00,4959.5,5030.75,4946,5015,1,1,5061.981400985073
2022-03-16T14:30:00+01:00,5061.5,5120.75,5009.75,5116.25,1,2,5067.149838986495
2022-03-17T14:30:00+01:00,5097.5,5174.25,5093.25,5163,1,3,5076.278425749686
2022-03-18T14:30:00+01:00,5155.25,5226,5146.5,5224.25,1,4,5090.370956630668
2022-03-21T14:30:00+01:00,5219,5240.5,5182.5,5224,1,5,5103.097532189652
2022-03-22T14:30:00+01:00,5234.75,5282.25,5234.5,5272.5,1,6,5119.231100552543
2022-03-23T14:30:00+01:00,5245,5261.25,5212.25,5215,-1,-1,5128.351948118967
2022-03-24T14:30:00+01:00,5235.5,5282.5,5223.5,5280.75,1,1,5142.866048298113
2022-03-25T14:30:00+01:00,5287.75,5306.5,5260.75,5303,1,2,5158.11690084115
2022-03-28T15:30:00+02:00,5297,5339.75,5277.25,5337.75,1,3,5175.224815046755
2022-03-29T15:30:00+02:00,5377.5,5398.5,5349.25,5387.75,1,4,5195.465308851826
2022-03-30T15:30:00+02:00,5381.5,5390,5342.25,5368.25,-1,-1,5211.920993723081
2022-03-31T15:30:00+02:00,5356.75,5364.75,5293.75,5310,-1,-2,5221.26185146374
2022-04-01T15:30:00+02:00,5311,5312.5,5268.75,5299.5,-1,-3,5228.713103705289
2022-04-04T15:30:00+02:00,5308.75,5347.5,5300.25,5343,1,1,5239.597570019071
2022-04-05T15:30:00+02:00,5329.75,5356.25,5275.25,5289.75,-1,-1,5244.373991922017
2022-04-06T15:30:00+02:00,5245.25,5267,5212,5241.5,-1,-2,5244.1002784056345
2022-04-07T15:30:00+02:00,5233.5,5284.75,5212,5265.5,1,1,5246.138347128907
2022-04-08T15:30:00+02:00,5256.75,5283.5,5236.25,5252,-1,-1,5246.696599783297
2022-04-11T15:30:00+02:00,5218,5227,5171,5174.75,-1,-2,5239.844542661078
2022-04-12T15:30:00+02:00,5208.25,5234.25,5143,5162.75,-1,-3,5232.502205264785
2022-04-13T15:30:00+02:00,5156.75,5217,5154.5,5205.75,1,1,5229.954376191948
2022-04-14T15:30:00+02:00,5211.5,5223.25,5152.5,5152.5,-1,-1,5222.577768935572
2022-04-18T15:30:00+02:00,5143.75,5173.75,5132,5168,1,1,5217.379886179803
2022-04-19T15:30:00+02:00,5154.25,5234.5,5152.5,5202,1,2,5215.91513511506
2022-04-20T15:30:00+02:00,5245,5251.75,5211,5233.5,-1,-1,5217.589884151721
2022-04-21T15:30:00+02:00,5262,5276.5,5147.5,5155,-1,-2,5211.628942803938
2022-04-22T15:30:00+02:00,5144.75,5148,5019.25,5022.25,-1,-3,5193.592853013087
2022-04-25T15:30:00+02:00,5011.5,5064,4962.75,5057.25,1,1,5180.607819392792
2022-04-26T15:30:00+02:00,5033.25,5035,4912.75,4921,-1,-1,5155.883265164907
2022-04-27T15:30:00+02:00,4946.75,5003.75,4924.5,4958,1,1,5137.037239911107
2022-04-28T15:30:00+02:00,4997.25,5071,4950,5025.5,1,2,5126.4146456338585
2022-04-29T15:30:00+02:00,5010,5033,4886.25,4908.75,-1,-1,5105.684679383015
2022-05-02T15:30:00+02:00,4894.5,4933.25,4823.5,4911.25,1,1,5087.167090870346
2022-05-03T15:30:00+02:00,4923.5,4963.25,4906.5,4941,1,2,5073.246415549361
2022-05-04T15:30:00+02:00,4944,5070.5,4910.25,5056.75,1,3,5071.675328354184
2022-05-05T15:30:00+02:00,5018.5,5019.5,4866.75,4918.75,-1,-1,5057.111011368072
2022-05-06T15:30:00+02:00,4884,4920.75,4829.5,4872.25,-1,-2,5039.505200761589
2022-05-09T15:30:00+02:00,4823,4836.5,4737.5,4765.75,-1,-3,5013.433276879533
2022-05-10T15:30:00+02:00,4817.5,4833,4720.5,4760,-1,-4,4989.296774319578
2022-05-11T15:30:00+02:00,4752.5,4812.5,4691.25,4708.25,-1,-5,4962.53041486057
2022-05-12T15:30:00+02:00,4664.5,4729.25,4622.5,4688.75,1,1,4936.456089635754
2022-05-13T15:30:00+02:00,4738.25,4803.5,4727,4779,1,2,4921.460271575206
2022-05-16T15:30:00+02:00,4770.75,4811,4747,4771,1,3,4907.130721901377
2022-05-17T15:30:00+02:00,4837,4857.25,4797.25,4856.25,1,4,4902.28493886315
2022-05-18T15:30:00+02:00,4805.75,4809,4675.25,4678.25,-1,-1,4880.948278019041
2022-05-19T15:30:00+02:00,4655.75,4711,4641.5,4665.5,1,1,4860.42939439818
2022-05-20T15:30:00+02:00,4703,4708.5,4575,4664.75,-1,-1,4841.793261598354
2022-05-23T15:30:00+02:00,4698.5,4749.75,4674,4743.5,1,1,4832.431998588987
2022-05-24T15:30:00+02:00,4695.5,4722,4639.5,4715,1,2,4821.247998723369
2022-05-25T15:30:00+02:00,4692.5,4765.25,4689,4739,1,3,4813.41485598781
2022-05-26T15:30:00+02:00,4756.75,4841,4755,4815.75,1,4,4813.637250655638
2022-05-27T15:30:00+02:00,4849,4929.75,4847,4928,1,5,4824.528941069387
2022-05-31T15:30:00+02:00,4905.5,4935.25,4870.25,4896.5,-1,-1,4831.3833276342075
2022-06-01T15:30:00+02:00,4921.75,4932.5,4839,4866.5,-1,-2,4834.727772621426
2022-06-02T15:30:00+02:00,4864,4944.25,4839.75,4937.5,1,1,4844.515603800338
2022-06-03T15:30:00+02:00,4893,4909.75,4864.25,4880.25,-1,-1,4847.918879628877
2022-06-06T15:30:00+02:00,4917.25,4935.75,4874.75,4884.25,-1,-2,4851.378986330889
2022-06-07T15:30:00+02:00,4850,4931.5,4845.25,4922.75,1,1,4858.176225727948
2022-06-08T15:30:00+02:00,4908.5,4927.5,4872.75,4884.75,-1,-1,4860.707061372906
2022-06-09T15:30:00+02:00,4862,4885.75,4782.25,4787.5,-1,-2,4853.734960289772
2022-06-10T15:30:00+02:00,4717,4725.75,4662.75,4675.5,-1,-3,4836.760202166936
2022-06-13T15:30:00+02:00,4565,4585.5,4500,4520.25,-1,-4,4806.616373389133
2022-06-14T15:30:00+02:00,4535.5,4546.5,4473,4499.5,-1,-5,4777.36719497112
2022-06-15T15:30:00+02:00,4540.75,4607.5,4488,4554.75,1,1,4756.165557354822
2022-06-16T15:30:00+02:00,4472,4476.25,4406.5,4443.25,-1,-1,4726.364075701982
2022-06-17T15:30:00+02:00,4437,4476.25,4403.5,4444,1,1,4699.47225896846
2022-06-21T15:30:00+02:00,4500.75,4548.25,4500,4531.75,1,2,4683.498710495273
2022-06-22T15:30:00+02:00,4488.5,4570,4483.75,4530.75,1,3,4668.951214257629
2022-06-23T15:30:00+02:00,4548.25,4570.25,4510.25,4553.25,1,4,4657.932050994998
2022-06-24T15:30:00+02:00,4596.25,4684.25,4595.5,4673.25,1,5,4659.390903281188
2022-06-27T15:30:00+02:00,4693.25,4696.25,4657,4672.5,-1,-1,4660.639388682979
2022-06-28T15:30:00+02:00,4684.75,4714.5,4586.25,4589.75,-1,-2,4653.888018332219
2022-06-29T15:30:00+02:00,4594.5,4604.5,4565.75,4582.25,-1,-3,4647.065349919627
2022-06-30T15:30:00+02:00,4542.5,4587.25,4505.75,4544,1,1,4637.249602308234
2022-07-01T15:30:00+02:00,4545.5,4598,4518,4590,1,2,4632.749640183641
2022-07-05T15:30:00+02:00,4539,4600.25,4508.5,4595,1,3,4629.154436356627
2022-07-06T15:30:00+02:00,4601.25,4639.5,4576,4616.75,1,4,4627.97306146552
2022-07-07T15:30:00+02:00,4631.5,4678.75,4631,4664.75,1,5,4631.475627040232
2022-07-08T15:30:00+02:00,4652,4686.5,4636,4670.25,1,6,4635.168424464972
2022-07-11T15:30:00+02:00,4637.75,4648.5,4614.5,4627.25,-1,-1,4634.414288801641
2022-07-12T15:30:00+02:00,4615.5,4641,4569.25,4586.25,-1,-2,4629.827213677676
2022-07-13T15:30:00+02:00,4530,4599.25,4525,4563.25,1,1,4623.486526660754
2022-07-14T15:30:00+02:00,4514,4564.5,4488.25,4562.25,1,2,4617.6544765025865
2022-07-15T15:30:00+02:00,4604.5,4631.5,4584.25,4628.75,1,3,4618.71119302615
2022-07-18T15:30:00+02:00,4662.5,4669.75,4584.75,4602,-1,-1,4617.119650833183
2022-07-19T15:30:00+02:00,4639,4707.75,4632.5,4707.25,1,1,4625.703493610975
2022-07-20T15:30:00+02:00,4703,4741.75,4689.25,4723.5,1,2,4635.0174466004055
2022-07-21T15:30:00+02:00,4719.25,4769.25,4694.75,4754.75,1,3,4646.420546924176
2022-07-22T15:30:00+02:00,4767.75,4780.75,4706,4727,-1,-1,4654.094780550445
2022-07-25T15:30:00+02:00,4735.75,4743.5,4710.5,4738,1,1,4662.085753831355
2022-07-26T15:30:00+02:00,4717.25,4719.5,4677.75,4696.5,-1,-1,4665.363301085512
2022-07-27T15:30:00+02:00,4722,4807.25,4719,4780.5,1,1,4676.32870098213
2022-07-28T15:30:00+02:00,4796.25,4852.75,4759,4845.5,1,2,4692.440253269546
2022-07-29T15:30:00+02:00,4853.5,4908.5,4845.5,4896.25,1,3,4711.850705339113
2022-08-01T15:30:00+02:00,4869.5,4911.75,4861.5,4887,1,4,4728.5315905449115
2022-08-02T15:30:00+02:00,4868.25,4907.5,4845,4857.25,-1,-1,4740.7904866834915
2022-08-03T15:30:00+02:00,4880.25,4934.5,4877,4917.75,1,1,4757.643773666016
2022-08-04T15:30:00+02:00,4920.25,4927.5,4900.5,4917.25,-1,-1,4772.844366650205
2022-08-05T15:30:00+02:00,4872.5,4917.75,4871.75,4905.25,1,1,4785.454426969233
2022-08-08T15:30:00+02:00,4928.75,4952.5,4893.75,4909.5,-1,-1,4797.268291067401
2022-08-09T15:30:00+02:00,4898,4903.25,4877.5,4892.25,-1,-2,4806.314168108601
2022-08-10T15:30:00+02:00,4963.5,4977.5,4943,4972.25,1,1,4822.1175806696865
2022-08-11T15:30:00+02:00,5005,5025,4967.25,4979.75,-1,-1,4837.130192034479
2022-08-12T15:30:00+02:00,4995.5,5047.25,4985.5,5043,1,1,4856.736840412147
2022-08-15T15:30:00+02:00,5022.75,5069.25,5022.25,5060,1,2,4876.095236563371
2022-08-16T15:30:00+02:00,5052.25,5092,5043.25,5067.5,1,3,4894.324261652574
2022-08-17T15:30:00+02:00,5033.75,5069.75,5019.5,5045.25,1,4,4908.698141495186
2022-08-18T15:30:00+02:00,5042,5060,5028.5,5049.25,1,5,4922.0840327813585
2022-08-19T15:30:00+02:00,5023.5,5026.25,4985.25,4995.25,-1,-1,4929.052220135515
2022-08-22T15:30:00+02:00,4943.25,4945,4896,4909.5,-1,-2,4927.190103932133
2022-08-23T15:30:00+02:00,4901.5,4926.25,4889.5,4893.5,-1,-3,4923.981522605263
2022-08-24T15:30:00+02:00,4893,4923,4885.75,4911.25,1,1,4922.768996642857
2022-08-25T15:30:00+02:00,4923.25,4967.25,4912,4958.5,1,2,4926.171949343538
2022-08-26T15:30:00+02:00,4965.25,4970.75,4817.5,4822.25,-1,-1,4916.274620834629
2022-08-29T15:30:00+02:00,4792.5,4828.5,4781.5,4796,1,1,4904.819895040855
2022-08-30T15:30:00+02:00,4808,4811,4729,4754.25,-1,-1,4890.479905036964
2022-08-31T15:30:00+02:00,4768.5,4781.5,4717.5,4724,-1,-2,4874.624675985824
2022-09-01T15:30:00+02:00,4696.5,4735.75,4668,4725,1,1,4860.374706844317
2022-09-02T15:30:00+02:00,4770.75,4783.75,4670.5,4693.75,-1,-1,4844.505687144859
2022-09-06T15:30:00+02:00,4698.5,4709,4651.25,4670.5,-1,-2,4827.933716940586
2022-09-07T15:30:00+02:00,4671.25,4753.25,4669,4741.25,1,1,4819.678124851007
2022-09-08T15:30:00+02:00,4719.75,4775.25,4707.25,4774.25,1,2,4815.3516367699585
2022-09-09T15:30:00+02:00,4793.75,4841.75,4790.75,4829,1,3,4816.651480887105
2022-09-12T15:30:00+02:00,4854,4884.25,4850.5,4878,1,4,4822.494196993095
2022-09-13T15:30:00+02:00,4783.25,4796.5,4683.75,4700.25,-1,-1,4810.851892517562
2022-09-14T15:30:00+02:00,4709,4726.5,4674.25,4710,1,1,4801.246950373033
2022-09-15T15:30:00+02:00,4692.25,4722.75,4650.25,4668.5,-1,-1,4788.604383670839
2022-09-16T15:30:00+02:00,4619,4641,4598.25,4639.75,1,1,4774.427775702187
2022-09-19T15:30:00+02:00,4599.25,4672.25,4598.5,4664.5,1,2,4763.958463730551
2022-09-20T15:30:00+02:00,4628,4638.5,4588.5,4624.75,-1,-1,4750.7005148038315
2022-09-21T15:30:00+02:00,4638.25,4670.5,4544.75,4549.5,-1,-2,4731.538561012991
2022-09-22T15:30:00+02:00,4541,4552,4508.75,4520,-1,-3,4711.392031392706
2022-09-23T15:30:00+02:00,4480,4480.5,4405.5,4453.25,-1,-4,4686.807076021972
2022-09-26T15:30:00+02:00,4437.25,4475.75,4402.75,4412,-1,-5,4660.634973543689
2022-09-27T15:30:00+02:00,4453.75,4478.25,4380.5,4408.5,-1,-6,4636.622118920481
2022-09-28T15:30:00+02:00,4415.5,4496.5,4397.5,4480.25,1,1,4621.729536166149
2022-09-29T15:30:00+02:00,4439.5,4442.75,4367.25,4401.5,-1,-1,4600.755294626516
2022-09-30T15:30:00+02:00,4389.25,4429.75,4340.5,4357.5,-1,-2,4577.588123709705
2022-10-03T15:30:00+02:00,4381,4457,4362.25,4440.25,1,1,4564.508302404019
2022-10-04T15:30:00+02:00,4494.5,4554,4493.75,4547,1,2,4562.840845032208
2022-10-05T15:30:00+02:00,4504.25,4565.25,4479.25,4547.75,1,3,4561.403621695807
2022-10-06T15:30:00+02:00,4525.75,4556.75,4496,4500.25,-1,-1,4555.579467248587
2022-10-07T15:30:00+02:00,4459,4462.75,4377.75,4394.75,-1,-2,4540.262375129674
2022-10-10T15:30:00+02:00,4408.25,4410.75,4345.25,4371.25,-1,-3,4524.165958450658
2022-10-11T15:30:00+02:00,4350,4398.5,4324.25,4347.5,-1,-4,4507.340629074405
2022-10-12T15:30:00+02:00,4349.25,4366,4330.75,4337,-1,-5,4491.1177120197
2022-10-13T15:30:00+02:00,4258.5,4443,4247.25,4424,1,1,4484.725548970205
2022-10-14T15:30:00+02:00,4452.75,4470.5,4336.5,4345.75,-1,-1,4471.489782401613
2022-10-17T15:30:00+02:00,4407.5,4447.75,4406.75,4441,1,1,4468.585993601459
2022-10-18T15:30:00+02:00,4518.75,4522.5,4442.5,4491.5,-1,-1,4470.76827992513
2022-10-19T15:30:00+02:00,4457.25,4486,4422,4453,-1,-2,4469.076062789403
2022-10-20T15:30:00+02:00,4445.5,4493.25,4411.5,4427.25,-1,-3,4465.0926282380315
2022-10-21T15:30:00+02:00,4416.75,4514.75,4400.75,4510.5,1,1,4469.41713983441
2022-10-24T15:30:00+02:00,4524.75,4567.25,4497,4552.75,1,2,4477.353602707323
2022-10-25T15:30:00+02:00,4554,4619.5,4552.25,4595.5,1,3,4488.605640544721
2022-10-26T15:30:00+02:00,4582.5,4642.75,4579.5,4593.5,1,4,4498.595579540462
2022-10-27T15:30:00+02:00,4596,4616,4521.25,4528.5,-1,-1,4501.443619584227
2022-10-28T15:30:00+02:00,4563.75,4661.75,4561.75,4661.75,1,1,4516.710893909539
2022-10-31T14:30:00+01:00,4629.5,4649.75,4617.5,4627.75,-1,-1,4527.286046870535
2022-11-01T14:30:00+01:00,4667,4669.5,4597.75,4602.75,-1,-2,4534.473090025722
2022-11-02T14:30:00+01:00,4603.75,4652.25,4505.5,4509.75,-1,-3,4532.118510023272
2022-11-03T14:30:00+01:00,4477.25,4503.75,4449.5,4476.5,-1,-4,4526.821509068675
2022-11-04T14:30:00+01:00,4531.5,4550.75,4460.5,4520,-1,-5,4526.171841538326
2022-11-07T15:30:00+01:00,4538.25,4567,4516.5,4560,1,1,4529.393570915628
2022-11-08T15:30:00+01:00,4572,4612.25,4538,4572.75,1,2,4533.522754637949
2022-11-09T15:30:00+01:00,4558.5,4571,4495.25,4503,-1,-1,4530.615825624811
2022-11-10T15:30:00+01:00,4639.5,4712.25,4616,4705.75,1,1,4547.2952708034
2022-11-11T15:30:00+01:00,4716.5,4755,4696.25,4745.75,1,2,4566.195721203077
2022-11-14T15:30:00+01:00,4727,4762.75,4709.25,4721,-1,-1,4580.938985850403
2022-11-15T15:30:00+01:00,4772,4784,4705.25,4742.25,-1,-2,4596.301939578936
2022-11-16T15:30:00+01:00,4728.25,4738,4707.25,4724,-1,-3,4608.463659619038
2022-11-17T15:30:00+01:00,4662.25,4707.75,4659,4698.25,1,1,4617.014739655319
2022-11-18T15:30:00+01:00,4735.75,4737,4687.75,4715,-1,-1,4626.3466692119555
2022-11-21T15:30:00+01:00,4703.75,4715.75,4682.75,4705.25,1,1,4633.8612721441505
2022-11-22T15:30:00+01:00,4722.75,4757.75,4708,4754.5,1,2,4645.350674797089
2022-11-23T15:30:00+01:00,4751,4784.75,4748.5,4781,1,3,4658.269658149747
2022-11-25T15:30:00+01:00,4773.25,4784.5,4770.5,4779.5,1,4,4669.815404992628
2022-11-28T15:30:00+01:00,4745.75,4763,4705.5,4717.75,-1,-1,4674.38060451714
2022-11-29T15:30:00+01:00,4714.25,4727,4686.5,4703.25,-1,-2,4677.130070753602
2022-11-30T15:30:00+01:00,4708,4833,4688,4832.75,1,1,4691.951016396116
2022-12-01T15:30:00+01:00,4840.5,4855.25,4799.75,4825,-1,-1,4704.622348167914
2022-12-02T15:30:00+01:00,4773.75,4830.75,4772.75,4815.75,1,1,4715.205934056685
2022-12-05T15:30:00+01:00,4791,4800.75,4732.5,4747,-1,-1,4718.233940337001
2022-12-06T15:30:00+01:00,4745.25,4750.75,4666.75,4689,-1,-2,4715.449755543001
2022-12-07T15:30:00+01:00,4679,4706.75,4669.5,4679,0,0,4711.978350253191
2022-12-08T15:30:00+01:00,4700.25,4722.5,4683,4710.75,1,1,4711.861364514792
2022-12-09T15:30:00+01:00,4697.5,4724.75,4678.75,4682.25,-1,-1,4709.041234561002
2022-12-12T15:30:00+01:00,4689.75,4738,4682.25,4732.25,1,1,4711.25159317424
2022-12-13T15:30:00+01:00,4852,4853,4738.25,4767.5,-1,-1,4716.608584300503
2022-12-14T15:30:00+01:00,4763.75,4802.75,4709,4750.25,-1,-2,4719.812528652836
2022-12-15T15:30:00+01:00,4688,4697.25,4620,4634,-1,-3,4711.639906876375
2022-12-16T15:30:00+01:00,4610.5,4624.5,4567.25,4585,-1,-4,4699.578963364339
2022-12-19T15:30:00+01:00,4592,4595.5,4539.25,4552.25,-1,-5,4685.5476335201165
2022-12-20T15:30:00+01:00,4548.75,4578.5,4534.25,4559.75,1,1,4673.566906518201
2022-12-21T15:30:00+01:00,4588.75,4630.75,4582.5,4623.5,1,2,4668.798629706944
2022-12-22T15:30:00+01:00,4584.5,4587.5,4500.5,4556.5,-1,-1,4658.103522115806
2022-12-23T15:30:00+01:00,4550,4584.5,4533.25,4581.25,1,1,4650.784139057158
2022-12-27T15:30:00+01:00,4581.75,4585,4549.25,4569.5,-1,-1,4643.042792480286
2022-12-28T15:30:00+01:00,4566,4587,4516.5,4522,-1,-2,4631.514907482164
2022-12-29T15:30:00+01:00,4546.75,4594.75,4541,4584,1,1,4626.989678198148
2022-12-30T15:30:00+01:00,4556,4580.5,4533.5,4579.25,1,2,4622.443042179277
2023-01-03T15:30:00+01:00,4593,4613.5,4526.5,4551.5,-1,-1,4615.686561971726
2023-01-04T15:30:00+01:00,4581,4608.25,4548.5,4584.5,1,1,4612.716413212514
2023-01-05T15:30:00+01:00,4564.75,4565.5,4534.5,4542,-1,-1,4605.981516716084
2023-01-06T15:30:00+01:00,4573.25,4640.75,4541,4625.5,1,1,4607.840419885981
2023-01-09T15:30:00+01:00,4651.5,4685.25,4621.75,4623.75,-1,-1,4609.355617992078
2023-01-10T15:30:00+01:00,4619.5,4655.75,4609.25,4652.75,1,1,4613.4884162785465
2023-01-11T15:30:00+01:00,4669.5,4702.75,4660.75,4701.75,1,2,4621.894281394875
2023-01-12T15:30:00+01:00,4711.75,4730.5,4669.25,4716.5,1,3,4630.904349833459
2023-01-13T15:30:00+01:00,4680.25,4736.25,4677.75,4727.75,1,4,4640.127745087415
2023-01-17T15:30:00+01:00,4730.25,4747.25,4714.75,4721,-1,-1,4647.829864602899
2023-01-18T15:30:00+01:00,4734,4745.5,4655.75,4657.5,-1,-2,4648.750829878813
2023-01-19T15:30:00+01:00,4635,4652.25,4613.75,4629.75,-1,-3,4646.941227033212
2023-01-20T15:30:00+01:00,4641.75,4702.5,4624.25,4698,1,1,4651.803967315764
2023-01-23T15:30:00+01:00,4708.5,4768.75,4698.25,4746,1,2,4660.775018047596
2023-01-24T15:30:00+01:00,4730,4759.5,4717.25,4751.5,1,3,4669.415492519253
2023-01-25T15:30:00+01:00,4699.5,4751.5,4675.25,4741,1,4,4676.233064660277
2023-01-26T15:30:00+01:00,4771,4789,4739.25,4783,1,5,4686.4013442164405
2023-01-27T15:30:00+01:00,4775.75,4821.25,4773.75,4796,1,6,4696.839311433922
2023-01-30T15:30:00+01:00,4766.5,4790,4741.5,4750.25,-1,-1,4701.926043678311
2023-01-31T15:30:00+01:00,4748.75,4803.25,4745.25,4796,1,1,4710.8854680899
2023-02-01T15:30:00+01:00,4789.75,4875.25,4760.5,4853.75,1,2,4724.491613986101
2023-02-02T15:30:00+01:00,4885.75,4920.5,4865.25,4880.5,-1,-1,4739.349555511234
2023-02-03T15:30:00+01:00,4852.5,4906,4847,4857.25,1,1,4750.578169272069
2023-02-06T15:30:00+01:00,4833.25,4848.5,4816,4834.5,1,2,4758.570724579491
2023-02-07T15:30:00+01:00,4823,4900.25,4810.25,4879,1,3,4770.040179381444
2023-02-08T15:30:00+01:00,4865.75,4880,4833.25,4838.75,-1,-1,4776.5839718213065
2023-02-09T15:30:00+01:00,4877.5,4878.75,4790.25,4803.75,-1,-2,4779.171212600229
2023-02-10T15:30:00+01:00,4790.5,4816.25,4781.75,4810.5,1,1,4782.154906638303
2023-02-13T15:30:00+01:00,4819,4862.75,4813.5,4862.25,1,2,4789.783010767988
2023-02-14T15:30:00+01:00,4843.5,4882,4815.75,4855.25,1,3,4796.017962123418
2023-02-15T15:30:00+01:00,4834,4873.75,4825,4872,1,4,4803.254346683093
2023-02-16T15:30:00+01:00,4815.75,4857.5,4807.75,4809.5,-1,-1,4803.849170808513
2023-02-17T15:30:00+01:00,4788.25,4802.5,4767.75,4798,1,1,4803.292106921988
2023-02-21T15:30:00+01:00,4757.25,4768.25,4714,4721,-1,-1,4795.454763405609
2023-02-22T15:30:00+01:00,4721,4737,4695.75,4711.25,-1,-2,4787.4352621288845
2023-02-23T15:30:00+01:00,4740.5,4746.25,4686.25,4727.5,-1,-3,4781.727141926133
2023-02-24T15:30:00+01:00,4677.25,4696,4659.5,4686.5,1,1,4772.657890314121
2023-02-27T15:30:00+01:00,4722.25,4736.75,4690.5,4702,-1,-1,4765.928567427061
2023-02-28T15:30:00+01:00,4694.75,4715.5,4677,4679.25,-1,-2,4757.673465767341
2023-03-01T15:30:00+01:00,4675.75,4688.5,4655,4669.5,-1,-3,4749.275992837119
2023-03-02T15:30:00+01:00,4647,4707.25,4643,4697.25,1,1,4744.321136376441
2023-03-03T15:30:00+01:00,4717,4765,4710,4763,1,2,4746.100075769161
2023-03-06T15:30:00+01:00,4769.75,4794.5,4760,4765.25,-1,-1,4747.92387807686
2023-03-07T15:30:00+01:00,4763.25,4766,4694.5,4700.5,-1,-2,4743.407318260016
2023-03-08T15:30:00+01:00,4702.25,4715.25,4683.5,4707.5,1,1,4739.987573663824
2023-03-09T15:30:00+01:00,4714.5,4731.75,4621.5,4626.75,-1,-1,4729.203042838698
2023-03-10T15:30:00+01:00,4625.5,4646.75,4558.25,4572.75,-1,-2,4714.302753044536
2023-03-13T14:30:00+01:00,4533.25,4620,4522,4575.75,1,1,4701.10725275458
2023-03-14T14:30:00+01:00,4623.25,4652.5,4585.5,4626.75,1,2,4694.025609635097
2023-03-15T14:30:00+01:00,4570.75,4611.25,4549.5,4601.75,1,3,4685.2374563365165
2023-03-16T14:30:00+01:00,4581,4679,4575,4675,1,4,4684.262460494943
2023-03-17T14:30:00+01:00,4661.5,4672.5,4612.5,4629.25,-1,-1,4679.023178543044
2023-03-20T14:30:00+01:00,4634.5,4669.5,4626.75,4664.5,1,1,4677.640018681802
2023-03-21T14:30:00+01:00,4700,4723.25,4683.5,4717.25,1,2,4681.412397854963
2023-03-22T14:30:00+01:00,4715.75,4753.75,4646.25,4652.75,-1,-1,4678.6826456783
2023-03-23T14:30:00+01:00,4676.5,4719.5,4628.5,4655.5,-1,-2,4676.474774661319
2023-03-24T14:30:00+01:00,4642.5,4685.25,4617.5,4684.25,1,1,4677.215272312622
2023-03-27T15:30:00+02:00,4706,4714.25,4680.25,4692.25,-1,-1,4678.647151139991
2023-03-28T15:30:00+02:00,4682.25,4689.5,4660.75,4684.5,1,1,4679.204565317135
2023-03-29T15:30:00+02:00,4724.5,4741.25,4712,4738.25,1,2,4684.827940048836
2023-03-30T15:30:00+02:00,4765,4767.75,4741.25,4761.5,-1,-1,4692.130040996566
2023-03-31T15:30:00+02:00,4770.25,4821.25,4768.5,4819.5,1,1,4704.2605132826075
2023-04-03T15:30:00+02:00,4812.5,4837.75,4807.75,4834.5,1,2,4716.664273922359
2023-04-04T15:30:00+02:00,4840.25,4843.25,4795.25,4810.75,-1,-1,4725.6248192630865
2023-04-05T15:30:00+02:00,4800,4807.75,4779,4797.75,-1,-2,4732.493884095174
2023-04-06T15:30:00+02:00,4787.75,4815.25,4776.5,4811.5,1,1,4740.01827608611
2023-04-10T15:30:00+02:00,4785.75,4821.25,4778.75,4820.5,1,2,4747.683202173147
2023-04-11T15:30:00+02:00,4822.25,4831.75,4808.75,4819.25,-1,-1,4754.499087680467
2023-04-12T15:30:00+02:00,4838.25,4841,4793.5,4798.75,-1,-2,4758.713460282327
2023-04-13T15:30:00+02:00,4810.25,4857,4804.5,4852.5,1,1,4767.645511684011
2023-04-14T15:30:00+02:00,4846.25,4869,4818,4846.5,1,2,4775.1554629522
2023-04-17T15:30:00+02:00,4841,4860.5,4828,4858.25,1,3,4783.069228385323
2023-04-18T15:30:00+02:00,4873.5,4874.75,4844.5,4857.75,-1,-1,4790.181682824817
2023-04-19T15:30:00+02:00,4838.5,4867.5,4837.75,4853.25,1,1,4796.188189222453
2023-04-20T15:30:00+02:00,4826.25,4851.75,4817,4833.75,1,2,4799.7655045346
2023-04-21T15:30:00+02:00,4835.75,4841,4815.25,4835,-1,-1,4803.1211707694
2023-04-24T15:30:00+02:00,4833.5,4844.25,4819,4839,1,1,4806.538202124695
2023-04-25T15:30:00+02:00,4818.5,4824.25,4771.5,4788.75,-1,-1,4804.8440876366285
2023-04-26T15:30:00+02:00,4778.75,4789.75,4748.75,4760.75,-1,-2,4800.644650718855
2023-04-27T15:30:00+02:00,4779.75,4846.5,4777.25,4836,1,1,4804.011826840869
2023-04-28T15:30:00+02:00,4824.5,4873.75,4823.75,4871.5,1,2,4810.439271903643
2023-05-01T15:30:00+02:00,4864.25,4886.25,4862.25,4865.5,1,3,4815.683150769963
2023-05-02T15:30:00+02:00,4857,4857.25,4785.5,4816.75,-1,-1,4815.784755458538
2023-05-03T15:30:00+02:00,4821.5,4847,4785,4795,-1,-2,4813.805254938677
2023-05-04T15:30:00+02:00,4775.25,4778.25,4742.25,4752.75,-1,-3,4807.990468754041
2023-05-05T15:30:00+02:00,4794.5,4843.25,4791.5,4830.25,1,1,4810.110424110799
2023-05-08T15:30:00+02:00,4834.75,4837.5,4817.5,4833.25,-1,-1,4812.314193243104
2023-05-09T15:30:00+02:00,4815.5,4825.25,4811,4816.75,1,1,4812.736651029475
2023-05-10T15:30:00+02:00,4842.75,4849.5,4792.25,4834.5,-1,-1,4814.809350931429
2023-05-11T15:30:00+02:00,4821.5,4826.75,4801.5,4823.25,1,1,4815.613222271293
2023-05-12T15:30:00+02:00,4835.75,4838.25,4791.75,4814,-1,-1,4815.459582054979
2023-05-15T15:30:00+02:00,4823,4835.25,4803,4830.75,1,1,4816.915812335457
2023-05-16T15:30:00+02:00,4819,4828.75,4800,4807.25,-1,-1,4815.9952587797
2023-05-17T15:30:00+02:00,4823.75,4859,4805.75,4850.75,1,1,4819.305234134014
2023-05-18T15:30:00+02:00,4847.25,4895.5,4844.75,4891.5,1,2,4826.180926121251
2023-05-19T15:30:00+02:00,4899.75,4905.75,4871.5,4880.75,-1,-1,4831.37798077637
2023-05-22T15:30:00+02:00,4884.5,4901.75,4871,4886.75,1,1,4836.651506416716
2023-05-23T15:30:00+02:00,4867.75,4878.5,4833,4838.5,-1,-1,4836.827553424648
2023-05-24T15:30:00+02:00,4820,4823.75,4794,4810,-1,-2,4834.272548336586
2023-05-25T15:30:00+02:00,4840.75,4855.5,4817.5,4839,-1,-3,4834.722781828339
2023-05-26T15:30:00+02:00,4846.25,4901.25,4845.5,4899.5,1,1,4840.89204070183
2023-05-30T15:30:00+02:00,4913,4918.5,4880,4896.25,-1,-1,4846.164227301656
2023-05-31T15:30:00+02:00,4874.75,4884.5,4854,4869,-1,-2,4848.3390627967365
2023-06-01T15:30:00+02:00,4871.25,4919.75,4858,4911.5,1,1,4854.354390149429
2023-06-02T15:30:00+02:00,4934.75,4977.75,4929,4968.75,1,2,4865.249210135197
2023-06-05T15:30:00+02:00,4972,4985.75,4953,4961.5,-1,-1,4874.415952027083
2023-06-06T15:30:00+02:00,4955.5,4974.75,4948.5,4972,1,1,4883.709670881647
2023-06-07T15:30:00+02:00,4972.75,4984.75,4949.25,4954.25,-1,-1,4890.427797464347
2023-06-08T15:30:00+02:00,4952.5,4982.5,4944.5,4976,1,1,4898.577531039172
2023-06-09T15:30:00+02:00,4985.25,5005.5,4974,4987.5,1,2,4907.04633760687
2023-06-12T15:30:00+02:00,4994.5,5024.75,4987,5022,1,3,4917.994305453835
2023-06-13T15:30:00+02:00,5037.5,5058,5030.75,5050.5,1,4,4930.613895410613
2023-06-14T15:30:00+02:00,5053.25,5074.25,5018.25,5056.5,1,5,4942.60304822865
2023-06-15T15:30:00+02:00,5043,5120.25,5042,5101.25,1,6,4957.712281730683
2023-06-16T15:30:00+02:00,5127,5128.25,5085.75,5093.75,-1,-1,4970.668254899189
2023-06-20T15:30:00+02:00,5069.75,5079.5,5045.25,5064.5,-1,-2,4979.604611575457
2023-06-21T15:30:00+02:00,5056.75,5065.5,5038.25,5045.25,-1,-3,4985.856553330175
2023-06-22T15:30:00+02:00,5032.75,5060.25,5028.5,5056.5,1,1,4992.584500632063
2023-06-23T15:30:00+02:00,5020.75,5042.75,5016.25,5022.75,1,2,4995.457405333772
2023-06-26T15:30:00+02:00,5017.75,5037.75,5003.25,5009.25,-1,-1,4996.770985778175
2023-06-27T15:30:00+02:00,5014.25,5059.5,5009.25,5050.25,1,1,5001.864225227872
2023-06-28T15:30:00+02:00,5041,5065,5034,5058.25,1,2,5007.234299015694
2023-06-29T15:30:00+02:00,5048.75,5072.5,5044.5,5071,1,3,5013.307222918961
2023-06-30T15:30:00+02:00,5103,5132.75,5099.75,5118,1,4,5023.277963593346
2023-07-03T15:30:00+02:00,5117.5,5128.75,5114.25,5126.75,1,5,5033.132443251122
2023-07-05T15:30:00+02:00,5106,5126,5105.75,5118.5,1,6,5041.262686751015
2023-07-06T15:30:00+02:00,5078.5,5085.75,5054.25,5083.25,1,7,5045.261478489014
2023-07-07T15:30:00+02:00,5069.5,5110.75,5066.5,5073.25,1,8,5047.9270519662505
2023-07-10T15:30:00+02:00,5064.75,5083,5058.75,5081.25,1,9,5051.100666064703
2023-07-11T15:30:00+02:00,5087.75,5113.25,5076.75,5106.25,1,10,5056.35298358235
2023-07-12T15:30:00+02:00,5147.25,5158.5,5131.75,5145.25,-1,-1,5064.819366098317
2023-07-13T15:30:00+02:00,5160.75,5186.25,5156,5175,1,1,5075.312759803239
2023-07-14T15:30:00+02:00,5186.25,5195.25,5165.75,5171,-1,-1,5084.425830298169
2023-07-17T15:30:00+02:00,5171.5,5200.5,5171,5184.25,1,1,5093.932894079296
2023-07-18T15:30:00+02:00,5184.75,5229.25,5180,5219,1,2,5105.844047024125
2023-07-19T15:30:00+02:00,5230,5244,5223.25,5229,-1,-1,5117.57318540278
2023-07-20T15:30:00+02:00,5219,5229,5192,5200.5,-1,-2,5125.470977269182
2023-07-21T15:30:00+02:00,5216.5,5218.75,5197.75,5198.75,-1,-3,5132.449931814975
2023-07-24T15:30:00+02:00,5210,5227.25,5203.5,5219,1,1,5140.692795451644
2023-07-25T15:30:00+02:00,5214.75,5243.5,5214.25,5236.75,1,2,5149.841100646726
2023-07-26T15:30:00+02:00,5220,5245.5,5208.5,5233.25,1,3,5157.784805347038
2023-07-27T15:30:00+02:00,5264,5268.25,5188.5,5202.25,-1,-1,5162.019585790177
2023-07-28T15:30:00+02:00,5231.5,5251.25,5223.5,5241,1,1,5169.541530000636
2023-07-31T15:30:00+02:00,5246.25,5254,5232.5,5251.5,1,2,5177.347098572004
2023-08-01T15:30:00+02:00,5234.25,5244,5225.75,5233.5,-1,-1,5182.694993946099
2023-08-02T15:30:00+02:00,5202.5,5205,5162.5,5173.5,-1,-2,5181.819280236947
2023-08-03T15:30:00+02:00,5148,5175.25,5140.5,5170.25,1,1,5180.717444023904
2023-08-04T15:30:00+02:00,5173.25,5195.5,5128.5,5136.5,-1,-1,5176.5062588787705
2023-08-07T15:30:00+02:00,5153,5175,5145.25,5174.5,1,1,5176.315186604602
2023-08-08T15:30:00+02:00,5145.5,5157,5116.75,5152.25,1,2,5174.02326407083
2023-08-09T15:30:00+02:00,5154.5,5156.25,5113,5127.25,-1,-1,5169.568667492656
2023-08-10T15:30:00+02:00,5143.75,5179.5,5108.25,5120.25,-1,-2,5164.871651540974
2023-08-11T15:30:00+02:00,5100.25,5127.75,5093.75,5120.75,1,1,5160.669589489453
2023-08-14T15:30:00+02:00,5107.25,5142.5,5103.75,5141,1,2,5158.796295252362
2023-08-15T15:30:00+02:00,5122,5125.75,5081.75,5088.5,-1,-1,5152.101409990232
2023-08-16T15:30:00+02:00,5083,5100.25,5051.75,5056.5,-1,-2,5142.996513800686
2023-08-17T15:30:00+02:00,5067.75,5070.5,5013.25,5018.25,-1,-3,5131.115893438717
2023-08-18T15:30:00+02:00,4988.25,5030.75,4984.75,5019.25,1,1,5120.461998825505
2023-08-21T15:30:00+02:00,5029.75,5055.75,5007,5043.25,1,2,5113.108475127839
2023-08-22T15:30:00+02:00,5065.75,5066,5029,5033.75,-1,-1,5105.550525115664
2023-08-23T15:30:00+02:00,5045.25,5090,5043.75,5083.25,1,1,5103.426665580839
2023-08-24T15:30:00+02:00,5098.25,5103.5,5015,5018,-1,-1,5095.290792668378
2023-08-25T15:30:00+02:00,5037,5063.75,5000,5050.75,1,1,5091.048812414247
2023-08-28T15:30:00+02:00,5072.5,5084.25,5058,5078,1,2,5089.806068374794
2023-08-29T15:30:00+02:00,5075.75,5143.75,5073.25,5142.25,1,3,5094.800728529576
2023-08-30T15:30:00+02:00,5144,5165.5,5135.75,5160.75,1,4,5101.08161152676
2023-08-31T15:30:00+02:00,5162.5,5174.5,5147.5,5152.75,-1,-1,5106.002410428973
2023-09-01T15:30:00+02:00,5177.5,5182.25,5142,5156,-1,-2,5110.764085626214
2023-09-05T15:30:00+02:00,5152.25,5155.5,5134.75,5136.75,-1,-3,5113.238934614194
2023-09-06T15:30:00+02:00,5127.75,5129,5081.75,5104.25,-1,-4,5112.382845603318
2023-09-07T15:30:00+02:00,5072.75,5097.75,5069,5091.5,1,1,5110.394003164906
2023-09-08T15:30:00+02:00,5090,5112.25,5086.25,5099.75,1,2,5109.380288577772
2023-09-11T15:30:00+02:00,5123,5128.25,5104.75,5124.75,1,3,5110.8440706179845
2023-09-12T15:30:00+02:00,5109.25,5124.5,5092.75,5100.5,-1,-1,5109.858921035319
2023-09-13T15:30:00+02:00,5100.75,5115.75,5088.5,5105.25,1,1,5109.419976174812
2023-09-14T15:30:00+02:00,5127.5,5147.5,5113.5,5144.75,1,2,5112.784740348639
2023-09-15T15:30:00+02:00,5122.5,5126,5079.5,5087.5,-1,-1,5110.376669839246
2023-09-18T15:30:00+02:00,5080,5100,5075.5,5088.75,1,1,5108.316986997413
2023-09-19T15:30:00+02:00,5076,5082.25,5047.75,5078,1,2,5105.429654902421
2023-09-20T15:30:00+02:00,5088.75,5093,5029,5029.75,-1,-1,5098.222068721238
2023-09-21T15:30:00+02:00,5001.25,5004,4954.5,4955.5,-1,-2,5084.629490747787
2023-09-22T15:30:00+02:00,4967.75,4984.5,4942.75,4950.5,-1,-3,5071.855253533712
2023-09-25T15:30:00+02:00,4933.75,4967,4929,4965.5,1,1,5061.726181768597
2023-09-26T15:30:00+02:00,4931.75,4939.5,4891,4905.5,-1,-1,5046.847497790635
2023-09-27T15:30:00+02:00,4911,4917.25,4862.5,4905.75,-1,-2,5033.409640858194
2023-09-28T15:30:00+02:00,4892.75,4941.25,4886.5,4923.5,1,1,5022.942056014556
2023-09-29T15:30:00+02:00,4955.25,4956.75,4896.5,4914.75,-1,-1,5012.638050679837
2023-10-02T15:30:00+02:00,4902.75,4923.25,4881,4911.5,1,1,5003.005855376995
2023-10-03T15:30:00+02:00,4886.5,4902.5,4836.75,4853.25,-1,-1,4988.743392960138
2023-10-04T15:30:00+02:00,4855,4889.5,4839.75,4879.25,1,1,4978.315450773459
2023-10-05T15:30:00+02:00,4876.25,4886.25,4843.5,4874,-1,-1,4968.380645937891
2023-10-06T15:30:00+02:00,4850.75,4944,4837,4931.25,1,1,4964.844393943807
2023-10-09T15:30:00+02:00,4907.25,4961.25,4901.5,4956,1,2,4964.002070711063
2023-10-10T15:30:00+02:00,4961.5,5004.5,4956.75,4977.5,1,3,4965.287587786201
2023-10-11T15:30:00+02:00,4988,5003.5,4962.75,5003,1,4,4968.879246092277
2023-10-12T15:30:00+02:00,4999.25,5003,4941,4967.75,-1,-1,4968.771698845393
2023-10-13T15:30:00+02:00,4980.5,4993.25,4926.25,4937.5,-1,-2,4965.793441812499
2023-10-16T15:30:00+02:00,4965.75,4999.75,4963.25,4990.75,1,1,4968.170256877975
2023-10-17T15:30:00+02:00,4954.75,5008.75,4951.25,4983.25,1,2,4969.606422889596
2023-10-18T15:30:00+02:00,4968.25,4978,4916.25,4935,-1,-1,4966.310573090586
2023-10-19T15:30:00+02:00,4933.25,4952,4878.25,4880,-1,-2,4958.09051851053
2023-10-20T15:30:00+02:00,4882,4887.75,4830.5,4830.5,-1,-3,4945.939040557147
2023-10-23T15:30:00+02:00,4816.75,4866.25,4798.75,4834.25,1,1,4935.301989075514
2023-10-24T15:30:00+02:00,4847.25,4876,4827.5,4859.25,1,2,4928.058942496894
2023-10-25T15:30:00+02:00,4839,4839,4789.25,4800.75,-1,-1,4915.934281306713
2023-10-26T15:30:00+02:00,4781.75,4790.5,4731.75,4751.75,-1,-2,4900.297683087027
2023-10-27T15:30:00+02:00,4758.25,4762.25,4707.75,4722.5,-1,-3,4883.364570412072
2023-10-30T14:30:00+01:00,4751.25,4783,4737.5,4772,1,1,4872.758420849017
2023-10-31T14:30:00+01:00,4777,4800.5,4757.25,4791.25,1,2,4864.995714101492
2023-11-01T14:30:00+01:00,4807,4850.25,4801,4840.75,1,3,4862.686598472778
2023-11-02T14:30:00+01:00,4879.5,4923.25,4879.25,4919,1,4,4868.049779570609
2023-11-03T14:30:00+01:00,4945,4977.25,4943.75,4965,1,5,4877.283133897217
2023-11-06T15:30:00+01:00,4968,4975,4949.75,4967.5,-1,-1,4885.875216383197
2023-11-07T15:30:00+01:00,4969.5,4988.75,4957.75,4981,1,1,4894.934719584797
2023-11-08T15:30:00+01:00,4987.75,4993.25,4960.5,4981.25,-1,-1,4903.155222481483
2023-11-09T15:30:00+01:00,4994.5,4995,4943.25,4950.75,-1,-2,4907.688058435628
2023-11-10T15:30:00+01:00,4969.25,5021,4953.25,5017,1,1,4918.098719536996
2023-11-13T15:30:00+01:00,5001,5022.25,4992.75,5012.5,1,2,4927.08931767633
2023-11-14T15:30:00+01:00,5072,5109.75,5069.25,5099,1,3,4943.461763611917
2023-11-15T15:30:00+01:00,5109.25,5122.25,5096.25,5097.75,-1,-1,4958.155881363164
2023-11-16T15:30:00+01:00,5098.5,5111.75,5087.25,5108.75,1,1,4972.498178376196
2023-11-17T15:30:00+01:00,5107.75,5120,5098.25,5110.75,1,2,4985.665018530844
2023-11-20T15:30:00+01:00,5110,5156.5,5110,5144.5,1,3,5000.7921596231445
2023-11-21T15:30:00+01:00,5135.5,5140.25,5123.25,5131.25,-1,-1,5013.216715849511
2023-11-22T15:30:00+01:00,5152,5166,5140.5,5150.75,-1,-2,5026.315123863844
2023-11-24T15:30:00+01:00,5151.75,5156.5,5148.25,5153.75,1,1,5038.451778733954
2023-11-27T15:30:00+01:00,5146.75,5155.5,5141,5146,-1,-1,5048.694466473577
2023-11-28T15:30:00+01:00,5140.75,5162.75,5134.75,5149.75,1,1,5058.318802999904
2023-11-29T15:30:00+01:00,5170.75,5182.5,5141,5150.25,-1,-1,5067.074155095151
2023-11-30T15:30:00+01:00,5151.75,5165,5130.25,5159.25,1,1,5075.852806990851
2023-12-01T15:30:00+01:00,5154.25,5193.25,5148,5188.25,1,2,5086.557301563151
2023-12-04T15:30:00+01:00,5151.5,5165.25,5139,5158.75,1,3,5093.432796652374
2023-12-05T15:30:00+01:00,5147.5,5171,5143.75,5161.5,1,4,5099.915387447386
2023-12-06T15:30:00+01:00,5182.75,5183,5137.5,5141.25,-1,-1,5103.852017214302
2023-12-07T15:30:00+01:00,5162,5181.5,5155.25,5172.75,1,1,5110.413729860558
2023-12-08T15:30:00+01:00,5166.5,5199.25,5163.75,5191.75,1,2,5118.16004130241
2023-12-11T15:30:00+01:00,5187.75,5212.75,5185.25,5209.75,1,3,5126.882894511704
2023-12-12T15:30:00+01:00,5205.75,5233.75,5195.25,5233,1,4,5136.989285510589
2023-12-13T15:30:00+01:00,5233.25,5297.25,5229.75,5296,1,5,5152.133163081009
2023-12-14T15:30:00+01:00,5312,5324.75,5279.25,5303,-1,-1,5166.50143326377
2023-12-15T15:30:00+01:00,5301.25,5312.5,5290.25,5304.25,1,1,5179.620344381507
2023-12-18T15:30:00+01:00,5315,5335.25,5313.25,5322.25,1,2,5193.204121107077
2023-12-19T15:30:00+01:00,5330.5,5354.5,5329.5,5350.25,1,3,5208.160871477832
2023-12-20T15:30:00+01:00,5343.5,5363.75,5276.25,5279.5,-1,-1,5214.955074194229
2023-12-21T15:30:00+01:00,5314.25,5331.25,5288.5,5328.75,1,1,5225.792686175731
2023-12-22T15:30:00+01:00,5339.25,5354.75,5317.75,5333.25,-1,-1,5236.026716063757
2023-12-26T15:30:00+01:00,5341.75,5367.5,5341,5359,1,1,5247.738457391018
2023-12-27T15:30:00+01:00,5355.25,5369.5,5349.5,5367.75,1,2,5259.1681281156825
2023-12-28T15:30:00+01:00,5365,5372.75,5361,5366.5,1,3,5269.390211152284
2023-12-29T15:30:00+01:00,5361.5,5368,5329.75,5346.5,-1,-1,5276.734000566352
2024-01-02T15:30:00+01:00,5316.5,5330.5,5298.5,5321,1,1,5280.949810036223
2024-01-03T15:30:00+01:00,5297.25,5304.75,5274,5279.5,-1,-1,5280.811732889916
2024-01-04T15:30:00+01:00,5272.5,5299.5,5260,5261.75,-1,-2,5278.996329757543
2024-01-05T15:30:00+01:00,5263.25,5293.25,5252.75,5270,1,1,5278.139536447301
2024-01-08T15:30:00+01:00,5272.25,5336.25,5271,5333,1,2,5283.364342499939
2024-01-09T15:30:00+01:00,5306,5337,5300.5,5325,1,3,5287.329643214231
2024-01-10T15:30:00+01:00,5328.25,5361.5,5325.25,5352.5,1,4,5293.5363438604945
2024-01-11T15:30:00+01:00,5360,5365.25,5305.75,5347,-1,-1,5298.628120635685
2024-01-12T15:30:00+01:00,5362,5369.5,5335.25,5346.5,-1,-2,5303.18734724181
2024-01-16T15:30:00+01:00,5335,5348.75,5312.5,5331.75,-1,-3,5305.907599885447
2024-01-17T15:30:00+01:00,5299,5308.75,5279.25,5301.75,1,1,5305.511637991594
2024-01-18T15:30:00+01:00,5319,5350,5303,5342.25,1,2,5309.0105296114425
2024-01-19T15:30:00+01:00,5355,5407.25,5348,5404.75,1,3,5318.1285744103525
2024-01-22T15:30:00+01:00,5418.75,5431.25,5406.5,5412.75,-1,-1,5327.140138752224
2024-01-23T15:30:00+01:00,5418.75,5431.5,5407.25,5431.5,1,1,5337.079173156774
2024-01-24T15:30:00+01:00,5456.5,5466.25,5422,5426.25,-1,-1,5345.571632856129
2024-01-25T15:30:00+01:00,5452,5459.5,5429.75,5455,1,1,5355.993382107927
2024-01-26T15:30:00+01:00,5451.25,5467.25,5440.5,5447.5,-1,-1,5364.708298097648
2024-01-29T15:30:00+01:00,5452,5489,5445.75,5484,1,1,5376.069412564539
2024-01-30T15:30:00+01:00,5479.25,5490.25,5471.75,5478,-1,-1,5385.777087558392
2024-01-31T15:30:00+01:00,5459,5463.5,5399,5405,-1,-2,5387.60784112426
2024-02-01T15:30:00+01:00,5416.25,5478.5,5407.5,5477.25,1,1,5396.145189588616
2024-02-02T15:30:00+01:00,5466,5530.75,5462,5511.5,1,2,5407.131362008748
2024-02-05T15:30:00+01:00,5506,5510.5,5470.75,5492.25,-1,-1,5415.237898960296
2024-02-06T15:30:00+01:00,5503,5511.25,5488,5502,-1,-2,5423.500956202172
2024-02-07T15:30:00+01:00,5530.5,5553,5521,5547.5,1,1,5435.310388944823
2024-02-08T15:30:00+01:00,5546.25,5553,5538,5548.5,1,2,5446.090351902459
2024-02-09T15:30:00+01:00,5553,5581.5,5549.25,5575.75,1,3,5458.43888981651
2024-02-12T15:30:00+01:00,5576,5599.5,5565.5,5567,-1,-1,5468.778043167318
2024-02-13T15:30:00+01:00,5508,5521.25,5469.5,5503.75,-1,-2,5472.1087057228115
2024-02-14T15:30:00+01:00,5530.25,5553.25,5505.75,5551.25,1,1,5479.6459718444485
2024-02-15T15:30:00+01:00,5552,5583.5,5546.75,5580.5,1,2,5489.251117383073
2024-02-16T15:30:00+01:00,5576,5587.5,5545.75,5548.5,-1,-1,5494.893868108495
2024-02-20T15:30:00+01:00,5534.75,5542.25,5501.25,5520,-1,-2,5497.284928288638
2024-02-21T15:30:00+01:00,5511,5531.25,5492,5526,1,1,5500.019697023054
2024-02-22T15:30:00+01:00,5595.25,5640.75,5585.25,5627.5,1,2,5512.160678258953
2024-02-23T15:30:00+01:00,5647.25,5656.5,5625.5,5630.5,-1,-1,5523.431089853339
2024-02-26T15:30:00+01:00,5636.75,5641,5610.75,5611.75,-1,-2,5531.842414629211
2024-02-27T15:30:00+01:00,5619.5,5625.5,5600,5624.75,1,1,5540.690756093096
2024-02-28T15:30:00+01:00,5605.25,5620.75,5601.5,5604.5,-1,-1,5546.767826941373
2024-02-29T15:30:00+01:00,5631,5647.5,5603,5633,1,1,5554.980414851718
2024-03-01T15:30:00+01:00,5638.75,5682.25,5634.25,5674,1,2,5566.315613437268
2024-03-04T15:30:00+01:00,5668.75,5690.75,5667.25,5667.75,-1,-1,5575.976031205148
2024-03-05T15:30:00+01:00,5649.5,5654.5,5596,5623.5,-1,-2,5580.502123471324
2024-03-06T15:30:00+01:00,5652.25,5667.5,5630.75,5645.5,-1,-3,5586.692397426436
2024-03-07T15:30:00+01:00,5676,5703.5,5666.25,5688.5,1,1,5596.3883595763
2024-03-08T15:30:00+01:00,5698,5726,5654.75,5666.5,-1,-1,5603.065658664272
2024-03-11T14:30:00+01:00,5647.25,5662,5627.75,5658,1,1,5608.297500696246
2024-03-12T14:30:00+01:00,5676.75,5717,5650.25,5711.75,1,2,5618.150119677556
2024-03-13T14:30:00+01:00,5713.5,5716.25,5687.75,5706,-1,-1,5626.516774946361
2024-03-14T14:30:00+01:00,5710.25,5711.75,5658.25,5688,-1,-2,5632.372320189565
2024-03-15T14:30:00+01:00,5656.25,5672,5638,5654.25,-1,-3,5634.45590874294
2024-03-18T14:30:00+01:00,5695.75,5710.5,5680.5,5685.75,-1,-4,5639.341060291231
2024-03-19T14:30:00+01:00,5676,5715,5665.5,5711,1,1,5646.165721215875
2024-03-20T14:30:00+01:00,5711.25,5766,5703.25,5765,1,2,5657.483271576268
2024-03-21T14:30:00+01:00,5785.25,5793,5770.25,5777,-1,-1,5668.865817140433
2024-03-22T14:30:00+01:00,5771.5,5776.25,5759.25,5760,-1,-2,5677.545263127058
2024-03-25T14:30:00+01:00,5747,5759,5744.5,5748.25,1,1,5684.279047591148
2024-03-26T14:30:00+01:00,5760.25,5764.75,5733.25,5741.5,-1,-1,5689.728662106277
2024-03-27T14:30:00+01:00,5763.25,5784,5741,5781.5,1,1,5698.468789524726
2024-03-28T14:30:00+01:00,5779.75,5791.25,5772.25,5776.75,-1,-1,5705.924142903324
2024-04-01T15:30:00+02:00,5782,5787.5,5752.5,5764.75,-1,-2,5711.526605483959
2024-04-02T15:30:00+02:00,5723.5,5732.75,5705.25,5732.5,1,1,5713.524071628344
2024-04-03T15:30:00+02:00,5718,5751,5717.25,5740,1,2,5716.045588616121
2024-04-04T15:30:00+02:00,5775.5,5778.75,5664.5,5672,-1,-1,5711.850770652681
2024-04-05T15:30:00+02:00,5681.25,5742.75,5677,5720.75,1,1,5712.698316304806
2024-04-08T15:30:00+02:00,5728.75,5739,5715.5,5727.75,-1,-1,5714.131809990063
2024-04-09T15:30:00+02:00,5742,5744.5,5678.5,5737.25,-1,-2,5716.333542371962
2024-04-10T15:30:00+02:00,5670,5696.75,5655.25,5668.25,-1,-3,5711.754157384156
2024-04-11T15:30:00+02:00,5689,5727.75,5652,5713.75,1,1,5711.9442376332845
2024-04-12T15:30:00+02:00,5674.5,5689,5620.25,5640.5,-1,-1,5705.140024525353
2024-04-15T15:30:00+02:00,5681.5,5683.25,5564.25,5570,-1,-2,5692.269545999128
2024-04-16T15:30:00+02:00,5577.25,5593.5,5549,5562.25,-1,-3,5679.886732094449
2024-04-17T15:30:00+02:00,5587.75,5589.25,5517.25,5531,-1,-4,5665.707043323549
2024-04-18T15:30:00+02:00,5544,5565.5,5508.75,5519.5,-1,-5,5651.782563007021
2024-04-19T15:30:00+02:00,5517.5,5528.25,5461.5,5474,-1,-6,5634.850890339686
2024-04-22T15:30:00+02:00,5500.5,5547,5476.25,5515,1,1,5623.436519831144
2024-04-23T15:30:00+02:00,5539.75,5583,5534,5580.5,1,2,5619.347327466274
2024-04-24T15:30:00+02:00,5587,5595,5552.25,5556.5,-1,-1,5613.361867707581
2024-04-25T15:30:00+02:00,5509.75,5602,5492.5,5595.75,1,1,5611.684546973525
2024-04-26T15:30:00+02:00,5581.25,5616.75,5574.75,5600,1,2,5610.571732976046
2024-04-29T15:30:00+02:00,5617.5,5624.5,5589,5618,1,3,5611.279186978328
2024-04-30T15:30:00+02:00,5601.25,5611.5,5524.5,5534.75,-1,-1,5603.990692980392
2024-05-01T15:30:00+02:00,5528.25,5597,5512.5,5520.75,-1,-2,5596.06300793464
2024-05-02T15:30:00+02:00,5553.5,5571,5506.5,5562,1,1,5592.818911940865
2024-05-03T15:30:00+02:00,5623.5,5637,5597,5631.5,1,2,5596.502825089355
2024-05-06T15:30:00+02:00,5648.75,5678,5644.25,5674.25,1,3,5603.9073179379875
2024-05-07T15:30:00+02:00,5686.5,5697,5675.75,5685.75,-1,-1,5611.701859086751
2024-05-08T15:30:00+02:00,5662.5,5687.5,5661.5,5678.75,1,1,5618.087396316584
2024-05-09T15:30:00+02:00,5681.5,5715,5674.5,5712.75,1,2,5627.102882381671
2024-05-10T15:30:00+02:00,5725.75,5734.25,5703,5714.5,-1,-1,5635.4264173929405
2024-05-13T15:30:00+02:00,5732.25,5733.5,5703.5,5712.75,-1,-2,5642.7905681174225
2024-05-14T15:30:00+02:00,5717,5744.5,5711.5,5738.75,1,1,5651.929561630049
2024-05-15T15:30:00+02:00,5763.75,5807.5,5757,5797,1,2,5665.745793855758
2024-05-16T15:30:00+02:00,5802.5,5819.25,5787.25,5788,-1,-1,5677.389051583781
2024-05-17T15:30:00+02:00,5791,5799,5776,5796,1,1,5688.685332385326
2024-05-20T15:30:00+02:00,5798.25,5818.5,5794,5800.25,1,2,5699.310538824819
2024-05-21T15:30:00+02:00,5794.75,5817.75,5792.75,5814.5,1,3,5710.280963698646
2024-05-22T15:30:00+02:00,5808.25,5815.25,5777,5798.75,-1,-1,5718.706586203537
2024-05-23T15:30:00+02:00,5827.75,5828.5,5743.75,5756.5,-1,-2,5722.305958946057
2024-05-24T15:30:00+02:00,5774.75,5799.5,5765,5791,1,1,5728.8482485702425
2024-05-28T15:30:00+02:00,5798.75,5801.5,5767,5792.5,-1,-1,5734.910320134982
2024-05-29T15:30:00+02:00,5752.25,5768.5,5748.75,5750.25,-1,-2,5736.3712420268885
2024-05-30T15:30:00+02:00,5740,5747.25,5708.5,5713.5,-1,-3,5734.193028500518
2024-05-31T15:30:00+02:00,5728,5777.25,5675.75,5767.75,1,1,5737.388930548088
2024-06-03T15:30:00+02:00,5782.5,5783.5,5717,5770.75,-1,-1,5740.5661752577935
2024-06-04T15:30:00+02:00,5755.5,5782.5,5739.75,5774.75,1,1,5743.821777614194
2024-06-05T15:30:00+02:00,5797.75,5837.25,5776.75,5832.75,1,2,5752.291132127128
2024-06-06T15:30:00+02:00,5839.5,5843.5,5815.5,5832.75,-1,-1,5759.953881448354
2024-06-07T15:30:00+02:00,5822.75,5855.75,5811.25,5822.25,-1,-2,5765.88684511994
2024-06-10T15:30:00+02:00,5817.5,5846,5811.25,5836.5,1,1,5772.61190748947
2024-06-11T15:30:00+02:00,5825.75,5856.5,5804.75,5855.5,1,2,5780.506011538091
2024-06-12T15:30:00+02:00,5900.25,5924.75,5886.5,5895.75,-1,-1,5791.481629486844
2024-06-13T15:30:00+02:00,5914.5,5916,5878.75,5906.75,-1,-2,5802.459569535717
2024-06-14T15:30:00+02:00,5889.25,5908.75,5878.75,5904.75,1,1,5812.2015152942195
2024-06-17T15:30:00+02:00,5900.5,5966.5,5895.25,5950.75,1,2,5825.396609075722
2024-06-18T15:30:00+02:00,5953,5968.25,5949,5967.75,1,3,5838.954074878035
2024-06-20T15:30:00+02:00,5975.75,5982.25,5931,5946.5,-1,-1,5849.19654393727
2024-06-21T15:30:00+02:00,5939.75,5951.25,5924.5,5943.75,1,1,5858.201634990864
2024-06-24T15:30:00+02:00,5936.5,5964,5915.75,5921.75,-1,-1,5864.253860229829
2024-06-25T15:30:00+02:00,5932.75,5945.25,5917.25,5939.25,1,1,5871.39634973175
2024-06-26T15:30:00+02:00,5928.5,5954.5,5921.75,5939,1,2,5877.834792614441
2024-06-27T15:30:00+02:00,5944.25,5960.5,5935.5,5954.75,1,3,5885.160050460684
2024-06-28T15:30:00+02:00,5958.25,5990.5,5916.25,5937.25,-1,-1,5890.120998035857
2024-07-01T15:30:00+02:00,5942.5,5945,5910,5937.5,-1,-2,5894.633283937204
2024-07-02T15:30:00+02:00,5921.5,5975.25,5920.5,5970.75,1,1,5901.882494990804
2024-07-03T15:30:00+02:00,5969.75,6001.25,5969.25,5996.5,1,2,5910.893685944061
2024-07-05T15:30:00+02:00,5997.75,6031.5,5991,6024.75,1,3,5921.737144425579
2024-07-08T15:30:00+02:00,6034.5,6043,6020.75,6033.25,-1,-1,5932.357416385047
2024-07-09T15:30:00+02:00,6041.5,6051.25,6033.75,6037,-1,-2,5942.323376729329
2024-07-10T15:30:00+02:00,6048.75,6096,6045.75,6089.5,1,1,5956.340197993202
2024-07-11T15:30:00+02:00,6092,6101.25,6035.5,6044.5,-1,-1,5964.736369612898
2024-07-12T15:30:00+02:00,6051.5,6113.75,6048,6074.25,1,1,5975.1662391735745
2024-07-15T15:30:00+02:00,6096,6124.25,6071.5,6090.75,-1,-1,5986.1742163951385
2024-07-16T15:30:00+02:00,6103.75,6126.75,6095.75,6120.5,1,1,5998.96714816703
2024-07-17T15:30:00+02:00,6060.75,6078.25,6037.25,6044.25,-1,-1,6003.279800722551
2024-07-18T15:30:00+02:00,6057.25,6067.25,5975.75,6000.5,-1,-2,6003.015057796594
2024-07-19T15:30:00+02:00,5992.75,6010.25,5947.5,5953.75,-1,-3,5998.323147530252
2024-07-22T15:30:00+02:00,5999,6021.5,5978.25,6015.75,1,1,5999.9828477654655
2024-07-23T15:30:00+02:00,6013,6035.25,5999.25,6001.25,-1,-1,6000.103528930659
2024-07-24T15:30:00+02:00,5954,5957.25,5867.5,5886.75,-1,-2,5989.307954746787
2024-07-25T15:30:00+02:00,5877.25,5938.75,5838,5850,-1,-3,5976.040530485188
2024-07-26T15:30:00+02:00,5884,5933.75,5875.5,5905.75,1,1,5969.346194248504
2024-07-29T15:30:00+02:00,5919.75,5930.75,5886.5,5906.75,-1,-1,5963.384651939123
2024-07-30T15:30:00+02:00,5921.75,5933,5838.5,5849.5,-1,-2,5952.538494611587
2024-07-31T15:30:00+02:00,5948.75,5994,5934.25,5972.5,1,1,5954.439590362865
2024-08-01T15:30:00+02:00,5983.5,6006.25,5850.25,5870.5,-1,-1,5946.4453436616395
2024-08-02T15:30:00+02:00,5810,5822.75,5737.25,5777.5,-1,-2,5930.355310931959
2024-08-05T15:30:00+02:00,5565,5685,5551.5,5634,1,1,5902.130995605105
2024-08-06T15:30:00+02:00,5640.75,5747.5,5627.25,5666.5,1,2,5879.689948404619
2024-08-07T15:30:00+02:00,5733.25,5764.75,5627.75,5634.75,-1,-1,5856.362334270846
2024-08-08T15:30:00+02:00,5686.25,5765.75,5665.25,5755.25,1,1,5846.732588149813
2024-08-09T15:30:00+02:00,5743,5790.75,5730.25,5773.25,1,2,5839.734246421259
2024-08-12T15:30:00+02:00,5786.5,5802.25,5753.25,5774.5,-1,-1,5833.521461047806
2024-08-13T15:30:00+02:00,5809,5866.75,5807,5863.5,1,1,5836.376559995634
2024-08-14T15:30:00+02:00,5871.75,5893.25,5844.25,5890,1,2,5841.483554281765
2024-08-15T15:30:00+02:00,5938,5977.25,5931.75,5968.5,1,3,5853.5803586358825
2024-08-16T15:30:00+02:00,5955,5991.75,5953,5986.5,1,4,5866.239372099132
2024-08-19T15:30:00+02:00,5987.75,6037.25,5979,6030.75,1,5,5881.907050946834
2024-08-20T15:30:00+02:00,6031.5,6049.25,6013.25,6030.75,-1,-1,5896.082569904278
2024-08-21T15:30:00+02:00,6036.75,6060.75,6019,6045.75,1,1,5910.336610865776
2024-08-22T15:30:00+02:00,6064.25,6070.75,5988.25,6003.5,-1,-1,5919.209314592845
2024-08-23T15:30:00+02:00,6031.5,6067.75,6008.5,6056,1,1,5932.236998917336
2024-08-26T15:30:00+02:00,6066.5,6074.5,6025.25,6036.5,-1,-1,5942.166808544256
2024-08-27T15:30:00+02:00,6028.75,6055,6017,6050,1,1,5952.436636301946
2024-08-28T15:30:00+02:00,6045.5,6050,5983,6011.75,-1,-1,5958.085528082714
2024-08-29T15:30:00+02:00,6036,6069.25,6003.5,6023.25,-1,-2,5964.291668265312
2024-08-30T15:30:00+02:00,6036.75,6070.5,5999.75,6059.75,1,1,5973.38293795433
2024-09-03T15:30:00+02:00,6031.75,6035.5,5922.25,5950,-1,-1,5971.155991482489
2024-09-04T15:30:00+02:00,5928.25,5970.5,5920.5,5927.5,-1,-2,5966.998278007966
2024-09-05T15:30:00+02:00,5933.75,5962.75,5895.5,5922.5,-1,-3,5962.760346769112
2024-09-06T15:30:00+02:00,5921,5938,5815.75,5821,-1,-4,5949.25936136253
2024-09-09T15:30:00+02:00,5867.5,5898.5,5848,5888,1,1,5943.425136470861
2024-09-10T15:30:00+02:00,5903.75,5911.5,5853.75,5907.5,1,2,5940.003694902207
2024-09-11T15:30:00+02:00,5906,5973,5817.5,5962.75,1,3,5942.170009673426
2024-09-12T15:30:00+02:00,5968.25,6012.5,5945.75,6001.5,1,4,5947.820484942623
2024-09-13T15:30:00+02:00,6013.25,6047,6010.5,6034,1,5,5956.028057805231
2024-09-16T15:30:00+02:00,6033.25,6047,6014.75,6040.25,1,6,5964.049195157114
2024-09-17T15:30:00+02:00,6066.25,6081.25,6022,6047,-1,-1,5971.949271808818
2024-09-18T15:30:00+02:00,6051.5,6100,6019.5,6035,-1,-2,5977.954103065121
2024-09-19T15:30:00+02:00,6122.5,6141.75,6092.5,6117,-1,-3,5991.196569439871
2024-09-20T15:30:00+02:00,6104.75,6119.25,6077.75,6100,-1,-4,6001.558800921788
2024-09-23T15:30:00+02:00,6118.75,6128.75,6105.25,6120,1,1,6012.838915119713
2024-09-24T15:30:00+02:00,6128.5,6138.5,6099,6134.75,1,2,6024.449494632122
2024-09-25T15:30:00+02:00,6134.75,6143,6112.25,6128.5,-1,-1,6034.35906657192
2024-09-26T15:30:00+02:00,6168,6171.5,6122.5,6148,-1,-2,6045.1820126126895
2024-09-27T15:30:00+02:00,6155.75,6165.75,6126.25,6134,-1,-3,6053.640868554338
2024-09-30T15:30:00+02:00,6124.5,6164.5,6100.5,6152.25,1,1,6063.032214406306
2024-10-01T15:30:00+02:00,6152.75,6153.75,6077.25,6105.25,-1,-1,6067.0529558914195
2024-10-02T15:30:00+02:00,6094,6116.5,6068.25,6110,1,1,6071.143150568427
2024-10-03T15:30:00+02:00,6088.75,6114.25,6070,6095.25,1,2,6073.439040990482
2024-10-04T15:30:00+02:00,6137.75,6149,6093.75,6144.25,1,3,6080.182941848531
2024-10-07T15:30:00+02:00,6126,6133,6078.5,6092.75,-1,-1,6081.3798045296235
2024-10-08T15:30:00+02:00,6116.75,6151,6108,6144.25,1,1,6087.367442193469
2024-10-09T15:30:00+02:00,6143.75,6190.75,6138,6178.75,1,2,6096.070542936948
2024-10-10T15:30:00+02:00,6169.75,6187.5,6155.75,6172.25,1,3,6103.325729323906
2024-10-11T15:30:00+02:00,6168.5,6212.5,6167.5,6200,1,4,6112.532802721629
2024-10-14T15:30:00+02:00,6220.75,6262.75,6217.25,6252.25,1,5,6125.839202462426
2024-10-15T15:30:00+02:00,6255.25,6258.25,6194.25,6203.5,-1,-1,6133.235468894576
2024-10-16T15:30:00+02:00,6206,6237,6197.5,6230.25,1,1,6142.474948047474
2024-10-17T15:30:00+02:00,6267.25,6269.25,6229,6232.25,-1,-1,6151.0249529953335
2024-10-18T15:30:00+02:00,6245.75,6259.75,6230.75,6252,1,1,6160.641624138635
2024-10-21T15:30:00+02:00,6242.75,6252.75,6209.25,6242,-1,-1,6168.390040887337
2024-10-22T15:30:00+02:00,6213.5,6248.5,6206.5,6234.25,1,1,6174.662417945686
2024-10-23T15:30:00+02:00,6214.5,6219,6145.25,6186.25,-1,-1,6175.765997188953
2024-10-24T15:30:00+02:00,6201.25,6202,6166.75,6199.5,-1,-2,6178.026378409053
2024-10-25T15:30:00+02:00,6214.25,6245,6179.25,6186.25,-1,-3,6178.809580465334
2024-10-28T14:30:00+01:00,6224,6225,6203.75,6206.75,-1,-4,6181.470572801969
2024-10-29T14:30:00+01:00,6196.25,6228,6181.75,6226.5,1,1,6185.759089677972
2024-10-30T14:30:00+01:00,6210.5,6231,6184.5,6189.25,-1,-1,6186.091557327689
2024-10-31T14:30:00+01:00,6151.5,6151.5,6078.75,6087.75,-1,-2,6176.725694725052
2024-11-01T14:30:00+01:00,6105,6148,6096.75,6107.25,1,1,6170.108961894094
2024-11-04T15:30:00+01:00,6102,6115.75,6068.5,6091.25,-1,-1,6162.598584570847
2024-11-05T15:30:00+01:00,6097.25,6166.25,6094.75,6164.5,1,1,6162.779671754576
2024-11-06T15:30:00+01:00,6283.25,6311.25,6245,6301,1,2,6175.943512539855
2024-11-07T15:30:00+01:00,6321.25,6357.25,6320.25,6350.75,1,3,6192.591749440821
2024-11-08T15:30:00+01:00,6349,6384.75,6349,6370.75,1,4,6209.5592018750285
2024-11-11T15:30:00+01:00,6386.25,6389.5,6357.75,6374,-1,-1,6225.220230267883
2024-11-12T15:30:00+01:00,6374.75,6380.75,6331,6360.75,-1,-2,6238.127827385228
2024-11-13T15:30:00+01:00,6360.25,6379.5,6336,6364,1,1,6250.115653348539
2024-11-14T15:30:00+01:00,6359.5,6364.75,6308.75,6309,-1,-1,6255.723686362964
2024-11-15T15:30:00+01:00,6281,6286,6221,6244.5,-1,-2,6254.654763852206
2024-11-18T15:30:00+01:00,6244.5,6277.25,6235.5,6262.5,1,1,6255.401929199615
2024-11-19T15:30:00+01:00,6228,6291.75,6220.5,6287.25,1,2,6258.435078799651
2024-11-20T15:30:00+01:00,6283,6288.5,6224.25,6286,1,3,6261.06030939016
2024-11-21T15:30:00+01:00,6312,6329.25,6251.5,6314,1,4,6266.102184686335
2024-11-22T15:30:00+01:00,6312.5,6337.75,6307,6331.75,1,5,6272.354357573351
2024-11-25T15:30:00+01:00,6371,6384.25,6326.75,6355.25,-1,-1,6280.2491806616035
2024-11-26T15:30:00+01:00,6362.75,6388.25,6355.5,6386.25,1,1,6290.34449678907
2024-11-27T15:30:00+01:00,6377.25,6381.25,6344.5,6359.5,-1,-1,6296.930735190111
2024-11-29T15:30:00+01:00,6365.75,6404.25,6363.25,6395.75,1,1,6306.342093743434
2024-12-02T15:30:00+01:00,6399.5,6412.75,6394,6410.75,1,2,6316.285703863107
2024-12-03T15:30:00+01:00,6402.75,6412.5,6391.75,6411.75,1,3,6325.37754159043
2024-12-04T15:30:00+01:00,6424.25,6446.5,6416.75,6440.5,1,4,6336.341585248484
2024-12-05T15:30:00+01:00,6443,6451.5,6427.25,6428.25,-1,-1,6345.094767605771
2024-12-06T15:30:00+01:00,6438.75,6455.25,6434.25,6442.5,1,1,6354.371456405222
2024-12-09T15:30:00+01:00,6440.25,6442,6404.25,6405.75,-1,-1,6359.264651033296
2024-12-10T15:30:00+01:00,6416,6419.5,6384,6396.25,-1,-2,6362.787065220601
2024-12-11T15:30:00+01:00,6419.75,6446.75,6416.75,6432.5,1,1,6369.426392342449
2024-12-12T15:30:00+01:00,6426.5,6432,6400.25,6401.25,-1,-1,6372.457212119359
2024-12-13T15:30:00+01:00,6421.5,6429,6385.5,6394.25,-1,-2,6374.5327157270385
2024-12-16T15:30:00+01:00,6416.75,6434.75,6409,6420.25,1,1,6378.886742800654
2024-12-17T15:30:00+01:00,6398.25,6409,6385,6395.5,-1,-1,6380.46895777202
2024-12-18T15:30:00+01:00,6394.75,6418.75,6177.25,6200.5,-1,-2,6363.329057031828
2024-12-19T15:30:00+01:00,6259.5,6276,6202.5,6203.25,-1,-3,6348.083432552606
2024-12-20T15:30:00+01:00,6178,6321.5,6169,6271.25,1,1,6340.765962785691
2024-12-23T15:30:00+01:00,6269.5,6313.75,6235.75,6308.5,1,2,6337.693013948959
2024-12-24T15:30:00+01:00,6318.75,6370.25,6313,6369.75,1,3,6340.746060239534
2024-12-26T15:30:00+01:00,6350,6378.25,6334,6363.25,1,4,6342.889292597673
2024-12-27T15:30:00+01:00,6323.25,6326.25,6253.5,6301,-1,-1,6338.8998361598
2024-12-30T15:30:00+01:00,6226,6264,6189,6225.75,-1,-2,6328.123661287438
2024-12-31T15:30:00+01:00,6243.25,6251,6188,6208.5,-1,-3,6316.730931641016
2025-01-02T15:30:00+01:00,6238.5,6255.75,6145.5,6192.5,-1,-4,6304.899414341871
2025-01-03T15:30:00+01:00,6215.75,6267.5,6204.75,6256.5,1,1,6300.289946309312
2025-01-06T15:30:00+01:00,6303.5,6339,6274.75,6297.5,-1,-1,6300.024237136996
2025-01-07T15:30:00+01:00,6312.75,6316.25,6205.75,6228.75,-1,-2,6293.23621455252
2025-01-08T15:30:00+01:00,6224.75,6242.5,6187.75,6229,1,1,6287.118479833232
2025-01-10T15:30:00+01:00,6191.5,6192.5,6116,6135.5,-1,-1,6272.67862461102
2025-01-13T15:30:00+01:00,6088.25,6150.25,6083.75,6148.75,1,1,6260.875898457589
2025-01-14T15:30:00+01:00,6173.5,6180.5,6113.25,6161.75,-1,-1,6251.435336699723
2025-01-15T15:30:00+01:00,6235.5,6272,6223.25,6257,1,1,6251.965304633082
2025-01-16T15:30:00+01:00,6272.5,6275,6234,6234.5,-1,-1,6250.301942287075
2025-01-17T15:30:00+01:00,6297.5,6322.25,6283.5,6301,1,1,6255.130328735925
2025-01-21T15:30:00+01:00,6334.5,6364,6314.25,6358.75,1,2,6264.9988688563135
2025-01-22T15:30:00+01:00,6387,6406.5,6382,6389.5,1,3,6276.856119441427
2025-01-23T15:30:00+01:00,6384.25,6424.75,6382,6420,1,4,6290.488869970814
2025-01-24T15:30:00+01:00,6422.75,6433,6392.75,6400,-1,-1,6300.918501402165
2025-01-27T15:30:00+01:00,6268.75,6327.25,6267.5,6321,1,1,6302.83102507815
2025-01-28T15:30:00+01:00,6328.25,6376.25,6294.25,6362.75,1,2,6308.537594118326
2025-01-29T15:30:00+01:00,6358,6362,6313,6335.75,-1,-1,6311.129251821342
2025-01-30T15:30:00+01:00,6360.25,6387,6327.25,6367.25,1,1,6316.474084981214
2025-01-31T15:30:00+01:00,6393.25,6418.5,6328.5,6334.5,-1,-1,6318.190838792527
2025-02-03T15:30:00+01:00,6243,6320,6221,6294.5,1,1,6315.934568431334
2025-02-04T15:30:00+01:00,6294.25,6339.5,6288.75,6321.75,1,2,6316.488419056921
2025-02-05T15:30:00+01:00,6321.75,6360,6300.25,6359.25,1,3,6320.560950575309
2025-02-06T15:30:00+01:00,6374.5,6379.25,6340.75,6364.75,-1,-1,6324.769431472899
2025-02-07T15:30:00+01:00,6381.25,6394,6312,6322,-1,-2,6324.505676094527
2025-02-10T15:30:00+01:00,6351.5,6366.75,6338.5,6354.75,1,1,6327.386087895048
2025-02-11T15:30:00+01:00,6335.75,6369.5,6334.75,6363,1,2,6330.7778890479
2025-02-12T15:30:00+01:00,6301.5,6355.5,6294.5,6344.25,1,3,6332.060947233815
2025-02-13T15:30:00+01:00,6354.25,6408.75,6341,6403.5,1,4,6338.86466654488
2025-02-14T15:30:00+01:00,6405.25,6416,6396.5,6404,-1,-1,6345.068031635843
2025-02-18T15:30:00+01:00,6414,6420.25,6389,6418,1,1,6352.01393338481
2025-02-19T15:30:00+01:00,6405,6437.25,6400,6424.75,1,2,6358.941177824352
2025-02-20T15:30:00+01:00,6419.25,6420.75,6373.5,6401.75,-1,-1,6363.018208507747
2025-02-21T15:30:00+01:00,6403.25,6403.75,6295.25,6303.75,-1,-2,6357.373617221295
2025-02-24T15:30:00+01:00,6320.75,6330.75,6265.25,6278.25,-1,-3,6349.83803462879
2025-02-25T15:30:00+01:00,6271.25,6278.5,6194.75,6248.25,-1,-4,6340.1629837117625
2025-02-26T15:30:00+01:00,6258,6294.5,6216.25,6246.25,-1,-5,6331.218890024928
2025-02-27T15:30:00+01:00,6266.25,6278,6143.75,6150,-1,-6,6313.959948117792
2025-02-28T15:30:00+01:00,6150.5,6241.75,6118.75,6228,1,1,6305.773286392288
2025-03-03T15:30:00+01:00,6255.5,6267.75,6092.5,6140.75,-1,-1,6290.056782926356
2025-03-04T15:30:00+01:00,6089.75,6146.5,6014.75,6081.5,-1,-2,6270.194232171465
2025-03-05T15:30:00+01:00,6058.75,6140.25,6021.5,6116,1,1,6255.5090672027545
2025-03-06T15:30:00+01:00,6044.5,6092,5990.75,6029,-1,-1,6233.936775088207
2025-03-07T15:30:00+01:00,5997,6061.75,5943.75,6044.5,1,1,6215.8951774607585
2025-03-10T14:30:00+01:00,5962,5982,5842.25,5896.25,-1,-1,6185.452779607353
2025-03-11T14:30:00+01:00,5879.75,5914.5,5804.75,5857.75,-1,-2,6154.242991073319
2025-03-12T14:30:00+01:00,5906.25,5915.75,5821,5868,-1,-3,6126.981753828241
2025-03-13T14:30:00+01:00,5868.75,5874.5,5780,5814.25,-1,-4,6097.197777273171
2025-03-14T14:30:00+01:00,5842.75,5919.5,5834.75,5897.25,1,1,6078.155131818583
2025-03-17T14:30:00+01:00,5908,5978.25,5903.5,5948,1,2,6065.759404978718
2025-03-18T14:30:00+01:00,5927.5,5930,5869.5,5893,-1,-1,6049.306128314078
2025-03-19T14:30:00+01:00,5906.5,5989.25,5894.5,5953,1,1,6040.134116093689
2025-03-20T14:30:00+01:00,5910.75,5984,5903.25,5935.25,1,2,6030.145152656195
2025-03-21T14:30:00+01:00,5882.75,5941,5871,5937.5,1,3,6021.3218047841765
2025-03-24T14:30:00+01:00,6001.25,6044.25,5994.75,6036,1,4,6022.719728138064
2025-03-25T14:30:00+01:00,6044.75,6056,6028.25,6047.5,1,5,6025.079754029677
2025-03-26T14:30:00+01:00,6042.75,6053.25,5961.75,5977,-1,-1,6020.500729836374
2025-03-27T14:30:00+01:00,5961.5,5998.5,5938.75,5961.75,1,1,6014.9054222329105
2025-03-28T14:30:00+01:00,5942.25,5950,5830.5,5832.75,-1,-1,5997.5572867821575
2025-03-31T15:30:00+02:00,5782.25,5891.5,5752.5,5864.25,1,1,5984.861354707667
2025-04-01T15:30:00+02:00,5857.5,5913.5,5819,5893.25,1,2,5976.136463783127
2025-04-02T15:30:00+02:00,5831.75,5980.25,5829.5,5971.75,1,3,5975.718705327591
2025-04-03T15:30:00+02:00,5730.75,5759.25,5647.25,5652.75,-1,-1,5944.959781010678
2025-04-04T15:30:00+02:00,5510.75,5533.25,5307.25,5324,-1,-2,5885.820754247757
2025-04-07T15:30:00+02:00,5160.5,5504.25,5085.75,5347.5,1,1,5834.552110986066
2025-04-08T15:30:00+02:00,5490.75,5524,5159.25,5231.75,-1,-1,5777.14238613025
2025-04-09T15:30:00+02:00,5201.5,5738.75,5198.75,5702.5,1,1,5770.033587451178
2025-04-10T15:30:00+02:00,5594.25,5607.75,5365.5,5538,-1,-1,5747.935150551066
2025-04-11T15:30:00+02:00,5500,5637,5470.25,5616,1,1,5735.369898117631
2025-04-14T15:30:00+02:00,5712,5715.25,5609.75,5656.5,-1,-1,5727.858479249286
2025-04-15T15:30:00+02:00,5668,5703.75,5638.25,5647,-1,-2,5720.157671701734
2025-04-16T15:30:00+02:00,5586,5619.75,5469.75,5534.25,-1,-3,5702.452179158712
2025-04-17T15:30:00+02:00,5541.5,5578.25,5504.25,5544.75,1,1,5687.432924000739
2025-04-21T15:30:00+02:00,5476,5481.25,5346,5399,-1,-1,5659.9631217149545
2025-04-22T15:30:00+02:00,5464.25,5558,5454.75,5533,1,1,5647.87139583734
2025-04-23T15:30:00+02:00,5668.75,5718.5,5602.5,5619.5,-1,-1,5645.169358138546
2025-04-24T15:30:00+02:00,5630.5,5760.25,5617.25,5740.5,1,1,5654.248466887256
2025-04-25T15:30:00+02:00,5729.25,5773.25,5699,5772.5,1,2,5665.510517659898
2025-04-28T15:30:00+02:00,5775.75,5797.5,5710.75,5763.5,-1,-1,5674.842849311336
2025-04-29T15:30:00+02:00,5749.75,5816,5746.5,5804.75,1,1,5687.214958900732
2025-04-30T15:30:00+02:00,5735,5835.25,5674.25,5824.5,1,2,5700.28972471971
2025-05-01T15:30:00+02:00,5863.75,5901.25,5820.5,5828,-1,-1,5712.452608079738
2025-05-02T15:30:00+02:00,5905.25,5943.5,5881.75,5930.25,1,1,5733.195216834049
2025-05-05T15:30:00+02:00,5883,5925,5874,5887.25,1,2,5747.867100945092
2025-05-06T15:30:00+02:00,5835.25,5890.5,5825.75,5843.25,1,3,5756.9511865693685
2025-05-07T15:30:00+02:00,5857.25,5893.75,5814.75,5870,1,4,5767.717740229428
2025-05-08T15:30:00+02:00,5907.5,5959.75,5871.75,5904,-1,-1,5780.697003064721
2025-05-09T15:30:00+02:00,5918.5,5928.75,5881.25,5897.75,-1,-2,5791.844907534747
2025-05-12T15:30:00+02:00,6069,6095,6024.5,6083,1,1,5819.57396396001
2025-05-13T15:30:00+02:00,6088.5,6145.75,6082.25,6121.75,1,2,5848.352634059056
2025-05-14T15:30:00+02:00,6132,6143.75,6108.75,6129,-1,-1,5875.08095462486
2025-05-15T15:30:00+02:00,6107.75,6163.25,6103.25,6156,1,1,5901.835149422493
2025-05-16T15:30:00+02:00,6163.25,6196.25,6143.5,6191.25,1,2,5929.398468525113
2025-05-19T15:30:00+02:00,6131,6206.25,6131,6191.75,1,3,5954.384328665578
2025-05-20T15:30:00+02:00,6180.75,6189.75,6145.5,6171,-1,-1,5975.01439260219
2025-05-21T15:30:00+02:00,6133.25,6175,6066.5,6071.75,-1,-2,5984.227307592458
2025-05-22T15:30:00+02:00,6074.25,6113.75,6061.5,6077.75,1,1,5993.13423067889
2025-05-23T15:30:00+02:00,6002.75,6062.5,5999.25,6030.5,1,2,5996.6928753761385
2025-05-27T15:30:00+02:00,6105,6160.5,6087,6158.75,1,3,6012.126887245077
2025-05-28T15:30:00+02:00,6159,6171.25,6112,6121.5,-1,-1,6022.543374174117
2025-05-29T15:30:00+02:00,6173.75,6175,6102.75,6136.5,-1,-2,6033.396386157535
2025-05-30T15:30:00+02:00,6129.25,6151.5,6072,6135.5,1,1,6043.120539856817
2025-06-02T15:30:00+02:00,6116.25,6171.75,6089.25,6170.25,1,2,6055.228107489501
2025-06-03T15:30:00+02:00,6162.25,6210,6157,6196.5,1,3,6068.682573442882
2025-06-04T15:30:00+02:00,6208,6217.75,6193,6197.25,-1,-1,6080.9270902578455
2025-06-05T15:30:00+02:00,6213.75,6227.75,6147.5,6169,-1,-2,6089.314986423765
2025-06-06T15:30:00+02:00,6221.5,6243.75,6203.25,6227,1,1,6102.427844859597
2025-06-09T15:30:00+02:00,6231.5,6246.5,6218.75,6228,-1,-1,6114.387097730111
2025-06-10T15:30:00+02:00,6235,6268.25,6223.75,6256.25,1,1,6127.897850327244
2025-06-11T15:30:00+02:00,6274.25,6283.5,6225,6248.25,-1,-1,6139.359959819887
2025-06-12T15:30:00+02:00,6232.75,6270,6227.25,6266.5,1,1,6151.468535075136
2025-06-13T15:30:00+02:00,6214.75,6248.5,6184,6206.5,-1,-1,6156.709626972742
2025-06-16T15:30:00+02:00,6233.75,6275.5,6232.75,6260.25,1,1,6166.5706148801
2025-06-17T15:30:00+02:00,6231.5,6247.75,6196.75,6204.25,-1,-1,6170.159127748662
2025-06-18T15:30:00+02:00,6211.5,6240.25,6192.75,6206.75,-1,-2,6173.64397272498
2025-06-20T15:30:00+02:00,6227,6237.5,6169.75,6189,-1,-3,6175.106451513077
2025-06-23T15:30:00+02:00,6191.5,6248,6159.75,6243.25,1,1,6181.596313273737
2025-06-24T15:30:00+02:00,6285,6321.75,6275.75,6310.5,1,2,6193.872854866714
2025-06-25T15:30:00+02:00,6321.5,6326.75,6297.25,6311.75,-1,-1,6205.099249641313
2025-06-26T15:30:00+02:00,6332,6366.5,6325.75,6356.75,1,1,6219.542178246902
2025-06-27T15:30:00+02:00,6370.75,6405.5,6349.75,6386,1,2,6235.395304128149
2025-06-30T15:30:00+02:00,6414.75,6432,6390.75,6412.75,-1,-1,6252.286227544516
2025-07-01T15:30:00+02:00,6401.75,6428,6394,6411.5,1,1,6267.449443968848
2025-07-02T15:30:00+02:00,6411.5,6443,6404.75,6439.25,1,2,6283.8114016861
2025-07-03T15:30:00+02:00,6459.75,6499.75,6459.25,6490,1,3,6303.448411049329
2025-07-07T15:30:00+02:00,6468.5,6476.25,6412.75,6436,-1,-1,6316.072371901773
2025-07-08T15:30:00+02:00,6447.5,6455.25,6429,6438.75,-1,-2,6327.755955530176
2025-07-09T15:30:00+02:00,6461.75,6481.75,6442.5,6476.25,1,1,6341.898245479683
2025-07-10T15:30:00+02:00,6474.25,6502,6462.5,6486.75,1,2,6355.693650672094
2025-07-11T15:30:00+02:00,6457,6479.25,6445,6463.75,1,3,6365.984731560466
2025-07-14T15:30:00+02:00,6460.75,6481.5,6447,6475,1,4,6376.367138078516
2025-07-15T15:30:00+02:00,6504.5,6508.25,6442.75,6443.75,-1,-1,6382.78455349961
2025-07-16T15:30:00+02:00,6465,6475.25,6407.5,6467.5,1,1,6390.8526912615525
2025-07-17T15:30:00+02:00,6471,6512,6468.5,6507,1,2,6401.914339712834
2025-07-18T15:30:00+02:00,6518.5,6520,6489.75,6500.75,-1,-1,6411.327259740183
2025-07-21T15:30:00+02:00,6512,6540.5,6507.5,6514.5,1,1,6421.153235003023
2025-07-22T15:30:00+02:00,6514.5,6520.25,6485.25,6511.25,-1,-1,6429.733879288449
2025-07-23T15:30:00+02:00,6539.25,6572.5,6520,6570.5,1,1,6443.140176499073
2025-07-24T15:30:00+02:00,6568.75,6584.75,6562.75,6570.75,1,2,6455.293493022971
2025-07-25T15:30:00+02:00,6571.5,6597.5,6569,6591.5,1,3,6468.265541306498
2025-07-28T15:30:00+02:00,6595.5,6600.75,6575.25,6589.75,-1,-1,6479.835489753498
2025-07-29T15:30:00+02:00,6603.25,6606.5,6562.75,6570.25,-1,-2,6488.44639549126
2025-07-30T15:30:00+02:00,6578.5,6601.75,6533.25,6598.25,1,1,6498.903881634949
2025-07-31T15:30:00+02:00,6613.25,6617.5,6524.75,6533.25,-1,-1,6502.174940526859
2025-08-01T15:30:00+02:00,6477.5,6478,6406,6434.5,-1,-2,6495.72970809573
2025-08-04T15:30:00+02:00,6469.75,6532,6468.5,6530.5,1,1,6499.041164467565
2025-08-05T15:30:00+02:00,6530.25,6538.25,6482,6495.75,-1,-1,6498.727720232559
2025-08-06T15:30:00+02:00,6501.5,6546,6492.25,6536.5,1,1,6502.32508021041
2025-08-07T15:30:00+02:00,6573.75,6581,6501,6541,-1,-1,6506.008405904657
2025-08-08T15:30:00+02:00,6549.5,6591.75,6546.25,6591.75,1,1,6514.174272008975
2025-08-11T15:30:00+02:00,6582.75,6598,6554,6563.5,-1,-1,6518.871960389073
2025-08-12T15:30:00+02:00,6590.25,6636.5,6575,6633,1,1,6529.741297494876
2025-08-13T15:30:00+02:00,6656,6669,6633.25,6653.25,-1,-1,6541.504031066792
2025-08-14T15:30:00+02:00,6634,6662.5,6629.25,6648,1,1,6551.6465042985255
2025-08-15T15:30:00+02:00,6663.25,6664.5,6628,6635,-1,-1,6559.584932460571
2025-08-18T15:30:00+02:00,6631,6641.75,6623.75,6635.5,1,1,6566.814938892897
2025-08-19T15:30:00+02:00,6632.75,6642.75,6585.75,6600.25,-1,-1,6569.999230426906
2025-08-20T15:30:00+02:00,6594.5,6597.25,6529.25,6579.75,-1,-2,6570.927875148153
2025-08-21T15:30:00+02:00,6561.75,6578.75,6536.75,6557.5,-1,-3,6569.649029895948
2025-08-22T15:30:00+02:00,6574.25,6662.75,6569,6650.75,1,1,6577.37293181062
2025-08-25T15:30:00+02:00,6636.5,6649.25,6619.5,6625.5,-1,-1,6581.95646211437
2025-08-26T15:30:00+02:00,6617.25,6653,6611,6652.5,1,1,6588.674894293954
2025-08-27T15:30:00+02:00,6640.5,6669,6639.25,6660.25,1,2,6595.491571027863
2025-08-28T15:30:00+02:00,6666.5,6689.5,6647.25,6683.25,1,3,6603.849516644257
2025-08-29T15:30:00+02:00,6665.5,6669.25,6622,6641.25,-1,-1,6607.4114674400425
2025-09-02T15:30:00+02:00,6564.75,6610.25,6538.25,6605.5,1,1,6607.229422921943
2025-09-03T15:30:00+02:00,6615.25,6630.75,6593,6627,1,2,6609.112335024615
2025-09-04T15:30:00+02:00,6632.25,6682.75,6622.75,6681.25,1,3,6615.982588831795
2025-09-05T15:30:00+02:00,6700,6708.25,6618.5,6654.75,-1,-1,6619.674723228766
2025-09-08T15:30:00+02:00,6671,6683,6656.75,6674,1,1,6624.8485591117405
2025-09-09T15:30:00+02:00,6673.75,6695,6655.75,6694.5,1,2,6631.4820296725275
2025-09-10T15:30:00+02:00,6719.75,6728.75,6689,6704,-1,-1,6638.388503037048
2025-09-11T15:30:00+02:00,6724.25,6766.5,6718.5,6758,1,1,6649.780074176377
2025-09-12T15:30:00+02:00,6756.25,6772.5,6749.5,6753.75,-1,-1,6659.681971873864
2025-09-15T15:30:00+02:00,6775.75,6790,6772,6783.75,1,1,6671.497974552544
2025-09-16T15:30:00+02:00,6793.75,6797,6770,6780.25,-1,-1,6681.855310309445
2025-09-17T15:30:00+02:00,6777.75,6795.25,6719.75,6773.25,-1,-2,6690.55956647045
2025-09-18T15:30:00+02:00,6795.5,6826.75,6779,6801.25,1,1,6701.101512520883
2025-09-19T15:30:00+02:00,6815.75,6840.25,6796,6830.25,1,2,6713.401368471275
2025-09-22T15:30:00+02:00,6814.75,6865.5,6814.5,6855.25,1,3,6726.910761950202
2025-09-23T15:30:00+02:00,6859,6865.25,6810.5,6825.25,-1,-1,6736.276403669231
2025-09-24T15:30:00+02:00,6836,6837.25,6786.75,6808,-1,-2,6743.107222367399
2025-09-25T15:30:00+02:00,6768.75,6783.75,6733,6770.25,1,1,6745.692248808599
2025-09-26T15:30:00+02:00,6782.25,6812.5,6766,6810.25,1,2,6751.840606064923
2025-09-29T15:30:00+02:00,6831,6840,6805,6821.75,-1,-1,6758.498643582549
2025-09-30T15:30:00+02:00,6815.5,6852.25,6801.75,6834.25,1,1,6765.7130584794495
2025-10-01T15:30:00+02:00,6815.5,6878.25,6814,6864,1,2,6775.073719576645
2025-10-02T15:30:00+02:00,6887.75,6889,6850.25,6875.75,-1,-1,6784.661936759821
2025-10-03T15:30:00+02:00,6880.75,6908.75,6862.75,6870.5,-1,-2,6792.836990401744
2025-10-06T15:30:00+02:00,6897.25,6906.5,6875.25,6897.75,1,1,6802.828705601578
2025-10-07T15:30:00+02:00,6906,6910.5,6856,6875,-1,-1,6809.702162210951
2025-10-08T15:30:00+02:00,6882,6912.25,6873.25,6912,1,1,6819.444813428956
2025-10-09T15:30:00+02:00,6914.25,6918.25,6869.5,6887.5,-1,-1,6825.926259769056
2025-10-10T15:30:00+02:00,6896.75,6915.25,6698.25,6713.75,-1,-2,6815.242806457717
2025-10-13T15:30:00+02:00,6779,6820.25,6770.5,6801,1,1,6813.886348699839
2025-10-14T15:30:00+02:00,6742.75,6831.25,6702,6789,1,2,6811.516220252235
2025-10-15T15:30:00+02:00,6840.75,6875.5,6760.25,6823.75,-1,-1,6812.681342132974
2025-10-16T15:30:00+02:00,6840.25,6859.25,6740.75,6761.25,-1,-2,6807.783119072691
2025-10-17T15:30:00+02:00,6763.25,6826.75,6749.25,6819.25,1,1,6808.87520297053
2025-10-20T15:30:00+02:00,6842.25,6891.75,6841.75,6886,1,2,6816.220421735242
2025-10-21T15:30:00+02:00,6883,6898.5,6868,6876.5,-1,-1,6821.961333950933
2025-10-22T15:30:00+02:00,6887.75,6888,6799.5,6847.5,-1,-2,6824.393587860368
2025-10-23T15:30:00+02:00,6848,6894.5,6844.75,6883.75,1,1,6830.046579492714
2025-10-24T15:30:00+02:00,6929.5,6950,6921.25,6934.25,1,2,6839.970714779122
2025-10-27T14:30:00+01:00,6991.75,7020.75,6985.75,7018.75,1,3,6856.997313371587
2025-10-28T14:30:00+01:00,7034.5,7053.5,7011.75,7032.75,-1,-1,6873.735664479054
2025-10-29T14:30:00+01:00,7050.75,7060.75,6991,7030.25,-1,-2,6888.641791671525
2025-10-30T14:30:00+01:00,7001.75,7022.5,6959.75,6983.5,-1,-3,6897.675906750428
2025-10-31T14:30:00+01:00,7010.75,7011.25,6952.25,6980.75,-1,-4,6905.587725155149
2025-11-03T15:30:00+01:00,7017,7018.25,6958.25,6994.5,-1,-5,6914.055560854659
2025-11-04T15:30:00+01:00,6919,6958,6903.5,6912,-1,-6,6913.859793154215
2025-11-05T15:30:00+01:00,6907.25,6966.5,6898.5,6931,1,1,6915.492193806195
2025-11-06T15:30:00+01:00,6921,6930.25,6842.25,6868.5,-1,-1,6911.016746777033
2025-11-07T15:30:00+01:00,6832.25,6871.25,6764.25,6869.25,1,1,6907.038961369697
2025-11-10T15:30:00+01:00,6924.5,6974.5,6901.5,6971,1,2,6913.130488858297
2025-11-11T15:30:00+01:00,6951.25,6988.5,6939.25,6987.25,1,3,6920.189489919412
2025-11-12T15:30:00+01:00,7000,7001.5,6960.75,6987.75,-1,-1,6926.623824212801
2025-11-13T15:30:00+01:00,6956,6959.25,6854.75,6885.5,-1,-2,6922.707269525868
2025-11-14T15:30:00+01:00,6800.75,6904.25,6779.25,6873,1,1,6917.973243856737
2025-11-17T15:30:00+01:00,6843,6883.5,6767.25,6808.75,-1,-1,6907.571030156096
2025-11-18T15:30:00+01:00,6765.5,6796.25,6702.75,6742,-1,-2,6891.80236061742
2025-11-19T15:30:00+01:00,6751.25,6817.75,6730.75,6772.75,1,1,6880.464040558618
2025-11-20T15:30:00+01:00,6873.75,6900,6659.25,6665.75,-1,-1,6860.01508431494
2025-11-21T15:30:00+01:00,6690.25,6786.25,6647.75,6735.75,1,1,6848.180314380184
2025-11-24T15:30:00+01:00,6766.5,6840.5,6755.5,6832.25,1,2,6846.663141582072
2025-11-25T15:30:00+01:00,6825.25,6901.25,6783.25,6891.5,1,3,6850.933318574255
2025-11-26T15:30:00+01:00,6913.75,6955.5,6904.5,6939,1,4,6859.3206215671835
2025-11-28T15:30:00+01:00,6943,6972.5,6940,6966,1,5,6869.480562370309
2025-12-01T15:30:00+01:00,6922.25,6964.5,6921.5,6934.5,1,6,6875.672889763613
2025-12-02T15:30:00+01:00,6953,6972.25,6926.75,6948.75,-1,-1,6882.632614548031
2025-12-03T15:30:00+01:00,6938,6982,6929,6973,1,1,6891.239032210123
2025-12-04T15:30:00+01:00,6985,6985.5,6945,6974.5,-1,-1,6899.1686481901115
2025-12-05T15:30:00+01:00,6984,7013.75,6975.25,6989,1,1,6907.724015029148
2025-12-08T15:30:00+01:00,6994.5,6995,6944,6963.5,-1,-1,6913.036013597801
2025-12-09T15:30:00+01:00,6959.25,6981.5,6953.25,6955.5,-1,-2,6917.080202778962
2025-12-10T15:30:00+01:00,6952.25,7016.75,6939.5,7000,1,1,6924.977326323823
2025-12-11T15:30:00+01:00,6976.75,7023.5,6946.75,7021.5,1,2,6934.16996191203
2025-12-12T15:30:00+01:00,7005,7011.75,6913.75,6943.5,-1,-1,6935.0585369680275
2025-12-15T15:30:00+01:00,6979.75,6980.5,6915,6932.25,-1,-2,6934.791057256787
2025-12-16T15:30:00+01:00,6912.25,6931.25,6868.25,6903.75,-1,-3,6931.834766089474
2025-12-17T15:30:00+01:00,6916.25,6922,6826.25,6845.25,-1,-4,6923.588597890477
2025-12-18T15:30:00+01:00,6890.5,6922.75,6862.5,6872.5,-1,-5,6918.723017139003
2025-12-19T15:30:00+01:00,6898,6944.5,6896.5,6940.25,1,1,6920.773205982908
2025-12-22T15:30:00+01:00,6972.5,6987,6959.25,6982,1,2,6926.60432922263
2025-12-23T15:30:00+01:00,6970,7014.5,6969.5,7008.5,1,3,6934.403916915713
2025-12-24T15:30:00+01:00,7009.75,7038.75,7008,7030.75,1,4,6943.579734352312
2025-12-26T15:30:00+01:00,7034.25,7044.75,7019.75,7028.5,-1,-1,6951.667378699711
2025-12-29T15:30:00+01:00,7002,7018.5,6986.75,7005.25,1,1,6956.770485490215
2025-12-30T15:30:00+01:00,7000.5,7012.25,6991.5,6996.25,-1,-1,6960.530439253052
2025-12-31T15:30:00+01:00,6996,6998.25,6941,6948.25,-1,-2,6959.360873609904
2026-01-02T15:30:00+01:00,6978.5,6990.5,6917.5,6953.75,-1,-3,6958.826504694675
2026-01-05T15:30:00+01:00,6985,7014.25,6983.5,6995.25,1,1,6962.295409009468
2026-01-06T15:30:00+01:00,6997.5,7042.25,6996.25,7037.75,1,2,6969.481560532376
2026-01-07T15:30:00+01:00,7039.75,7057.5,7009.75,7010.75,-1,-1,6973.411888100721
2026-01-08T15:30:00+01:00,7004.5,7023.25,6990.75,7015,1,1,6977.372660662557
2026-01-09T15:30:00+01:00,7021,7068.25,7006.5,7054.75,1,2,6984.741931075647
2026-01-12T15:30:00+01:00,7020.25,7076,7019.5,7067.25,1,3,6992.599842401775
2026-01-13T15:30:00+01:00,7069.25,7075,7027.5,7051.75,-1,-1,6998.233190744463
2026-01-14T15:30:00+01:00,7023,7030.5,6974,7015.25,-1,-2,6999.853839244991
2026-01-15T15:30:00+01:00,7059.75,7068,7025.5,7032,-1,-3,7002.915378364515
2026-01-16T15:30:00+01:00,7047.25,7053,7011.25,7026.75,-1,-4,7005.1853423298
2026-01-20T15:30:00+01:00,6922.5,6955.5,6873,6890.25,-1,-5,6994.239119250771
2026-01-21T15:30:00+01:00,6903.5,6996,6888,6969.25,1,1,6991.85920313165
2026-01-22T15:30:00+01:00,7006.75,7019.75,6976.25,6995.25,-1,-1,6992.182136166731
2026-01-23T15:30:00+01:00,6985.75,7014.75,6975.75,6989,1,1,6991.879075579423
2026-01-26T15:30:00+01:00,7008.5,7046.25,7002.75,7030.75,1,2,6995.581068381383
2026-01-27T15:30:00+01:00,7045,7069.25,7039,7057.5,1,3,7001.478109487918
2026-01-28T15:30:00+01:00,7073.5,7081.75,7028,7061,-1,-1,7007.146860965259
2026-01-29T15:30:00+01:00,7065.75,7072.25,6949,7040.25,-1,-2,7010.2995408733295
2026-01-30T15:30:00+01:00,7017,7042,6969.5,7014.25,-1,-3,7010.67577507587
2026-02-02T15:30:00+01:00,6994.25,7068,6992.5,7055.25,1,1,7014.920939354359
2026-02-03T15:30:00+01:00,7060.25,7067.75,6937,6992.5,-1,-1,7012.7856117968
2026-02-04T15:30:00+01:00,7000,7011.5,6913.25,6974,-1,-2,7009.091744006629
2026-02-05T15:30:00+01:00,6904.25,6932,6850.75,6866.5,-1,-3,6995.511577910759
2026-02-06T15:30:00+01:00,6907,7016.25,6901,6997.25,1,1,6995.677141919258
2026-02-09T15:30:00+01:00,6986.25,7051.25,6975,7036.75,1,2,6999.588842688852
2026-02-10T15:30:00+01:00,7040.5,7057.25,7007.75,7017,-1,-1,7001.247048147057
2026-02-11T15:30:00+01:00,7054.5,7062.25,6981.75,7013.25,-1,-2,7002.3901864187665
2026-02-12T15:30:00+01:00,7032.25,7043.5,6892.75,6906.75,-1,-3,6993.281597236027
2026-02-13T15:30:00+01:00,6902.25,6948.5,6859.5,6903.25,1,1,6984.707159404024
2026-02-17T15:30:00+01:00,6885.75,6934.5,6841.75,6912.5,1,2,6977.830287079832
2026-02-18T15:30:00+01:00,6924.5,6976.5,6912.25,6944,1,3,6974.60835497699
2026-02-19T15:30:00+01:00,6921.5,6945.25,6898.5,6929,1,4,6970.264702122038
2026-02-20T15:30:00+01:00,6903.5,6982.25,6898,6978.75,1,5,6971.072825729463
2026-02-23T15:30:00+01:00,6958.75,6981,6883.5,6908.75,-1,-1,6965.137318517133
2026-02-24T15:30:00+01:00,6898.25,6963.5,6879.25,6952.5,1,1,6963.933764372644
2026-02-25T15:30:00+01:00,6981.25,7016.5,6980.5,7012.5,1,2,6968.559120146678
2026-02-26T15:30:00+01:00,7011.75,7012,6921.5,6969,-1,-1,6968.601108704137
2026-02-27T15:30:00+01:00,6906.5,6944.75,6892.25,6936,1,1,6965.496241208505
2026-03-02T15:30:00+01:00,6861.75,6962,6855.25,6933.75,1,2,6962.472789664838
2026-03-03T15:30:00+01:00,6823.5,6900.5,6769.5,6872,1,3,6953.856333506283
2026-03-04T15:30:00+01:00,6889.5,6944.75,6868.5,6929.25,1,4,6951.512873172351
2026-03-05T15:30:00+01:00,6893,6928.25,6827.75,6879.25,-1,-1,6944.630694774984
2026-03-06T15:30:00+01:00,6803,6831.25,6766.5,6791.25,-1,-2,6930.023009558318
2026-03-09T14:30:00+01:00,6732.25,6869.25,6691.75,6842.25,1,1,6921.663675314669
2026-03-10T14:30:00+01:00,6845.75,6902.75,6815.75,6850.5,1,2,6914.886182427557
2026-03-11T14:30:00+01:00,6843.25,6868.75,6800.5,6827.75,-1,-1,6906.587498386838
2026-03-12T14:30:00+01:00,6777.5,6782.75,6722.5,6726.75,-1,-2,6889.460117588092
2026-03-13T14:30:00+01:00,6757.25,6788.25,6677.75,6681.75,-1,-3,6869.678201627321
2026-03-16T14:30:00+01:00,6748,6785,6735.25,6756.75,1,1,6858.923134805671
2026-03-17T14:30:00+01:00,6787.75,6808.5,6764.25,6774.25,-1,-1,6850.85902672894
2026-03-18T14:30:00+01:00,6746.5,6759.75,6663.25,6664.75,-1,-2,6833.13435751666
2026-03-19T14:30:00+01:00,6629.25,6692,6611.75,6670.25,1,1,6817.6215615626925
2026-03-20T14:30:00+01:00,6642.75,6643,6523.75,6575.75,-1,-1,6794.586174747198
2026-03-23T14:30:00+01:00,6658,6704.75,6616,6632.25,-1,-2,6779.125586676037
2026-03-24T14:30:00+01:00,6589.25,6646,6573.5,6610.75,1,1,6763.089816516414
2026-03-25T14:30:00+01:00,6661.75,6684.75,6616.5,6641.25,-1,-1,6751.486024467232
2026-03-26T14:30:00+01:00,6593,6622,6517,6554.25,-1,-2,6732.701641184638
2026-03-27T14:30:00+01:00,6494.75,6495.75,6398.25,6402.25,-1,-3,6701.230056309911
2026-03-30T15:30:00+02:00,6467.75,6471.25,6359.5,6378,-1,-4,6670.446241423252
2026-03-31T15:30:00+02:00,6457.25,6583.25,6447,6571.5,1,1,6661.022789859133
2026-04-01T15:30:00+02:00,6606.25,6653.75,6598,6622.25,1,2,6657.330143205882
2026-04-02T15:30:00+02:00,6527.75,6644.5,6514.25,6623.25,1,3,6654.0844152815125
2026-04-06T15:30:00+02:00,6621.75,6661,6617.75,6648.25,1,4,6653.528756683273
2026-04-07T15:30:00+02:00,6629.5,6664.75,6572.75,6662.75,1,5,6654.406970332485
2026-04-08T15:30:00+02:00,6829.5,6836.75,6780,6820.5,-1,-1,6670.225354110344
2026-04-09T15:30:00+02:00,6812.75,6876,6801.75,6859.25,1,1,6688.22770133793
2026-04-10T15:30:00+02:00,6875,6883,6846.25,6856.25,-1,-1,6704.229825020032
2026-04-13T15:30:00+02:00,6834.75,6925.5,6826.5,6923.25,1,1,6725.088889303838
2026-04-14T15:30:00+02:00,6937.75,7008,6937.5,7003.25,1,2,6751.580423655853
2026-04-15T15:30:00+02:00,7014.25,7064.5,7004,7056,1,3,6780.572764260058
2026-04-16T15:30:00+02:00,7071.5,7089,7046.5,7075.5,1,4,6808.661072425766
2026-04-17T15:30:00+02:00,7121.25,7185.75,7117,7165.25,1,5,6842.621922670931
2026-04-20T15:30:00+02:00,7148.25,7159.5,7121.5,7146.5,-1,-1,6871.562691940366
2026-04-21T15:30:00+02:00,7162.5,7172.5,7085,7124.75,-1,-2,6895.675768898426
2026-04-22T15:30:00+02:00,7150.25,7173,7140.75,7163.75,1,1,6921.2066480509575
2026-04-23T15:30:00+02:00,7152.25,7181.5,7079.25,7134,-1,-1,6941.472681569914
2026-04-24T15:30:00+02:00,7162.5,7200.5,7145,7192.5,1,1,6965.380045229922
2026-04-27T15:30:00+02:00,7186.25,7211.25,7177,7204.75,1,2,6988.177183779453
2026-04-28T15:30:00+02:00,7172,7183,7146.25,7173.25,1,3,7005.803166276648
2026-04-29T15:30:00+02:00,7163.25,7190.75,7135.25,7137.75,-1,-1,7018.369531393158
2026-04-30T15:30:00+02:00,7200,7251.75,7157.25,7245,1,1,7039.9533855461905
2026-05-01T15:30:00+02:00,7264.5,7300.75,7252,7254.25,-1,-1,7060.3625869227435
2026-05-04T15:30:00+02:00,7250.5,7271,7199.5,7225.25,-1,-2,7076.066150072958
2026-05-05T15:30:00+02:00,7267.5,7299.75,7264.25,7290.25,1,1,7096.464611970772
2026-05-06T15:30:00+02:00,7331,7395.75,7327.25,7394,1,2,7124.801315592604
2026-05-07T15:30:00+02:00,7399.25,7410,7345.5,7369.5,-1,-1,7148.105952202832
2026-05-08T15:30:00+02:00,7395.75,7427.75,7391.75,7420.5,1,1,7174.048242469229
2026-05-11T15:30:00+02:00,7410,7454.75,7410,7434.5,1,2,7198.8531717578735
2026-05-12T15:30:00+02:00,7414,7433.75,7363.25,7420,1,3,7219.9147744475995
2026-05-13T15:30:00+02:00,7429.25,7483.75,7399,7472.5,1,4,7243.970510214494
2026-05-14T15:30:00+02:00,7481,7540,7479.75,7527,1,5,7270.925699717876
2026-05-15T15:30:00+02:00,7459.5,7475.75,7409.25,7419.75,-1,-1,7285.099442601888
2026-05-18T15:30:00+02:00,7438.5,7454.25,7373.5,7422,-1,-2,7298.1375909255175
2026-05-19T15:30:00+02:00,7386.75,7415.25,7354.25,7374.75,-1,-3,7305.434010837373
2026-05-20T15:30:00+02:00,7395,7458,7376.75,7448,1,1,7319.011724090956
2026-05-21T15:30:00+02:00,7423.75,7486.75,7408.5,7468.5,1,2,7333.24870274896
2026-05-22T15:30:00+02:00,7496.75,7524,7478.75,7494.25,-1,-1,7348.582159630011
2026-05-26T15:30:00+02:00,7534,7555.25,7517,7535.75,1,1,7366.407668236677
2026-05-27T15:30:00+02:00,7542,7547,7515,7543,1,2,7383.2259855474695
2026-05-28T15:30:00+02:00,7535.25,7590,7525.25,7589.5,1,3,7402.871129781044
2026-05-29T15:30:00+02:00,7590.75,7611.5,7577.5,7596.25,1,4,7421.288165039992
2026-06-01T15:30:00+02:00,7583,7632.25,7576.25,7615.75,1,5,7439.808339798088
2026-06-02T15:30:00+02:00,7598.25,7632,7595.5,7626.75,1,6,7457.612307436366
2026-06-03T15:30:00+02:00,7608.5,7614.75,7562.5,7567.25,-1,-1,7468.0539924424265
2026-06-04T15:30:00+02:00,7548.25,7611.5,7541.75,7594,1,1,7480.048850305053
2026-06-05T15:30:00+02:00,7547.75,7553,7364.25,7368.25,-1,-1,7469.401340752191
2026-06-08T15:30:00+02:00,7457.25,7476.75,7403.75,7413.25,-1,-2,7464.053594013887
2026-06-09T15:30:00+02:00,7458.5,7491,7247.25,7385.5,-1,-3,7456.572299345898