time,open,high,low,close
2009-10-12,1657.25,1660.5,1652.25,1655.5
2009-10-13,1653.25,1656.25,1647.25,1652.75
2009-10-14,1666.75,1674.0,1662.0,1672.0
2009-10-15,1667.5,1677.5,1667.0,1674.25
2009-10-16,1667.5,1672.5,1661.75,1666.5
2009-10-19,1670.25,1681.0,1667.0,1675.0
2009-10-20,1679.0,1679.5,1666.25,1673.5
2009-10-21,1670.0,1682.75,1656.75,1662.25
2009-10-22,1661.5,1676.5,1654.5,1675.25
2009-10-23,1676.5,1677.25,1655.75,1661.0
2009-10-26,1661.75,1672.75,1645.5,1650.5
2009-10-27,1650.0,1653.5,1641.25,1644.5
2009-10-28,1641.0,1644.5,1622.25,1622.75
2009-10-29,1631.5,1648.25,1629.0,1645.75
2009-10-30,1642.75,1646.0,1613.75,1616.5
2009-11-02,1620.75,1633.75,1610.25,1623.5
2009-11-03,1617.0,1627.25,1615.0,1625.75
2009-11-04,1634.5,1642.75,1625.75,1631.5
2009-11-05,1635.75,1648.25,1633.75,1648.0
2009-11-06,1641.75,1653.5,1639.75,1650.75
2009-11-09,1659.0,1676.25,1658.25,1676.0
2009-11-10,1672.75,1678.75,1669.25,1676.25
2009-11-11,1682.5,1687.5,1675.5,1680.25
2009-11-12,1679.5,1685.25,1666.75,1671.75
2009-11-13,1672.5,1680.25,1667.0,1675.75
2009-11-16,1683.25,1696.5,1682.5,1690.75
2009-11-17,1688.5,1693.25,1684.25,1691.75
2009-11-18,1692.0,1693.75,1685.0,1692.75
2009-11-19,1684.5,1685.0,1670.75,1678.5
2009-11-20,1671.75,1677.0,1669.5,1674.5
2009-11-23,1686.5,1695.75,1685.5,1688.0
2009-11-24,1689.75,1691.0,1679.25,1687.5
2009-11-25,1691.0,1694.5,1687.5,1693.25
2009-11-27,1663.0,1682.5,1662.0,1673.75
2009-11-30,1674.25,1680.75,1669.25,1677.25
2009-12-01,1688.5,1696.0,1686.5,1693.0
2009-12-02,1692.5,1699.75,1688.5,1692.0
2009-12-03,1694.75,1701.25,1681.75,1682.0
2009-12-04,1697.75,1703.25,1679.5,1692.5
2009-12-07,1688.75,1694.75,1684.25,1688.0
2009-12-08,1680.25,1681.75,1672.0,1674.5
2009-12-09,1675.0,1681.25,1669.25,1680.0
2009-12-10,1686.25,1690.5,1683.75,1686.75
2009-12-11,1690.5,1693.0,1685.5,1692.75
2009-12-14,1697.75,1699.25,1693.0,1697.5
2009-12-15,1694.25,1698.75,1689.5,1693.0
2009-12-16,1697.5,1701.0,1692.25,1695.0
2009-12-17,1686.75,1688.75,1680.0,1683.75
2009-12-18,1687.25,1688.25,1677.75,1687.0
2009-12-21,1692.75,1702.5,1692.5,1696.75
2009-12-22,1700.75,1705.0,1699.75,1703.0
2009-12-23,1705.25,1706.5,1700.5,1705.0
2009-12-24,1707.5,1711.75,1707.25,1711.25
2009-12-28,1714.5,1715.5,1708.75,1712.25
2009-12-29,1715.5,1715.75,1709.75,1710.75
2009-12-30,1707.75,1711.75,1707.0,1711.0
2009-12-31,1713.0,1713.25,1699.0,1702.75
2010-01-04,1708.75,1719.0,1708.5,1718.0
2010-01-05,1717.75,1722.25,1714.25,1721.5
2010-01-06,1720.0,1724.75,1719.0,1722.25
2010-01-07,1719.75,1728.0,1716.75,1727.0
2010-01-08,1723.75,1731.0,1721.25,1730.75
2010-01-11,1735.5,1736.0,1727.0,1731.75
2010-01-12,1724.5,1727.0,1717.0,1723.25
2010-01-13,1724.5,1734.5,1718.5,1730.5
2010-01-14,1729.75,1736.25,1729.0,1734.75
2010-01-15,1732.0,1733.25,1716.75,1721.25
2010-01-19,1720.75,1736.25,1720.5,1735.0
2010-01-20,1727.5,1727.75,1714.5,1723.5
2010-01-21,1723.75,1727.5,1699.5,1699.75
2010-01-22,1697.0,1701.0,1675.5,1680.5
2010-01-25,1687.0,1688.75,1679.0,1682.0
2010-01-26,1678.0,1689.25,1674.75,1676.25
2010-01-27,1676.25,1685.5,1667.75,1684.0
2010-01-28,1686.5,1687.0,1663.5,1668.0
2010-01-29,1675.0,1682.5,1655.75,1658.0
2010-02-01,1666.0,1675.75,1665.25,1675.75
2010-02-02,1677.25,1690.75,1673.5,1686.5
2010-02-03,1683.25,1688.75,1679.75,1685.75
2010-02-04,1674.25,1675.0,1648.5,1651.0
2010-02-05,1650.0,1653.25,1630.0,1648.75
2010-02-08,1652.0,1657.75,1642.25,1645.25
2010-02-09,1655.75,1666.25,1647.25,1656.0
2010-02-10,1655.0,1660.75,1645.5,1652.5
2010-02-11,1653.25,1667.25,1646.75,1665.5
2010-02-12,1654.25,1668.5,1649.25,1668.5
2010-02-16,1673.25,1683.25,1668.75,1682.75
2010-02-17,1687.25,1689.0,1682.0,1689.0
2010-02-18,1685.5,1696.0,1685.0,1695.0
2010-02-19,1690.75,1700.25,1688.0,1695.5
2010-02-22,1699.75,1700.25,1692.75,1697.0
2010-02-23,1693.0,1696.75,1679.5,1686.25
2010-02-24,1686.0,1694.75,1683.0,1692.75
2010-02-25,1676.75,1692.25,1673.75,1691.5
2010-02-26,1692.5,1695.75,1685.5,1694.5
2010-03-01,1696.25,1704.75,1696.0,1703.75
2010-03-02,1708.0,1712.0,1704.5,1706.5
2010-03-03,1709.5,1714.25,1704.75,1708.0
2010-03-04,1708.75,1712.75,1704.75,1711.5
2010-03-05,1718.5,1728.0,1715.25,1725.5
2010-03-08,1727.25,1729.75,1725.25,1726.25
2010-03-09,1723.5,1734.5,1723.25,1729.5
2010-03-10,1729.5,1737.25,1728.5,1734.75
2010-03-11,1731.5,1740.25,1727.75,1740.25
2010-03-12,1743.75,1744.25,1736.0,1740.75
2010-03-15,1737.0,1740.25,1730.5,1739.5
2010-03-16,1742.75,1749.5,1739.25,1748.75
2010-03-17,1751.75,1759.25,1751.25,1754.75
2010-03-18,1755.25,1757.0,1750.0,1755.25
2010-03-19,1758.5,1758.75,1744.0,1750.0
2010-03-22,1742.0,1757.0,1741.5,1755.75
2010-03-23,1756.5,1764.25,1752.75,1763.25
2010-03-24,1758.75,1762.5,1754.75,1758.5
2010-03-25,1765.25,1770.25,1754.0,1756.25
2010-03-26,1757.5,1763.5,1750.25,1757.25
2010-03-29,1760.75,1764.75,1759.0,1762.25
2010-03-30,1763.75,1767.5,1758.0,1763.0
2010-03-31,1758.5,1764.25,1755.0,1761.5
2010-04-01,1767.0,1771.25,1760.0,1767.5
2010-04-05,1771.75,1777.5,1768.25,1777.0
2010-04-06,1773.5,1781.75,1772.0,1779.75
2010-04-07,1777.0,1780.0,1767.0,1772.5
2010-04-08,1768.5,1778.75,1764.75,1777.5
2010-04-09,1779.25,1786.75,1776.75,1786.5
2010-04-12,1786.0,1789.5,1784.5,1786.5
2010-04-13,1785.0,1789.5,1778.75,1786.5
2010-04-14,1791.75,1801.0,1789.75,1800.25
2010-04-15,1798.75,1804.25,1798.25,1802.0
2010-04-16,1797.75,1799.75,1776.5,1783.5
2010-04-19,1779.0,1790.25,1773.5,1789.75
2010-04-20,1794.75,1799.5,1790.75,1799.25
2010-04-21,1798.5,1801.25,1788.75,1793.25
2010-04-22,1787.25,1800.75,1780.0,1796.0
2010-04-23,1798.25,1807.5,1795.0,1806.5
2010-04-26,1807.5,1810.25,1801.25,1801.25
2010-04-27,1795.5,1801.75,1771.5,1774.75
2010-04-28,1779.25,1785.75,1771.5,1784.0
2010-04-29,1789.75,1800.0,1789.5,1799.25
2010-05-03,1782.75,1795.75,1780.75,1792.25
2010-05-04,1779.0,1779.25,1758.0,1765.75
2010-05-05,1754.5,1766.75,1748.5,1757.75
2010-05-06,1751.25,1758.75,1649.75,1716.5
2010-05-07,1715.5,1726.5,1684.5,1701.25
2010-05-10,1747.0,1755.5,1738.0,1750.0
2010-05-11,1739.75,1762.75,1738.0,1745.75
2010-05-12,1751.75,1765.0,1749.75,1763.5
2010-05-13,1760.25,1765.75,1747.5,1750.0
2010-05-14,1740.25,1742.25,1717.5,1729.0
2010-05-17,1730.75,1734.0,1706.5,1728.25
2010-05-18,1737.75,1741.25,1709.0,1711.75
2010-05-19,1706.5,1716.5,1692.5,1703.5
2010-05-20,1682.5,1687.75,1661.0,1663.25
2010-05-21,1647.75,1682.5,1645.0,1678.0
2010-05-24,1673.75,1682.5,1663.75,1664.25
2010-05-25,1639.75,1668.5,1632.25,1666.25
2010-05-26,1673.5,1683.25,1654.25,1654.75
2010-05-27,1680.75,1696.75,1676.25,1694.25
2010-05-28,1695.0,1695.5,1677.0,1681.25
2010-06-01,1672.0,1688.25,1662.25,1663.0
2010-06-02,1669.25,1692.0,1664.5,1690.5
2010-06-03,1695.0,1699.0,1684.5,1697.75
2010-06-04,1674.75,1681.75,1653.0,1659.75
2010-06-07,1660.5,1664.5,1640.75,1641.0
2010-06-08,1644.0,1657.0,1635.0,1653.0
2010-06-09,1660.75,1671.5,1645.0,1648.75
2010-06-10,1667.0,1681.5,1665.5,1677.75
2010-06-11,1670.25,1686.0,1669.75,1683.25
2010-06-14,1693.75,1699.75,1682.5,1684.25
2010-06-15,1691.0,1709.5,1689.25,1707.25
2010-06-16,1702.5,1712.75,1700.5,1707.75
2010-06-17,1711.0,1711.75,1698.75,1709.75
2010-06-18,1711.5,1714.75,1707.0,1708.25
2010-06-21,1724.5,1725.5,1701.25,1708.5
2010-06-22,1707.5,1712.5,1687.5,1688.25
2010-06-23,1690.0,1693.75,1678.25,1685.0
2010-06-24,1680.5,1681.75,1664.5,1668.25
2010-06-25,1670.75,1677.5,1660.75,1672.75
2010-06-28,1673.5,1676.5,1664.5,1668.5
2010-06-29,1653.5,1653.75,1628.25,1632.75
2010-06-30,1632.25,1641.75,1621.0,1622.5
2010-07-01,1624.25,1627.75,1604.0,1620.0
2010-07-02,1624.0,1627.0,1608.75,1612.25
2010-07-06,1629.25,1636.5,1611.5,1622.25
2010-07-07,1623.75,1657.75,1622.75,1657.5
2010-07-08,1662.75,1666.5,1652.0,1665.0
2010-07-09,1664.25,1673.0,1662.25,1670.0
2010-07-12,1669.0,1675.25,1664.5,1674.25
2010-07-13,1684.25,1694.0,1682.25,1687.5
2010-07-14,1686.0,1693.5,1681.5,1689.0
2010-07-15,1689.25,1693.5,1674.25,1688.25
2010-07-16,1683.75,1684.5,1657.0,1661.25
2010-07-19,1663.25,1669.0,1655.0,1662.25
2010-07-20,1651.5,1678.75,1651.0,1678.5
2010-07-21,1683.25,1683.5,1659.0,1661.75
2010-07-22,1676.25,1692.5,1676.0,1686.5
2010-07-23,1685.5,1699.5,1682.0,1699.0
2010-07-26,1698.75,1709.75,1695.75,1707.5
2010-07-27,1714.5,1715.75,1704.0,1709.0
2010-07-28,1706.0,1709.5,1697.25,1700.25
2010-07-29,1708.0,1711.0,1686.75,1694.75
2010-07-30,1684.5,1701.5,1682.5,1698.0
2010-08-02,1712.5,1722.25,1708.25,1719.5
2010-08-03,1717.75,1720.75,1711.25,1716.25
2010-08-04,1718.25,1724.0,1714.25,1723.0
2010-08-05,1715.0,1722.0,1713.5,1721.75
2010-08-06,1710.25,1718.5,1701.75,1717.75
2010-08-09,1722.0,1724.75,1716.0,1723.75
2010-08-10,1713.0,1722.5,1706.25,1717.25
2010-08-11,1699.0,1699.5,1682.5,1682.75
2010-08-12,1669.25,1682.75,1668.5,1677.25
2010-08-13,1675.25,1682.25,1673.5,1674.0
2010-08-16,1668.25,1678.75,1664.25,1675.25
2010-08-17,1684.25,1696.5,1681.25,1686.75
2010-08-18,1688.0,1696.5,1681.75,1684.25
2010-08-19,1684.5,1687.5,1666.5,1669.0
2010-08-20,1668.25,1669.5,1659.75,1668.5
2010-08-23,1672.75,1678.25,1662.25,1663.5
2010-08-24,1652.0,1656.25,1642.0,1647.75
2010-08-25,1642.0,1655.75,1635.0,1653.25
2010-08-26,1656.75,1658.25,1641.0,1642.75
2010-08-27,1651.5,1662.5,1635.25,1662.0
2010-08-30,1658.25,1661.5,1642.5,1642.75
2010-08-31,1641.75,1652.25,1637.25,1650.5
2010-09-01,1659.75,1680.5,1659.0,1680.0
2010-09-02,1679.75,1688.5,1677.25,1688.0
2010-09-03,1698.0,1702.5,1691.75,1701.25
2010-09-07,1696.0,1697.5,1687.75,1689.25
2010-09-08,1690.75,1701.0,1690.25,1697.25
2010-09-09,1708.75,1709.5,1698.5,1700.75
2010-09-10,1703.75,1708.5,1701.0,1707.75
2010-09-13,1718.0,1722.0,1713.75,1718.75
2010-09-14,1717.5,1725.5,1713.25,1718.75
2010-09-15,1715.75,1724.5,1712.0,1724.0
2010-09-16,1719.5,1727.0,1715.75,1725.25
2010-09-17,1728.75,1729.75,1720.0,1722.75
2010-09-20,1727.0,1743.25,1724.25,1739.25
2010-09-21,1741.5,1747.0,1733.5,1737.75
2010-09-22,1736.5,1742.75,1729.5,1732.75
2010-09-23,1723.5,1735.25,1720.25,1723.5
2010-09-24,1735.75,1747.5,1734.75,1746.0
2010-09-27,1747.0,1748.25,1740.0,1740.75
2010-09-28,1742.5,1749.0,1730.25,1744.5
2010-09-29,1742.25,1747.5,1738.5,1744.0
2010-09-30,1749.0,1756.5,1734.25,1738.25
2010-10-01,1747.75,1749.5,1737.5,1745.5
2010-10-04,1742.0,1747.0,1730.0,1737.5
2010-10-05,1746.25,1761.75,1745.0,1758.0
2010-10-06,1758.75,1761.75,1754.0,1759.0
2010-10-07,1763.25,1763.75,1750.25,1759.75
2010-10-08,1759.0,1767.0,1754.5,1763.75
2010-10-11,1765.5,1768.0,1760.75,1765.5
2010-10-12,1761.25,1772.0,1754.75,1767.5
2010-10-13,1775.0,1784.0,1772.25,1777.5
2010-10-14,1776.5,1778.5,1765.5,1776.25
2010-10-15,1781.25,1782.0,1766.0,1778.0
2010-10-18,1775.75,1785.25,1773.5,1781.75
2010-10-19,1770.25,1776.75,1758.5,1767.0
2010-10-20,1767.75,1783.0,1767.0,1778.0
2010-10-21,1782.25,1789.25,1770.25,1778.5
2010-10-22,1781.25,1784.5,1778.5,1784.25
2010-10-25,1789.75,1796.0,1784.25,1786.5
2010-10-26,1779.5,1786.75,1777.0,1786.25
2010-10-27,1777.25,1783.5,1770.75,1782.0
2010-10-28,1788.75,1789.5,1776.5,1782.25
2010-10-29,1781.0,1785.5,1778.75,1783.5
2010-11-01,1789.25,1795.75,1776.75,1786.0
2010-11-02,1792.75,1796.5,1789.25,1796.0
2010-11-03,1795.25,1801.0,1782.5,1800.75
2010-11-04,1810.75,1821.75,1809.5,1821.5
2010-11-05,1821.5,1827.5,1820.0,1825.25
2010-11-08,1821.75,1825.0,1817.75,1823.0
2010-11-09,1826.5,1827.75,1809.25,1813.75
2010-11-10,1814.0,1820.0,1804.75,1817.0
2010-11-11,1808.5,1816.25,1805.0,1813.75
2010-11-12,1806.25,1811.75,1794.5,1797.75
2010-11-15,1804.0,1808.75,1797.75,1799.0
2010-11-16,1791.0,1793.0,1774.0,1778.0
2010-11-17,1780.0,1785.0,1776.5,1781.0
2010-11-18,1791.5,1802.0,1791.5,1800.75
2010-11-19,1797.25,1803.0,1790.5,1801.25
2010-11-22,1795.0,1801.5,1785.5,1800.25
2010-11-23,1785.75,1788.0,1777.75,1781.0
2010-11-24,1789.75,1800.5,1789.5,1799.25
2010-11-26,1789.75,1796.25,1786.0,1786.25
2010-11-29,1783.25,1793.0,1775.25,1789.75
2010-11-30,1777.75,1790.0,1776.0,1780.0
2010-12-01,1800.0,1810.75,1799.75,1807.75
2010-12-02,1810.0,1826.25,1809.25,1826.0
2010-12-03,1819.5,1828.5,1819.25,1826.75
2010-12-06,1824.25,1828.5,1823.0,1825.25
2010-12-07,1837.0,1838.0,1825.0,1825.5
2010-12-08,1828.0,1832.25,1822.0,1831.5
2010-12-09,1837.5,1838.25,1829.5,1835.5
2010-12-10,1839.25,1844.5,1835.25,1843.75
2010-12-13,1848.25,1850.0,1843.0,1843.75
2010-12-14,1845.5,1850.25,1840.75,1844.75
2010-12-15,1842.25,1847.5,1836.75,1840.0
2010-12-16,1840.0,1847.75,1835.5,1846.5
2010-12-17,1845.25,1849.0,1842.5,1846.25
2010-12-20,1851.0,1853.75,1844.25,1849.25
2010-12-21,1854.25,1859.25,1853.25,1858.75
2010-12-22,1859.25,1863.0,1858.5,1862.75
2010-12-23,1860.75,1862.25,1857.25,1860.75
2010-12-27,1855.5,1862.25,1855.0,1861.75
2010-12-28,1863.5,1864.0,1859.5,1862.25
2010-12-29,1864.25,1866.5,1863.0,1863.75
2010-12-30,1862.5,1865.0,1859.5,1862.75
2010-12-31,1859.25,1865.75,1857.5,1865.75
2011-01-03,1871.5,1880.5,1870.75,1873.0
2011-01-04,1877.75,1878.0,1866.25,1873.5
2011-01-05,1870.0,1881.75,1868.75,1879.75
2011-01-06,1881.0,1882.5,1874.25,1878.0
2011-01-07,1879.75,1882.0,1865.75,1875.25
2011-01-10,1870.0,1876.0,1866.0,1873.75
2011-01-11,1878.75,1881.75,1873.5,1878.0
2011-01-12,1886.5,1892.25,1884.0,1891.5
2011-01-13,1890.5,1891.0,1884.25,1888.75
2011-01-14,1886.0,1898.0,1885.0,1898.0
2011-01-18,1895.75,1903.0,1894.5,1903.0
2011-01-19,1898.25,1899.25,1883.0,1887.25
2011-01-20,1883.75,1888.25,1875.5,1883.75
2011-01-21,1893.0,1896.0,1886.5,1888.0
2011-01-24,1887.0,1897.75,1886.75,1896.75
2011-01-25,1891.5,1896.5,1885.0,1895.25
2011-01-26,1898.75,1904.75,1896.25,1901.5
2011-01-27,1901.25,1906.25,1898.75,1903.5
2011-01-28,1905.5,1907.5,1878.5,1878.5
2011-01-31,1884.75,1891.75,1881.25,1890.75
2011-02-01,1898.75,1914.0,1897.75,1910.25
2011-02-02,1908.0,1912.25,1907.25,1908.0
2011-02-03,1906.5,1913.75,1899.5,1911.25
2011-02-04,1912.5,1916.25,1906.0,1915.5
2011-02-07,1918.5,1928.0,1918.0,1923.75
2011-02-08,1925.0,1930.25,1921.0,1930.0
2011-02-09,1925.75,1930.0,1919.75,1927.25
2011-02-10,1919.5,1928.5,1916.5,1926.75
2011-02-11,1921.75,1936.75,1921.25,1935.75
2011-02-14,1934.0,1939.25,1932.5,1935.75
2011-02-15,1934.0,1936.0,1930.25,1934.25
2011-02-16,1938.25,1944.0,1935.5,1941.0
2011-02-17,1938.25,1948.0,1937.0,1945.75
2011-02-18,1947.5,1951.0,1944.25,1951.0
2011-02-22,1934.75,1942.5,1918.25,1922.0
2011-02-23,1921.25,1924.5,1905.5,1913.25
2011-02-24,1912.5,1918.0,1900.5,1910.25
2011-02-25,1918.5,1928.0,1917.75,1926.75
2011-02-28,1931.75,1937.0,1927.25,1934.5
2011-03-01,1939.25,1940.5,1908.75,1909.0
2011-03-02,1910.75,1921.75,1909.5,1914.0
2011-03-03,1927.25,1940.0,1927.25,1937.75
2011-03-04,1937.25,1938.5,1919.25,1928.0
2011-03-07,1932.5,1935.25,1910.75,1917.0
2011-03-08,1919.75,1933.75,1914.0,1928.25
2011-03-09,1926.5,1931.5,1919.5,1923.25
2011-03-10,1913.5,1913.75,1900.75,1902.25
2011-03-11,1898.5,1916.75,1898.25,1914.5
2011-03-14,1903.0,1908.0,1894.0,1903.25
2011-03-15,1869.0,1896.75,1868.25,1888.5
2011-03-16,1885.0,1889.25,1856.25,1868.0
2011-03-17,1883.5,1887.5,1874.5,1881.5
2011-03-18,1897.5,1898.0,1883.75,1887.5
2011-03-21,1902.5,1909.25,1900.75,1906.0
2011-03-22,1906.0,1907.75,1900.5,1901.0
2011-03-23,1898.0,1909.0,1892.0,1905.25
2011-03-24,1912.75,1919.75,1905.5,1918.25
2011-03-25,1921.25,1927.5,1918.25,1923.75
2011-03-28,1924.75,1928.25,1915.0,1915.0
2011-03-29,1917.5,1930.75,1913.25,1929.5
2011-03-30,1934.25,1940.75,1932.5,1936.75
2011-03-31,1934.75,1938.75,1933.5,1934.75
2011-04-01,1943.0,1946.75,1937.25,1940.25
2011-04-04,1943.25,1945.75,1937.75,1942.5
2011-04-05,1938.5,1947.25,1938.25,1940.0
2011-04-06,1947.5,1948.75,1939.75,1942.0
2011-04-07,1942.75,1948.25,1935.25,1941.5
2011-04-08,1947.75,1948.75,1931.75,1937.25
2011-04-11,1938.5,1943.25,1930.0,1933.0
2011-04-12,1925.75,1928.5,1918.25,1921.0
2011-04-13,1929.5,1930.5,1918.0,1922.0
2011-04-14,1915.5,1926.25,1911.25,1923.75
2011-04-15,1926.5,1932.25,1922.5,1931.75
2011-04-18,1914.25,1916.75,1903.25,1914.0
2011-04-19,1916.25,1922.5,1912.75,1921.5
2011-04-20,1937.25,1943.5,1936.25,1941.5
2011-04-21,1946.5,1947.0,1941.75,1943.75
2011-04-25,1945.0,1947.0,1940.25,1944.0
2011-04-26,1949.0,1959.25,1947.5,1954.0
2011-04-27,1959.25,1967.25,1953.25,1965.0
2011-04-28,1963.0,1971.5,1962.5,1968.25
2011-04-29,1970.0,1976.75,1968.25,1976.5
2011-05-02,1979.0,1980.25,1967.75,1971.0
2011-05-03,1968.0,1970.25,1958.75,1965.0
2011-05-04,1965.25,1965.75,1950.5,1956.0
2011-05-05,1949.0,1957.75,1938.25,1948.0
2011-05-06,1957.5,1964.75,1944.75,1948.0
2011-05-09,1950.0,1959.25,1947.75,1955.5
2011-05-10,1960.0,1969.5,1958.25,1966.75
2011-05-11,1964.75,1965.25,1946.0,1951.75
2011-05-12,1948.75,1961.75,1941.75,1960.75
2011-05-13,1959.75,1961.5,1943.5,1947.25
2011-05-16,1944.0,1954.25,1937.75,1938.5
2011-05-17,1935.0,1941.75,1929.0,1938.5
2011-05-18,1940.5,1953.5,1937.5,1951.5
2011-05-19,1956.25,1958.5,1947.5,1954.75
2011-05-20,1951.5,1953.25,1940.0,1941.75
2011-05-23,1928.0,1932.75,1923.75,1928.0
2011-05-24,1932.5,1935.5,1924.75,1926.0
2011-05-25,1922.0,1937.5,1921.75,1929.25
2011-05-26,1928.25,1940.5,1925.5,1939.5
2011-05-27,1941.75,1946.75,1939.75,1943.0
2011-05-31,1955.75,1958.75,1946.25,1957.5
2011-06-01,1953.0,1954.0,1924.25,1926.0
2011-06-02,1927.5,1930.0,1917.25,1925.25
2011-06-03,1909.0,1922.0,1908.5,1908.75
2011-06-06,1908.75,1911.25,1896.25,1898.25
2011-06-07,1904.75,1908.5,1895.5,1898.0
2011-06-08,1895.25,1899.5,1889.25,1890.5
2011-06-09,1895.5,1907.0,1892.0,1900.5
2011-06-10,1896.0,1897.0,1880.0,1882.75
2011-06-13,1886.5,1890.25,1878.0,1884.75
2011-06-14,1896.25,1905.25,1895.75,1902.25
2011-06-15,1890.0,1894.0,1874.0,1879.0
2011-06-16,1878.25,1887.25,1870.5,1882.0
2011-06-17,1892.75,1893.25,1879.75,1884.25
2011-06-20,1880.0,1893.5,1879.5,1891.5
2011-06-21,1897.25,1911.0,1895.75,1905.5
2011-06-22,1904.25,1912.0,1897.75,1897.75
2011-06-23,1885.0,1897.5,1875.25,1895.5
2011-06-24,1896.25,1897.5,1879.5,1882.0
2011-06-27,1882.5,1898.25,1880.0,1895.0
2011-06-28,1898.0,1913.25,1896.25,1912.75
2011-06-29,1915.75,1923.75,1911.0,1922.5
2011-06-30,1925.25,1935.75,1923.75,1932.75
2011-07-01,1934.0,1954.75,1931.5,1953.5
2011-07-05,1951.25,1955.25,1947.5,1954.5
2011-07-06,1948.5,1955.0,1944.75,1954.0
2011-07-07,1965.25,1971.0,1962.5,1970.0
2011-07-08,1952.0,1960.75,1947.5,1960.0
2011-07-11,1941.25,1945.25,1930.0,1937.0
2011-07-12,1930.25,1941.5,1927.0,1929.0
2011-07-13,1934.75,1946.0,1928.75,1930.75
2011-07-14,1935.0,1941.5,1920.25,1925.25
2011-07-15,1930.0,1933.75,1921.25,1932.75
2011-07-18,1924.5,1926.25,1909.5,1918.5
2011-07-19,1926.75,1942.5,1926.5,1939.25
2011-07-20,1944.0,1945.0,1937.5,1939.75
2011-07-21,1947.75,1961.75,1944.75,1961.0
2011-07-22,1958.75,1961.0,1951.0,1959.0
2011-07-25,1946.5,1958.5,1945.0,1951.5
2011-07-26,1950.75,1953.25,1943.75,1944.25
2011-07-27,1939.5,1939.75,1916.25,1917.75
2011-07-28,1919.25,1931.25,1913.5,1915.75
2011-07-29,1902.5,1919.0,1896.75,1910.0
2011-08-01,1921.75,1923.0,1888.5,1897.25
2011-08-02,1891.5,1898.25,1865.0,1866.0
2011-08-03,1870.0,1876.25,1848.5,1872.25
2011-08-04,1857.25,1859.25,1811.5,1817.75
2011-08-05,1830.25,1833.75,1781.5,1815.5
2011-08-08,1782.25,1796.5,1727.75,1729.5
2011-08-09,1753.5,1793.75,1715.25,1789.5
2011-08-10,1765.5,1775.5,1732.0,1742.0
2011-08-11,1745.25,1802.25,1741.25,1786.5
2011-08-12,1797.25,1805.0,1785.75,1795.25
2011-08-15,1804.75,1820.0,1802.75,1815.0
2011-08-16,1807.5,1819.75,1795.75,1810.25
2011-08-17,1815.0,1825.0,1799.75,1807.75
2011-08-18,1778.0,1779.25,1746.5,1762.25
2011-08-19,1742.0,1771.5,1737.25,1741.75
2011-08-22,1764.25,1764.75,1736.75,1742.25
2011-08-23,1744.0,1779.0,1738.5,1776.75
2011-08-24,1774.5,1795.0,1771.75,1789.75
2011-08-25,1800.0,1806.75,1771.25,1775.5
2011-08-26,1769.25,1798.0,1751.0,1793.5
2011-08-29,1808.0,1827.0,1807.25,1826.5
2011-08-30,1821.0,1837.0,1811.75,1823.0
2011-08-31,1837.25,1848.0,1825.75,1837.25
2011-09-01,1835.75,1846.75,1819.0,1819.5
2011-09-02,1797.0,1803.5,1786.75,1788.0
2011-09-06,1756.5,1784.25,1756.25,1782.75
2011-09-07,1799.75,1818.0,1796.0,1817.5
2011-09-08,1808.25,1822.0,1800.25,1804.75
2011-09-09,1789.75,1793.75,1765.0,1776.5
2011-09-12,1757.25,1782.25,1753.0,1781.75
2011-09-13,1783.0,1794.75,1774.75,1789.25
2011-09-14,1796.25,1820.5,1779.5,1806.0
2011-09-15,1819.0,1829.75,1808.25,1829.0
2011-09-16,1831.5,1838.75,1821.75,1836.0
2011-09-19,1814.0,1828.0,1805.75,1821.5
2011-09-20,1826.75,1838.75,1818.75,1820.25
2011-09-21,1821.25,1824.75,1779.25,1780.25
2011-09-22,1750.5,1760.25,1731.0,1748.75
2011-09-23,1739.25,1759.75,1738.0,1755.0
2011-09-26,1764.5,1783.25,1748.0,1782.25
2011-09-27,1804.0,1814.25,1787.0,1794.25
2011-09-28,1796.25,1803.5,1767.75,1773.5
2011-09-29,1788.5,1795.0,1757.75,1781.75
2011-09-30,1763.0,1773.0,1745.75,1746.5
2011-10-03,1743.0,1757.75,1709.5,1711.25
2011-10-04,1701.5,1744.0,1692.25,1738.25
2011-10-05,1744.25,1765.5,1733.75,1759.25
2011-10-06,1761.5,1784.75,1753.25,1782.25
2011-10-07,1790.0,1790.75,1769.0,1780.0
2011-10-10,1795.25,1816.5,1795.0,1815.75
2011-10-11,1807.5,1819.0,1806.25,1813.5
2011-10-12,1824.75,1840.25,1820.75,1821.75
2011-10-13,1818.75,1827.25,1809.5,1822.0
2011-10-14,1837.75,1845.75,1831.0,1844.25
2011-10-17,1838.75,1839.5,1817.75,1818.75
2011-10-18,1819.75,1854.0,1810.5,1847.5
2011-10-19,1842.25,1849.5,1825.75,1831.25
2011-10-20,1832.75,1839.75,1816.75,1833.25
2011-10-21,1849.5,1860.0,1846.0,1859.25
2011-10-24,1860.25,1876.75,1859.25,1871.5
2011-10-25,1867.5,1868.25,1846.5,1849.75
2011-10-26,1862.25,1866.75,1840.75,1862.25
2011-10-27,1895.25,1913.5,1885.0,1907.5
2011-10-28,1899.25,1907.75,1897.0,1906.5
2011-10-31,1890.75,1891.75,1869.5,1871.0
2011-11-01,1838.75,1853.75,1833.75,1848.25
2011-11-02,1857.0,1863.0,1846.5,1858.75
2011-11-03,1871.5,1884.0,1854.75,1880.0
2011-11-04,1871.0,1877.5,1858.75,1875.0
2011-11-07,1872.5,1882.75,1860.75,1881.5
2011-11-08,1887.75,1899.5,1875.75,1897.5
2011-11-09,1867.75,1873.5,1847.0,1850.0
2011-11-10,1866.75,1868.25,1848.75,1862.0
2011-11-11,1877.0,1889.0,1876.75,1886.0
2011-11-14,1880.75,1882.5,1867.75,1876.25
2011-11-15,1870.5,1886.5,1866.0,1878.25
2011-11-16,1867.0,1882.0,1854.75,1855.0
2011-11-17,1857.0,1860.25,1830.75,1839.25
2011-11-18,1843.75,1846.0,1833.0,1837.75
2011-11-21,1820.5,1822.0,1804.75,1815.0
2011-11-22,1812.25,1819.5,1803.5,1806.5
2011-11-23,1799.0,1800.5,1782.75,1784.75
2011-11-25,1782.25,1795.5,1773.5,1777.75
2011-11-28,1813.75,1820.5,1806.75,1815.5
2011-11-29,1819.25,1827.25,1814.75,1820.75
2011-11-30,1853.25,1871.0,1850.75,1868.75
2011-12-01,1867.0,1875.25,1863.0,1867.5
2011-12-02,1879.75,1883.75,1866.25,1868.25
2011-12-05,1886.75,1890.5,1873.0,1879.5
2011-12-06,1880.75,1890.0,1876.25,1879.0
2011-12-07,1876.75,1891.25,1868.25,1888.5
2011-12-08,1877.25,1880.5,1855.0,1859.5
2011-12-09,1863.5,1884.75,1862.75,1884.0
2011-12-12,1868.25,1868.5,1850.25,1859.5
2011-12-13,1867.0,1874.25,1842.75,1850.5
2011-12-14,1844.0,1848.75,1832.75,1836.5
2011-12-15,1848.5,1850.25,1838.0,1842.25
2011-12-16,1848.0,1855.25,1838.5,1840.25
2011-12-19,1846.0,1848.75,1825.75,1829.0
2011-12-20,1847.25,1867.5,1847.25,1866.75
2011-12-21,1865.25,1869.75,1853.25,1866.5
2011-12-22,1872.25,1881.25,1869.25,1879.5
2011-12-23,1883.0,1891.0,1880.0,1889.75
2011-12-27,1887.75,1894.25,1886.5,1890.5
2011-12-28,1891.0,1891.5,1873.25,1874.5
2011-12-29,1878.25,1888.75,1877.75,1887.5
2011-12-30,1886.25,1889.5,1881.0,1883.25
2012-01-03,1903.5,1910.0,1900.5,1902.5
2012-01-04,1898.0,1904.0,1893.0,1903.5
2012-01-05,1895.75,1908.25,1890.0,1903.5
2012-01-06,1907.75,1907.75,1898.5,1904.25
2012-01-09,1905.75,1907.5,1899.75,1905.75
2012-01-10,1919.75,1922.25,1915.25,1916.5
2012-01-11,1913.25,1919.75,1911.0,1918.25
2012-01-12,1921.75,1923.0,1911.0,1922.5
2012-01-13,1912.0,1920.0,1903.0,1919.75
2012-01-17,1926.5,1929.25,1916.25,1919.75
2012-01-18,1919.25,1934.5,1916.75,1933.0
2012-01-19,1938.0,1941.75,1933.75,1940.75
2012-01-20,1938.5,1942.0,1935.0,1941.5
2012-01-23,1941.0,1948.5,1935.5,1941.75
2012-01-24,1933.75,1942.0,1931.75,1942.0
2012-01-25,1938.25,1955.0,1933.25,1950.75
2012-01-26,1957.25,1960.0,1939.5,1945.25
2012-01-27,1938.5,1947.5,1937.25,1943.0
2012-01-30,1931.0,1940.25,1926.25,1939.25
2012-01-31,1946.25,1947.75,1932.5,1938.25
2012-02-01,1948.75,1957.25,1947.0,1950.5
2012-02-02,1952.75,1956.25,1947.75,1953.0
2012-02-03,1966.0,1972.25,1963.5,1969.75
2012-02-06,1965.5,1970.75,1964.0,1969.5
2012-02-07,1967.25,1976.0,1962.0,1974.75
2012-02-08,1974.25,1977.75,1968.5,1977.5
2012-02-09,1979.5,1981.5,1971.25,1978.5
2012-02-10,1967.25,1971.5,1964.0,1970.5
2012-02-13,1978.75,1981.0,1973.0,1979.75
2012-02-14,1975.75,1978.25,1968.0,1978.25
2012-02-15,1982.25,1984.0,1968.25,1972.5
2012-02-16,1971.5,1987.5,1968.75,1985.0
2012-02-17,1990.75,1991.5,1985.25,1990.5
2012-02-21,1992.75,1996.0,1986.0,1990.5
2012-02-22,1988.0,1991.0,1983.25,1986.0
2012-02-23,1985.0,1994.0,1980.5,1993.5
2012-02-24,1995.0,1997.75,1991.75,1993.0
2012-02-27,1985.75,2001.0,1983.25,1997.75
2012-02-28,1997.5,2002.25,1994.75,2001.75
2012-02-29,2003.25,2007.5,1987.0,1992.75
2012-03-01,1998.5,2005.5,1996.5,2004.75
2012-03-02,2002.0,2003.5,1995.25,1998.75
2012-03-05,1996.5,1997.5,1988.25,1994.5
2012-03-06,1978.75,1979.75,1968.75,1971.75
2012-03-07,1975.75,1984.5,1974.5,1983.25
2012-03-08,1990.5,1998.75,1987.75,1996.5
2012-03-09,1998.25,2004.75,1996.75,2002.25
2012-03-12,2000.75,2003.0,1996.25,2003.0
2012-03-13,2008.5,2027.25,2006.25,2026.5
2012-03-14,2026.5,2030.25,2020.25,2024.75
2012-03-15,2026.75,2033.5,2023.25,2032.0
2012-03-16,2035.25,2036.25,2031.5,2034.75
2012-03-19,2033.75,2044.0,2032.25,2040.25
2012-03-20,2031.75,2037.5,2027.75,2036.0
2012-03-21,2036.75,2037.75,2030.25,2033.75
2012-03-22,2023.0,2026.75,2018.5,2025.25
2012-03-23,2024.5,2030.5,2016.5,2030.25
2012-03-26,2038.0,2051.5,2037.25,2051.25
2012-03-27,2048.75,2050.0,2042.0,2042.0
2012-03-28,2042.5,2044.75,2028.0,2036.0
2012-03-29,2027.75,2035.75,2022.25,2034.0
2012-03-30,2041.0,2042.0,2031.75,2040.0
2012-04-02,2037.75,2053.75,2035.0,2048.25
2012-04-03,2048.0,2050.25,2035.5,2044.5
2012-04-04,2033.25,2034.5,2024.5,2029.25
2012-04-05,2024.75,2033.25,2023.5,2026.25
2012-04-09,2011.0,2018.75,2009.25,2010.5
2012-04-10,2010.5,2014.5,1988.5,1992.75
2012-04-11,2004.25,2006.5,1998.5,2000.25
2012-04-12,2002.5,2022.25,2001.5,2022.0
2012-04-13,2016.0,2016.0,1999.75,2001.0
2012-04-16,2009.5,2011.25,1996.75,1999.75
2012-04-17,2009.5,2024.75,2007.75,2019.75
2012-04-18,2015.5,2021.75,2014.0,2014.5
2012-04-19,2017.25,2022.5,2001.5,2008.5
2012-04-20,2014.25,2019.25,2009.5,2011.25
2012-04-23,1996.25,2000.0,1990.0,1998.75
2012-04-24,1999.75,2007.25,1998.75,2006.0
2012-04-25,2017.25,2023.75,2016.25,2023.75
2012-04-26,2019.75,2034.25,2019.0,2033.0
2012-04-27,2036.75,2038.75,2029.0,2035.0
2012-04-30,2032.25,2033.0,2025.75,2030.25
2012-05-01,2028.75,2047.75,2027.25,2036.5
2012-05-02,2030.0,2035.5,2025.25,2033.5
2012-05-03,2034.25,2035.25,2020.5,2022.0
2012-05-04,2016.0,2017.25,1997.5,1998.25
2012-05-07,1996.0,2006.25,1995.25,2001.75
2012-05-08,1993.25,1998.25,1979.75,1994.75
2012-05-09,1981.5,1996.75,1975.25,1987.0
2012-05-10,1997.25,1999.0,1987.5,1993.25
2012-05-11,1982.25,1999.25,1981.5,1986.0
2012-05-14,1973.5,1980.75,1969.25,1970.0
2012-05-15,1970.75,1978.5,1961.5,1964.5
2012-05-16,1970.0,1975.75,1958.0,1958.75
2012-05-17,1958.75,1960.5,1936.5,1937.5
2012-05-18,1944.0,1946.5,1925.75,1926.25
2012-05-21,1932.0,1952.0,1929.75,1951.75
2012-05-22,1953.25,1962.5,1943.5,1951.25
2012-05-23,1943.0,1955.0,1930.0,1952.0
2012-05-24,1956.5,1959.5,1944.25,1959.0
2012-05-25,1955.25,1958.75,1948.0,1950.75
2012-05-29,1962.0,1970.25,1957.5,1969.5
2012-05-30,1955.75,1956.5,1944.0,1944.5
2012-05-31,1947.25,1955.0,1933.25,1942.0
2012-06-01,1924.25,1928.75,1909.5,1909.75
2012-06-04,1913.75,1917.5,1901.25,1908.75
2012-06-05,1908.25,1922.75,1907.75,1921.5
2012-06-06,1929.75,1951.75,1929.25,1951.75
2012-06-07,1964.75,1965.5,1948.0,1952.25
2012-06-08,1947.5,1965.5,1943.0,1965.5
2012-06-11,1972.0,1972.75,1942.25,1943.0
2012-06-12,1948.0,1963.25,1941.75,1963.0
2012-06-13,1955.75,1964.0,1946.25,1951.75
2012-06-14,1953.75,1970.5,1950.0,1968.5
2012-06-15,1971.0,1981.25,1968.25,1981.0
2012-06-18,1972.75,1984.5,1970.0,1983.75
2012-06-19,1988.0,1999.75,1986.5,1993.0
2012-06-20,1994.25,1998.25,1981.5,1993.25
2012-06-21,1993.75,1995.25,1960.25,1961.0
2012-06-22,1968.5,1974.5,1963.25,1968.25
2012-06-25,1957.5,1958.25,1945.25,1949.5
2012-06-26,1953.75,1960.75,1946.0,1958.5
2012-06-27,1961.0,1971.25,1960.0,1969.0
2012-06-28,1959.75,1967.0,1949.5,1966.0
2012-06-29,1989.0,2002.25,1985.5,2001.0
2012-07-02,2001.75,2003.75,1992.25,2000.75
2012-07-03,2001.75,2012.25,2000.5,2010.75
2012-07-05,2006.25,2011.0,1999.75,2004.5
2012-07-06,1991.5,1995.25,1985.0,1995.25
2012-07-09,1990.5,1992.5,1983.75,1992.0
2012-07-10,1997.0,1999.25,1973.25,1978.25
2012-07-11,1978.5,1982.75,1970.5,1979.5
2012-07-12,1970.5,1977.75,1962.5,1971.5
2012-07-13,1975.0,1996.0,1974.75,1994.75
2012-07-16,1991.0,1995.25,1985.75,1989.75
2012-07-17,1996.25,2003.25,1982.0,2001.0
2012-07-18,1997.0,2013.25,1996.25,2010.0
2012-07-19,2013.25,2018.75,2008.75,2014.75
2012-07-20,2006.25,2008.25,1999.75,2001.25
2012-07-23,1981.25,1991.25,1974.75,1986.5
2012-07-24,1988.25,1989.0,1966.5,1972.25
2012-07-25,1978.75,1982.25,1969.0,1977.25
2012-07-26,1995.5,2001.5,1989.25,1998.0
2012-07-27,2005.75,2027.75,2003.25,2025.25
2012-07-30,2022.0,2030.25,2019.25,2023.0
2012-07-31,2022.0,2025.75,2013.75,2014.75
2012-08-01,2023.75,2024.0,2010.5,2013.25
2012-08-02,2002.25,2012.25,1992.0,2005.0
2012-08-03,2022.5,2033.25,2021.5,2032.25
2012-08-06,2034.0,2038.5,2032.25,2033.0
2012-08-07,2038.5,2046.0,2038.25,2039.75
2012-08-08,2035.25,2043.0,2034.75,2041.25
2012-08-09,2039.25,2045.5,2038.0,2043.25
2012-08-10,2037.25,2045.5,2034.75,2045.0
2012-08-13,2042.25,2045.75,2037.0,2045.25
2012-08-14,2049.5,2050.5,2040.0,2043.75
2012-08-15,2043.0,2048.5,2042.0,2046.0
2012-08-16,2048.0,2058.25,2044.5,2056.5
2012-08-17,2059.0,2059.5,2055.0,2058.25
2012-08-20,2056.0,2059.0,2052.25,2057.5
2012-08-21,2061.75,2067.5,2050.75,2055.25
2012-08-22,2050.5,2057.0,2047.0,2055.0
2012-08-23,2051.0,2051.25,2040.75,2042.75
2012-08-24,2039.25,2054.75,2038.25,2053.25
2012-08-27,2055.25,2057.25,2049.75,2050.75
2012-08-28,2048.0,2054.75,2046.0,2050.5
2012-08-29,2051.5,2055.25,2047.5,2050.25
2012-08-30,2045.0,2045.5,2038.0,2039.75
2012-08-31,2049.25,2054.5,2039.75,2047.5
2012-09-04,2046.5,2051.0,2037.25,2049.0
2012-09-05,2047.0,2051.0,2042.5,2046.5
2012-09-06,2053.75,2075.0,2053.5,2073.5
2012-09-07,2076.25,2081.5,2075.0,2080.75
2012-09-10,2078.25,2080.75,2068.5,2068.75
2012-09-11,2072.25,2080.25,2071.75,2073.25
2012-09-12,2080.0,2083.0,2075.25,2081.25
2012-09-13,2080.0,2107.0,2077.75,2100.25
2012-09-14,2105.25,2117.5,2104.0,2109.0
2012-09-17,2105.5,2108.5,2100.25,2103.5
2012-09-18,2101.5,2104.75,2099.0,2102.25
2012-09-19,2104.75,2108.5,2100.75,2103.0
2012-09-20,2097.25,2104.5,2093.0,2103.5
2012-09-21,2110.75,2111.0,2100.0,2101.25
2012-09-24,2095.5,2104.0,2094.25,2100.75
2012-09-25,2103.5,2106.5,2084.5,2086.25
2012-09-26,2084.5,2085.25,2073.5,2076.25
2012-09-27,2083.0,2094.0,2079.25,2090.5
2012-09-28,2085.0,2089.5,2078.5,2084.0
2012-10-01,2089.0,2101.0,2083.75,2086.25
2012-10-02,2092.75,2095.25,2081.75,2090.0
2012-10-03,2092.75,2098.25,2085.0,2094.0
2012-10-04,2100.0,2107.25,2098.25,2105.25
2012-10-05,2113.0,2115.5,2100.75,2105.25
2012-10-08,2099.75,2103.0,2097.0,2099.25
2012-10-09,2099.25,2100.5,2084.75,2085.5
2012-10-10,2085.75,2087.0,2074.5,2075.5
2012-10-11,2086.5,2088.75,2076.75,2078.0
2012-10-12,2078.5,2083.5,2069.5,2071.25
2012-10-15,2076.0,2086.0,2071.5,2085.5
2012-10-16,2091.25,2101.0,2090.25,2099.0
2012-10-17,2100.0,2107.25,2098.0,2106.5
2012-10-18,2102.25,2109.25,2097.25,2100.5
2012-10-19,2099.5,2099.75,2073.0,2073.75
2012-10-22,2075.25,2080.5,2066.25,2080.0
2012-10-23,2062.0,2064.0,2051.5,2055.75
2012-10-24,2062.5,2064.25,2051.25,2055.25
2012-10-25,2063.75,2066.25,2049.0,2058.25
2012-10-26,2056.25,2062.0,2047.0,2057.5
2012-10-31,2062.0,2064.0,2050.0,2051.25
2012-11-01,2059.75,2074.5,2058.5,2073.0
2012-11-02,2080.0,2080.25,2054.5,2055.0
2012-11-05,2056.75,2065.0,2052.5,2061.25
2012-11-06,2066.25,2078.75,2064.5,2075.0
2012-11-07,2059.75,2060.25,2033.5,2039.25
2012-11-08,2039.75,2047.0,2022.0,2024.5
2012-11-09,2019.0,2037.5,2018.5,2025.5
2012-11-12,2029.0,2031.25,2022.5,2027.75
2012-11-13,2018.25,2035.75,2016.5,2021.25
2012-11-14,2025.0,2027.25,1999.0,2003.0
2012-11-15,2002.75,2008.0,1994.75,2001.0
2012-11-16,2001.75,2010.0,1989.75,2010.0
2012-11-19,2021.5,2034.25,2021.0,2032.5
2012-11-20,2032.0,2037.0,2023.5,2035.25
2012-11-21,2035.75,2039.25,2033.0,2038.5
2012-11-23,2044.25,2057.0,2043.25,2054.75
2012-11-26,2049.25,2054.5,2044.5,2053.25
2012-11-27,2051.75,2056.5,2045.0,2047.0
2012-11-28,2040.0,2058.25,2032.5,2056.25
2012-11-29,2062.5,2068.0,2056.5,2065.5
2012-11-30,2064.25,2067.25,2059.5,2065.0
2012-12-03,2071.0,2072.25,2056.0,2056.25
2012-12-04,2057.0,2061.25,2051.0,2054.25
2012-12-05,2056.25,2064.25,2046.25,2058.0
2012-12-06,2056.0,2063.0,2054.25,2062.25
2012-12-07,2068.0,2069.5,2059.0,2064.75
2012-12-10,2064.5,2070.5,2064.0,2069.75
2012-12-11,2073.25,2083.75,2072.25,2081.25
2012-12-12,2082.75,2088.25,2075.5,2076.25
2012-12-13,2077.0,2081.0,2065.25,2067.5
2012-12-14,2065.75,2068.5,2061.0,2064.5
2012-12-17,2067.25,2082.75,2066.75,2082.5
2012-12-18,2082.5,2098.5,2080.25,2096.5
2012-12-19,2098.75,2099.25,2086.0,2087.75
2012-12-20,2087.25,2096.25,2083.25,2095.75
2012-12-21,2073.75,2083.25,2071.5,2081.0
2012-12-24,2076.5,2078.0,2074.0,2074.75
2012-12-26,2078.75,2079.5,2065.75,2068.5
2012-12-27,2070.5,2073.5,2051.0,2065.5
2012-12-28,2058.25,2066.25,2037.25,2037.5
2012-12-31,2048.25,2080.75,2047.25,2079.5
2013-01-02,2103.25,2113.0,2099.0,2111.75
2013-01-03,2111.5,2115.5,2105.0,2108.25
2013-01-04,2111.5,2118.0,2108.25,2113.75
2013-01-07,2110.0,2112.75,2105.75,2110.75
2013-01-08,2108.5,2110.75,2101.0,2107.5
2013-01-09,2110.0,2114.5,2107.5,2110.75
2013-01-10,2118.5,2122.5,2110.75,2121.75
2013-01-11,2121.75,2122.75,2117.25,2122.0
2013-01-14,2120.25,2122.0,2115.25,2118.75
2013-01-15,2114.25,2123.25,2113.25,2120.5
2013-01-16,2119.0,2124.0,2117.0,2120.75
2013-01-17,2128.5,2135.5,2125.25,2131.5
2013-01-18,2131.25,2136.0,2125.5,2134.0
2013-01-22,2134.5,2145.0,2130.75,2144.5
2013-01-23,2142.5,2146.0,2139.5,2145.75
2013-01-24,2142.5,2152.75,2141.25,2147.0
2013-01-25,2150.25,2154.25,2145.75,2150.5
2013-01-28,2154.0,2154.5,2146.25,2151.75
2013-01-29,2149.0,2160.5,2148.0,2160.0
2013-01-30,2157.75,2160.5,2150.0,2150.75
2013-01-31,2150.25,2155.0,2147.0,2150.75
2013-02-01,2157.75,2165.5,2155.0,2161.5
2013-02-04,2154.0,2156.75,2145.25,2148.5
2013-02-05,2154.75,2166.0,2153.75,2160.75
2013-02-06,2156.25,2163.75,2155.0,2162.0
2013-02-07,2163.0,2164.5,2149.5,2160.25
2013-02-08,2163.0,2170.0,2163.0,2167.75
2013-02-11,2168.5,2170.0,2164.75,2168.5
2013-02-12,2168.75,2174.0,2167.0,2171.5
2013-02-13,2174.25,2177.0,2168.0,2172.25
2013-02-14,2167.75,2175.75,2165.75,2173.25
2013-02-15,2175.25,2176.75,2166.25,2172.0
2013-02-19,2174.5,2183.75,2174.5,2183.0
2013-02-20,2182.5,2183.0,2161.5,2162.0
2013-02-21,2160.5,2160.5,2150.0,2156.0
2013-02-22,2162.5,2170.0,2158.25,2169.75
2013-02-25,2177.25,2179.5,2140.25,2142.0
2013-02-26,2148.25,2152.75,2137.75,2147.5
2013-02-27,2149.5,2174.25,2148.25,2171.0
2013-02-28,2170.0,2179.5,2164.25,2167.25
2013-03-01,2161.75,2174.0,2154.5,2171.75
2013-03-04,2168.25,2181.0,2165.5,2180.75
2013-03-05,2187.25,2197.75,2187.0,2191.75
2013-03-06,2199.0,2199.75,2192.25,2194.25
2013-03-07,2197.75,2200.5,2195.75,2198.25
2013-03-08,2205.0,2207.0,2197.25,2204.75
2013-03-11,2203.75,2211.25,2202.0,2211.0
2013-03-12,2209.75,2211.5,2202.25,2207.5
2013-03-13,2208.25,2211.5,2202.75,2210.75
2013-03-14,2213.0,2217.75,2212.25,2216.5
2013-03-15,2215.0,2217.0,2209.5,2214.0
2013-03-18,2199.75,2213.0,2198.25,2207.75
2013-03-19,2209.5,2211.5,2192.25,2202.75
2013-03-20,2211.75,2216.25,2208.5,2209.75
2013-03-21,2204.25,2209.5,2197.0,2200.0
2013-03-22,2204.75,2213.0,2203.5,2212.5
2013-03-25,2216.5,2219.0,2199.5,2207.75
2013-03-26,2212.5,2219.25,2210.75,2218.0
2013-03-27,2209.0,2218.75,2206.25,2217.25
2013-03-28,2217.0,2225.0,2215.0,2223.5
2013-04-01,2222.0,2225.5,2213.0,2216.0
2013-04-02,2222.5,2228.5,2220.0,2224.75
2013-04-03,2225.5,2226.75,2204.5,2208.75
2013-04-04,2210.75,2218.0,2207.25,2215.25
2013-04-05,2195.75,2209.75,2193.75,2206.5
2013-04-08,2208.75,2221.0,2203.5,2219.5
2013-04-09,2221.5,2229.5,2216.0,2223.75
2013-04-10,2228.0,2245.0,2227.5,2243.75
2013-04-11,2243.5,2253.5,2241.5,2248.5
2013-04-12,2243.25,2246.75,2235.5,2242.5
2013-04-15,2236.25,2237.5,2203.0,2203.75
2013-04-16,2219.0,2231.25,2215.0,2229.0
2013-04-17,2219.0,2219.25,2198.5,2206.5
2013-04-18,2209.75,2210.0,2191.25,2195.5
2013-04-19,2200.5,2211.25,2196.75,2207.75
2013-04-22,2213.75,2221.5,2203.25,2216.75
2013-04-23,2225.25,2235.25,2217.5,2234.0
2013-04-24,2234.5,2239.0,2231.25,2234.25
2013-04-25,2239.25,2248.75,2237.0,2242.5
2013-04-26,2239.25,2242.0,2233.0,2237.0
2013-04-29,2242.75,2252.75,2240.0,2249.0
2013-04-30,2248.5,2253.75,2241.75,2253.0
2013-05-01,2249.25,2250.0,2236.5,2237.5
2013-05-02,2242.5,2254.75,2240.75,2252.75
2013-05-03,2267.0,2274.75,2266.0,2269.75
2013-05-06,2270.5,2275.75,2269.75,2274.0
2013-05-07,2277.0,2282.25,2272.25,2281.75
2013-05-08,2280.0,2290.0,2279.0,2289.25
2013-05-09,2288.5,2292.75,2280.5,2285.0
2013-05-10,2285.75,2291.0,2280.75,2290.25
2013-05-13,2287.75,2293.75,2283.75,2291.5
2013-05-14,2292.25,2309.25,2292.0,2308.5
2013-05-15,2305.5,2320.25,2304.75,2314.75
2013-05-16,2313.5,2319.25,2306.5,2309.0
2013-05-17,2315.25,2326.25,2313.0,2324.25
2013-05-20,2323.25,2331.25,2321.5,2325.0
2013-05-21,2326.25,2333.75,2320.5,2326.25
2013-05-22,2329.0,2346.25,2307.0,2315.75
2013-05-23,2297.0,2314.5,2294.75,2310.5
2013-05-24,2300.0,2311.5,2295.0,2311.25
2013-05-28,2326.0,2333.25,2313.25,2316.0
2013-05-29,2309.5,2313.25,2298.5,2307.25
2013-05-30,2308.5,2321.25,2307.25,2314.0
2013-05-31,2308.75,2318.5,2286.75,2289.25
2013-06-03,2293.25,2299.5,2281.25,2296.25
2013-06-04,2299.25,2306.25,2282.0,2291.5
2013-06-05,2285.75,2289.25,2266.0,2268.25
2013-06-06,2266.75,2284.75,2257.0,2283.5
2013-06-07,2293.5,2304.5,2286.25,2300.0
2013-06-10,2307.75,2309.0,2298.75,2303.0
2013-06-11,2287.5,2300.25,2282.0,2288.0
2013-06-12,2297.0,2298.75,2270.0,2270.5
2013-06-13,2271.25,2300.0,2267.75,2297.25
2013-06-14,2295.25,2301.25,2283.75,2285.25
2013-06-17,2297.75,2307.25,2290.25,2300.5
2013-06-18,2300.5,2315.25,2300.0,2312.25
2013-06-19,2311.0,2314.0,2288.5,2289.25
2013-06-20,2273.25,2275.5,2243.5,2250.75
2013-06-21,2258.75,2260.25,2237.0,2250.75
2013-06-24,2236.5,2246.75,2219.75,2232.5
2013-06-25,2247.5,2254.25,2236.5,2247.75
2013-06-26,2261.5,2267.75,2255.0,2261.75
2013-06-27,2273.75,2280.75,2271.75,2273.25
2013-06-28,2268.25,2276.25,2260.75,2264.5
2013-07-01,2274.75,2287.0,2272.5,2273.0
2013-07-02,2273.0,2285.0,2266.75,2273.75
2013-07-03,2266.5,2279.5,2263.75,2275.5
2013-07-05,2286.25,2295.0,2274.75,2294.75
2013-07-08,2300.5,2306.0,2297.75,2302.25
2013-07-09,2311.75,2315.5,2304.75,2312.0
2013-07-10,2311.75,2319.5,2308.0,2315.25
2013-07-11,2333.25,2338.25,2327.25,2336.5
2013-07-12,2336.25,2340.75,2333.5,2337.0
2013-07-15,2341.75,2346.0,2338.75,2344.0
2013-07-16,2345.0,2346.0,2333.0,2338.0
2013-07-17,2344.0,2347.0,2339.25,2341.5
2013-07-18,2345.25,2355.0,2344.0,2347.25
2013-07-19,2347.25,2357.0,2345.0,2356.5
2013-07-22,2356.0,2359.5,2352.0,2357.0
2013-07-23,2360.0,2360.5,2352.5,2354.5
2013-07-24,2360.25,2361.0,2343.75,2350.25
2013-07-25,2344.25,2353.0,2341.25,2350.5
2013-07-26,2344.5,2354.25,2337.0,2353.25
2013-07-29,2348.75,2352.75,2343.0,2349.25
2013-07-30,2353.0,2355.0,2343.75,2351.5
2013-07-31,2351.75,2360.5,2346.75,2351.5
2013-08-01,2362.0,2370.25,2360.75,2367.25
2013-08-02,2364.5,2371.5,2362.25,2370.75
2013-08-05,2367.5,2371.5,2365.25,2369.0
2013-08-06,2365.25,2367.0,2355.25,2360.5
2013-08-07,2353.75,2356.0,2347.0,2354.5
2013-08-08,2361.75,2363.5,2351.0,2360.25
2013-08-09,2357.5,2362.75,2349.0,2352.5
2013-08-12,2346.25,2354.75,2345.25,2353.75
2013-08-13,2355.75,2361.0,2345.75,2357.25
2013-08-14,2357.0,2359.75,2347.5,2348.0
2013-08-15,2335.5,2335.75,2321.75,2322.75
2013-08-16,2322.25,2328.0,2316.0,2317.5
2013-08-19,2317.75,2323.5,2308.75,2311.0
2013-08-20,2311.75,2323.25,2309.75,2317.0
2013-08-21,2312.25,2321.25,2302.5,2303.0
2013-08-22,2310.25,2324.25,2309.75,2321.5
2013-08-23,2326.5,2329.25,2318.75,2327.75
2013-08-26,2328.75,2334.0,2319.75,2320.5
2013-08-27,2304.5,2310.75,2292.75,2294.75
2013-08-28,2293.5,2305.75,2291.25,2298.5
2013-08-29,2296.0,2311.25,2294.75,2303.25
2013-08-30,2305.75,2306.0,2292.0,2299.25
2013-09-03,2313.0,2316.5,2297.25,2306.0
2013-09-04,2304.75,2321.25,2301.75,2320.25
2013-09-05,2319.25,2324.75,2317.75,2319.5
2013-09-06,2325.75,2330.5,2305.25,2321.0
2013-09-09,2325.0,2338.25,2324.75,2336.25
2013-09-10,2347.0,2349.75,2343.25,2349.0
2013-09-11,2347.25,2355.5,2344.25,2355.0
2013-09-12,2354.5,2356.5,2347.75,2351.25
2013-09-13,2352.25,2355.5,2348.25,2355.25
2013-09-16,2372.75,2373.5,2361.25,2364.75
2013-09-17,2365.5,2372.5,2365.25,2372.25
2013-09-18,2371.0,2396.5,2366.5,2391.25
2013-09-19,2396.25,2397.0,2386.5,2390.75
2013-09-20,2392.25,2392.5,2374.5,2376.0
2013-09-23,2373.75,2375.5,2362.75,2365.75
2013-09-24,2368.0,2374.25,2360.75,2365.75
2013-09-25,2365.5,2368.25,2357.75,2359.5
2013-09-26,2362.25,2370.75,2359.0,2365.75
2013-09-27,2357.0,2360.25,2353.25,2359.75
2013-09-30,2343.25,2354.25,2340.0,2351.25
2013-10-01,2349.75,2365.5,2348.5,2362.5
2013-10-02,2351.75,2360.75,2346.5,2356.75
2013-10-03,2356.25,2358.0,2336.5,2342.25
2013-10-04,2345.75,2359.25,2343.5,2358.0
2013-10-07,2342.25,2352.75,2340.25,2341.25
2013-10-08,2342.25,2344.5,2321.5,2322.75
2013-10-09,2326.0,2330.0,2313.25,2322.0
2013-10-10,2340.75,2361.0,2340.5,2358.5
2013-10-11,2357.5,2372.75,2355.75,2372.5
2013-10-14,2360.25,2379.25,2358.75,2378.0
2013-10-15,2373.25,2379.75,2362.75,2365.5
2013-10-16,2375.5,2390.25,2374.5,2387.0
2013-10-17,2382.25,2401.75,2381.75,2401.75
2013-10-18,2406.75,2413.5,2403.5,2409.75
2013-10-21,2412.5,2415.75,2408.0,2411.25
2013-10-22,2417.25,2427.75,2415.0,2422.75
2013-10-23,2416.5,2417.25,2407.75,2415.0
2013-10-24,2417.5,2423.5,2413.25,2421.75
2013-10-25,2423.5,2429.0,2420.0,2427.25
2013-10-28,2427.25,2433.25,2425.25,2431.5
2013-10-29,2434.75,2441.25,2432.25,2440.75
2013-10-30,2442.5,2443.75,2425.0,2434.0
2013-10-31,2430.0,2437.25,2423.5,2428.25
2013-11-01,2428.75,2434.5,2420.25,2427.75
2013-11-04,2435.25,2437.25,2429.25,2436.0
2013-11-05,2429.5,2435.5,2423.75,2430.0
2013-11-06,2438.75,2443.25,2433.25,2439.0
2013-11-07,2443.25,2444.75,2415.5,2418.75
2013-11-08,2416.5,2441.25,2416.5,2439.75
2013-11-11,2439.5,2443.5,2437.25,2440.75
2013-11-12,2437.5,2441.75,2431.75,2438.25
2013-11-13,2428.75,2452.75,2428.75,2451.75
2013-11-14,2453.5,2462.25,2450.5,2460.75
2013-11-15,2463.75,2469.25,2461.25,2466.5
2013-11-18,2471.25,2473.0,2458.0,2462.0
2013-11-19,2461.5,2467.0,2455.25,2458.5
2013-11-20,2462.25,2467.5,2447.75,2453.0
2013-11-21,2458.0,2468.75,2456.75,2467.0
2013-11-22,2468.0,2476.5,2465.75,2474.5
2013-11-25,2479.5,2480.0,2471.75,2475.5
2013-11-26,2475.5,2480.25,2472.0,2475.25
2013-11-27,2477.0,2480.75,2474.5,2477.5
2013-11-29,2481.5,2485.75,2476.0,2477.25
2013-12-02,2478.75,2482.25,2470.25,2473.5
2013-12-03,2467.25,2471.75,2459.5,2464.75
2013-12-04,2458.5,2472.75,2451.0,2465.25
2013-12-05,2462.0,2465.25,2455.25,2457.5
2013-12-06,2474.5,2479.25,2469.5,2478.0
2013-12-09,2483.0,2484.75,2479.5,2482.25
2013-12-10,2477.75,2481.5,2474.25,2476.5
2013-12-11,2476.0,2476.25,2452.5,2454.0
2013-12-12,2453.75,2456.5,2445.0,2448.0
2013-12-13,2452.5,2454.0,2445.0,2448.0
2013-12-16,2456.75,2465.75,2456.5,2459.75
2013-12-17,2461.0,2461.75,2449.75,2452.5
2013-12-18,2456.75,2486.25,2440.25,2484.0
2013-12-19,2479.25,2484.5,2474.5,2481.5
2013-12-20,2484.0,2497.25,2483.75,2493.75
2013-12-23,2501.5,2504.0,2497.75,2503.0
2013-12-24,2503.0,2509.0,2502.5,2508.5
2013-12-26,2510.5,2517.25,2510.5,2516.25
2013-12-27,2518.75,2519.5,2513.75,2516.0
2013-12-30,2516.0,2517.5,2513.0,2514.5
2013-12-31,2517.5,2526.0,2516.25,2525.75
2014-01-02,2516.75,2517.5,2501.25,2505.75
2014-01-03,2508.25,2512.5,2502.5,2504.75
2014-01-06,2510.75,2512.0,2496.75,2500.0
2014-01-07,2507.25,2514.25,2505.75,2510.0
2014-01-08,2510.75,2514.25,2505.0,2511.75
2014-01-09,2517.25,2517.5,2503.75,2512.5
2014-01-10,2515.5,2518.25,2505.75,2517.0
2014-01-13,2513.0,2517.75,2489.0,2494.5
2014-01-14,2498.75,2513.75,2495.25,2512.5
2014-01-15,2516.75,2525.25,2516.0,2521.0
2014-01-16,2518.5,2520.5,2514.0,2515.75
2014-01-17,2516.75,2520.0,2508.75,2513.75
2014-01-21,2522.5,2523.5,2505.75,2518.0
2014-01-22,2520.75,2521.25,2514.5,2518.5
2014-01-23,2509.25,2509.5,2493.25,2503.25
2014-01-24,2491.25,2491.75,2460.75,2461.0
2014-01-27,2466.0,2470.5,2446.5,2455.0
2014-01-28,2456.75,2468.25,2456.25,2467.5
2014-01-29,2450.75,2460.5,2443.5,2451.0
2014-01-30,2463.75,2473.25,2457.5,2460.5
2014-01-31,2445.25,2467.75,2444.25,2457.25
2014-02-03,2454.25,2458.5,2411.75,2412.5
2014-02-04,2424.25,2433.0,2418.25,2423.5
2014-02-05,2422.5,2430.25,2411.5,2423.75
2014-02-06,2430.25,2449.25,2430.0,2446.5
2014-02-07,2457.5,2473.5,2451.75,2472.75
2014-02-10,2471.25,2475.0,2466.25,2474.25
2014-02-11,2476.0,2499.0,2474.75,2493.0
2014-02-12,2496.75,2502.75,2491.5,2496.75
2014-02-13,2482.75,2506.5,2482.5,2503.75
2014-02-14,2502.75,2518.25,2501.0,2514.5
2014-02-18,2516.5,2519.5,2511.0,2517.0
2014-02-19,2511.75,2524.0,2502.75,2504.75
2014-02-20,2507.0,2519.75,2500.5,2515.5
2014-02-21,2519.5,2523.5,2512.25,2513.5
2014-02-24,2517.25,2536.25,2516.5,2525.5
2014-02-25,2524.75,2530.5,2516.75,2525.75
2014-02-26,2525.75,2530.5,2517.5,2521.25
2014-02-27,2520.25,2533.75,2518.0,2533.5
2014-02-28,2532.25,2546.0,2524.75,2540.0
2014-03-03,2521.25,2529.0,2511.75,2522.75
2014-03-04,2542.0,2554.25,2541.75,2551.25
2014-03-05,2551.75,2555.0,2548.75,2551.75
2014-03-06,2556.5,2560.5,2553.25,2556.0
2014-03-07,2563.25,2564.25,2548.75,2557.25
2014-03-10,2554.0,2557.25,2545.25,2556.5
2014-03-11,2559.0,2561.75,2542.5,2544.5
2014-03-12,2537.75,2548.0,2533.25,2547.25
2014-03-13,2553.0,2554.5,2521.0,2526.0
2014-03-14,2522.5,2532.5,2518.5,2519.25
2014-03-17,2530.25,2542.25,2529.5,2537.5
2014-03-18,2541.25,2553.5,2539.25,2550.25
2014-03-19,2551.5,2553.75,2528.5,2538.75
2014-03-20,2536.25,2553.0,2532.75,2552.75
2014-03-21,2559.0,2563.25,2542.0,2543.5
2014-03-24,2550.25,2552.5,2527.75,2535.75
2014-03-25,2545.5,2551.0,2534.5,2546.0
2014-03-26,2552.25,2555.25,2528.0,2529.25
2014-03-27,2529.25,2534.75,2520.5,2527.5
2014-03-28,2532.5,2546.0,2531.5,2537.0
2014-03-31,2547.75,2554.5,2546.0,2549.5
2014-04-01,2557.75,2565.25,2555.75,2564.25
2014-04-02,2566.5,2572.75,2562.75,2569.25
2014-04-03,2573.0,2573.5,2562.0,2570.0
2014-04-04,2577.75,2578.75,2542.25,2547.25
2014-04-07,2540.5,2544.0,2521.0,2524.75
2014-04-08,2523.5,2535.5,2517.25,2531.25
2014-04-09,2537.25,2553.0,2531.75,2551.75
2014-04-10,2552.0,2553.0,2510.25,2513.75
2014-04-11,2503.0,2515.0,2493.75,2498.25
2014-04-14,2510.25,2514.5,2495.25,2511.0
2014-04-15,2514.0,2526.5,2495.75,2526.25
2014-04-16,2535.75,2543.5,2527.25,2540.0
2014-04-17,2539.75,2550.25,2536.75,2544.5
2014-04-21,2545.5,2552.0,2543.0,2550.75
2014-04-22,2553.25,2565.25,2552.25,2560.5
2014-04-23,2559.25,2560.25,2554.0,2558.75
2014-04-24,2564.75,2565.0,2550.25,2559.25
2014-04-25,2553.5,2554.5,2539.5,2546.75
2014-04-28,2551.75,2558.25,2530.5,2552.5
2014-04-29,2556.0,2561.75,2551.75,2558.25
2014-04-30,2555.5,2566.75,2553.0,2565.25
2014-05-01,2563.25,2569.25,2558.0,2564.0
2014-05-02,2564.0,2572.25,2558.5,2561.0
2014-05-05,2552.25,2566.5,2547.0,2562.5
2014-05-06,2560.75,2562.0,2548.25,2551.0
2014-05-07,2555.25,2562.25,2541.0,2560.75
2014-05-08,2557.75,2571.25,2551.5,2558.5
2014-05-09,2557.75,2561.5,2549.0,2560.25
2014-05-12,2568.5,2579.75,2568.25,2579.75
2014-05-13,2580.75,2585.0,2578.5,2580.75
2014-05-14,2579.0,2579.75,2568.75,2572.0
2014-05-15,2567.5,2568.0,2545.5,2553.75
2014-05-16,2555.75,2562.25,2547.75,2561.5
2014-05-19,2557.5,2569.5,2555.75,2569.0
2014-05-20,2567.0,2567.25,2551.25,2554.75
2014-05-21,2561.5,2573.0,2561.0,2572.0
2014-05-22,2572.25,2580.5,2569.25,2576.5
2014-05-23,2578.0,2585.75,2577.25,2583.5
2014-05-27,2591.25,2596.5,2590.0,2595.5
2014-05-28,2595.75,2599.0,2591.0,2596.0
2014-05-29,2598.75,2604.5,2593.75,2604.0
2014-05-30,2602.25,2608.75,2600.75,2606.75
2014-06-02,2610.0,2610.5,2600.25,2608.0
2014-06-03,2604.5,2609.5,2603.0,2608.5
2014-06-04,2605.0,2613.5,2603.25,2612.25
2014-06-05,2614.5,2627.25,2607.5,2625.25
2014-06-06,2629.25,2636.0,2628.25,2635.75
2014-06-09,2634.0,2641.25,2632.25,2636.75
2014-06-10,2634.0,2637.25,2629.5,2637.25
2014-06-11,2629.5,2631.75,2625.0,2630.25
2014-06-12,2627.25,2628.5,2611.25,2617.0
2014-06-13,2619.5,2623.5,2613.25,2622.5
2014-06-16,2619.5,2627.25,2616.75,2623.0
2014-06-17,2620.25,2629.5,2618.0,2627.5
2014-06-18,2628.25,2644.0,2623.0,2643.0
2014-06-19,2644.25,2646.0,2637.75,2644.0
2014-06-20,2649.25,2649.25,2645.75,2646.5
2014-06-23,2648.25,2649.25,2643.75,2646.5
2014-06-24,2644.0,2653.75,2633.5,2637.0
2014-06-25,2631.5,2647.0,2631.5,2643.0
2014-06-26,2645.25,2645.25,2630.0,2642.5
2014-06-27,2638.5,2647.75,2637.5,2646.0
2014-06-30,2645.75,2650.5,2644.0,2648.25
2014-07-01,2650.5,2665.5,2650.0,2659.5
2014-07-02,2659.5,2663.75,2658.5,2661.5
2014-07-03,2666.5,2672.0,2665.0,2671.25
2014-07-07,2667.25,2668.75,2661.0,2665.0
2014-07-08,2660.5,2661.25,2646.5,2654.25
2014-07-09,2656.0,2662.0,2652.0,2661.0
2014-07-10,2641.25,2657.75,2639.5,2651.75
2014-07-11,2651.25,2656.75,2646.75,2656.0
2014-07-14,2665.25,2667.75,2663.5,2664.75
2014-07-15,2666.0,2670.0,2652.5,2661.75
2014-07-16,2670.25,2671.75,2663.0,2668.25
2014-07-17,2662.25,2669.75,2642.75,2647.75
2014-07-18,2652.0,2668.0,2651.0,2665.25
2014-07-21,2659.75,2663.75,2652.75,2660.25
2014-07-22,2668.75,2674.25,2667.5,2668.25
2014-07-23,2673.75,2677.25,2669.5,2674.75
2014-07-24,2677.0,2679.5,2673.25,2674.25
2014-07-25,2669.5,2671.25,2661.75,2664.75
2014-07-28,2666.25,2669.75,2654.5,2666.5
2014-07-29,2670.5,2673.25,2655.75,2657.0
2014-07-30,2665.0,2668.0,2650.25,2659.25
2014-07-31,2644.75,2646.5,2617.25,2621.75
2014-08-01,2614.0,2626.0,2604.0,2612.0
2014-08-04,2617.0,2631.25,2608.5,2625.75
2014-08-05,2619.25,2624.25,2601.25,2606.75
2014-08-06,2599.25,2617.25,2599.0,2608.5
2014-08-07,2617.5,2619.5,2593.5,2599.0
2014-08-08,2602.75,2622.0,2597.5,2617.25
2014-08-11,2627.75,2634.75,2625.0,2626.25
2014-08-12,2624.25,2629.75,2617.25,2624.25
2014-08-13,2631.0,2639.0,2627.75,2638.25
2014-08-14,2640.0,2647.75,2637.75,2647.25
2014-08-15,2652.75,2654.75,2631.0,2646.5
2014-08-18,2656.0,2662.75,2655.0,2661.5
2014-08-19,2666.25,2673.5,2664.5,2671.0
2014-08-20,2669.5,2679.75,2669.0,2677.25
2014-08-21,2678.75,2685.75,2677.25,2683.25
2014-08-22,2681.5,2685.0,2675.25,2681.75
2014-08-25,2689.5,2693.5,2686.5,2688.75
2014-08-26,2691.5,2696.5,2690.75,2692.25
2014-08-27,2692.5,2693.75,2687.25,2691.0
2014-08-28,2683.75,2691.0,2681.75,2690.75
2014-08-29,2692.5,2695.5,2686.0,2693.5
2014-09-02,2697.75,2698.0,2686.5,2693.5
2014-09-03,2702.0,2702.25,2690.0,2692.5
2014-09-04,2696.25,2703.75,2684.5,2691.5
2014-09-05,2689.5,2700.25,2682.0,2699.5
2014-09-08,2697.25,2700.0,2687.75,2694.25
2014-09-09,2692.0,2693.25,2677.0,2683.5
2014-09-10,2682.25,2690.0,2675.25,2689.0
2014-09-11,2680.5,2691.25,2679.0,2690.5
2014-09-12,2688.75,2689.25,2673.25,2678.5
2014-09-15,2679.25,2681.0,2671.5,2678.25
2014-09-16,2674.25,2696.5,2672.75,2693.5
2014-09-17,2696.0,2705.25,2685.25,2695.75
2014-09-18,2701.75,2707.5,2699.25,2706.75
2014-09-19,2712.75,2714.75,2700.25,2705.0
2014-09-22,2700.75,2701.25,2684.5,2688.25
2014-09-23,2681.75,2690.0,2673.5,2674.5
2014-09-24,2677.75,2694.5,2672.5,2692.75
2014-09-25,2688.0,2688.25,2659.75,2662.75
2014-09-26,2664.25,2681.25,2661.5,2677.75
2014-09-29,2659.0,2676.0,2657.5,2671.5
2014-09-30,2673.75,2680.25,2663.0,2666.5
2014-10-01,2664.0,2664.75,2635.75,2643.0
2014-10-02,2638.5,2647.25,2620.25,2640.5
2014-10-03,2653.75,2666.5,2647.5,2662.75
2014-10-06,2670.5,2673.0,2652.5,2658.0
2014-10-07,2649.25,2653.75,2627.75,2629.75
2014-10-08,2630.5,2666.0,2620.0,2664.0
2014-10-09,2660.0,2662.75,2622.25,2625.5
2014-10-10,2623.5,2633.25,2595.25,2595.25
2014-10-13,2601.0,2608.0,2567.0,2568.0
2014-10-14,2580.5,2594.75,2567.0,2577.0
2014-10-15,2547.75,2565.0,2515.0,2548.25
2014-10-16,2526.75,2571.75,2524.75,2552.5
2014-10-17,2580.25,2593.75,2572.0,2582.75
2014-10-20,2577.25,2602.5,2576.5,2602.25
2014-10-21,2612.75,2640.75,2610.75,2640.25
2014-10-22,2640.25,2645.25,2622.25,2627.75
2014-10-23,2642.5,2658.25,2639.0,2648.0
2014-10-24,2648.5,2662.25,2641.0,2661.75
2014-10-27,2653.75,2661.0,2646.5,2659.25
2014-10-28,2664.5,2682.75,2663.5,2682.0
2014-10-29,2681.75,2687.75,2664.0,2674.25
2014-10-30,2672.0,2696.25,2670.0,2690.75
2014-10-31,2714.5,2715.0,2704.25,2712.0
2014-11-03,2715.75,2721.25,2709.75,2713.0
2014-11-04,2709.0,2712.75,2697.25,2707.5
2014-11-05,2721.75,2722.5,2710.75,2720.75
2014-11-06,2720.5,2730.5,2712.75,2729.75
2014-11-07,2728.5,2732.75,2722.5,2727.75
2014-11-10,2730.25,2737.0,2727.75,2736.0
2014-11-11,2737.25,2739.75,2733.0,2738.5
2014-11-12,2730.0,2739.25,2729.75,2737.75
2014-11-13,2738.5,2745.25,2728.75,2735.5
2014-11-14,2737.75,2741.75,2734.0,2740.25
2014-11-17,2735.25,2742.5,2733.25,2741.5
2014-11-18,2741.25,2756.0,2741.0,2750.25
2014-11-19,2750.0,2752.5,2739.75,2749.5
2014-11-20,2739.5,2754.5,2738.5,2754.0
2014-11-21,2773.5,2774.25,2756.75,2763.75
2014-11-24,2768.5,2771.0,2766.0,2769.25
2014-11-25,2772.25,2775.0,2764.75,2769.75
2014-11-26,2769.75,2774.75,2767.25,2774.5
2014-11-28,2771.25,2775.25,2765.5,2768.75
2014-12-01,2760.5,2762.0,2750.25,2752.75
2014-12-02,2754.5,2770.0,2754.5,2768.0
2014-12-03,2769.25,2778.0,2767.5,2774.25
2014-12-04,2771.75,2779.25,2763.25,2773.75
2014-12-05,2774.75,2781.0,2771.75,2778.25
2014-12-08,2771.75,2777.75,2755.75,2761.75
2014-12-09,2740.0,2762.75,2735.25,2759.25
2014-12-10,2755.5,2756.25,2725.25,2728.25
2014-12-11,2735.25,2758.5,2732.0,2732.5
2014-12-12,2722.25,2734.25,2698.5,2699.5
2014-12-15,2715.5,2721.25,2683.5,2691.25
2014-12-16,2681.5,2720.0,2671.75,2674.75
2014-12-17,2680.25,2719.75,2678.75,2716.75
2014-12-18,2743.75,2770.5,2735.5,2769.0
2014-12-19,2771.75,2785.0,2765.25,2775.25
2014-12-22,2778.75,2784.75,2776.75,2781.0
2014-12-23,2791.0,2791.5,2784.25,2788.0
2014-12-24,2789.0,2792.25,2785.75,2786.75
2014-12-26,2792.0,2797.5,2791.0,2793.0
2014-12-29,2790.75,2797.5,2789.75,2794.75
2014-12-30,2788.5,2790.5,2781.75,2785.5
2014-12-31,2787.0,2788.5,2759.5,2762.25
2015-01-02,2770.0,2775.25,2747.5,2755.5
2015-01-05,2747.0,2749.25,2718.25,2724.75
2015-01-06,2726.25,2732.25,2693.0,2703.75
2015-01-07,2719.0,2732.5,2713.5,2728.75
2015-01-08,2745.25,2767.25,2744.75,2763.25
2015-01-09,2769.25,2769.75,2740.0,2743.75
2015-01-12,2748.75,2751.0,2724.0,2731.25
2015-01-13,2746.25,2760.5,2709.75,2724.75
2015-01-14,2701.0,2717.5,2690.0,2717.0
2015-01-15,2721.0,2724.75,2693.5,2697.5
2015-01-16,2692.25,2723.0,2690.0,2721.75
2015-01-20,2728.75,2732.0,2706.25,2725.5
2015-01-21,2719.5,2741.5,2714.0,2736.0
2015-01-22,2745.0,2768.0,2728.0,2765.25
2015-01-23,2762.5,2766.0,2752.25,2752.25
2015-01-26,2752.0,2762.75,2743.25,2762.25
2015-01-27,2734.25,2745.75,2722.0,2737.75
2015-01-28,2746.0,2747.5,2700.0,2700.25
2015-01-29,2707.75,2728.25,2690.75,2727.75
2015-01-30,2709.5,2726.0,2695.0,2700.0
2015-02-02,2704.5,2727.25,2682.5,2725.5
2015-02-03,2734.0,2752.75,2729.75,2750.25
2015-02-04,2743.25,2758.0,2738.0,2739.25
2015-02-05,2753.0,2767.5,2751.75,2764.0
2015-02-06,2769.75,2776.75,2753.25,2762.5
2015-02-09,2751.5,2760.5,2745.25,2751.25
2015-02-10,2762.75,2775.25,2752.0,2771.0
2015-02-11,2770.0,2778.5,2762.0,2774.75
2015-02-12,2782.5,2794.25,2780.5,2793.25
2015-02-13,2794.75,2803.25,2791.5,2801.75
2015-02-17,2798.0,2807.5,2795.0,2804.5
2015-02-18,2800.5,2806.25,2797.25,2804.25
2015-02-19,2798.0,2808.25,2796.25,2804.0
2015-02-20,2798.5,2817.5,2791.0,2816.0
2015-02-23,2813.25,2817.0,2808.5,2815.5
2015-02-24,2815.0,2824.5,2811.5,2822.5
2015-02-25,2820.5,2826.5,2816.0,2819.0
2015-02-26,2819.0,2821.0,2810.25,2819.0
2015-02-27,2816.5,2819.75,2809.5,2814.0
2015-03-02,2811.5,2824.25,2811.0,2823.25
2015-03-03,2818.25,2819.5,2804.25,2813.5
2015-03-04,2807.5,2808.5,2794.0,2805.25
2015-03-05,2809.75,2811.5,2802.0,2808.25
2015-03-06,2797.5,2803.0,2774.25,2779.75
2015-03-09,2780.75,2791.25,2779.0,2786.5
2015-03-10,2770.5,2771.5,2750.0,2750.75
2015-03-11,2755.75,2758.25,2747.0,2748.75
2015-03-12,2755.75,2775.25,2755.25,2772.5
2015-03-13,2771.0,2772.75,2748.75,2759.25
2015-03-16,2770.25,2790.5,2770.25,2784.75
2015-03-17,2780.5,2787.25,2773.0,2783.25
2015-03-18,2776.75,2816.5,2769.0,2810.25
2015-03-19,2803.25,2806.25,2793.25,2799.0
2015-03-20,2809.75,2823.5,2809.0,2816.5
2015-03-23,2817.0,2823.75,2811.0,2812.0
2015-03-24,2811.25,2817.0,2799.75,2802.0
2015-03-25,2803.25,2806.0,2769.0,2770.75
2015-03-26,2761.75,2775.5,2753.0,2765.0
2015-03-27,2763.25,2771.5,2760.75,2769.75
2015-03-30,2781.75,2798.5,2781.25,2793.0
2015-03-31,2784.5,2793.0,2773.0,2775.75
2015-04-01,2775.5,2775.75,2756.5,2770.0
2015-04-02,2768.0,2781.5,2765.5,2776.75
2015-04-06,2765.5,2796.75,2763.75,2790.0
2015-04-07,2790.75,2799.5,2784.0,2784.75
2015-04-08,2787.25,2797.0,2782.5,2793.0
2015-04-09,2789.5,2803.75,2783.5,2802.25
2015-04-10,2803.5,2812.75,2801.25,2812.5
2015-04-13,2810.5,2818.0,2802.0,2803.5
2015-04-14,2800.0,2808.75,2792.5,2807.75
2015-04-15,2812.0,2822.25,2811.0,2816.75
2015-04-16,2812.25,2821.5,2809.5,2817.25
2015-04-17,2800.75,2803.75,2781.25,2792.25
2015-04-20,2802.0,2814.25,2801.0,2807.75
2015-04-21,2818.25,2820.25,2804.0,2808.25
2015-04-22,2811.75,2820.5,2800.5,2817.25
2015-04-23,2813.25,2831.25,2811.5,2823.75
2015-04-24,2828.5,2831.5,2822.75,2828.5
2015-04-27,2835.25,2836.5,2817.0,2821.0
2015-04-28,2819.25,2829.25,2805.0,2828.75
2015-04-29,2815.25,2824.5,2807.25,2815.5
2015-04-30,2810.25,2814.75,2787.0,2798.25
2015-05-01,2805.25,2819.25,2804.0,2818.75
2015-05-04,2823.75,2831.75,2822.25,2826.0
2015-05-05,2821.75,2826.0,2798.25,2800.75
2015-05-06,2806.75,2810.5,2778.0,2791.25
2015-05-07,2790.25,2805.0,2786.0,2800.75
2015-05-08,2820.0,2830.25,2819.25,2825.0
2015-05-11,2826.75,2830.25,2814.0,2814.5
2015-05-12,2807.25,2817.5,2797.0,2811.75
2015-05-13,2815.5,2823.25,2808.25,2811.5
2015-05-14,2823.75,2835.0,2820.25,2834.5
2015-05-15,2835.5,2837.25,2830.0,2836.0
2015-05-18,2833.75,2845.5,2833.0,2842.75
2015-05-19,2843.75,2847.0,2838.0,2841.25
2015-05-20,2842.75,2849.0,2836.0,2839.25
2015-05-21,2838.25,2848.75,2836.25,2845.25
2015-05-22,2841.25,2846.5,2839.5,2841.5
2015-05-26,2835.25,2836.0,2812.75,2822.25
2015-05-27,2823.5,2841.0,2819.25,2837.5
2015-05-28,2834.5,2839.0,2827.25,2838.75
2015-05-29,2835.0,2835.5,2819.0,2824.5
2015-06-01,2830.25,2834.5,2817.0,2826.25
2015-06-02,2821.25,2832.75,2813.0,2823.25
2015-06-03,2830.75,2837.5,2824.0,2833.25
2015-06-04,2821.25,2828.5,2808.0,2816.0
2015-06-05,2810.0,2816.5,2800.25,2809.0
2015-06-08,2806.75,2808.75,2793.0,2795.75
2015-06-09,2795.0,2801.5,2787.5,2796.75
2015-06-10,2804.25,2824.75,2803.5,2823.25
2015-06-11,2825.5,2831.5,2822.5,2826.0
2015-06-12,2816.75,2818.75,2807.0,2809.75
2015-06-15,2796.5,2804.75,2788.0,2800.0
2015-06-16,2799.75,2814.5,2797.25,2814.25
2015-06-17,2817.0,2824.0,2804.0,2814.25
2015-06-18,2824.0,2844.5,2822.25,2840.0
2015-06-19,2836.25,2836.75,2822.5,2823.0
2015-06-22,2840.25,2847.25,2836.5,2838.25
2015-06-23,2842.5,2845.5,2836.5,2842.0
2015-06-24,2838.0,2842.75,2824.25,2824.75
2015-06-25,2831.75,2833.0,2817.25,2818.75
2015-06-26,2823.25,2826.0,2811.5,2821.25
2015-06-29,2800.25,2808.5,2772.5,2776.25
2015-06-30,2792.25,2792.75,2772.0,2779.75
2015-07-01,2797.0,2799.75,2785.0,2796.75
2015-07-02,2800.0,2802.25,2787.5,2794.0
2015-07-06,2777.0,2795.75,2774.5,2789.75
2015-07-07,2788.75,2801.5,2760.25,2798.5
2015-07-08,2783.5,2787.0,2761.5,2764.25
2015-07-09,2790.0,2793.25,2764.75,2765.75
2015-07-10,2793.25,2800.0,2784.75,2795.0
2015-07-13,2810.0,2820.0,2809.25,2819.25
2015-07-14,2817.25,2830.75,2816.75,2827.75
2015-07-15,2827.5,2833.0,2820.25,2829.75
2015-07-16,2838.75,2843.75,2836.0,2842.0
2015-07-17,2843.0,2845.25,2838.0,2844.25
2015-07-20,2847.0,2851.5,2841.75,2846.75
2015-07-21,2843.75,2847.0,2833.25,2840.0
2015-07-22,2828.75,2837.25,2828.25,2833.75
2015-07-23,2834.75,2835.75,2816.75,2824.0
2015-07-24,2822.25,2823.0,2795.0,2803.75
2015-07-27,2788.75,2794.75,2781.75,2789.5
2015-07-28,2797.0,2814.25,2786.75,2813.0
2015-07-29,2813.75,2829.5,2812.0,2826.5
2015-07-30,2820.25,2829.25,2813.0,2829.25
2015-07-31,2833.5,2833.75,2820.5,2825.5
2015-08-03,2823.5,2824.25,2805.25,2816.0
2015-08-04,2816.0,2821.5,2806.75,2808.25
2015-08-05,2823.5,2832.25,2816.0,2819.5
2015-08-06,2822.0,2823.25,2795.25,2805.0
2015-08-07,2800.5,2802.0,2787.25,2799.0
2015-08-10,2811.5,2826.0,2811.25,2824.75
2015-08-11,2808.5,2813.5,2796.0,2804.75
2015-08-12,2789.5,2810.0,2771.75,2810.0
2015-08-13,2806.25,2814.25,2798.5,2805.75
2015-08-14,2803.0,2815.0,2801.25,2814.5
2015-08-17,2805.75,2825.75,2800.0,2824.0
2015-08-18,2821.5,2825.5,2815.5,2818.5
2015-08-19,2809.5,2818.75,2791.75,2798.0
2015-08-20,2783.5,2790.25,2749.75,2750.0
2015-08-21,2736.0,2747.5,2693.25,2695.5
2015-08-24,2594.0,2676.0,2556.25,2594.0
2015-08-25,2672.0,2672.5,2585.25,2599.0
2015-08-26,2638.75,2668.25,2600.75,2661.25
2015-08-27,2688.25,2715.5,2669.5,2714.75
2015-08-28,2702.75,2716.25,2696.75,2714.0
2015-08-31,2698.75,2709.0,2687.5,2688.5
2015-09-01,2648.25,2664.75,2624.0,2641.0
2015-09-02,2664.0,2673.5,2641.5,2672.0
2015-09-03,2680.25,2698.75,2667.25,2671.0
2015-09-04,2645.75,2656.0,2633.0,2646.5
2015-09-08,2676.75,2694.0,2669.25,2691.25
2015-09-09,2711.5,2712.75,2660.75,2668.5
2015-09-10,2662.75,2690.5,2660.0,2673.75
2015-09-11,2671.5,2687.0,2662.75,2685.75
2015-09-14,2687.25,2687.5,2671.75,2678.75
2015-09-15,2684.0,2708.25,2678.75,2705.0
2015-09-16,2706.25,2724.25,2702.25,2723.0
2015-09-17,2718.0,2747.0,2707.25,2710.5
2015-09-18,2684.25,2702.75,2676.5,2686.5
2015-09-21,2691.75,2704.25,2679.5,2698.75
2015-09-22,2666.0,2672.0,2653.0,2666.75
2015-09-23,2668.5,2674.0,2656.0,2664.5
2015-09-24,2648.5,2662.0,2632.5,2654.75
2015-09-25,2674.0,2677.75,2645.5,2654.25
2015-09-28,2645.75,2647.0,2604.0,2606.75
2015-09-29,2610.0,2625.0,2596.75,2610.0
2015-09-30,2631.25,2645.75,2621.75,2638.25
2015-10-01,2648.25,2652.5,2625.5,2651.75
2015-10-02,2625.0,2679.0,2618.25,2678.25
2015-10-05,2692.25,2715.25,2690.5,2710.5
2015-10-06,2710.75,2717.5,2697.75,2703.25
2015-10-07,2716.75,2726.5,2702.75,2722.5
2015-10-08,2717.75,2744.0,2714.0,2742.25
2015-10-09,2742.25,2747.5,2734.0,2742.0
2015-10-12,2742.25,2746.75,2737.5,2746.0
2015-10-13,2734.75,2750.0,2728.5,2729.0
2015-10-14,2730.25,2737.0,2717.75,2719.5
2015-10-15,2729.5,2754.75,2724.75,2754.25
2015-10-16,2757.0,2761.25,2747.5,2761.0
2015-10-19,2753.5,2763.0,2749.5,2762.5
2015-10-20,2757.0,2766.75,2753.75,2756.5
2015-10-21,2765.0,2766.5,2743.25,2743.75
2015-10-22,2758.5,2789.25,2756.75,2787.0
2015-10-23,2801.5,2808.75,2792.0,2801.25
2015-10-26,2802.0,2802.75,2794.75,2797.5
2015-10-27,2790.75,2799.0,2786.5,2795.75
2015-10-28,2798.75,2820.5,2790.75,2819.0
2015-10-29,2812.25,2821.75,2810.75,2818.25
2015-10-30,2819.5,2823.5,2805.0,2809.5
2015-11-02,2812.25,2835.25,2810.5,2830.0
2015-11-03,2828.75,2845.5,2825.75,2837.5
2015-11-04,2842.25,2843.75,2825.75,2830.0
2015-11-05,2832.5,2838.5,2819.25,2829.5
2015-11-06,2825.75,2831.5,2812.75,2829.0
2015-11-09,2821.25,2823.25,2797.25,2808.0
2015-11-10,2803.0,2814.25,2799.75,2813.0
2015-11-11,2817.0,2817.75,2803.25,2804.5
2015-11-12,2793.0,2798.75,2775.25,2776.0
2015-11-13,2771.5,2774.75,2751.25,2754.5
2015-11-16,2751.25,2786.25,2749.75,2783.25
2015-11-17,2788.0,2798.75,2776.75,2784.75
2015-11-18,2788.75,2817.75,2788.0,2814.5
2015-11-19,2814.25,2819.0,2810.5,2814.75
2015-11-20,2823.0,2829.75,2817.0,2823.75
2015-11-23,2822.25,2828.25,2813.5,2819.5
2015-11-24,2806.75,2826.75,2802.25,2820.0
2015-11-25,2823.25,2825.75,2818.5,2823.75
2015-11-27,2822.75,2826.5,2816.75,2825.75
2015-11-30,2825.5,2827.25,2813.75,2817.75
2015-12-01,2823.0,2836.75,2819.5,2835.25
2015-12-02,2834.75,2838.5,2810.25,2817.25
2015-12-03,2816.75,2819.75,2775.25,2786.5
2015-12-04,2789.0,2828.25,2787.25,2823.5
2015-12-07,2820.25,2820.75,2799.75,2816.5
2015-12-08,2792.75,2808.5,2785.5,2793.5
2015-12-09,2789.75,2815.0,2769.5,2777.5
2015-12-10,2782.25,2802.25,2779.0,2784.0
2015-12-11,2761.25,2769.0,2742.5,2744.75
2015-12-14,2748.25,2759.75,2727.5,2753.75
2015-12-15,2775.25,2790.0,2773.75,2782.25
2015-12-16,2792.5,2813.0,2775.25,2807.75
2015-12-17,2812.75,2813.75,2767.5,2768.5
2015-12-18,2766.0,2768.0,2735.25,2736.5
2015-12-21,2754.25,2760.5,2740.0,2759.0
2015-12-22,2767.0,2780.75,2754.75,2779.75
2015-12-23,2787.25,2802.0,2786.0,2797.0
2015-12-24,2798.0,2804.0,2793.75,2795.0
2015-12-28,2789.25,2793.75,2779.5,2793.5
2015-12-29,2805.25,2818.75,2805.0,2817.0
2015-12-30,2811.5,2812.75,2797.75,2799.25
2015-12-31,2791.25,2799.0,2774.5,2780.75
2016-01-04,2744.25,2753.75,2724.5,2753.75
2016-01-05,2753.25,2758.5,2739.5,2756.25
2016-01-06,2722.25,2739.75,2714.75,2730.25
2016-01-07,2692.75,2713.25,2672.75,2676.25
2016-01-08,2691.0,2697.5,2654.25,2656.0
2016-01-11,2669.0,2673.25,2636.75,2658.5
2016-01-12,2677.0,2684.5,2650.0,2669.25
2016-01-13,2683.25,2687.5,2622.25,2625.25
2016-01-14,2634.25,2671.75,2615.25,2659.5
2016-01-15,2606.0,2626.25,2593.5,2619.75
2016-01-19,2638.25,2639.75,2600.5,2618.0
2016-01-20,2589.0,2613.5,2548.5,2599.0
2016-01-21,2600.5,2627.5,2585.0,2605.5
2016-01-22,2636.5,2646.5,2627.5,2643.0
2016-01-25,2638.0,2640.0,2612.25,2614.0
2016-01-26,2623.0,2644.0,2618.75,2640.25
2016-01-27,2634.5,2654.25,2608.75,2619.25
2016-01-28,2638.0,2640.5,2610.0,2625.75
2016-01-29,2638.75,2677.25,2637.5,2672.5
2016-02-01,2663.5,2684.25,2656.75,2674.75
2016-02-02,2657.75,2658.25,2633.25,2641.5
2016-02-03,2652.75,2656.5,2609.25,2652.25
2016-02-04,2645.75,2666.0,2638.0,2652.0
2016-02-05,2648.25,2649.5,2610.0,2619.25
2016-02-08,2595.75,2599.25,2566.0,2596.75
2016-02-09,2571.5,2608.0,2570.0,2592.5
2016-02-10,2602.5,2622.0,2587.75,2591.25
2016-02-11,2561.5,2579.0,2549.25,2569.5
2016-02-12,2587.75,2605.0,2577.75,2603.25
2016-02-16,2626.5,2636.75,2614.5,2632.75
2016-02-17,2650.25,2671.5,2648.25,2667.0
2016-02-18,2670.25,2671.25,2655.5,2660.5
2016-02-19,2650.25,2660.25,2642.75,2658.5
2016-02-22,2677.0,2688.0,2676.25,2679.5
2016-02-23,2678.5,2681.5,2659.5,2659.75
2016-02-24,2644.5,2675.5,2631.0,2674.75
2016-02-25,2675.75,2695.0,2666.25,2694.75
2016-02-26,2704.0,2705.25,2686.0,2686.75
2016-02-29,2689.0,2700.5,2670.75,2674.25
2016-03-01,2688.0,2722.75,2682.5,2722.25
2016-03-02,2715.25,2729.0,2710.5,2727.0
2016-03-03,2726.0,2736.0,2719.0,2735.25
2016-03-04,2738.5,2751.75,2728.25,2739.0
2016-03-07,2731.5,2748.75,2730.25,2743.0
2016-03-08,2731.0,2737.25,2720.25,2725.75
2016-03-09,2731.75,2736.0,2722.25,2733.25
2016-03-10,2737.5,2749.0,2711.5,2733.5
2016-03-11,2751.0,2766.5,2749.5,2764.5
2016-03-14,2759.75,2768.75,2756.25,2762.75
2016-03-15,2751.75,2760.75,2748.75,2759.75
2016-03-16,2754.0,2776.5,2753.5,2770.25
2016-03-17,2770.5,2790.5,2765.75,2784.0
2016-03-18,2790.5,2796.5,2786.75,2791.25
2016-03-21,2789.5,2798.25,2786.5,2796.25
2016-03-22,2786.0,2801.25,2784.25,2796.5
2016-03-23,2790.25,2792.25,2779.0,2782.75
2016-03-24,2768.5,2782.75,2766.0,2782.25
2016-03-28,2785.0,2787.75,2775.75,2782.0
2016-03-29,2776.75,2801.75,2773.0,2801.25
2016-03-30,2812.0,2818.25,2805.25,2808.75
2016-03-31,2808.25,2813.5,2802.5,2807.5
2016-04-01,2792.75,2820.75,2789.0,2819.25
2016-04-04,2818.0,2820.25,2808.0,2810.75
2016-04-05,2795.75,2801.75,2788.0,2792.75
2016-04-06,2792.0,2814.25,2788.75,2814.0
2016-04-07,2800.75,2804.75,2779.75,2788.5
2016-04-08,2802.75,2808.0,2787.75,2794.5
2016-04-11,2802.0,2810.25,2787.25,2788.5
2016-04-12,2791.5,2812.25,2786.25,2809.75
2016-04-13,2819.5,2830.75,2817.75,2829.75
2016-04-14,2830.25,2835.5,2825.5,2830.75
2016-04-15,2829.75,2830.75,2823.25,2828.5
2016-04-18,2820.5,2842.5,2819.0,2840.5
2016-04-19,2846.75,2851.5,2838.75,2847.5
2016-04-20,2849.25,2859.0,2843.25,2851.75
2016-04-21,2850.75,2852.25,2835.75,2836.5
2016-04-22,2835.25,2842.75,2828.75,2840.0
2016-04-25,2832.25,2837.25,2824.75,2837.0
2016-04-26,2840.25,2845.0,2833.25,2842.5
2016-04-27,2834.5,2847.75,2830.0,2844.75
2016-04-28,2834.0,2847.25,2819.0,2827.0
2016-04-29,2816.5,2820.75,2799.5,2815.0
2016-05-02,2818.75,2831.25,2813.25,2828.25
2016-05-03,2814.25,2817.0,2801.75,2810.5
2016-05-04,2798.75,2807.25,2792.75,2800.5
2016-05-05,2804.5,2808.75,2793.25,2797.75
2016-05-06,2789.25,2807.25,2787.5,2806.5
2016-05-09,2804.25,2812.5,2802.0,2808.25
2016-05-10,2816.0,2833.5,2815.0,2832.0
2016-05-11,2828.0,2832.25,2811.5,2811.75
2016-05-12,2821.5,2823.5,2802.25,2812.5
2016-05-13,2810.75,2817.25,2792.25,2797.25
2016-05-16,2798.0,2822.25,2797.25,2816.5
2016-05-17,2813.25,2816.5,2790.5,2798.0
2016-05-18,2793.0,2811.5,2784.5,2796.25
2016-05-19,2788.75,2793.5,2775.75,2792.75
2016-05-20,2797.25,2809.25,2796.5,2803.75
2016-05-23,2803.25,2806.5,2797.75,2799.0
2016-05-24,2810.25,2831.0,2809.75,2829.25
2016-05-25,2835.25,2846.25,2834.5,2841.0
2016-05-26,2843.0,2845.5,2838.0,2843.75
2016-05-27,2843.5,2851.75,2843.0,2851.25
2016-05-31,2853.75,2855.25,2839.75,2848.5
2016-06-01,2839.5,2853.0,2837.0,2851.0
2016-06-02,2846.0,2858.0,2840.5,2857.25
2016-06-03,2850.75,2855.0,2836.5,2851.75
2016-06-06,2855.0,2866.0,2853.25,2861.75
2016-06-07,2863.5,2871.75,2863.0,2864.25
2016-06-08,2866.5,2873.5,2865.0,2872.0
2016-06-09,2863.25,2870.5,2860.0,2868.25
2016-06-10,2852.75,2856.75,2842.25,2849.75
2016-06-13,2842.0,2852.0,2831.5,2832.25
2016-06-14,2828.0,2835.5,2817.5,2829.0
2016-06-15,2834.0,2842.25,2823.75,2826.0
2016-06-16,2815.75,2834.25,2803.5,2833.0
2016-06-17,2830.75,2831.0,2816.0,2821.5
2016-06-20,2847.25,2855.25,2834.0,2837.25
2016-06-21,2842.0,2848.5,2836.75,2843.0
2016-06-22,2845.25,2854.0,2838.0,2840.0
2016-06-23,2857.25,2869.5,2851.75,2869.0
2016-06-24,2794.25,2827.5,2779.25,2784.5
2016-06-27,2773.5,2773.5,2744.25,2747.75
2016-06-28,2772.5,2791.75,2768.75,2791.0
2016-06-29,2806.5,2830.0,2805.0,2829.75
2016-06-30,2830.5,2854.0,2823.75,2851.25
2016-07-01,2852.0,2863.5,2851.75,2859.5
2016-07-05,2848.0,2849.25,2835.25,2845.75
2016-07-06,2836.5,2857.25,2828.5,2856.5
2016-07-07,2857.0,2864.75,2844.5,2855.0
2016-07-08,2869.0,2888.25,2866.25,2882.5
2016-07-11,2890.25,2899.5,2888.0,2893.25
2016-07-12,2904.0,2912.0,2901.0,2908.75
2016-07-13,2913.5,2913.5,2902.25,2908.5
2016-07-14,2923.0,2925.75,2915.5,2920.25
2016-07-15,2926.5,2927.0,2911.75,2915.25
2016-07-18,2918.75,2925.25,2915.5,2922.0
2016-07-19,2918.0,2922.75,2915.0,2920.75
2016-07-20,2926.25,2932.5,2921.25,2930.0
2016-07-21,2928.5,2931.25,2916.25,2921.25
2016-07-22,2923.0,2932.0,2919.75,2930.0
2016-07-25,2928.75,2929.75,2918.5,2925.0
2016-07-26,2924.5,2930.75,2916.5,2926.0
2016-07-27,2931.0,2932.0,2914.75,2923.25
2016-07-28,2922.0,2930.25,2916.25,2927.0
2016-07-29,2923.75,2934.5,2920.25,2933.25
2016-08-01,2930.75,2935.5,2922.5,2927.5
2016-08-02,2925.0,2926.75,2904.25,2915.75
2016-08-03,2913.5,2921.0,2909.75,2919.75
2016-08-04,2921.5,2926.25,2916.75,2921.75
2016-08-05,2930.75,2941.25,2929.25,2939.5
2016-08-08,2943.0,2944.0,2936.0,2938.5
2016-08-09,2940.0,2946.25,2936.5,2940.5
2016-08-10,2941.75,2942.75,2930.5,2935.5
2016-08-11,2941.0,2948.0,2938.0,2944.5
2016-08-12,2941.5,2945.75,2938.25,2943.0
2016-08-15,2947.5,2953.5,2947.25,2949.0
2016-08-16,2944.25,2945.25,2938.0,2939.75
2016-08-17,2938.5,2943.75,2928.25,2942.75
2016-08-18,2941.5,2947.25,2940.5,2946.0
2016-08-19,2941.5,2945.75,2935.25,2944.5
2016-08-22,2940.75,2946.25,2936.25,2944.5
2016-08-23,2950.5,2954.25,2947.25,2948.0
2016-08-24,2946.5,2947.5,2931.5,2938.0
2016-08-25,2932.0,2940.0,2930.25,2936.0
2016-08-26,2937.5,2949.5,2920.25,2931.5
2016-08-29,2932.5,2945.0,2932.0,2942.0
2016-08-30,2940.75,2944.25,2931.25,2938.25
2016-08-31,2934.5,2935.5,2922.25,2933.0
2016-09-01,2931.0,2935.0,2917.5,2929.75
2016-09-02,2941.5,2946.5,2934.5,2940.75
2016-09-06,2944.5,2949.0,2935.75,2947.25
2016-09-07,2945.75,2949.5,2940.25,2947.5
2016-09-08,2943.25,2946.75,2938.5,2940.25
2016-09-09,2926.75,2927.25,2885.0,2885.75
2016-09-12,2880.75,2925.5,2880.0,2920.25
2016-09-13,2905.0,2908.25,2881.5,2892.0
2016-09-14,2889.75,2903.75,2881.25,2882.25
2016-09-15,2885.75,2913.75,2883.75,2907.25
2016-09-16,2900.5,2903.5,2892.25,2901.25
2016-09-19,2908.25,2916.0,2897.0,2902.25
2016-09-20,2911.0,2912.75,2899.0,2900.25
2016-09-21,2909.0,2926.75,2900.75,2925.5
2016-09-22,2936.75,2942.0,2933.5,2937.5
2016-09-23,2933.5,2935.5,2925.25,2928.0
2016-09-26,2917.25,2918.75,2906.0,2909.25
2016-09-27,2906.5,2923.25,2902.0,2922.0
2016-09-28,2924.75,2934.5,2913.25,2932.25
2016-09-29,2930.5,2935.0,2906.5,2918.0
2016-09-30,2922.5,2937.5,2919.75,2928.25
2016-10-03,2924.0,2926.0,2916.0,2922.75
2016-10-04,2925.0,2927.5,2905.25,2914.0
2016-10-05,2919.75,2927.25,2919.0,2922.75
2016-10-06,2919.25,2926.5,2912.5,2925.75
2016-10-07,2926.5,2928.5,2907.25,2915.75
2016-10-10,2927.25,2932.75,2925.5,2928.5
2016-10-11,2922.0,2923.0,2891.0,2903.75
2016-10-12,2901.25,2908.75,2895.5,2900.75
2016-10-13,2887.0,2901.5,2877.0,2895.75
2016-10-14,2906.75,2912.5,2894.25,2896.25
2016-10-17,2896.25,2899.25,2887.0,2892.5
2016-10-18,2908.25,2908.5,2898.25,2901.0
2016-10-19,2906.0,2911.75,2901.5,2907.75
2016-10-20,2904.0,2910.5,2896.0,2906.25
2016-10-21,2894.5,2906.0,2892.5,2904.0
2016-10-24,2915.0,2918.25,2909.75,2913.75
2016-10-25,2911.75,2915.0,2904.5,2907.75
2016-10-26,2896.75,2909.25,2894.0,2903.0
2016-10-27,2911.0,2911.5,2891.75,2893.25
2016-10-28,2896.5,2904.5,2881.75,2893.25
2016-10-31,2894.5,2897.0,2888.25,2892.25
2016-11-01,2894.25,2894.75,2860.25,2873.25
2016-11-02,2871.0,2875.75,2856.5,2861.75
2016-11-03,2864.25,2867.0,2849.0,2853.25
2016-11-04,2853.5,2863.5,2848.25,2849.0
2016-11-07,2878.75,2899.5,2877.25,2898.75
2016-11-08,2891.75,2912.5,2888.25,2904.5
2016-11-09,2888.0,2936.0,2887.5,2930.0
2016-11-10,2937.5,2947.75,2917.0,2936.0
2016-11-11,2925.75,2932.25,2917.75,2930.75
2016-11-14,2934.75,2937.25,2921.5,2930.25
2016-11-15,2934.75,2949.0,2932.25,2948.5
2016-11-16,2940.0,2945.5,2938.25,2941.75
2016-11-17,2944.5,2954.75,2943.25,2954.0
2016-11-18,2954.75,2956.75,2946.75,2949.75
2016-11-21,2955.75,2965.75,2954.0,2962.0
2016-11-22,2969.25,2972.0,2961.0,2970.0
2016-11-23,2963.75,2971.5,2961.25,2969.75
2016-11-25,2975.0,2981.0,2974.0,2980.75
2016-11-28,2975.5,2978.75,2967.5,2970.0
2016-11-29,2969.5,2978.75,2965.5,2973.0
2016-11-30,2980.5,2982.25,2966.75,2969.0
2016-12-01,2971.0,2971.25,2955.25,2961.0
2016-12-02,2960.5,2966.5,2956.25,2961.5
2016-12-05,2970.25,2978.0,2968.0,2973.5
2016-12-06,2975.5,2981.25,2970.0,2979.75
2016-12-07,2978.75,3010.5,2977.0,3005.75
2016-12-08,3009.0,3020.75,3006.0,3016.75
2016-12-09,3017.75,3030.0,3017.0,3029.0
2016-12-12,3027.75,3033.5,3021.5,3024.75
2016-12-13,3034.25,3047.75,3033.75,3042.25
2016-12-14,3038.25,3047.25,3017.75,3026.75
2016-12-15,3025.75,3042.5,3024.0,3033.25
2016-12-16,3036.25,3037.5,3024.25,3030.0
2016-12-19,3030.75,3038.5,3028.75,3034.75
2016-12-20,3040.0,3044.25,3037.0,3041.25
2016-12-21,3040.5,3042.75,3034.5,3035.25
2016-12-22,3033.25,3034.75,3026.25,3033.5
2016-12-23,3031.25,3035.0,3029.0,3034.5
2016-12-27,3037.0,3044.25,3035.25,3035.5
2016-12-28,3041.75,3041.75,3018.25,3020.25
2016-12-29,3020.5,3024.75,3014.25,3020.0
2016-12-30,3023.5,3024.25,3002.75,3009.5
2017-01-03,3026.75,3034.25,3014.25,3027.5
2017-01-04,3031.0,3042.0,3030.75,3039.25
2017-01-05,3036.5,3040.0,3028.75,3038.75
2017-01-06,3039.5,3051.75,3033.0,3046.0
2017-01-09,3043.5,3045.0,3038.25,3039.75
2017-01-10,3039.25,3048.75,3034.25,3038.75
2017-01-11,3038.0,3046.5,3029.75,3045.25
2017-01-12,3039.25,3042.0,3023.25,3038.5
2017-01-13,3041.5,3048.25,3041.0,3047.0
2017-01-17,3037.25,3042.0,3032.0,3037.25
2017-01-18,3039.5,3042.25,3033.0,3040.75
2017-01-19,3042.5,3044.25,3027.75,3036.5
2017-01-20,3041.25,3047.5,3034.5,3041.25
2017-01-23,3037.25,3042.25,3026.5,3036.75
2017-01-24,3038.25,3055.25,3036.75,3049.25
2017-01-25,3061.25,3070.0,3059.0,3068.5
2017-01-26,3067.75,3071.25,3064.25,3068.75
2017-01-27,3068.5,3070.25,3061.75,3063.5
2017-01-30,3055.75,3056.0,3038.0,3051.0
2017-01-31,3043.5,3051.25,3037.0,3049.75
2017-02-01,3056.5,3059.75,3043.0,3049.5
2017-02-02,3045.5,3054.5,3041.5,3050.5
2017-02-03,3061.75,3068.75,3057.75,3066.0
2017-02-06,3061.5,3066.25,3058.25,3061.0
2017-02-07,3067.0,3069.75,3060.0,3062.75
2017-02-08,3059.0,3066.75,3055.75,3065.0
2017-02-09,3068.5,3082.5,3067.75,3078.75
2017-02-10,3082.75,3090.5,3081.5,3087.5
2017-02-13,3093.75,3103.75,3093.25,3101.25
2017-02-14,3098.5,3112.5,3094.5,3112.0
2017-02-15,3107.5,3125.75,3106.75,3124.75
2017-02-16,3122.75,3124.5,3111.5,3120.5
2017-02-17,3112.5,3123.5,3112.0,3122.25
2017-02-21,3127.75,3139.75,3127.5,3134.5
2017-02-22,3132.75,3138.0,3130.5,3135.75
2017-02-23,3141.25,3141.5,3127.75,3138.0
2017-02-24,3127.0,3140.5,3126.25,3139.75
2017-02-27,3138.5,3145.5,3135.75,3143.25
2017-02-28,3139.25,3141.75,3132.25,3137.5
2017-03-01,3156.25,3175.75,3156.0,3167.75
2017-03-02,3167.5,3167.75,3152.75,3156.5
2017-03-03,3153.5,3158.0,3149.0,3155.5
2017-03-06,3146.75,3153.0,3141.75,3150.25
2017-03-07,3145.25,3149.5,3139.25,3141.25
2017-03-08,3144.75,3147.75,3135.5,3139.25
2017-03-09,3138.5,3144.0,3128.75,3141.25
2017-03-10,3151.25,3152.0,3137.0,3146.25
2017-03-13,3147.5,3150.0,3143.75,3150.0
2017-03-14,3143.25,3143.5,3132.75,3140.75
2017-03-15,3146.75,3165.75,3143.75,3158.5
2017-03-16,3161.75,3162.5,3151.5,3157.25
2017-03-17,3158.5,3160.25,3150.75,3152.75
2017-03-20,3150.75,3154.0,3143.5,3148.5
2017-03-21,3155.25,3156.75,3116.0,3120.0
2017-03-22,3118.25,3126.75,3110.75,3120.75
2017-03-23,3120.5,3134.0,3116.25,3118.0
2017-03-24,3124.25,3130.75,3109.75,3122.75
2017-03-27,3099.0,3119.5,3096.0,3116.0
2017-03-28,3112.75,3138.5,3111.5,3129.5
2017-03-29,3130.0,3137.75,3126.75,3135.0
2017-03-30,3134.0,3144.75,3132.0,3142.75
2017-03-31,3138.5,3144.75,3135.75,3136.75
2017-04-03,3137.25,3139.75,3118.0,3134.0
2017-04-04,3128.75,3136.5,3124.5,3134.5
2017-04-05,3141.0,3153.0,3122.25,3124.5
2017-04-06,3128.5,3139.25,3123.0,3131.5
2017-04-07,3130.25,3138.75,3125.0,3130.25
2017-04-10,3132.25,3141.25,3125.5,3130.75
2017-04-11,3127.0,3129.75,3111.25,3129.25
2017-04-12,3125.0,3127.5,3115.5,3118.5
2017-04-13,3114.25,3123.0,3102.0,3105.5
2017-04-17,3108.75,3124.0,3106.75,3123.25
2017-04-18,3114.75,3122.5,3108.25,3115.75
2017-04-19,3123.0,3127.25,3109.25,3111.5
2017-04-20,3119.0,3136.25,3115.25,3130.0
2017-04-21,3130.25,3131.0,3118.5,3125.25
2017-04-24,3149.5,3152.0,3143.75,3148.25
2017-04-25,3156.5,3167.25,3155.5,3163.0
2017-04-26,3162.75,3172.75,3160.0,3160.75
2017-04-27,3164.5,3166.75,3156.75,3164.25
2017-04-28,3166.0,3166.25,3156.25,3158.5
2017-05-01,3164.0,3168.75,3158.75,3165.0
2017-05-02,3165.5,3166.75,3159.75,3164.0
2017-05-03,3159.5,3164.0,3153.5,3160.75
2017-05-04,3164.75,3165.75,3154.0,3163.75
2017-05-05,3168.0,3176.0,3163.0,3175.75
2017-05-08,3173.75,3175.75,3167.75,3173.0
2017-05-09,3175.75,3178.0,3166.75,3171.25
2017-05-10,3169.75,3175.0,3167.25,3173.25
2017-05-11,3169.25,3171.5,3157.0,3169.0
2017-05-12,3166.5,3168.0,3162.25,3166.75
2017-05-15,3170.5,3180.25,3170.25,3176.25
2017-05-16,3182.0,3182.5,3171.75,3175.75
2017-05-17,3156.5,3161.75,3132.75,3136.25
2017-05-18,3132.25,3153.0,3129.5,3141.5
2017-05-19,3148.25,3166.0,3147.75,3159.5
2017-05-22,3164.0,3172.25,3163.0,3170.5
2017-05-23,3174.5,3177.5,3170.0,3175.75
2017-05-24,3178.0,3182.0,3174.0,3179.5
2017-05-25,3186.5,3195.75,3184.0,3191.25
2017-05-26,3190.0,3193.5,3189.0,3192.0
2017-05-30,3187.75,3192.5,3186.0,3189.0
2017-05-31,3192.5,3193.25,3180.75,3191.75
2017-06-01,3193.75,3208.5,3190.75,3207.75
2017-06-02,3208.25,3217.75,3205.0,3215.75
2017-06-05,3213.75,3217.0,3211.5,3212.75
2017-06-06,3206.75,3213.75,3205.0,3208.75
2017-06-07,3209.75,3213.0,3202.0,3210.0
2017-06-08,3211.25,3217.0,3205.25,3210.5
2017-06-09,3214.75,3223.75,3192.75,3209.0
2017-06-12,3204.5,3207.5,3197.0,3207.0
2017-06-13,3213.0,3219.25,3208.75,3218.0
2017-06-14,3221.5,3222.0,3205.75,3215.25
2017-06-15,3199.5,3212.5,3196.25,3212.25
2017-06-16,3211.75,3212.5,3200.25,3211.5
2017-06-19,3220.0,3231.5,3218.5,3227.5
2017-06-20,3226.25,3226.75,3214.0,3218.0
2017-06-21,3218.25,3220.0,3208.0,3213.25
2017-06-22,3213.5,3219.0,3210.0,3211.75
2017-06-23,3212.75,3218.75,3208.25,3214.5
2017-06-26,3222.25,3227.5,3214.0,3215.75
2017-06-27,3213.25,3217.0,3196.5,3200.75
2017-06-28,3208.0,3220.5,3205.5,3218.25
2017-06-29,3220.0,3220.5,3182.25,3200.0
2017-06-30,3205.5,3209.75,3198.5,3201.25
2017-07-03,3211.75,3216.5,3202.0,3203.75
2017-07-05,3208.5,3212.25,3199.25,3207.75
2017-07-06,3200.75,3202.25,3185.25,3188.25
2017-07-07,3193.75,3205.0,3192.0,3202.5
2017-07-10,3201.0,3210.0,3199.25,3204.5
2017-07-11,3203.25,3207.25,3190.25,3204.75
2017-07-12,3215.0,3223.75,3214.75,3219.75
2017-07-13,3221.75,3227.0,3219.0,3225.25
2017-07-14,3225.75,3241.25,3224.25,3236.25
2017-07-17,3235.75,3240.5,3234.25,3238.5
2017-07-18,3232.0,3238.5,3228.0,3238.25
2017-07-19,3241.5,3251.75,3241.25,3251.25
2017-07-20,3254.0,3255.25,3245.5,3251.0
2017-07-21,3245.75,3250.25,3242.75,3249.25
2017-07-24,3249.0,3250.5,3243.5,3248.25
2017-07-25,3258.0,3258.75,3252.5,3254.5
2017-07-26,3258.25,3258.5,3251.5,3253.0
2017-07-27,3260.0,3260.5,3237.0,3252.25
2017-07-28,3246.5,3251.0,3241.5,3251.0
2017-07-31,3253.75,3255.0,3245.25,3250.0
2017-08-01,3254.5,3255.0,3248.0,3251.75
2017-08-02,3254.75,3255.75,3243.25,3253.25
2017-08-03,3253.0,3253.0,3246.0,3252.0
2017-08-04,3254.75,3257.75,3249.25,3252.5
2017-08-07,3254.25,3258.25,3253.0,3257.5
2017-08-08,3254.25,3268.5,3247.5,3252.75
2017-08-09,3243.5,3254.0,3239.25,3253.25
2017-08-10,3241.25,3243.0,3215.75,3216.75
2017-08-11,3218.75,3226.5,3216.0,3220.25
2017-08-14,3234.25,3246.5,3234.0,3243.75
2017-08-15,3248.25,3248.5,3240.0,3244.25
2017-08-16,3249.5,3254.0,3242.5,3247.75
2017-08-17,3240.5,3244.0,3207.75,3210.0
2017-08-18,3206.5,3219.5,3199.5,3207.0
2017-08-21,3204.25,3209.5,3195.75,3208.5
2017-08-22,3213.25,3234.0,3212.75,3233.25
2017-08-23,3220.5,3227.75,3218.75,3221.25
2017-08-24,3227.5,3229.0,3214.5,3221.0
2017-08-25,3226.25,3233.5,3221.0,3222.5
2017-08-28,3228.25,3229.25,3218.0,3223.75
2017-08-29,3208.25,3228.5,3206.25,3227.5
2017-08-30,3224.75,3239.75,3222.75,3236.0
2017-08-31,3243.75,3254.25,3242.5,3249.0
2017-09-01,3255.25,3259.75,3253.0,3254.0
2017-09-05,3248.75,3251.25,3225.5,3240.0
2017-09-06,3244.75,3249.0,3238.25,3246.0
2017-09-07,3248.5,3248.75,3239.5,3246.75
2017-09-08,3240.75,3246.5,3238.5,3242.75
2017-09-11,3255.75,3268.75,3255.75,3267.0
2017-09-12,3271.5,3276.5,3269.5,3276.0
2017-09-13,3272.25,3277.25,3271.0,3276.75
2017-09-14,3272.5,3278.0,3270.75,3276.5
2017-09-15,3273.75,3279.75,3272.25,3279.0
2017-09-18,3282.75,3287.75,3279.5,3284.5
2017-09-19,3286.75,3287.75,3283.0,3286.0
2017-09-20,3287.75,3289.0,3275.75,3286.75
2017-09-21,3285.5,3286.25,3278.25,3282.5
2017-09-22,3277.0,3282.75,3276.5,3281.0
2017-09-25,3277.5,3281.75,3266.75,3279.25
2017-09-26,3280.25,3283.0,3274.0,3277.5
2017-09-27,3285.25,3291.0,3274.75,3285.75
2017-09-28,3283.0,3290.0,3281.75,3289.75
2017-09-29,3288.5,3299.5,3286.5,3298.5
2017-10-02,3300.0,3308.75,3299.25,3308.0
2017-10-03,3309.5,3314.75,3307.5,3314.75
2017-10-04,3311.75,3319.75,3310.75,3317.75
2017-10-05,3320.25,3332.5,3319.0,3331.5
2017-10-06,3326.0,3329.25,3323.25,3327.0
2017-10-09,3330.75,3331.75,3321.0,3325.75
2017-10-10,3330.75,3335.0,3324.5,3330.25
2017-10-11,3329.75,3335.25,3327.75,3334.5
2017-10-12,3331.0,3335.0,3328.0,3331.25
2017-10-13,3335.75,3337.25,3332.0,3334.25
2017-10-16,3336.5,3339.5,3332.5,3338.0
2017-10-17,3336.5,3339.5,3334.0,3339.25
2017-10-18,3343.25,3343.75,3339.0,3342.0
2017-10-19,3332.0,3343.25,3327.0,3342.5
2017-10-20,3350.75,3356.25,3347.75,3355.75
2017-10-23,3358.5,3358.5,3343.75,3344.75
2017-10-24,3349.5,3352.0,3345.0,3348.75
2017-10-25,3345.5,3346.75,3323.25,3340.5
2017-10-26,3343.5,3346.75,3337.25,3342.75
2017-10-27,3348.25,3362.5,3345.0,3360.25
2017-10-30,3354.0,3359.25,3347.25,3349.75
2017-10-31,3354.75,3357.25,3350.75,3354.25
2017-11-01,3363.25,3367.25,3353.25,3356.25
2017-11-02,3356.25,3360.0,3344.0,3358.5
2017-11-03,3360.0,3367.25,3355.25,3364.5
2017-11-06,3364.75,3371.75,3364.0,3370.5
2017-11-07,3371.5,3375.25,3362.5,3368.75
2017-11-08,3366.25,3374.25,3363.25,3373.0
2017-11-09,3358.75,3366.0,3345.0,3365.25
2017-11-10,3358.75,3363.5,3354.75,3361.5
2017-11-13,3354.25,3367.25,3353.75,3363.75
2017-11-14,3355.25,3360.0,3346.0,3359.75
2017-11-15,3348.0,3353.25,3337.25,3346.75
2017-11-16,3355.75,3371.25,3355.5,3367.0
2017-11-17,3362.5,3365.0,3357.5,3357.75
2017-11-20,3361.75,3365.75,3358.75,3364.0
2017-11-21,3372.0,3382.25,3371.0,3377.75
2017-11-22,3380.0,3381.5,3375.5,3376.0
2017-11-24,3382.25,3384.75,3381.0,3383.25
2017-11-27,3383.5,3387.25,3379.5,3383.25
2017-11-28,3387.5,3408.75,3386.0,3407.5
2017-11-29,3409.75,3416.0,3401.5,3407.0
2017-11-30,3417.0,3440.25,3416.25,3423.0
2017-12-01,3427.0,3432.5,3386.75,3426.25
2017-12-04,3442.0,3447.0,3418.75,3420.0
2017-12-05,3423.5,3430.5,3409.25,3410.25
2017-12-06,3407.5,3416.25,3405.75,3411.0
2017-12-07,3409.5,3423.0,3408.0,3421.5
2017-12-08,3428.5,3434.0,3425.75,3433.0
2017-12-11,3434.25,3443.75,3433.5,3443.75
2017-12-12,3444.25,3451.75,3442.0,3447.0
2017-12-13,3449.0,3454.25,3445.0,3448.0
2017-12-14,3449.0,3450.0,3433.0,3435.0
2017-12-15,3445.5,3461.5,3444.75,3460.75
2017-12-18,3471.25,3476.75,3470.25,3473.5
2017-12-19,3476.0,3476.25,3461.75,3462.75
2017-12-20,3473.25,3474.25,3457.75,3460.5
2017-12-21,3468.0,3474.75,3463.5,3466.25
2017-12-22,3467.0,3468.25,3461.0,3465.0
2017-12-26,3464.25,3467.0,3463.0,3466.0
2017-12-27,3467.0,3469.75,3460.25,3463.75
2017-12-28,3467.0,3467.75,3461.75,3464.5
2017-12-29,3472.5,3472.75,3447.5,3451.75
2018-01-02,3465.75,3474.75,3460.5,3471.75
2018-01-03,3476.0,3493.0,3475.75,3489.0
2018-01-04,3498.0,3507.75,3497.0,3502.75
2018-01-05,3511.0,3522.0,3505.25,3521.5
2018-01-08,3518.75,3527.25,3515.75,3526.0
2018-01-09,3529.75,3538.75,3526.75,3531.25
2018-01-10,3522.75,3530.5,3515.25,3529.5
2018-01-11,3533.0,3548.75,3531.5,3548.25
2018-01-12,3550.0,3567.75,3548.75,3567.25
2018-01-16,3579.5,3587.25,3548.0,3562.0
2018-01-17,3567.5,3588.25,3559.25,3582.5
2018-01-18,3581.5,3586.5,3572.5,3575.25
2018-01-19,3584.75,3593.75,3578.25,3590.0
2018-01-22,3588.25,3615.25,3588.0,3614.0
2018-01-23,3614.25,3623.5,3610.75,3618.25
2018-01-24,3626.75,3634.0,3604.25,3620.25
2018-01-25,3627.25,3628.75,3609.5,3619.75
2018-01-26,3628.5,3654.0,3625.25,3652.75
2018-01-29,3645.0,3650.0,3630.25,3632.5
2018-01-30,3610.5,3618.25,3597.25,3603.0
2018-01-31,3612.5,3618.5,3591.75,3608.25
2018-02-01,3595.5,3615.5,3591.25,3600.75
2018-02-02,3584.75,3586.5,3534.0,3536.0
2018-02-05,3518.0,3541.75,3380.5,3386.25
2018-02-06,3380.5,3478.5,3367.75,3468.5
2018-02-07,3466.0,3505.5,3445.75,3446.75
2018-02-08,3460.75,3462.75,3355.75,3368.75
2018-02-09,3388.25,3416.5,3309.0,3396.75
2018-02-12,3418.25,3450.25,3398.75,3433.5
2018-02-13,3419.5,3446.25,3413.0,3440.5
2018-02-14,3424.0,3480.5,3421.5,3475.5
2018-02-15,3495.5,3513.75,3467.25,3511.5
2018-02-16,3502.75,3533.5,3502.5,3513.25
2018-02-20,3499.5,3516.5,3484.5,3492.75
2018-02-21,3498.0,3526.5,3472.25,3477.5
2018-02-22,3490.25,3509.75,3475.25,3490.5
2018-02-23,3497.0,3528.25,3491.5,3527.0
2018-02-26,3538.25,3563.75,3531.5,3563.5
2018-02-27,3560.5,3568.5,3520.75,3527.5
2018-02-28,3536.0,3540.75,3490.75,3497.75
2018-03-01,3492.25,3509.75,3437.25,3457.25
2018-03-02,3435.25,3474.75,3425.75,3469.25
2018-03-05,3454.75,3506.5,3453.25,3497.0
2018-03-06,3510.25,3511.5,3489.0,3502.75
2018-03-07,3481.25,3509.0,3479.0,3502.0
2018-03-08,3512.25,3519.25,3500.75,3518.0
2018-03-09,3533.75,3565.75,3530.25,3562.0
2018-03-12,3568.75,3576.0,3557.75,3563.25
2018-03-13,3575.25,3581.0,3536.25,3546.25
2018-03-14,3554.0,3556.25,3522.0,3527.75
2018-03-15,3533.75,3541.0,3519.5,3529.25
2018-03-16,3530.0,3540.0,3526.5,3529.5
2018-03-19,3518.75,3519.0,3471.0,3496.75
2018-03-20,3494.25,3501.5,3486.5,3497.75
2018-03-21,3494.0,3517.75,3486.25,3492.0
2018-03-22,3462.25,3472.0,3415.75,3417.5
2018-03-23,3423.75,3432.5,3359.75,3370.5
2018-03-26,3403.5,3436.5,3375.75,3434.25
2018-03-27,3444.25,3449.75,3369.75,3389.0
2018-03-28,3388.5,3407.5,3366.75,3381.75
2018-03-29,3391.25,3433.25,3383.0,3410.5
2018-04-02,3405.75,3411.75,3325.75,3349.75
2018-04-03,3367.75,3392.5,3347.25,3387.25
2018-04-04,3346.25,3423.5,3345.0,3421.0
2018-04-05,3434.5,3446.0,3422.75,3436.75
2018-04-06,3413.25,3430.5,3358.25,3378.25
2018-04-09,3392.5,3427.5,3383.75,3392.5
2018-04-10,3421.5,3440.0,3408.75,3429.0
2018-04-11,3413.25,3435.0,3412.25,3414.25
2018-04-12,3430.75,3448.75,3428.75,3437.25
2018-04-13,3452.5,3454.25,3418.5,3431.0
2018-04-16,3449.0,3460.75,3439.75,3455.0
2018-04-17,3472.0,3487.5,3466.25,3480.5
2018-04-18,3485.5,3491.75,3477.5,3483.5
2018-04-19,3474.5,3477.25,3455.25,3465.75
2018-04-20,3466.0,3468.5,3433.5,3446.0
2018-04-23,3450.75,3456.75,3431.0,3444.5
2018-04-24,3454.75,3457.5,3389.75,3408.75
2018-04-25,3406.0,3418.75,3385.0,3417.75
2018-04-26,3424.75,3449.25,3419.25,3449.0
2018-04-27,3446.5,3450.0,3431.5,3444.5
2018-04-30,3448.75,3455.5,3419.5,3421.0
2018-05-01,3415.0,3428.0,3397.0,3425.25
2018-05-02,3423.0,3432.25,3400.75,3401.5
2018-05-03,3397.25,3408.5,3365.0,3405.25
2018-05-04,3389.5,3443.25,3386.0,3437.5
2018-05-07,3443.75,3455.25,3436.25,3443.5
2018-05-08,3439.75,3448.0,3426.0,3444.25
2018-05-09,3451.0,3473.75,3445.75,3469.75
2018-05-10,3478.0,3498.75,3476.75,3492.25
2018-05-11,3496.0,3506.25,3490.5,3503.5
2018-05-14,3507.5,3515.0,3498.0,3504.25
2018-05-15,3490.0,3490.75,3474.25,3483.0
2018-05-16,3485.0,3501.75,3484.75,3496.5
2018-05-17,3493.25,3505.75,3484.75,3492.25
2018-05-18,3489.25,3493.5,3482.5,3487.25
2018-05-21,3502.5,3513.0,3499.0,3506.75
2018-05-22,3512.25,3515.5,3495.25,3500.0
2018-05-23,3484.25,3506.75,3482.25,3504.0
2018-05-24,3501.0,3504.25,3479.5,3501.0
2018-05-25,3493.5,3500.75,3487.5,3492.0
2018-05-29,3474.5,3483.25,3448.75,3465.5
2018-05-30,3476.75,3503.0,3475.5,3498.75
2018-05-31,3492.75,3496.25,3473.5,3479.25
2018-06-01,3495.25,3510.75,3494.25,3507.5
2018-06-04,3516.25,3523.0,3513.5,3519.25
2018-06-05,3521.25,3526.25,3512.75,3525.25
2018-06-06,3528.75,3546.25,3521.75,3546.25
2018-06-07,3550.0,3553.25,3533.75,3545.5
2018-06-08,3539.0,3553.5,3537.0,3552.25
2018-06-11,3554.5,3564.25,3553.0,3556.75
2018-06-12,3560.5,3564.0,3552.75,3557.75
2018-06-13,3562.5,3566.0,3548.5,3548.5
2018-06-14,3560.5,3564.0,3551.0,3558.75
2018-06-15,3549.0,3557.5,3535.5,3554.5
2018-06-18,3536.75,3550.0,3531.25,3549.75
2018-06-19,3520.75,3539.0,3516.25,3536.0
2018-06-20,3544.0,3548.25,3537.0,3541.75
2018-06-21,3540.25,3540.5,3517.0,3522.0
2018-06-22,3537.0,3538.5,3525.25,3529.5
2018-06-25,3514.5,3516.25,3470.5,3491.75
2018-06-26,3495.75,3505.25,3487.25,3498.5
2018-06-27,3502.0,3518.0,3471.0,3475.5
2018-06-28,3471.5,3496.25,3463.5,3489.25
2018-06-29,3499.75,3515.5,3490.5,3492.25
2018-07-02,3473.25,3498.5,3470.5,3497.25
2018-07-03,3506.5,3508.0,3482.0,3483.25
2018-07-05,3499.5,3509.5,3487.0,3508.5
2018-07-06,3508.75,3536.25,3504.5,3532.5
2018-07-09,3543.5,3557.75,3542.75,3557.5
2018-07-10,3561.75,3567.75,3558.5,3566.5
2018-07-11,3548.5,3557.75,3542.25,3543.75
2018-07-12,3559.5,3571.0,3552.75,3568.75
2018-07-13,3568.75,3576.25,3563.25,3573.25
2018-07-16,3573.0,3574.75,3565.0,3567.0
2018-07-17,3561.0,3585.75,3560.75,3581.25
2018-07-18,3582.0,3588.25,3576.75,3585.75
2018-07-19,3578.75,3583.25,3570.25,3575.75
2018-07-20,3573.5,3580.5,3570.25,3571.0
2018-07-23,3570.0,3582.5,3566.0,3581.75
2018-07-24,3593.0,3601.25,3582.0,3590.5
2018-07-25,3588.75,3619.5,3588.25,3611.5
2018-07-26,3607.25,3616.5,3603.5,3612.25
2018-07-27,3612.25,3613.25,3578.75,3587.5
2018-07-30,3589.75,3591.75,3568.25,3573.25
2018-07-31,3582.75,3595.0,3578.5,3594.0
2018-08-01,3589.5,3595.75,3575.5,3580.75
2018-08-02,3567.25,3599.5,3565.0,3598.5
2018-08-03,3599.0,3610.5,3597.0,3610.25
2018-08-06,3609.0,3623.5,3605.5,3620.0
2018-08-07,3627.0,3633.75,3625.75,3629.75
2018-08-08,3627.0,3632.5,3623.0,3625.25
2018-08-09,3628.0,3632.75,3622.25,3623.5
2018-08-10,3607.0,3613.0,3596.0,3607.5
2018-08-13,3607.0,3613.75,3590.0,3595.75
2018-08-14,3601.0,3613.5,3596.75,3611.25
2018-08-15,3595.25,3596.75,3573.0,3592.0
2018-08-16,3605.0,3621.75,3604.75,3615.25
2018-08-17,3609.5,3627.0,3605.0,3622.5
2018-08-20,3626.75,3630.75,3621.5,3628.75
2018-08-21,3633.5,3644.0,3631.0,3631.0
2018-08-22,3629.5,3638.25,3626.25,3631.25
2018-08-23,3629.75,3639.75,3624.75,3627.75
2018-08-24,3634.75,3647.25,3634.0,3646.75
2018-08-27,3658.5,3669.25,3657.0,3668.75
2018-08-28,3673.25,3674.5,3664.25,3669.5
2018-08-29,3671.75,3687.5,3668.75,3684.75
2018-08-30,3679.0,3683.0,3665.5,3672.0
2018-08-31,3667.5,3677.5,3661.75,3675.75
2018-09-04,3667.5,3671.0,3655.5,3668.5
2018-09-05,3663.0,3665.0,3647.5,3658.5
2018-09-06,3659.75,3663.0,3638.0,3648.75
2018-09-07,3637.5,3655.0,3635.0,3645.0
2018-09-10,3655.25,3658.25,3646.5,3650.5
2018-09-11,3641.25,3663.0,3637.25,3660.0
2018-09-12,3658.0,3665.25,3649.5,3658.75
2018-09-13,3669.75,3677.0,3666.75,3675.25
2018-09-14,3677.0,3679.5,3666.75,3676.5
2018-09-17,3674.5,3675.25,3657.25,3661.25
2018-09-18,3662.75,3682.75,3662.25,3677.25
2018-09-19,3676.5,3683.75,3675.0,3680.0
2018-09-20,3692.75,3705.75,3691.25,3704.75
2018-09-21,3710.25,3711.5,3697.5,3699.0
2018-09-24,3692.5,3694.0,3682.75,3690.75
2018-09-25,3694.0,3695.25,3683.25,3686.25
2018-09-26,3687.25,3701.0,3672.5,3676.75
2018-09-27,3682.5,3697.0,3679.0,3685.0
2018-09-28,3677.5,3690.5,3677.0,3685.25
2018-10-01,3698.75,3707.0,3687.5,3694.75
2018-10-02,3693.0,3701.0,3689.0,3693.75
2018-10-03,3704.5,3709.75,3690.5,3696.5
2018-10-04,3688.75,3689.0,3652.75,3672.5
2018-10-05,3673.0,3679.0,3638.25,3659.25
2018-10-08,3646.25,3659.0,3631.0,3659.0
2018-10-09,3650.5,3665.0,3644.0,3652.75
2018-10-10,3644.5,3645.0,3545.0,3546.0
2018-10-11,3545.75,3563.75,3477.25,3511.5
2018-10-12,3541.25,3544.25,3497.25,3533.75
2018-10-15,3528.25,3543.75,3513.5,3513.75
2018-10-16,3539.0,3584.0,3533.5,3583.5
2018-10-17,3577.25,3584.25,3548.25,3581.75
2018-10-18,3566.25,3573.0,3521.5,3538.0
2018-10-19,3543.25,3565.5,3527.25,3532.75
2018-10-22,3542.0,3545.5,3516.0,3521.0
2018-10-23,3480.5,3519.75,3457.25,3511.5
2018-10-24,3504.0,3508.5,3417.25,3430.0
2018-10-25,3444.25,3488.75,3432.5,3450.0
2018-10-26,3428.75,3457.75,3392.25,3435.5
2018-10-29,3457.25,3472.0,3368.0,3408.0
2018-10-30,3406.25,3454.0,3400.75,3449.5
2018-10-31,3476.75,3502.25,3470.75,3470.75
2018-11-01,3485.5,3506.25,3472.75,3503.0
2018-11-02,3516.25,3521.5,3464.5,3489.0
2018-11-05,3492.75,3508.75,3482.0,3504.0
2018-11-06,3501.75,3526.0,3500.75,3524.25
2018-11-07,3544.25,3582.5,3539.25,3581.75
2018-11-08,3569.5,3580.25,3560.0,3574.25
2018-11-09,3558.0,3560.25,3529.5,3544.0
2018-11-12,3539.25,3542.5,3487.25,3493.75
2018-11-13,3498.25,3520.75,3479.5,3492.5
2018-11-14,3509.0,3513.25,3451.25,3463.75
2018-11-15,3454.0,3501.75,3436.25,3500.5
2018-11-16,3484.0,3513.75,3478.25,3507.5
2018-11-19,3496.25,3499.75,3446.5,3461.5
2018-11-20,3419.25,3435.75,3396.75,3405.5
2018-11-21,3423.25,3436.25,3412.75,3413.25
2018-11-23,3396.0,3412.5,3393.5,3393.5
2018-11-26,3422.25,3441.25,3417.5,3434.0
2018-11-27,3427.25,3449.0,3420.25,3449.0
2018-11-28,3460.25,3510.0,3449.25,3507.25
2018-11-29,3501.25,3519.5,3488.25,3509.0
2018-11-30,3501.75,3529.75,3498.25,3529.25
2018-12-03,3566.25,3567.5,3538.5,3556.0
2018-12-04,3547.25,3552.25,3462.25,3467.0
2018-12-06,3421.75,3464.25,3386.25,3456.5
2018-12-07,3456.75,3474.75,3388.25,3400.0
2018-12-10,3395.75,3413.5,3348.0,3408.25
2018-12-11,3438.25,3440.5,3386.25,3405.5
2018-12-12,3436.5,3451.5,3412.25,3416.25
2018-12-13,3426.25,3436.0,3402.25,3409.0
2018-12-14,3390.25,3401.5,3359.0,3366.75
2018-12-17,3354.75,3367.25,3295.5,3317.0
2018-12-18,3331.75,3339.5,3292.75,3298.5
2018-12-19,3311.0,3353.75,3251.25,3266.5
2018-12-20,3256.0,3273.75,3203.25,3248.75
2018-12-21,3238.25,3269.75,3171.0,3174.5
2018-12-24,3162.0,3174.25,3102.25,3104.0
2018-12-26,3130.0,3239.5,3107.25,3230.75
2018-12-27,3195.0,3260.5,3158.75,3255.0
2018-12-28,3266.0,3284.75,3234.5,3248.75
2018-12-31,3265.25,3274.75,3244.5,3270.0
2019-01-02,3229.75,3282.25,3228.75,3272.75
2019-01-03,3252.25,3255.25,3205.0,3210.0
2019-01-04,3244.75,3301.0,3240.5,3292.5
2019-01-07,3296.25,3329.25,3286.25,3312.0
2019-01-08,3337.75,3343.0,3309.25,3333.75
2019-01-09,3344.75,3358.5,3330.75,3344.0
2019-01-10,3331.5,3361.25,3323.75,3355.5
2019-01-11,3345.5,3358.5,3338.75,3356.75
2019-01-14,3337.25,3351.5,3332.5,3342.5
2019-01-15,3346.5,3375.5,3346.0,3366.25
2019-01-16,3376.5,3388.0,3374.25,3375.25
2019-01-17,3367.5,3407.25,3367.25,3397.5
2019-01-18,3417.75,3438.25,3408.75,3433.25
2019-01-22,3416.0,3418.25,3378.25,3393.75
2019-01-23,3408.0,3415.5,3374.25,3400.0
2019-01-24,3399.25,3409.25,3387.75,3396.0
2019-01-25,3423.0,3434.25,3418.25,3425.0
2019-01-28,3400.25,3405.0,3384.0,3403.75
2019-01-29,3405.25,3411.75,3391.0,3402.75
2019-01-30,3417.0,3451.5,3408.25,3444.25
2019-01-31,3440.75,3470.75,3438.25,3468.5
2019-02-01,3466.75,3477.75,3457.25,3466.5
2019-02-04,3466.5,3486.75,3458.75,3482.75
2019-02-05,3489.75,3499.5,3484.0,3493.0
2019-02-06,3493.0,3498.25,3484.0,3491.5
2019-02-07,3473.5,3480.25,3447.25,3466.5
2019-02-08,3451.75,3470.5,3442.5,3467.75
2019-02-11,3476.25,3479.25,3464.5,3470.25
2019-02-12,3488.5,3509.75,3487.75,3507.0
2019-02-13,3514.75,3523.75,3509.75,3511.5
2019-02-14,3501.25,3520.0,3492.0,3505.5
2019-02-15,3526.75,3539.25,3524.75,3538.75
2019-02-19,3528.0,3549.25,3527.75,3540.25
2019-02-20,3541.25,3552.5,3535.5,3548.75
2019-02-21,3539.5,3543.5,3526.0,3536.0
2019-02-22,3543.5,3556.25,3540.5,3553.25
2019-02-25,3569.5,3575.75,3556.75,3558.75
2019-02-26,3553.25,3565.25,3551.25,3553.25
2019-02-27,3547.25,3558.0,3536.75,3556.75
2019-02-28,3551.0,3556.0,3544.5,3550.75
2019-03-01,3565.5,3570.0,3549.25,3567.0
2019-03-04,3577.25,3579.75,3529.25,3553.25
2019-03-05,3556.5,3558.5,3545.0,3553.25
2019-03-06,3552.25,3552.5,3530.25,3533.0
2019-03-07,3528.0,3529.5,3500.25,3511.75
2019-03-08,3489.0,3509.25,3483.75,3509.0
2019-03-11,3512.25,3546.5,3511.75,3546.0
2019-03-12,3550.25,3560.0,3547.75,3554.25
2019-03-13,3564.25,3583.25,3562.25,3576.5
2019-03-14,3572.25,3577.5,3565.25,3569.5
2019-03-15,3576.0,3593.25,3574.0,3587.0
2019-03-18,3586.75,3598.25,3584.25,3597.25
2019-03-19,3606.5,3615.5,3585.75,3592.75
2019-03-20,3593.25,3606.0,3574.0,3583.5
2019-03-21,3577.0,3622.75,3576.5,3619.75
2019-03-22,3602.25,3608.5,3562.0,3567.5
2019-03-25,3558.5,3572.0,3546.25,3564.0
2019-03-26,3579.5,3591.75,3565.25,3580.0
2019-03-27,3581.0,3587.25,3548.5,3567.0
2019-03-28,3572.25,3581.0,3559.25,3578.0
2019-03-29,3592.5,3597.25,3580.0,3596.5
2019-04-01,3615.75,3630.25,3612.75,3627.75
2019-04-02,3628.5,3630.5,3619.0,3624.0
2019-04-03,3641.5,3646.0,3625.75,3636.75
2019-04-04,3635.5,3642.5,3627.75,3639.75
2019-04-05,3646.75,3654.5,3643.5,3653.25
2019-04-08,3648.25,3656.5,3641.0,3655.25
2019-04-09,3644.0,3647.75,3634.0,3639.5
2019-04-10,3644.5,3651.75,3640.0,3651.5
2019-04-11,3654.75,3655.25,3642.0,3648.25
2019-04-12,3666.75,3671.5,3659.25,3669.5
2019-04-15,3669.0,3670.25,3657.25,3666.5
2019-04-16,3676.0,3676.75,3661.25,3668.25
2019-04-17,3679.75,3680.25,3655.25,3657.25
2019-04-18,3666.25,3668.25,3651.75,3667.25
2019-04-22,3656.75,3670.0,3655.75,3669.5
2019-04-23,3672.0,3696.5,3669.0,3695.25
2019-04-24,3692.75,3696.25,3685.25,3687.25
2019-04-25,3685.5,3691.75,3671.0,3682.75
2019-04-26,3684.75,3699.5,3676.0,3698.75
2019-04-29,3698.75,3708.25,3697.75,3699.25
2019-04-30,3698.25,3708.25,3682.75,3707.25
2019-05-01,3710.75,3712.75,3677.75,3679.75
2019-05-02,3679.5,3689.5,3657.75,3674.75
2019-05-03,3690.5,3705.75,3688.0,3704.25
2019-05-06,3654.25,3695.0,3650.75,3689.75
2019-05-07,3662.75,3669.75,3619.25,3647.5
2019-05-08,3636.5,3655.5,3629.75,3643.25
2019-05-09,3613.0,3633.75,3593.0,3629.5
2019-05-10,3617.0,3649.75,3582.75,3643.5
2019-05-13,3583.5,3594.5,3558.75,3563.5
2019-05-14,3579.5,3610.5,3577.75,3596.25
2019-05-15,3575.0,3616.75,3572.5,3612.0
2019-05-16,3616.5,3650.75,3616.0,3635.25
2019-05-17,3609.75,3644.25,3609.25,3619.25
2019-05-20,3598.75,3612.5,3589.25,3600.75
2019-05-21,3616.0,3627.5,3613.25,3622.75
2019-05-22,3612.25,3624.75,3608.75,3613.5
2019-05-23,3588.75,3589.0,3562.5,3575.5
2019-05-24,3594.25,3598.75,3577.5,3588.5
2019-05-28,3587.5,3598.0,3557.25,3561.5
2019-05-29,3545.25,3549.5,3523.0,3536.75
2019-05-30,3546.5,3555.75,3533.25,3547.25
2019-05-31,3517.25,3526.25,3506.75,3508.75
2019-06-03,3507.75,3520.5,3485.5,3507.0
2019-06-04,3526.0,3562.5,3520.75,3562.0
2019-06-05,3578.0,3585.0,3557.75,3584.25
2019-06-06,3587.5,3609.75,3580.0,3602.25
2019-06-07,3613.5,3643.0,3611.5,3632.0
2019-06-10,3647.5,3662.5,3643.0,3646.5
2019-06-11,3663.75,3668.25,3636.0,3643.5
2019-06-12,3640.25,3646.5,3632.0,3638.25
2019-06-13,3647.25,3653.25,3639.5,3651.25
2019-06-14,3645.75,3652.5,3637.25,3647.25
2019-06-17,3648.0,3655.25,3644.5,3649.0
2019-06-18,3666.5,3689.0,3662.75,3679.25
2019-06-19,3678.0,3689.25,3667.75,3685.75
2019-06-20,3713.0,3715.75,3688.25,3713.25
2019-06-21,3708.0,3721.75,3702.5,3703.5
2019-06-24,3708.75,3712.5,3701.25,3704.75
2019-06-25,3703.5,3703.75,3672.5,3674.75
2019-06-26,3683.75,3689.25,3669.25,3670.5
2019-06-27,3678.75,3686.0,3674.5,3683.5
2019-06-28,3691.0,3707.75,3685.25,3707.25
2019-07-01,3731.75,3734.25,3708.0,3720.75
2019-07-02,3720.5,3732.5,3711.0,3732.25
2019-07-03,3735.75,3754.0,3734.0,3753.5
2019-07-05,3738.25,3750.25,3723.75,3743.0
2019-07-08,3734.0,3737.25,3725.75,3730.75
2019-07-09,3718.75,3738.75,3718.25,3734.75
2019-07-10,3747.0,3760.0,3741.0,3750.0
2019-07-11,3756.0,3758.75,3745.0,3756.75
2019-07-12,3761.5,3770.5,3758.0,3767.25
2019-07-15,3774.0,3774.0,3765.0,3770.0
2019-07-16,3769.25,3771.25,3757.0,3759.25
2019-07-17,3759.75,3761.75,3737.0,3737.75
2019-07-18,3733.25,3754.0,3728.25,3750.25
2019-07-19,3761.75,3762.25,3729.0,3729.75
2019-07-22,3737.0,3746.0,3731.0,3741.75
2019-07-23,3752.5,3760.75,3742.75,3760.5
2019-07-24,3752.0,3774.5,3751.25,3774.0
2019-07-25,3769.5,3770.25,3750.5,3758.0
2019-07-26,3767.25,3782.0,3765.75,3776.5
2019-07-29,3778.5,3778.75,3768.0,3774.5
2019-07-30,3758.25,3770.75,3754.0,3764.5
2019-07-31,3768.75,3771.0,3710.5,3731.25
2019-08-01,3733.75,3766.75,3697.0,3703.5
2019-08-02,3696.0,3698.5,3666.0,3684.25
2019-08-05,3637.5,3638.75,3573.0,3581.0
2019-08-06,3615.25,3636.25,3598.5,3628.5
2019-08-07,3599.75,3644.0,3575.75,3632.5
2019-08-08,3651.0,3693.0,3645.0,3693.0
2019-08-09,3681.25,3688.0,3651.5,3671.5
2019-08-12,3654.5,3660.75,3625.0,3632.5
2019-08-13,3632.25,3696.75,3628.25,3684.75
2019-08-14,3635.0,3642.25,3590.0,3592.5
2019-08-15,3602.5,3610.25,3577.5,3600.25
2019-08-16,3618.25,3647.25,3617.5,3644.25
2019-08-19,3676.0,3684.75,3668.0,3676.0
2019-08-20,3671.25,3677.0,3650.0,3651.0
2019-08-21,3678.0,3682.5,3670.5,3682.5
2019-08-22,3685.0,3692.25,3656.75,3674.25
2019-08-23,3662.0,3680.25,3586.5,3608.25
2019-08-26,3625.0,3636.5,3607.75,3635.75
2019-08-27,3647.75,3652.0,3612.5,3618.5
2019-08-28,3613.25,3643.0,3604.25,3642.5
2019-08-29,3669.0,3683.25,3657.75,3679.25
2019-08-30,3694.0,3694.25,3665.75,3673.75
2019-09-03,3656.5,3667.0,3643.5,3658.0
2019-09-04,3682.5,3691.5,3674.0,3691.5
2019-09-05,3718.5,3739.0,3717.0,3724.5
2019-09-06,3732.5,3738.25,3724.75,3733.25
2019-09-09,3742.0,3742.75,3722.0,3731.0
2019-09-10,3723.75,3732.25,3709.75,3731.5
2019-09-11,3734.5,3755.0,3727.25,3754.75
2019-09-12,3762.0,3774.25,3753.5,3763.75
2019-09-13,3767.25,3771.25,3756.0,3759.25
2019-09-16,3747.5,3755.75,3743.5,3752.0
2019-09-17,3748.25,3759.0,3746.5,3758.25
2019-09-18,3753.5,3762.25,3730.75,3759.0
2019-09-19,3763.5,3774.5,3754.75,3758.25
2019-09-20,3765.0,3768.0,3735.25,3739.25
2019-09-23,3736.25,3750.75,3733.5,3747.5
2019-09-24,3755.0,3759.25,3708.5,3721.75
2019-09-25,3719.75,3741.75,3703.75,3736.75
2019-09-26,3736.5,3738.5,3714.25,3730.25
2019-09-27,3738.25,3739.5,3696.25,3713.75
2019-09-30,3719.0,3735.75,3718.25,3735.0
2019-10-01,3736.75,3744.0,3687.0,3688.5
2019-10-02,3673.25,3673.75,3624.0,3630.25
2019-10-03,3635.25,3662.5,3605.0,3661.75
2019-10-04,3668.25,3703.25,3667.5,3700.0
2019-10-07,3691.5,3709.5,3684.25,3687.5
2019-10-08,3666.25,3674.75,3640.5,3642.5
2019-10-09,3663.75,3679.5,3656.5,3669.75
2019-10-10,3667.5,3698.25,3665.75,3692.0
2019-10-11,3718.75,3744.0,3713.75,3720.25
2019-10-14,3715.0,3722.5,3711.5,3716.0
2019-10-15,3726.75,3753.25,3725.5,3748.0
2019-10-16,3739.5,3747.5,3734.75,3741.25
2019-10-17,3752.25,3758.0,3740.5,3748.0
2019-10-18,3741.75,3749.0,3725.0,3738.25
2019-10-21,3749.5,3757.5,3744.5,3756.25
2019-10-22,3761.0,3764.0,3742.5,3744.0
2019-10-23,3742.0,3756.0,3739.75,3755.5
2019-10-24,3763.75,3765.25,3748.75,3754.25
2019-10-25,3751.5,3776.5,3751.25,3770.0
2019-10-28,3783.25,3792.75,3783.25,3786.0
2019-10-29,3784.0,3796.25,3782.25,3785.5
2019-10-30,3788.0,3799.0,3773.5,3798.25
2019-10-31,3794.0,3794.5,3770.25,3785.75
2019-11-01,3801.75,3815.0,3800.25,3813.25
2019-11-04,3831.5,3833.0,3822.5,3825.5
2019-11-05,3829.0,3832.0,3819.75,3821.75
2019-11-06,3823.25,3826.75,3813.0,3825.75
2019-11-07,3838.0,3847.0,3828.75,3836.25
2019-11-08,3830.0,3842.5,3822.5,3840.25
2019-11-11,3826.0,3838.0,3824.5,3837.75
2019-11-12,3839.25,3852.0,3833.0,3842.25
2019-11-13,3830.5,3847.0,3828.0,3845.75
2019-11-14,3838.5,3848.25,3831.75,3847.25
2019-11-15,3860.75,3869.5,3853.25,3867.75
2019-11-18,3866.0,3873.5,3861.0,3871.75
2019-11-19,3877.5,3878.0,3862.75,3868.25
2019-11-20,3863.25,3868.5,3840.75,3858.75
2019-11-21,3858.5,3859.75,3843.5,3853.75
2019-11-22,3860.5,3862.0,3847.75,3861.75
2019-11-25,3869.5,3883.5,3869.25,3882.5
2019-11-26,3883.75,3894.25,3879.75,3894.0
2019-11-27,3895.0,3905.0,3892.25,3903.75
2019-11-29,3897.5,3900.25,3889.5,3893.75
2019-12-02,3894.75,3895.25,3860.25,3864.0
2019-12-03,3834.75,3844.75,3819.5,3841.0
2019-12-04,3855.25,3869.5,3851.25,3861.75
2019-12-05,3870.25,3870.25,3853.25,3867.25
2019-12-06,3888.75,3901.0,3888.5,3896.5
2019-12-09,3892.0,3899.5,3882.75,3884.5
2019-12-10,3886.0,3893.0,3875.5,3886.25
2019-12-11,3887.75,3894.5,3883.5,3893.25
2019-12-12,3891.5,3927.5,3888.75,3917.5
2019-12-13,3915.5,3934.0,3906.75,3922.0
2019-12-16,3939.0,3948.75,3938.75,3944.75
2019-12-17,3945.75,3949.25,3940.25,3940.75
2019-12-18,3945.75,3948.75,3941.25,3945.25
2019-12-19,3943.75,3958.0,3943.25,3957.5
2019-12-20,3967.0,3975.25,3965.0,3971.0
2019-12-23,3976.25,3976.5,3970.0,3972.75
2019-12-24,3974.0,3974.5,3968.25,3972.25
2019-12-26,3975.0,3990.5,3974.75,3990.0
2019-12-27,3996.25,3996.75,3981.25,3983.0
2019-12-30,3987.25,3988.75,3963.0,3969.0
2019-12-31,3962.5,3981.0,3958.75,3980.5
2020-01-02,3992.25,4005.5,3981.25,4005.0
2020-01-03,3967.25,3992.0,3966.5,3981.0
2020-01-06,3960.25,3995.25,3959.0,3989.5
2020-01-07,3985.25,3990.5,3977.5,3981.0
2020-01-08,3984.75,4013.5,3981.75,4006.0
2020-01-09,4016.75,4022.5,4010.0,4021.5
2020-01-10,4027.75,4029.5,4006.5,4010.5
2020-01-13,4018.75,4035.75,4013.75,4035.5
2020-01-14,4029.5,4040.75,4023.0,4033.25
2020-01-15,4028.0,4044.75,4027.0,4039.5
2020-01-16,4051.0,4063.75,4048.5,4062.25
2020-01-17,4071.0,4076.0,4064.75,4070.0
2020-01-21,4062.25,4075.5,4061.75,4065.25
2020-01-22,4076.25,4083.25,4065.25,4065.75
2020-01-23,4059.25,4072.75,4047.0,4071.75
2020-01-24,4077.25,4078.25,4026.25,4039.0
2020-01-27,3982.5,4003.5,3978.75,3985.0
2020-01-28,4002.75,4030.75,3997.5,4023.0
2020-01-29,4036.0,4038.5,4015.25,4017.0
2020-01-30,3994.75,4037.75,3986.75,4036.25
2020-01-31,4021.25,4023.25,3958.5,3973.75
2020-02-03,3985.0,4013.0,3983.5,3991.5
2020-02-04,4032.25,4051.0,4028.0,4045.25
2020-02-05,4073.75,4081.75,4057.5,4080.5
2020-02-06,4089.75,4092.25,4078.5,4091.0
2020-02-07,4078.75,4087.0,4066.5,4071.75
2020-02-10,4062.25,4099.25,4062.0,4098.75
2020-02-11,4112.0,4120.25,4097.5,4103.5
2020-02-12,4118.25,4126.5,4114.25,4126.25
2020-02-13,4108.0,4130.5,4104.75,4123.5
2020-02-14,4123.75,4127.25,4111.0,4127.0
2020-02-18,4114.25,4120.75,4101.0,4115.75
2020-02-19,4126.5,4139.5,4123.5,4132.25
2020-02-20,4125.75,4134.75,4085.25,4115.0
2020-02-21,4103.0,4106.25,4073.75,4085.75
2020-02-24,3978.5,4005.75,3959.5,3972.75
2020-02-25,3986.25,3993.0,3863.0,3879.25
2020-02-26,3888.0,3927.75,3852.75,3855.25
2020-02-27,3800.0,3842.0,3698.0,3701.75
2020-02-28,3631.5,3733.75,3599.0,3716.75
2020-03-02,3726.25,3839.0,3688.25,3809.75
2020-03-03,3839.25,3882.75,3718.75,3742.75
2020-03-04,3804.5,3875.25,3776.5,3859.5
2020-03-05,3792.75,3828.0,3742.25,3762.5
2020-03-06,3674.0,3730.0,3643.75,3709.5
2020-03-09,3507.75,3582.5,3460.75,3494.5
2020-03-10,3586.0,3630.5,3474.25,3609.25
2020-03-11,3548.0,3560.25,3448.5,3486.5
2020-03-12,3308.75,3404.5,3193.75,3216.5
2020-03-13,3368.25,3453.5,3234.5,3443.0
2020-03-16,3259.25,3308.25,3106.0,3161.25
2020-03-17,3187.5,3299.5,3108.75,3240.0
2020-03-18,3109.75,3198.75,3018.75,3156.75
2020-03-19,3131.5,3214.0,3063.0,3143.5
2020-03-20,3177.5,3199.25,3036.75,3045.0
2020-03-23,3036.25,3047.5,2936.25,2980.25
2020-03-24,3103.5,3197.5,3090.75,3191.75
2020-03-25,3200.75,3317.5,3150.25,3222.25
2020-03-26,3249.75,3382.5,3244.75,3365.5
2020-03-27,3284.75,3361.75,3262.0,3281.0
2020-03-30,3310.0,3378.5,3289.0,3369.0
2020-03-31,3359.25,3386.25,3315.25,3317.0
2020-04-01,3231.5,3266.5,3191.0,3204.75
2020-04-02,3204.5,3281.75,3198.0,3273.5
2020-04-03,3260.25,3286.25,3205.75,3238.25
2020-04-06,3332.0,3425.25,3320.75,3401.75
2020-04-07,3496.5,3506.75,3391.5,3400.75
2020-04-08,3434.5,3509.25,3410.25,3491.5
2020-04-09,3530.0,3566.25,3509.0,3536.75
2020-04-13,3525.5,3528.5,3467.75,3516.5
2020-04-14,3564.25,3602.75,3553.0,3599.75
2020-04-15,3529.5,3549.5,3508.0,3531.0
2020-04-16,3545.5,3554.5,3511.5,3543.75
2020-04-17,3607.0,3629.5,3577.75,3625.75
2020-04-20,3579.5,3617.5,3561.0,3563.25
2020-04-21,3521.0,3534.25,3474.0,3489.25
2020-04-22,3537.5,3564.75,3523.0,3544.25
2020-04-23,3558.75,3593.5,3535.75,3538.25
2020-04-24,3561.75,3591.75,3539.0,3585.75
2020-04-27,3605.75,3638.0,3600.5,3625.25
2020-04-28,3665.25,3669.0,3608.75,3623.75
2020-04-29,3670.0,3704.0,3659.0,3697.0
2020-04-30,3671.5,3676.75,3640.0,3654.5
2020-05-01,3607.0,3614.5,3568.5,3577.75
2020-05-04,3561.0,3592.5,3545.25,3582.0
2020-05-05,3620.0,3646.5,3611.0,3615.0
2020-05-06,3634.25,3638.5,3588.75,3590.25
2020-05-07,3631.25,3651.75,3624.5,3637.0
2020-05-08,3664.75,3686.5,3652.5,3685.0
2020-05-11,3657.0,3693.75,3652.25,3680.25
2020-05-12,3691.75,3696.0,3608.0,3609.5
2020-05-13,3614.0,3625.5,3542.75,3569.25
2020-05-14,3543.0,3610.5,3517.0,3603.5
2020-05-15,3577.25,3616.25,3566.25,3603.25
2020-05-18,3683.75,3721.5,3680.25,3704.0
2020-05-19,3696.5,3715.25,3672.25,3674.75
2020-05-20,3711.25,3732.5,3709.0,3724.75
2020-05-21,3721.0,3729.75,3689.75,3693.5
2020-05-22,3698.5,3710.75,3685.0,3709.75
2020-05-26,3773.0,3775.75,3740.25,3751.25
2020-05-27,3774.25,3793.5,3722.25,3792.5
2020-05-28,3800.25,3822.25,3776.25,3794.75
2020-05-29,3778.0,3811.75,3748.75,3811.0
2020-06-01,3789.5,3815.75,3783.75,3810.5
2020-06-02,3819.0,3835.0,3804.5,3833.25
2020-06-03,3855.5,3886.25,3852.75,3874.25
2020-06-04,3864.5,3883.5,3844.25,3867.25
2020-06-05,3926.25,3967.25,3925.25,3943.75
2020-06-08,3956.5,3988.0,3950.25,3983.5
2020-06-09,3957.0,3977.75,3947.5,3962.25
2020-06-10,3968.5,3978.0,3936.5,3942.0
2020-06-11,3868.5,3875.0,3753.0,3768.5
2020-06-12,3836.25,3844.5,3738.75,3792.5
2020-06-15,3733.5,3836.0,3720.25,3830.5
2020-06-16,3908.75,3910.5,3830.75,3884.25
2020-06-17,3895.0,3898.0,3862.25,3874.5
2020-06-18,3853.75,3876.75,3848.5,3866.5
2020-06-19,3909.0,3911.75,3825.25,3828.25
2020-06-22,3846.75,3881.5,3834.0,3880.5
2020-06-23,3902.0,3912.75,3883.25,3885.25
2020-06-24,3865.25,3872.25,3787.5,3818.25
2020-06-25,3801.75,3847.25,3779.25,3837.75
2020-06-26,3828.75,3831.0,3760.25,3776.0
2020-06-29,3781.0,3816.5,3756.25,3815.0
2020-06-30,3806.5,3869.0,3805.25,3851.0
2020-07-01,3862.25,3885.5,3857.0,3870.25
2020-07-02,3909.75,3924.25,3882.0,3896.5
2020-07-06,3931.25,3942.25,3922.75,3939.0
2020-07-07,3920.75,3942.0,3900.25,3903.75
2020-07-08,3912.75,3931.75,3893.75,3931.25
2020-07-09,3935.0,3937.75,3873.0,3908.5
2020-07-10,3909.25,3947.25,3894.25,3946.75
2020-07-13,3968.25,3994.0,3908.25,3918.25
2020-07-14,3899.5,3960.0,3886.75,3951.0
2020-07-15,3990.75,3997.5,3959.75,3987.75
2020-07-16,3965.0,3979.75,3958.0,3963.0
2020-07-17,3985.5,3993.0,3964.25,3980.5
2020-07-20,3981.5,4018.25,3973.25,4014.0
2020-07-21,4031.5,4036.5,4007.0,4019.75
2020-07-22,4013.5,4039.5,4012.25,4034.0
2020-07-23,4032.0,4039.5,3982.0,3994.25
2020-07-24,3976.75,3987.0,3959.25,3971.0
2020-07-27,3983.75,4001.5,3975.0,4000.25
2020-07-28,3991.5,4004.0,3975.75,3980.25
2020-07-29,3988.25,4024.75,3987.75,4020.0
2020-07-30,3986.0,4020.25,3962.75,4016.5
2020-07-31,4025.75,4034.75,3980.25,4031.5
2020-08-03,4050.75,4063.25,4044.25,4056.0
2020-08-04,4045.75,4068.25,4045.5,4067.0
2020-08-05,4082.0,4091.0,4079.0,4083.0
2020-08-06,4081.5,4113.25,4078.25,4112.25
2020-08-07,4099.75,4114.5,4090.0,4113.0
2020-08-10,4117.75,4125.0,4096.75,4120.25
2020-08-11,4136.0,4142.5,4087.25,4097.25
2020-08-12,4121.5,4150.25,4121.25,4137.75
2020-08-13,4133.0,4149.75,4125.25,4134.75
2020-08-14,4131.25,4141.25,4123.75,4129.75
2020-08-17,4146.5,4150.5,4141.75,4147.75
2020-08-18,4150.5,4158.5,4133.0,4154.0
2020-08-19,4157.75,4163.5,4133.25,4140.25
2020-08-20,4120.5,4154.75,4119.0,4148.75
2020-08-21,4146.25,4164.0,4142.5,4160.25
2020-08-24,4188.25,4197.25,4177.25,4194.75
2020-08-25,4202.5,4211.25,4189.5,4210.5
2020-08-26,4214.5,4248.75,4208.75,4248.0
2020-08-27,4252.25,4266.0,4232.5,4252.75
2020-08-28,4261.5,4274.5,4248.5,4271.5
2020-08-31,4270.5,4280.75,4257.75,4265.25
2020-09-01,4269.25,4295.25,4259.5,4294.5
2020-09-02,4314.0,4354.75,4301.5,4347.0
2020-09-03,4325.75,4331.25,4192.25,4227.25
2020-09-04,4228.0,4245.0,4115.5,4186.0
2020-09-08,4133.5,4147.25,4095.25,4104.0
2020-09-09,4142.75,4191.75,4133.0,4168.75
2020-09-10,4185.0,4192.0,4095.0,4108.25
2020-09-11,4124.75,4136.25,4076.5,4102.75
2020-09-14,4141.25,4170.5,4135.75,4150.0
2020-09-15,4178.0,4187.0,4156.5,4173.0
2020-09-16,4182.25,4197.5,4151.75,4157.0
2020-09-17,4101.5,4143.25,4095.75,4129.0
2020-09-18,4133.0,4135.25,4058.75,4095.25
2020-09-21,4036.0,4054.5,3995.75,4052.75
2020-09-22,4064.0,4087.5,4036.75,4077.25
2020-09-23,4087.25,4090.5,3999.0,4009.75
2020-09-24,3990.25,4046.25,3976.0,4016.0
2020-09-25,4003.75,4074.25,3994.0,4065.5
2020-09-28,4111.0,4128.75,4099.75,4124.5
2020-09-29,4118.75,4126.25,4094.5,4112.0
2020-09-30,4109.75,4162.0,4107.25,4117.0
2020-10-01,4155.25,4165.5,4128.0,4145.5
2020-10-02,4094.75,4137.5,4089.5,4117.5
2020-10-05,4138.5,4178.0,4138.5,4171.0
2020-10-06,4177.25,4199.75,4121.75,4130.25
2020-10-07,4159.25,4194.75,4159.0,4185.0
2020-10-08,4206.5,4216.75,4196.75,4215.5
2020-10-09,4234.25,4252.0,4227.5,4251.5
2020-10-12,4274.75,4319.0,4269.25,4312.25
2020-10-13,4301.5,4302.75,4269.5,4283.25
2020-10-14,4286.0,4298.25,4250.0,4258.25
2020-10-15,4215.0,4259.0,4209.5,4253.5
2020-10-16,4268.0,4286.5,4239.25,4240.25
2020-10-19,4265.25,4271.75,4188.75,4201.25
2020-10-20,4213.0,4247.75,4204.75,4209.25
2020-10-21,4211.75,4235.25,4202.5,4211.5
2020-10-22,4208.0,4231.0,4184.75,4226.25
2020-10-23,4238.0,4238.5,4209.5,4229.25
2020-10-26,4199.75,4208.0,4134.0,4173.5
2020-10-27,4175.25,4179.5,4154.25,4158.25
2020-10-28,4099.0,4106.25,4038.75,4047.5
2020-10-29,4046.75,4111.75,4028.25,4071.5
2020-10-30,4059.5,4074.25,4003.0,4049.75
2020-11-02,4080.0,4101.5,4050.0,4077.25
2020-11-03,4115.0,4160.75,4109.5,4128.0
2020-11-04,4187.0,4258.0,4174.0,4214.5
2020-11-05,4270.25,4300.5,4266.75,4290.0
2020-11-06,4277.25,4293.75,4254.5,4284.0
2020-11-09,4418.5,4423.25,4319.25,4329.25
2020-11-10,4313.0,4330.5,4284.5,4324.25
2020-11-11,4342.75,4354.75,4329.25,4351.25
2020-11-12,4335.0,4343.25,4291.0,4316.75
2020-11-13,4331.5,4368.0,4325.5,4359.25
2020-11-16,4389.0,4407.5,4374.75,4407.25
2020-11-17,4378.75,4398.25,4362.25,4388.0
2020-11-18,4387.75,4394.25,4337.5,4339.75
2020-11-19,4334.75,4360.75,4320.25,4353.0
2020-11-20,4353.5,4355.5,4320.75,4321.5
2020-11-23,4351.0,4366.0,4326.75,4354.0
2020-11-24,4380.5,4416.75,4371.25,4411.5
2020-11-25,4409.75,4410.0,4393.25,4406.5
2020-11-27,4416.75,4420.75,4404.25,4415.0
2020-11-30,4406.5,4410.5,4370.25,4406.75
2020-12-01,4434.25,4455.5,4428.25,4437.5
2020-12-02,4426.75,4450.75,4420.25,4448.25
2020-12-03,4445.0,4460.0,4433.25,4448.5
2020-12-04,4450.75,4478.0,4450.25,4469.25
2020-12-07,4468.5,4474.5,4455.25,4467.75
2020-12-08,4455.0,4486.0,4454.5,4479.25
2020-12-09,4486.75,4488.5,4437.5,4447.25
2020-12-10,4431.5,4456.5,4422.0,4441.0
2020-12-11,4426.5,4443.5,4410.25,4439.25
2020-12-14,4464.25,4476.0,4420.75,4427.75
2020-12-15,4451.75,4473.0,4436.75,4469.5
2020-12-16,4475.5,4489.0,4465.75,4478.75
2020-12-17,4496.0,4501.5,4486.5,4496.5
2020-12-18,4500.5,4503.0,4461.75,4496.0
2020-12-21,4440.25,4478.75,4409.5,4468.75
2020-12-22,4472.25,4473.5,4450.25,4460.75
2020-12-23,4472.75,4486.25,4459.0,4462.5
2020-12-24,4470.75,4480.5,4464.25,4477.25
2020-12-28,4507.25,4516.75,4500.5,4514.0
2020-12-29,4528.75,4530.75,4499.0,4509.0
2020-12-30,4513.75,4520.75,4505.25,4507.0
2020-12-31,4507.75,4537.5,4502.25,4531.75
2021-01-04,4543.0,4544.5,4437.0,4475.75
2021-01-05,4470.0,4514.5,4469.75,4500.25
2021-01-06,4486.5,4559.25,4480.25,4529.75
2021-01-07,4550.25,4588.5,4548.25,4581.75
2021-01-08,4594.75,4607.75,4559.5,4607.5
2021-01-11,4567.25,4595.0,4565.5,4579.75
2021-01-12,4577.5,4587.75,4552.5,4577.75
2021-01-13,4575.75,4598.0,4567.25,4590.25
2021-01-14,4594.75,4600.5,4570.75,4576.75
2021-01-15,4556.0,4565.0,4526.0,4535.0
2021-01-19,4572.75,4581.5,4556.75,4573.5
2021-01-20,4600.0,4637.0,4595.75,4629.0
2021-01-21,4633.75,4638.25,4621.0,4629.75
2021-01-22,4610.75,4629.5,4606.75,4618.0
2021-01-25,4625.5,4636.5,4573.0,4632.5
2021-01-26,4642.75,4646.75,4624.5,4635.5
2021-01-27,4590.5,4591.25,4491.0,4500.5
2021-01-28,4551.75,4608.0,4547.0,4565.5
2021-01-29,4544.5,4554.75,4470.0,4485.5
2021-02-01,4525.25,4561.5,4501.75,4541.5
2021-02-02,4583.75,4620.25,4583.5,4610.5
2021-02-03,4611.75,4624.5,4592.25,4616.25
2021-02-04,4616.75,4653.0,4615.0,4652.25
2021-02-05,4670.0,4672.75,4653.0,4668.75
2021-02-08,4680.5,4694.25,4671.5,4693.5
2021-02-09,4684.25,4696.75,4679.5,4694.0
2021-02-10,4709.0,4710.5,4663.0,4693.25
2021-02-11,4700.5,4705.0,4669.0,4693.5
2021-02-12,4686.25,4719.5,4685.5,4719.0
2021-02-16,4727.5,4729.5,4703.25,4710.0
2021-02-17,4692.0,4714.5,4681.0,4710.5
2021-02-18,4683.25,4703.0,4665.0,4694.5
2021-02-19,4708.25,4711.75,4681.25,4683.0
2021-02-22,4657.75,4683.75,4654.5,4659.75
2021-02-23,4633.75,4676.75,4589.25,4659.75
2021-02-24,4650.5,4712.0,4640.0,4711.0
2021-02-25,4691.75,4706.25,4594.75,4616.0
2021-02-26,4631.0,4643.0,4569.5,4586.75
2021-03-01,4643.25,4696.5,4642.5,4684.0
2021-03-02,4685.25,4688.0,4650.0,4657.25
2021-03-03,4644.5,4655.0,4598.0,4599.25
2021-03-04,4598.75,4626.75,4505.0,4556.75
2021-03-05,4591.0,4634.5,4513.0,4623.5
2021-03-08,4633.25,4663.25,4600.75,4614.0
2021-03-09,4645.25,4685.75,4639.75,4655.0
2021-03-10,4683.5,4700.75,4668.0,4690.0
2021-03-11,4708.5,4743.0,4703.5,4721.0
2021-03-12,4707.25,4732.0,4698.25,4728.5
2021-03-15,4730.0,4754.25,4706.75,4751.0
2021-03-16,4757.0,4764.5,4736.5,4751.25
2021-03-17,4731.25,4767.25,4718.75,4758.75
2021-03-18,4730.0,4752.5,4694.25,4704.75
2021-03-19,4696.0,4713.25,4668.75,4689.75
2021-03-22,4697.75,4738.25,4697.25,4726.25
2021-03-23,4716.5,4732.25,4684.25,4698.5
2021-03-24,4708.0,4725.25,4671.25,4676.0
2021-03-25,4657.75,4703.25,4637.0,4699.0
2021-03-26,4707.25,4761.75,4700.5,4758.0
2021-03-29,4741.5,4765.0,4725.5,4758.0
2021-03-30,4741.5,4752.0,4727.5,4743.5
2021-03-31,4750.75,4777.5,4750.25,4757.75
2021-04-01,4781.75,4808.25,4778.75,4807.75
2021-04-05,4832.0,4867.5,4831.25,4861.75
2021-04-06,4855.25,4869.75,4852.0,4858.0
2021-04-07,4857.0,4867.75,4852.0,4867.25
2021-04-08,4876.5,4889.25,4866.75,4887.75
2021-04-09,4881.5,4915.25,4880.5,4906.5
2021-04-12,4906.5,4918.25,4899.75,4915.0
2021-04-13,4913.5,4933.5,4909.25,4928.0
2021-04-14,4926.0,4937.75,4906.75,4916.5
2021-04-15,4935.5,4960.25,4935.0,4955.25
2021-04-16,4971.0,4977.25,4955.5,4966.5
2021-04-19,4960.5,4965.25,4935.5,4952.0
2021-04-20,4937.0,4944.75,4904.25,4915.25
2021-04-21,4913.0,4961.0,4911.5,4952.5
2021-04-22,4957.0,4965.5,4909.0,4922.75
2021-04-23,4926.5,4980.5,4925.5,4961.25
2021-04-26,4972.0,4979.75,4967.0,4971.25
2021-04-27,4976.75,4979.0,4960.5,4972.5
2021-04-28,4975.75,4987.5,4966.5,4973.0
2021-04-29,5001.0,5004.75,4961.75,4993.75
2021-04-30,4973.75,4983.0,4961.0,4974.75
2021-05-03,4992.0,4996.25,4974.75,4976.5
2021-05-04,4958.5,4964.0,4914.25,4949.75
2021-05-05,4971.5,4973.75,4946.75,4954.5
2021-05-06,4956.0,4990.25,4934.25,4988.25
2021-05-07,4996.75,5026.0,4989.25,5021.0
2021-05-10,5022.25,5024.75,4972.25,4975.75
2021-05-11,4928.0,4950.0,4897.5,4933.75
2021-05-12,4909.5,4922.75,4844.75,4850.25
2021-05-13,4867.5,4920.5,4867.0,4898.0
2021-05-14,4928.75,4972.0,4928.5,4967.25
2021-05-17,4950.5,4960.75,4930.25,4953.5
2021-05-18,4954.75,4957.25,4914.25,4916.5
2021-05-19,4865.5,4907.5,4849.25,4901.0
2021-05-20,4914.5,4963.0,4913.0,4947.25
2021-05-21,4965.25,4978.75,4940.75,4950.5
2021-05-24,4970.0,5000.0,4967.25,4991.75
2021-05-25,5000.0,5003.75,4973.0,4978.75
2021-05-26,4985.25,4992.75,4974.25,4987.5
2021-05-27,4998.25,5003.75,4988.0,5001.75
2021-05-28,5006.25,5009.25,4994.75,4997.75
2021-06-01,5022.5,5023.75,4988.75,4993.75
2021-06-02,5000.25,5008.75,4989.25,4998.75
2021-06-03,4974.75,4996.25,4959.0,4983.25
2021-06-04,5004.0,5025.75,5003.0,5019.75
2021-06-07,5022.25,5024.25,5008.25,5019.75
2021-06-08,5027.75,5028.75,4999.5,5019.5
2021-06-09,5028.25,5028.75,5010.75,5015.5
2021-06-10,5026.25,5042.75,5012.0,5031.0
2021-06-11,5038.5,5040.75,5024.5,5039.0
2021-06-14,5040.25,5051.25,5027.25,5049.0
2021-06-15,5050.5,5051.0,5031.0,5040.0
2021-06-16,5042.0,5044.25,4993.0,5016.0
2021-06-17,5011.5,5025.5,4988.25,5016.0
2021-06-18,4978.5,4986.5,4950.25,4954.0
2021-06-21,4976.25,5021.75,4967.5,5021.75
2021-06-22,5016.5,5048.25,5008.5,5039.0
2021-06-23,5039.75,5049.0,5033.25,5036.25
2021-06-24,5057.0,5063.5,5054.0,5061.25
2021-06-25,5067.0,5079.5,5063.5,5074.25
2021-06-28,5080.0,5084.75,5067.0,5083.25
2021-06-29,5087.0,5093.75,5079.75,5088.0
2021-06-30,5080.25,5096.5,5080.0,5094.5
2021-07-01,5096.75,5114.75,5096.0,5110.75
2021-07-02,5125.0,5149.75,5121.75,5142.75
2021-07-06,5146.25,5148.5,5108.0,5133.0
2021-07-07,5145.0,5156.0,5123.0,5152.5
2021-07-08,5095.25,5125.5,5083.0,5111.5
2021-07-09,5133.75,5166.75,5131.0,5162.25
2021-07-12,5162.0,5182.0,5157.5,5179.25
2021-07-13,5170.25,5186.5,5161.25,5163.75
2021-07-14,5182.0,5187.25,5157.25,5171.0
2021-07-15,5156.0,5163.5,5135.25,5150.75
2021-07-16,5168.0,5168.5,5117.0,5117.5
2021-07-19,5069.5,5074.75,5026.75,5057.25
2021-07-20,5064.0,5131.75,5055.5,5122.25
2021-07-21,5130.75,5156.5,5128.75,5155.25
2021-07-22,5154.75,5166.0,5144.25,5165.75
2021-07-23,5182.5,5211.0,5175.25,5203.75
2021-07-26,5200.75,5219.0,5199.75,5218.75
2021-07-27,5206.25,5206.75,5167.5,5188.75
2021-07-28,5204.0,5210.5,5180.25,5194.25
2021-07-29,5205.5,5225.25,5205.25,5208.5
2021-07-30,5186.75,5207.75,5185.0,5197.5
2021-08-02,5210.75,5216.75,5180.0,5186.25
2021-08-03,5191.25,5219.75,5168.0,5212.25
2021-08-04,5204.5,5211.0,5194.0,5199.0
2021-08-05,5208.75,5225.5,5204.75,5223.0
2021-08-06,5227.75,5236.0,5224.5,5233.0
2021-08-09,5231.25,5234.75,5219.5,5229.0
2021-08-10,5232.5,5241.0,5225.0,5230.25
2021-08-11,5244.5,5245.25,5232.75,5242.75
2021-08-12,5242.5,5259.0,5233.0,5256.5
2021-08-13,5262.25,5266.0,5257.0,5264.25
2021-08-16,5252.0,5279.25,5235.25,5276.75
2021-08-17,5248.5,5256.25,5214.5,5241.0
2021-08-18,5235.75,5252.5,5193.5,5197.25
2021-08-19,5168.5,5217.5,5167.25,5207.0
2021-08-20,5208.25,5243.25,5202.75,5237.0
2021-08-23,5257.75,5288.5,5257.0,5281.5
2021-08-24,5285.5,5291.25,5280.25,5284.25
2021-08-25,5287.75,5300.75,5283.5,5296.0
2021-08-26,5292.25,5294.75,5267.75,5270.5
2021-08-27,5277.25,5312.75,5276.5,5307.0
2021-08-30,5316.0,5337.25,5313.25,5329.75
2021-08-31,5327.75,5331.25,5315.25,5329.0
2021-09-01,5332.25,5337.75,5322.0,5327.5
2021-09-02,5339.75,5346.75,5325.5,5338.0
2021-09-03,5326.0,5342.75,5322.0,5336.5
2021-09-07,5333.5,5334.75,5313.5,5318.75
2021-09-08,5315.25,5323.0,5294.75,5314.5
2021-09-09,5313.0,5332.25,5291.25,5294.5
2021-09-10,5316.75,5321.0,5259.25,5264.0
2021-09-13,5292.75,5295.5,5247.5,5276.25
2021-09-14,5287.5,5289.5,5237.5,5250.0
2021-09-15,5251.75,5290.0,5239.75,5285.5
2021-09-16,5278.5,5288.75,5245.5,5274.75
2021-09-17,5268.0,5272.5,5223.75,5227.25
2021-09-20,5166.5,5183.5,5106.0,5152.25
2021-09-21,5183.5,5197.25,5144.0,5146.75
2021-09-22,5178.75,5218.75,5168.75,5198.75
2021-09-23,5216.5,5267.25,5213.5,5252.0
2021-09-24,5232.5,5265.25,5230.0,5258.0
2021-09-27,5245.75,5258.75,5237.25,5244.5
2021-09-28,5215.0,5218.5,5147.0,5158.25
2021-09-29,5170.25,5188.75,5156.5,5169.25
2021-09-30,5178.25,5185.75,5106.5,5114.75
2021-10-01,5127.25,5178.0,5089.25,5159.5
2021-10-04,5147.0,5156.75,5079.75,5106.5
2021-10-05,5119.75,5172.0,5110.75,5147.75
2021-10-06,5109.25,5168.0,5091.75,5167.0
2021-10-07,5200.5,5233.75,5198.75,5203.75
2021-10-08,5211.5,5215.5,5188.5,5191.5
2021-10-11,5188.25,5219.75,5158.25,5160.75
2021-10-12,5173.0,5177.25,5140.0,5144.0
2021-10-13,5163.25,5177.0,5131.0,5165.25
2021-10-14,5207.5,5243.5,5202.25,5243.25
2021-10-15,5264.25,5279.75,5257.25,5275.5
2021-10-18,5256.0,5292.0,5249.0,5289.0
2021-10-19,5305.75,5328.0,5299.5,5326.5
2021-10-20,5328.0,5344.5,5326.75,5337.25
2021-10-21,5334.25,5355.5,5330.0,5352.0
2021-10-22,5348.25,5363.75,5327.5,5347.0
2021-10-25,5360.0,5376.25,5341.0,5372.0
2021-10-26,5388.75,5402.25,5373.0,5378.0
2021-10-27,5381.25,5389.0,5356.0,5359.5
2021-10-28,5372.0,5402.0,5371.25,5395.0
2021-10-29,5376.0,5413.25,5372.5,5412.25
2021-11-01,5420.25,5424.25,5398.75,5416.25
2021-11-02,5419.25,5439.25,5417.75,5433.5
2021-11-03,5430.25,5469.25,5425.25,5463.75
2021-11-04,5470.25,5487.0,5466.75,5485.0
2021-11-05,5510.0,5524.0,5486.5,5496.75
2021-11-08,5514.0,5519.25,5499.0,5505.0
2021-11-09,5510.5,5512.75,5475.5,5488.25
2021-11-10,5472.75,5491.0,5437.5,5454.5
2021-11-11,5469.0,5469.75,5454.25,5457.25
2021-11-12,5468.25,5495.75,5458.0,5494.0
2021-11-15,5503.75,5505.0,5479.25,5494.0
2021-11-16,5488.5,5522.0,5487.75,5509.75
2021-11-17,5507.0,5509.0,5491.5,5497.25
2021-11-18,5509.5,5517.25,5480.25,5511.25
2021-11-19,5513.0,5526.5,5502.25,5507.5
2021-11-22,5524.75,5552.75,5486.5,5495.75
2021-11-23,5489.0,5507.75,5461.25,5491.5
2021-11-24,5477.25,5513.0,5468.5,5512.0
2021-11-26,5440.5,5455.5,5389.5,5391.25
2021-11-29,5457.25,5482.0,5433.5,5465.0
2021-11-30,5436.25,5456.5,5369.25,5391.0
2021-12-01,5432.75,5463.0,5310.0,5326.0
2021-12-02,5322.5,5406.0,5318.5,5385.25
2021-12-03,5407.25,5418.75,5304.25,5343.5
2021-12-06,5377.0,5424.0,5351.5,5402.75
2021-12-07,5460.0,5505.0,5459.5,5503.5
2021-12-08,5502.5,5515.5,5484.0,5510.25
2021-12-09,5497.0,5507.0,5474.5,5477.25
2021-12-10,5508.25,5524.75,5481.0,5523.25
2021-12-13,5518.0,5521.5,5477.0,5483.75
2021-12-14,5446.25,5473.5,5417.75,5446.5
2021-12-15,5450.25,5527.25,5423.5,5522.75
2021-12-16,5541.5,5544.75,5463.5,5486.25
2021-12-17,5446.25,5478.5,5411.5,5438.0
2021-12-20,5374.25,5392.5,5341.75,5392.5
2021-12-21,5416.25,5463.75,5393.75,5460.75
2021-12-22,5459.0,5511.5,5457.0,5511.0
2021-12-23,5518.0,5552.75,5517.0,5537.75
2021-12-27,5551.25,5605.75,5551.0,5602.75
2021-12-28,5608.75,5619.5,5592.0,5605.25
2021-12-29,5601.75,5617.5,5591.5,5604.75
2021-12-30,5610.0,5621.25,5588.75,5595.75
2021-12-31,5587.75,5600.0,5578.75,5585.5
2022-01-03,5594.5,5609.0,5569.0,5606.25
2022-01-04,5622.75,5629.75,5586.0,5603.25
2022-01-05,5601.75,5609.75,5511.0,5520.0
2022-01-06,5508.75,5537.25,5483.5,5512.75
2022-01-07,5508.5,5521.0,5475.25,5489.5
2022-01-10,5455.25,5486.5,5394.25,5483.0
2022-01-11,5481.25,5529.0,5448.75,5526.25
2022-01-12,5544.5,5561.0,5518.25,5543.0
2022-01-13,5551.0,5557.75,5464.0,5473.25
2022-01-14,5440.25,5482.25,5427.5,5480.75
2022-01-18,5425.5,5428.0,5381.5,5393.75
2022-01-19,5409.5,5424.5,5342.75,5346.5
2022-01-20,5365.25,5415.75,5286.5,5288.25
2022-01-21,5283.75,5308.5,5203.75,5207.0
2022-01-24,5147.75,5231.5,5034.25,5227.0
2022-01-25,5157.75,5224.25,5098.0,5156.5
2022-01-26,5234.5,5267.75,5115.75,5150.75
2022-01-27,5209.0,5243.5,5120.25,5144.75
2022-01-28,5153.5,5247.5,5104.5,5234.75
2022-01-31,5238.5,5329.25,5224.25,5312.5
2022-02-01,5333.25,5363.25,5295.5,5362.25
2022-02-02,5381.25,5407.5,5356.75,5367.25
2022-02-03,5335.75,5355.75,5283.5,5321.75
2022-02-04,5289.25,5354.0,5264.0,5308.5
2022-02-07,5321.0,5336.0,5284.25,5304.5
2022-02-08,5292.5,5345.25,5277.75,5337.5
2022-02-09,5378.25,5404.0,5376.0,5401.5
2022-02-10,5339.0,5403.25,5297.5,5313.75
2022-02-11,5320.25,5342.0,5214.75,5234.75
2022-02-14,5224.5,5241.5,5178.5,5218.0
2022-02-15,5263.0,5288.25,5257.5,5277.0
2022-02-16,5265.0,5306.0,5244.25,5287.0
2022-02-17,5257.5,5263.25,5188.75,5195.75
2022-02-18,5198.5,5211.75,5142.5,5171.25
2022-02-22,5143.75,5180.25,5083.0,5137.5
2022-02-23,5151.75,5157.25,5037.75,5045.5
2022-02-24,4934.0,5111.5,4930.25,5088.0
2022-02-25,5120.25,5204.75,5102.75,5200.5
2022-02-28,5145.0,5207.0,5131.5,5189.5
2022-03-01,5174.75,5196.0,5096.5,5135.25
2022-03-02,5148.75,5220.75,5140.25,5199.75
2022-03-03,5229.0,5235.5,5162.5,5186.0
2022-03-04,5141.5,5158.5,5102.75,5142.0
2022-03-07,5140.0,5142.75,5006.75,5014.5
2022-03-08,5021.25,5096.5,4974.75,4979.25
2022-03-09,5076.25,5119.75,5052.25,5095.25
2022-03-10,5049.25,5089.0,5028.5,5081.5
2022-03-11,5106.25,5112.25,5019.5,5027.75
2022-03-14,5033.5,5071.0,4982.25,5002.5
2022-03-15,5022.0,5093.25,5008.5,5077.5
2022-03-16,5124.0,5183.25,5072.25,5178.75
2022-03-17,5160.0,5236.75,5155.75,5225.5
2022-03-18,5217.75,5288.5,5209.0,5286.75
2022-03-21,5281.5,5303.0,5245.0,5286.5
2022-03-22,5297.25,5344.75,5297.0,5335.0
2022-03-23,5307.5,5323.75,5274.75,5277.5
2022-03-24,5298.0,5345.0,5286.0,5343.25
2022-03-25,5350.25,5369.0,5323.25,5365.5
2022-03-28,5359.5,5402.25,5339.75,5400.25
2022-03-29,5440.0,5461.0,5411.75,5450.25
2022-03-30,5444.0,5452.5,5404.75,5430.75
2022-03-31,5419.25,5427.25,5356.25,5372.5
2022-04-01,5373.5,5375.0,5331.25,5362.0
2022-04-04,5371.25,5410.0,5362.75,5405.5
2022-04-05,5392.25,5418.75,5337.75,5352.25
2022-04-06,5307.75,5329.5,5274.5,5304.0
2022-04-07,5296.0,5347.25,5274.5,5328.0
2022-04-08,5319.25,5346.0,5298.75,5314.5
2022-04-11,5280.5,5289.5,5233.5,5237.25
2022-04-12,5270.75,5296.75,5205.5,5225.25
2022-04-13,5219.25,5279.5,5217.0,5268.25
2022-04-14,5274.0,5285.75,5215.0,5215.0
2022-04-18,5206.25,5236.25,5194.5,5230.5
2022-04-19,5216.75,5297.0,5215.0,5264.5
2022-04-20,5307.5,5314.25,5273.5,5296.0
2022-04-21,5324.5,5339.0,5210.0,5217.5
2022-04-22,5207.25,5210.5,5081.75,5084.75
2022-04-25,5074.0,5126.5,5025.25,5119.75
2022-04-26,5095.75,5097.5,4975.25,4983.5
2022-04-27,5009.25,5066.25,4987.0,5020.5
2022-04-28,5059.75,5133.5,5012.5,5088.0
2022-04-29,5072.5,5095.5,4948.75,4971.25
2022-05-02,4957.0,4995.75,4886.0,4973.75
2022-05-03,4986.0,5025.75,4969.0,5003.5
2022-05-04,5006.5,5133.0,4972.75,5119.25
2022-05-05,5081.0,5082.0,4929.25,4981.25
2022-05-06,4946.5,4983.25,4892.0,4934.75
2022-05-09,4885.5,4899.0,4800.0,4828.25
2022-05-10,4880.0,4895.5,4783.0,4822.5
2022-05-11,4815.0,4875.0,4753.75,4770.75
2022-05-12,4727.0,4791.75,4685.0,4751.25
2022-05-13,4800.75,4866.0,4789.5,4841.5
2022-05-16,4833.25,4873.5,4809.5,4833.5
2022-05-17,4899.5,4919.75,4859.75,4918.75
2022-05-18,4868.25,4871.5,4737.75,4740.75
2022-05-19,4718.25,4773.5,4704.0,4728.0
2022-05-20,4765.5,4771.0,4637.5,4727.25
2022-05-23,4761.0,4812.25,4736.5,4806.0
2022-05-24,4758.0,4784.5,4702.0,4777.5
2022-05-25,4755.0,4827.75,4751.5,4801.5
2022-05-26,4819.25,4903.5,4817.5,4878.25
2022-05-27,4911.5,4992.25,4909.5,4990.5
2022-05-31,4968.0,4997.75,4932.75,4959.0
2022-06-01,4984.25,4995.0,4901.5,4929.0
2022-06-02,4926.5,5006.75,4902.25,5000.0
2022-06-03,4955.5,4972.25,4926.75,4942.75
2022-06-06,4979.75,4998.25,4937.25,4946.75
2022-06-07,4912.5,4994.0,4907.75,4985.25
2022-06-08,4971.0,4990.0,4935.25,4947.25
2022-06-09,4924.5,4948.25,4844.75,4850.0
2022-06-10,4779.5,4788.25,4725.25,4738.0
2022-06-13,4627.5,4648.0,4562.5,4582.75
2022-06-14,4598.0,4609.0,4535.5,4562.0
2022-06-15,4603.25,4670.0,4550.5,4617.25
2022-06-16,4534.5,4538.75,4469.0,4505.75
2022-06-17,4499.5,4538.75,4466.0,4506.5
2022-06-21,4563.25,4610.75,4562.5,4594.25
2022-06-22,4551.0,4632.5,4546.25,4593.25
2022-06-23,4610.75,4632.75,4572.75,4615.75
2022-06-24,4658.75,4746.75,4658.0,4735.75
2022-06-27,4755.75,4758.75,4719.5,4735.0
2022-06-28,4747.25,4777.0,4648.75,4652.25
2022-06-29,4657.0,4667.0,4628.25,4644.75
2022-06-30,4605.0,4649.75,4568.25,4606.5
2022-07-01,4608.0,4660.5,4580.5,4652.5
2022-07-05,4601.5,4662.75,4571.0,4657.5
2022-07-06,4663.75,4702.0,4638.5,4679.25
2022-07-07,4694.0,4741.25,4693.5,4727.25
2022-07-08,4714.5,4749.0,4698.5,4732.75
2022-07-11,4700.25,4711.0,4677.0,4689.75
2022-07-12,4678.0,4703.5,4631.75,4648.75
2022-07-13,4592.5,4661.75,4587.5,4625.75
2022-07-14,4576.5,4627.0,4550.75,4624.75
2022-07-15,4667.0,4694.0,4646.75,4691.25
2022-07-18,4725.0,4732.25,4647.25,4664.5
2022-07-19,4701.5,4770.25,4695.0,4769.75
2022-07-20,4765.5,4804.25,4751.75,4786.0
2022-07-21,4781.75,4831.75,4757.25,4817.25
2022-07-22,4830.25,4843.25,4768.5,4789.5
2022-07-25,4798.25,4806.0,4773.0,4800.5
2022-07-26,4779.75,4782.0,4740.25,4759.0
2022-07-27,4784.5,4869.75,4781.5,4843.0
2022-07-28,4858.75,4915.25,4821.5,4908.0
2022-07-29,4916.0,4971.0,4908.0,4958.75
2022-08-01,4932.0,4974.25,4924.0,4949.5
2022-08-02,4930.75,4970.0,4907.5,4919.75
2022-08-03,4942.75,4997.0,4939.5,4980.25
2022-08-04,4982.75,4990.0,4963.0,4979.75
2022-08-05,4935.0,4980.25,4934.25,4967.75
2022-08-08,4991.25,5015.0,4956.25,4972.0
2022-08-09,4960.5,4965.75,4940.0,4954.75
2022-08-10,5026.0,5040.0,5005.5,5034.75
2022-08-11,5067.5,5087.5,5029.75,5042.25
2022-08-12,5058.0,5109.75,5048.0,5105.5
2022-08-15,5085.25,5131.75,5084.75,5122.5
2022-08-16,5114.75,5154.5,5105.75,5130.0
2022-08-17,5096.25,5132.25,5082.0,5107.75
2022-08-18,5104.5,5122.5,5091.0,5111.75
2022-08-19,5086.0,5088.75,5047.75,5057.75
2022-08-22,5005.75,5007.5,4958.5,4972.0
2022-08-23,4964.0,4988.75,4952.0,4956.0
2022-08-24,4955.5,4985.5,4948.25,4973.75
2022-08-25,4985.75,5029.75,4974.5,5021.0
2022-08-26,5027.75,5033.25,4880.0,4884.75
2022-08-29,4855.0,4891.0,4844.0,4858.5
2022-08-30,4870.5,4873.5,4791.5,4816.75
2022-08-31,4831.0,4844.0,4780.0,4786.5
2022-09-01,4759.0,4798.25,4730.5,4787.5
2022-09-02,4833.25,4846.25,4733.0,4756.25
2022-09-06,4761.0,4771.5,4713.75,4733.0
2022-09-07,4733.75,4815.75,4731.5,4803.75
2022-09-08,4782.25,4837.75,4769.75,4836.75
2022-09-09,4856.25,4904.25,4853.25,4891.5
2022-09-12,4916.5,4946.75,4913.0,4940.5
2022-09-13,4845.75,4859.0,4746.25,4762.75
2022-09-14,4771.5,4789.0,4736.75,4772.5
2022-09-15,4754.75,4785.25,4712.75,4731.0
2022-09-16,4681.5,4703.5,4660.75,4702.25
2022-09-19,4661.75,4734.75,4661.0,4727.0
2022-09-20,4690.5,4701.0,4651.0,4687.25
2022-09-21,4700.75,4733.0,4607.25,4612.0
2022-09-22,4603.5,4614.5,4571.25,4582.5
2022-09-23,4542.5,4543.0,4468.0,4515.75
2022-09-26,4499.75,4538.25,4465.25,4474.5
2022-09-27,4516.25,4540.75,4443.0,4471.0
2022-09-28,4478.0,4559.0,4460.0,4542.75
2022-09-29,4502.0,4505.25,4429.75,4464.0
2022-09-30,4451.75,4492.25,4403.0,4420.0
2022-10-03,4443.5,4519.5,4424.75,4502.75
2022-10-04,4557.0,4616.5,4556.25,4609.5
2022-10-05,4566.75,4627.75,4541.75,4610.25
2022-10-06,4588.25,4619.25,4558.5,4562.75
2022-10-07,4521.5,4525.25,4440.25,4457.25
2022-10-10,4470.75,4473.25,4407.75,4433.75
2022-10-11,4412.5,4461.0,4386.75,4410.0
2022-10-12,4411.75,4428.5,4393.25,4399.5
2022-10-13,4321.0,4505.5,4309.75,4486.5
2022-10-14,4515.25,4533.0,4399.0,4408.25
2022-10-17,4470.0,4510.25,4469.25,4503.5
2022-10-18,4581.25,4585.0,4505.0,4554.0
2022-10-19,4519.75,4548.5,4484.5,4515.5
2022-10-20,4508.0,4555.75,4474.0,4489.75
2022-10-21,4479.25,4577.25,4463.25,4573.0
2022-10-24,4587.25,4629.75,4559.5,4615.25
2022-10-25,4616.5,4682.0,4614.75,4658.0
2022-10-26,4645.0,4705.25,4642.0,4656.0
2022-10-27,4658.5,4678.5,4583.75,4591.0
2022-10-28,4626.25,4724.25,4624.25,4724.25
2022-10-31,4692.0,4712.25,4680.0,4690.25
2022-11-01,4729.5,4732.0,4660.25,4665.25
2022-11-02,4666.25,4714.75,4568.0,4572.25
2022-11-03,4539.75,4566.25,4512.0,4539.0
2022-11-04,4594.0,4613.25,4523.0,4582.5
2022-11-07,4600.75,4629.5,4579.0,4622.5
2022-11-08,4634.5,4674.75,4600.5,4635.25
2022-11-09,4621.0,4633.5,4557.75,4565.5
2022-11-10,4702.0,4774.75,4678.5,4768.25
2022-11-11,4779.0,4817.5,4758.75,4808.25
2022-11-14,4789.5,4825.25,4771.75,4783.5
2022-11-15,4834.5,4846.5,4767.75,4804.75
2022-11-16,4790.75,4800.5,4769.75,4786.5
2022-11-17,4724.75,4770.25,4721.5,4760.75
2022-11-18,4798.25,4799.5,4750.25,4777.5
2022-11-21,4766.25,4778.25,4745.25,4767.75
2022-11-22,4785.25,4820.25,4770.5,4817.0
2022-11-23,4813.5,4847.25,4811.0,4843.5
2022-11-25,4835.75,4847.0,4833.0,4842.0
2022-11-28,4808.25,4825.5,4768.0,4780.25
2022-11-29,4776.75,4789.5,4749.0,4765.75
2022-11-30,4770.5,4895.5,4750.5,4895.25
2022-12-01,4903.0,4917.75,4862.25,4887.5
2022-12-02,4836.25,4893.25,4835.25,4878.25
2022-12-05,4853.5,4863.25,4795.0,4809.5
2022-12-06,4807.75,4813.25,4729.25,4751.5
2022-12-07,4741.5,4769.25,4732.0,4741.5
2022-12-08,4762.75,4785.0,4745.5,4773.25
2022-12-09,4760.0,4787.25,4741.25,4744.75
2022-12-12,4752.25,4800.5,4744.75,4794.75
2022-12-13,4914.5,4915.5,4800.75,4830.0
2022-12-14,4826.25,4865.25,4771.5,4812.75
2022-12-15,4750.5,4759.75,4682.5,4696.5
2022-12-16,4673.0,4687.0,4629.75,4647.5
2022-12-19,4654.5,4658.0,4601.75,4614.75
2022-12-20,4611.25,4641.0,4596.75,4622.25
2022-12-21,4651.25,4693.25,4645.0,4686.0
2022-12-22,4647.0,4650.0,4563.0,4619.0
2022-12-23,4612.5,4647.0,4595.75,4643.75
2022-12-27,4644.25,4647.5,4611.75,4632.0
2022-12-28,4628.5,4649.5,4579.0,4584.5
2022-12-29,4609.25,4657.25,4603.5,4646.5
2022-12-30,4618.5,4643.0,4596.0,4641.75
2023-01-03,4655.5,4676.0,4589.0,4614.0
2023-01-04,4643.5,4670.75,4611.0,4647.0
2023-01-05,4627.25,4628.0,4597.0,4604.5
2023-01-06,4635.75,4703.25,4603.5,4688.0
2023-01-09,4714.0,4747.75,4684.25,4686.25
2023-01-10,4682.0,4718.25,4671.75,4715.25
2023-01-11,4732.0,4765.25,4723.25,4764.25
2023-01-12,4774.25,4793.0,4731.75,4779.0
2023-01-13,4742.75,4798.75,4740.25,4790.25
2023-01-17,4792.75,4809.75,4777.25,4783.5
2023-01-18,4796.5,4808.0,4718.25,4720.0
2023-01-19,4697.5,4714.75,4676.25,4692.25
2023-01-20,4704.25,4765.0,4686.75,4760.5
2023-01-23,4771.0,4831.25,4760.75,4808.5
2023-01-24,4792.5,4822.0,4779.75,4814.0
2023-01-25,4762.0,4814.0,4737.75,4803.5
2023-01-26,4833.5,4851.5,4801.75,4845.5
2023-01-27,4838.25,4883.75,4836.25,4858.5
2023-01-30,4829.0,4852.5,4804.0,4812.75
2023-01-31,4811.25,4865.75,4807.75,4858.5
2023-02-01,4852.25,4937.75,4823.0,4916.25
2023-02-02,4948.25,4983.0,4927.75,4943.0
2023-02-03,4915.0,4968.5,4909.5,4919.75
2023-02-06,4895.75,4911.0,4878.5,4897.0
2023-02-07,4885.5,4962.75,4872.75,4941.5
2023-02-08,4928.25,4942.5,4895.75,4901.25
2023-02-09,4940.0,4941.25,4852.75,4866.25
2023-02-10,4853.0,4878.75,4844.25,4873.0
2023-02-13,4881.5,4925.25,4876.0,4924.75
2023-02-14,4906.0,4944.5,4878.25,4917.75
2023-02-15,4896.5,4936.25,4887.5,4934.5
2023-02-16,4878.25,4920.0,4870.25,4872.0
2023-02-17,4850.75,4865.0,4830.25,4860.5
2023-02-21,4819.75,4830.75,4776.5,4783.5
2023-02-22,4783.5,4799.5,4758.25,4773.75
2023-02-23,4803.0,4808.75,4748.75,4790.0
2023-02-24,4739.75,4758.5,4722.0,4749.0
2023-02-27,4784.75,4799.25,4753.0,4764.5
2023-02-28,4757.25,4778.0,4739.5,4741.75
2023-03-01,4738.25,4751.0,4717.5,4732.0
2023-03-02,4709.5,4769.75,4705.5,4759.75
2023-03-03,4779.5,4827.5,4772.5,4825.5
2023-03-06,4832.25,4857.0,4822.5,4827.75
2023-03-07,4825.75,4828.5,4757.0,4763.0
2023-03-08,4764.75,4777.75,4746.0,4770.0
2023-03-09,4777.0,4794.25,4684.0,4689.25
2023-03-10,4688.0,4709.25,4620.75,4635.25
2023-03-13,4595.75,4682.5,4584.5,4638.25
2023-03-14,4685.75,4715.0,4648.0,4689.25
2023-03-15,4633.25,4673.75,4612.0,4664.25
2023-03-16,4643.5,4741.5,4637.5,4737.5
2023-03-17,4724.0,4735.0,4675.0,4691.75
2023-03-20,4697.0,4732.0,4689.25,4727.0
2023-03-21,4762.5,4785.75,4746.0,4779.75
2023-03-22,4778.25,4816.25,4708.75,4715.25
2023-03-23,4739.0,4782.0,4691.0,4718.0
2023-03-24,4705.0,4747.75,4680.0,4746.75
2023-03-27,4768.5,4776.75,4742.75,4754.75
2023-03-28,4744.75,4752.0,4723.25,4747.0
2023-03-29,4787.0,4803.75,4774.5,4800.75
2023-03-30,4827.5,4830.25,4803.75,4824.0
2023-03-31,4832.75,4883.75,4831.0,4882.0
2023-04-03,4875.0,4900.25,4870.25,4897.0
2023-04-04,4902.75,4905.75,4857.75,4873.25
2023-04-05,4862.5,4870.25,4841.5,4860.25
2023-04-06,4850.25,4877.75,4839.0,4874.0
2023-04-10,4848.25,4883.75,4841.25,4883.0
2023-04-11,4884.75,4894.25,4871.25,4881.75
2023-04-12,4900.75,4903.5,4856.0,4861.25
2023-04-13,4872.75,4919.5,4867.0,4915.0
2023-04-14,4908.75,4931.5,4880.5,4909.0
2023-04-17,4903.5,4923.0,4890.5,4920.75
2023-04-18,4936.0,4937.25,4907.0,4920.25
2023-04-19,4901.0,4930.0,4900.25,4915.75
2023-04-20,4888.75,4914.25,4879.5,4896.25
2023-04-21,4898.25,4903.5,4877.75,4897.5
2023-04-24,4896.0,4906.75,4881.5,4901.5
2023-04-25,4881.0,4886.75,4834.0,4851.25
2023-04-26,4841.25,4852.25,4811.25,4823.25
2023-04-27,4842.25,4909.0,4839.75,4898.5
2023-04-28,4887.0,4936.25,4886.25,4934.0
2023-05-01,4926.75,4948.75,4924.75,4928.0
2023-05-02,4919.5,4919.75,4848.0,4879.25
2023-05-03,4884.0,4909.5,4847.5,4857.5
2023-05-04,4837.75,4840.75,4804.75,4815.25
2023-05-05,4857.0,4905.75,4854.0,4892.75
2023-05-08,4897.25,4900.0,4880.0,4895.75
2023-05-09,4878.0,4887.75,4873.5,4879.25
2023-05-10,4905.25,4912.0,4854.75,4897.0
2023-05-11,4884.0,4889.25,4864.0,4885.75
2023-05-12,4898.25,4900.75,4854.25,4876.5
2023-05-15,4885.5,4897.75,4865.5,4893.25
2023-05-16,4881.5,4891.25,4862.5,4869.75
2023-05-17,4886.25,4921.5,4868.25,4913.25
2023-05-18,4909.75,4958.0,4907.25,4954.0
2023-05-19,4962.25,4968.25,4934.0,4943.25
2023-05-22,4947.0,4964.25,4933.5,4949.25
2023-05-23,4930.25,4941.0,4895.5,4901.0
2023-05-24,4882.5,4886.25,4856.5,4872.5
2023-05-25,4903.25,4918.0,4880.0,4901.5
2023-05-26,4908.75,4963.75,4908.0,4962.0
2023-05-30,4975.5,4981.0,4942.5,4958.75
2023-05-31,4937.25,4947.0,4916.5,4931.5
2023-06-01,4933.75,4982.25,4920.5,4974.0
2023-06-02,4997.25,5040.25,4991.5,5031.25
2023-06-05,5034.5,5048.25,5015.5,5024.0
2023-06-06,5018.0,5037.25,5011.0,5034.5
2023-06-07,5035.25,5047.25,5011.75,5016.75
2023-06-08,5015.0,5045.0,5007.0,5038.5
2023-06-09,5047.75,5068.0,5036.5,5050.0
2023-06-12,5057.0,5087.25,5049.5,5084.5
2023-06-13,5100.0,5120.5,5093.25,5113.0
2023-06-14,5115.75,5136.75,5080.75,5119.0
2023-06-15,5105.5,5182.75,5104.5,5163.75
2023-06-16,5189.5,5190.75,5148.25,5156.25
2023-06-20,5132.25,5142.0,5107.75,5127.0
2023-06-21,5119.25,5128.0,5100.75,5107.75
2023-06-22,5095.25,5122.75,5091.0,5119.0
2023-06-23,5083.25,5105.25,5078.75,5085.25
2023-06-26,5080.25,5100.25,5065.75,5071.75
2023-06-27,5076.75,5122.0,5071.75,5112.75
2023-06-28,5103.5,5127.5,5096.5,5120.75
2023-06-29,5111.25,5135.0,5107.0,5133.5
2023-06-30,5165.5,5195.25,5162.25,5180.5
2023-07-03,5180.0,5191.25,5176.75,5189.25
2023-07-05,5168.5,5188.5,5168.25,5181.0
2023-07-06,5141.0,5148.25,5116.75,5145.75
2023-07-07,5132.0,5173.25,5129.0,5135.75
2023-07-10,5127.25,5145.5,5121.25,5143.75
2023-07-11,5150.25,5175.75,5139.25,5168.75
2023-07-12,5209.75,5221.0,5194.25,5207.75
2023-07-13,5223.25,5248.75,5218.5,5237.5
2023-07-14,5248.75,5257.75,5228.25,5233.5
2023-07-17,5234.0,5263.0,5233.5,5246.75
2023-07-18,5247.25,5291.75,5242.5,5281.5
2023-07-19,5292.5,5306.5,5285.75,5291.5
2023-07-20,5281.5,5291.5,5254.5,5263.0
2023-07-21,5279.0,5281.25,5260.25,5261.25
2023-07-24,5272.5,5289.75,5266.0,5281.5
2023-07-25,5277.25,5306.0,5276.75,5299.25
2023-07-26,5282.5,5308.0,5271.0,5295.75
2023-07-27,5326.5,5330.75,5251.0,5264.75
2023-07-28,5294.0,5313.75,5286.0,5303.5
2023-07-31,5308.75,5316.5,5295.0,5314.0
2023-08-01,5296.75,5306.5,5288.25,5296.0
2023-08-02,5265.0,5267.5,5225.0,5236.0
2023-08-03,5210.5,5237.75,5203.0,5232.75
2023-08-04,5235.75,5258.0,5191.0,5199.0
2023-08-07,5215.5,5237.5,5207.75,5237.0
2023-08-08,5208.0,5219.5,5179.25,5214.75
2023-08-09,5217.0,5218.75,5175.5,5189.75
2023-08-10,5206.25,5242.0,5170.75,5182.75
2023-08-11,5162.75,5190.25,5156.25,5183.25
2023-08-14,5169.75,5205.0,5166.25,5203.5
2023-08-15,5184.5,5188.25,5144.25,5151.0
2023-08-16,5145.5,5162.75,5114.25,5119.0
2023-08-17,5130.25,5133.0,5075.75,5080.75
2023-08-18,5050.75,5093.25,5047.25,5081.75
2023-08-21,5092.25,5118.25,5069.5,5105.75
2023-08-22,5128.25,5128.5,5091.5,5096.25
2023-08-23,5107.75,5152.5,5106.25,5145.75
2023-08-24,5160.75,5166.0,5077.5,5080.5
2023-08-25,5099.5,5126.25,5062.5,5113.25
2023-08-28,5135.0,5146.75,5120.5,5140.5
2023-08-29,5138.25,5206.25,5135.75,5204.75
2023-08-30,5206.5,5228.0,5198.25,5223.25
2023-08-31,5225.0,5237.0,5210.0,5215.25
2023-09-01,5240.0,5244.75,5204.5,5218.5
2023-09-05,5214.75,5218.0,5197.25,5199.25
2023-09-06,5190.25,5191.5,5144.25,5166.75
2023-09-07,5135.25,5160.25,5131.5,5154.0
2023-09-08,5152.5,5174.75,5148.75,5162.25
2023-09-11,5185.5,5190.75,5167.25,5187.25
2023-09-12,5171.75,5187.0,5155.25,5163.0
2023-09-13,5163.25,5178.25,5151.0,5167.75
2023-09-14,5190.0,5210.0,5176.0,5207.25
2023-09-15,5185.0,5188.5,5142.0,5150.0
2023-09-18,5142.5,5162.5,5138.0,5151.25
2023-09-19,5138.5,5144.75,5110.25,5140.5
2023-09-20,5151.25,5155.5,5091.5,5092.25
2023-09-21,5063.75,5066.5,5017.0,5018.0
2023-09-22,5030.25,5047.0,5005.25,5013.0
2023-09-25,4996.25,5029.5,4991.5,5028.0
2023-09-26,4994.25,5002.0,4953.5,4968.0
2023-09-27,4973.5,4979.75,4925.0,4968.25
2023-09-28,4955.25,5003.75,4949.0,4986.0
2023-09-29,5017.75,5019.25,4959.0,4977.25
2023-10-02,4965.25,4985.75,4943.5,4974.0
2023-10-03,4949.0,4965.0,4899.25,4915.75
2023-10-04,4917.5,4952.0,4902.25,4941.75
2023-10-05,4938.75,4948.75,4906.0,4936.5
2023-10-06,4913.25,5006.5,4899.5,4993.75
2023-10-09,4969.75,5023.75,4964.0,5018.5
2023-10-10,5024.0,5067.0,5019.25,5040.0
2023-10-11,5050.5,5066.0,5025.25,5065.5
2023-10-12,5061.75,5065.5,5003.5,5030.25
2023-10-13,5043.0,5055.75,4988.75,5000.0
2023-10-16,5028.25,5062.25,5025.75,5053.25
2023-10-17,5017.25,5071.25,5013.75,5045.75
2023-10-18,5030.75,5040.5,4978.75,4997.5
2023-10-19,4995.75,5014.5,4940.75,4942.5
2023-10-20,4944.5,4950.25,4893.0,4893.0
2023-10-23,4879.25,4928.75,4861.25,4896.75
2023-10-24,4909.75,4938.5,4890.0,4921.75
2023-10-25,4901.5,4901.5,4851.75,4863.25
2023-10-26,4844.25,4853.0,4794.25,4814.25
2023-10-27,4820.75,4824.75,4770.25,4785.0
2023-10-30,4813.75,4845.5,4800.0,4834.5
2023-10-31,4839.5,4863.0,4819.75,4853.75
2023-11-01,4869.5,4912.75,4863.5,4903.25
2023-11-02,4942.0,4985.75,4941.75,4981.5
2023-11-03,5007.5,5039.75,5006.25,5027.5
2023-11-06,5030.5,5037.5,5012.25,5030.0
2023-11-07,5032.0,5051.25,5020.25,5043.5
2023-11-08,5050.25,5055.75,5023.0,5043.75
2023-11-09,5057.0,5057.5,5005.75,5013.25
2023-11-10,5031.75,5083.5,5015.75,5079.5
2023-11-13,5063.5,5084.75,5055.25,5075.0
2023-11-14,5134.5,5172.25,5131.75,5161.5
2023-11-15,5171.75,5184.75,5158.75,5160.25
2023-11-16,5161.0,5174.25,5149.75,5171.25
2023-11-17,5170.25,5182.5,5160.75,5173.25
2023-11-20,5172.5,5219.0,5172.5,5207.0
2023-11-21,5198.0,5202.75,5185.75,5193.75
2023-11-22,5214.5,5228.5,5203.0,5213.25
2023-11-24,5214.25,5219.0,5210.75,5216.25
2023-11-27,5209.25,5218.0,5203.5,5208.5
2023-11-28,5203.25,5225.25,5197.25,5212.25
2023-11-29,5233.25,5245.0,5203.5,5212.75
2023-11-30,5214.25,5227.5,5192.75,5221.75
2023-12-01,5216.75,5255.75,5210.5,5250.75
2023-12-04,5214.0,5227.75,5201.5,5221.25
2023-12-05,5210.0,5233.5,5206.25,5224.0
2023-12-06,5245.25,5245.5,5200.0,5203.75
2023-12-07,5224.5,5244.0,5217.75,5235.25
2023-12-08,5229.0,5261.75,5226.25,5254.25
2023-12-11,5250.25,5275.25,5247.75,5272.25
2023-12-12,5268.25,5296.25,5257.75,5295.5
2023-12-13,5295.75,5359.75,5292.25,5358.5
2023-12-14,5374.5,5387.25,5341.75,5365.5
2023-12-15,5363.75,5375.0,5352.75,5366.75
2023-12-18,5377.5,5397.75,5375.75,5384.75
2023-12-19,5393.0,5417.0,5392.0,5412.75
2023-12-20,5406.0,5426.25,5338.75,5342.0
2023-12-21,5376.75,5393.75,5351.0,5391.25
2023-12-22,5401.75,5417.25,5380.25,5395.75
2023-12-26,5404.25,5430.0,5403.5,5421.5
2023-12-27,5417.75,5432.0,5412.0,5430.25
2023-12-28,5427.5,5435.25,5423.5,5429.0
2023-12-29,5424.0,5430.5,5392.25,5409.0
2024-01-02,5379.0,5393.0,5361.0,5383.5
2024-01-03,5359.75,5367.25,5336.5,5342.0
2024-01-04,5335.0,5362.0,5322.5,5324.25
2024-01-05,5325.75,5355.75,5315.25,5332.5
2024-01-08,5334.75,5398.75,5333.5,5395.5
2024-01-09,5368.5,5399.5,5363.0,5387.5
2024-01-10,5390.75,5424.0,5387.75,5415.0
2024-01-11,5422.5,5427.75,5368.25,5409.5
2024-01-12,5424.5,5432.0,5397.75,5409.0
2024-01-16,5397.5,5411.25,5375.0,5394.25
2024-01-17,5361.5,5371.25,5341.75,5364.25
2024-01-18,5381.5,5412.5,5365.5,5404.75
2024-01-19,5417.5,5469.75,5410.5,5467.25
2024-01-22,5481.25,5493.75,5469.0,5475.25
2024-01-23,5481.25,5494.0,5469.75,5494.0
2024-01-24,5519.0,5528.75,5484.5,5488.75
2024-01-25,5514.5,5522.0,5492.25,5517.5
2024-01-26,5513.75,5529.75,5503.0,5510.0
2024-01-29,5514.5,5551.5,5508.25,5546.5
2024-01-30,5541.75,5552.75,5534.25,5540.5
2024-01-31,5521.5,5526.0,5461.5,5467.5
2024-02-01,5478.75,5541.0,5470.0,5539.75
2024-02-02,5528.5,5593.25,5524.5,5574.0
2024-02-05,5568.5,5573.0,5533.25,5554.75
2024-02-06,5565.5,5573.75,5550.5,5564.5
2024-02-07,5593.0,5615.5,5583.5,5610.0
2024-02-08,5608.75,5615.5,5600.5,5611.0
2024-02-09,5615.5,5644.0,5611.75,5638.25
2024-02-12,5638.5,5662.0,5628.0,5629.5
2024-02-13,5570.5,5583.75,5532.0,5566.25
2024-02-14,5592.75,5615.75,5568.25,5613.75
2024-02-15,5614.5,5646.0,5609.25,5643.0
2024-02-16,5638.5,5650.0,5608.25,5611.0
2024-02-20,5597.25,5604.75,5563.75,5582.5
2024-02-21,5573.5,5593.75,5554.5,5588.5
2024-02-22,5657.75,5703.25,5647.75,5690.0
2024-02-23,5709.75,5719.0,5688.0,5693.0
2024-02-26,5699.25,5703.5,5673.25,5674.25
2024-02-27,5682.0,5688.0,5662.5,5687.25
2024-02-28,5667.75,5683.25,5664.0,5667.0
2024-02-29,5693.5,5710.0,5665.5,5695.5
2024-03-01,5701.25,5744.75,5696.75,5736.5
2024-03-04,5731.25,5753.25,5729.75,5730.25
2024-03-05,5712.0,5717.0,5658.5,5686.0
2024-03-06,5714.75,5730.0,5693.25,5708.0
2024-03-07,5738.5,5766.0,5728.75,5751.0
2024-03-08,5760.5,5788.5,5717.25,5729.0
2024-03-11,5709.75,5724.5,5690.25,5720.5
2024-03-12,5739.25,5779.5,5712.75,5774.25
2024-03-13,5776.0,5778.75,5750.25,5768.5
2024-03-14,5772.75,5774.25,5720.75,5750.5
2024-03-15,5718.75,5734.5,5700.5,5716.75
2024-03-18,5758.25,5773.0,5743.0,5748.25
2024-03-19,5738.5,5777.5,5728.0,5773.5
2024-03-20,5773.75,5828.5,5765.75,5827.5
2024-03-21,5847.75,5855.5,5832.75,5839.5
2024-03-22,5834.0,5838.75,5821.75,5822.5
2024-03-25,5809.5,5821.5,5807.0,5810.75
2024-03-26,5822.75,5827.25,5795.75,5804.0
2024-03-27,5825.75,5846.5,5803.5,5844.0
2024-03-28,5842.25,5853.75,5834.75,5839.25
2024-04-01,5844.5,5850.0,5815.0,5827.25
2024-04-02,5786.0,5795.25,5767.75,5795.0
2024-04-03,5780.5,5813.5,5779.75,5802.5
2024-04-04,5838.0,5841.25,5727.0,5734.5
2024-04-05,5743.75,5805.25,5739.5,5783.25
2024-04-08,5791.25,5801.5,5778.0,5790.25
2024-04-09,5804.5,5807.0,5741.0,5799.75
2024-04-10,5732.5,5759.25,5717.75,5730.75
2024-04-11,5751.5,5790.25,5714.5,5776.25
2024-04-12,5737.0,5751.5,5682.75,5703.0
2024-04-15,5744.0,5745.75,5626.75,5632.5
2024-04-16,5639.75,5656.0,5611.5,5624.75
2024-04-17,5650.25,5651.75,5579.75,5593.5
2024-04-18,5606.5,5628.0,5571.25,5582.0
2024-04-19,5580.0,5590.75,5524.0,5536.5
2024-04-22,5563.0,5609.5,5538.75,5577.5
2024-04-23,5602.25,5645.5,5596.5,5643.0
2024-04-24,5649.5,5657.5,5614.75,5619.0
2024-04-25,5572.25,5664.5,5555.0,5658.25
2024-04-26,5643.75,5679.25,5637.25,5662.5
2024-04-29,5680.0,5687.0,5651.5,5680.5
2024-04-30,5663.75,5674.0,5587.0,5597.25
2024-05-01,5590.75,5659.5,5575.0,5583.25
2024-05-02,5616.0,5633.5,5569.0,5624.5
2024-05-03,5686.0,5699.5,5659.5,5694.0
2024-05-06,5711.25,5740.5,5706.75,5736.75
2024-05-07,5749.0,5759.5,5738.25,5748.25
2024-05-08,5725.0,5750.0,5724.0,5741.25
2024-05-09,5744.0,5777.5,5737.0,5775.25
2024-05-10,5788.25,5796.75,5765.5,5777.0
2024-05-13,5794.75,5796.0,5766.0,5775.25
2024-05-14,5779.5,5807.0,5774.0,5801.25
2024-05-15,5826.25,5870.0,5819.5,5859.5
2024-05-16,5865.0,5881.75,5849.75,5850.5
2024-05-17,5853.5,5861.5,5838.5,5858.5
2024-05-20,5860.75,5881.0,5856.5,5862.75
2024-05-21,5857.25,5880.25,5855.25,5877.0
2024-05-22,5870.75,5877.75,5839.5,5861.25
2024-05-23,5890.25,5891.0,5806.25,5819.0
2024-05-24,5837.25,5862.0,5827.5,5853.5
2024-05-28,5861.25,5864.0,5829.5,5855.0
2024-05-29,5814.75,5831.0,5811.25,5812.75
2024-05-30,5802.5,5809.75,5771.0,5776.0
2024-05-31,5790.5,5839.75,5738.25,5830.25
2024-06-03,5845.0,5846.0,5779.5,5833.25
2024-06-04,5818.0,5845.0,5802.25,5837.25
2024-06-05,5860.25,5899.75,5839.25,5895.25
2024-06-06,5902.0,5906.0,5878.0,5895.25
2024-06-07,5885.25,5918.25,5873.75,5884.75
2024-06-10,5880.0,5908.5,5873.75,5899.0
2024-06-11,5888.25,5919.0,5867.25,5918.0
2024-06-12,5962.75,5987.25,5949.0,5958.25
2024-06-13,5977.0,5978.5,5941.25,5969.25
2024-06-14,5951.75,5971.25,5941.25,5967.25
2024-06-17,5963.0,6029.0,5957.75,6013.25
2024-06-18,6015.5,6030.75,6011.5,6030.25
2024-06-20,6038.25,6044.75,5993.5,6009.0
2024-06-21,6002.25,6013.75,5987.0,6006.25
2024-06-24,5999.0,6026.5,5978.25,5984.25
2024-06-25,5995.25,6007.75,5979.75,6001.75
2024-06-26,5991.0,6017.0,5984.25,6001.5
2024-06-27,6006.75,6023.0,5998.0,6017.25
2024-06-28,6020.75,6053.0,5978.75,5999.75
2024-07-01,6005.0,6007.5,5972.5,6000.0
2024-07-02,5984.0,6037.75,5983.0,6033.25
2024-07-03,6032.25,6063.75,6031.75,6059.0
2024-07-05,6060.25,6094.0,6053.5,6087.25
2024-07-08,6097.0,6105.5,6083.25,6095.75
2024-07-09,6104.0,6113.75,6096.25,6099.5
2024-07-10,6111.25,6158.5,6108.25,6152.0
2024-07-11,6154.5,6163.75,6098.0,6107.0
2024-07-12,6114.0,6176.25,6110.5,6136.75
2024-07-15,6158.5,6186.75,6134.0,6153.25
2024-07-16,6166.25,6189.25,6158.25,6183.0
2024-07-17,6123.25,6140.75,6099.75,6106.75
2024-07-18,6119.75,6129.75,6038.25,6063.0
2024-07-19,6055.25,6072.75,6010.0,6016.25
2024-07-22,6061.5,6084.0,6040.75,6078.25
2024-07-23,6075.5,6097.75,6061.75,6063.75
2024-07-24,6016.5,6019.75,5930.0,5949.25
2024-07-25,5939.75,6001.25,5900.5,5912.5
2024-07-26,5946.5,5996.25,5938.0,5968.25
2024-07-29,5982.25,5993.25,5949.0,5969.25
2024-07-30,5984.25,5995.5,5901.0,5912.0
2024-07-31,6011.25,6056.5,5996.75,6035.0
2024-08-01,6046.0,6068.75,5912.75,5933.0
2024-08-02,5872.5,5885.25,5799.75,5840.0
2024-08-05,5627.5,5747.5,5614.0,5696.5
2024-08-06,5703.25,5810.0,5689.75,5729.0
2024-08-07,5795.75,5827.25,5690.25,5697.25
2024-08-08,5748.75,5828.25,5727.75,5817.75
2024-08-09,5805.5,5853.25,5792.75,5835.75
2024-08-12,5849.0,5864.75,5815.75,5837.0
2024-08-13,5871.5,5929.25,5869.5,5926.0
2024-08-14,5934.25,5955.75,5906.75,5952.5
2024-08-15,6000.5,6039.75,5994.25,6031.0
2024-08-16,6017.5,6054.25,6015.5,6049.0
2024-08-19,6050.25,6099.75,6041.5,6093.25
2024-08-20,6094.0,6111.75,6075.75,6093.25
2024-08-21,6099.25,6123.25,6081.5,6108.25
2024-08-22,6126.75,6133.25,6050.75,6066.0
2024-08-23,6094.0,6130.25,6071.0,6118.5
2024-08-26,6129.0,6137.0,6087.75,6099.0
2024-08-27,6091.25,6117.5,6079.5,6112.5
2024-08-28,6108.0,6112.5,6045.5,6074.25
2024-08-29,6098.5,6131.75,6066.0,6085.75
2024-08-30,6099.25,6133.0,6062.25,6122.25
2024-09-03,6094.25,6098.0,5984.75,6012.5
2024-09-04,5990.75,6033.0,5983.0,5990.0
2024-09-05,5996.25,6025.25,5958.0,5985.0
2024-09-06,5983.5,6000.5,5878.25,5883.5
2024-09-09,5930.0,5961.0,5910.5,5950.5
2024-09-10,5966.25,5974.0,5916.25,5970.0
2024-09-11,5968.5,6035.5,5880.0,6025.25
2024-09-12,6030.75,6075.0,6008.25,6064.0
2024-09-13,6075.75,6109.5,6073.0,6096.5
2024-09-16,6095.75,6109.5,6077.25,6102.75
2024-09-17,6128.75,6143.75,6084.5,6109.5
2024-09-18,6114.0,6162.5,6082.0,6097.5
2024-09-19,6185.0,6204.25,6155.0,6179.5
2024-09-20,6167.25,6181.75,6140.25,6162.5
2024-09-23,6181.25,6191.25,6167.75,6182.5
2024-09-24,6191.0,6201.0,6161.5,6197.25
2024-09-25,6197.25,6205.5,6174.75,6191.0
2024-09-26,6230.5,6234.0,6185.0,6210.5
2024-09-27,6218.25,6228.25,6188.75,6196.5
2024-09-30,6187.0,6227.0,6163.0,6214.75
2024-10-01,6215.25,6216.25,6139.75,6167.75
2024-10-02,6156.5,6179.0,6130.75,6172.5
2024-10-03,6151.25,6176.75,6132.5,6157.75
2024-10-04,6200.25,6211.5,6156.25,6206.75
2024-10-07,6188.5,6195.5,6141.0,6155.25
2024-10-08,6179.25,6213.5,6170.5,6206.75
2024-10-09,6206.25,6253.25,6200.5,6241.25
2024-10-10,6232.25,6250.0,6218.25,6234.75
2024-10-11,6231.0,6275.0,6230.0,6262.5
2024-10-14,6283.25,6325.25,6279.75,6314.75
2024-10-15,6317.75,6320.75,6256.75,6266.0
2024-10-16,6268.5,6299.5,6260.0,6292.75
2024-10-17,6329.75,6331.75,6291.5,6294.75
2024-10-18,6308.25,6322.25,6293.25,6314.5
2024-10-21,6305.25,6315.25,6271.75,6304.5
2024-10-22,6276.0,6311.0,6269.0,6296.75
2024-10-23,6277.0,6281.5,6207.75,6248.75
2024-10-24,6263.75,6264.5,6229.25,6262.0
2024-10-25,6276.75,6307.5,6241.75,6248.75
2024-10-28,6286.5,6287.5,6266.25,6269.25
2024-10-29,6258.75,6290.5,6244.25,6289.0
2024-10-30,6273.0,6293.5,6247.0,6251.75
2024-10-31,6214.0,6214.0,6141.25,6150.25
2024-11-01,6167.5,6210.5,6159.25,6169.75
2024-11-04,6164.5,6178.25,6131.0,6153.75
2024-11-05,6159.75,6228.75,6157.25,6227.0
2024-11-06,6345.75,6373.75,6307.5,6363.5
2024-11-07,6383.75,6419.75,6382.75,6413.25
2024-11-08,6411.5,6447.25,6411.5,6433.25
2024-11-11,6448.75,6452.0,6420.25,6436.5
2024-11-12,6437.25,6443.25,6393.5,6423.25
2024-11-13,6422.75,6442.0,6398.5,6426.5
2024-11-14,6422.0,6427.25,6371.25,6371.5
2024-11-15,6343.5,6348.5,6283.5,6307.0
2024-11-18,6307.0,6339.75,6298.0,6325.0
2024-11-19,6290.5,6354.25,6283.0,6349.75
2024-11-20,6345.5,6351.0,6286.75,6348.5
2024-11-21,6374.5,6391.75,6314.0,6376.5
2024-11-22,6375.0,6400.25,6369.5,6394.25
2024-11-25,6433.5,6446.75,6389.25,6417.75
2024-11-26,6425.25,6450.75,6418.0,6448.75
2024-11-27,6439.75,6443.75,6407.0,6422.0
2024-11-29,6428.25,6466.75,6425.75,6458.25
2024-12-02,6462.0,6475.25,6456.5,6473.25
2024-12-03,6465.25,6475.0,6454.25,6474.25
2024-12-04,6486.75,6509.0,6479.25,6503.0
2024-12-05,6505.5,6514.0,6489.75,6490.75
2024-12-06,6501.25,6517.75,6496.75,6505.0
2024-12-09,6502.75,6504.5,6466.75,6468.25
2024-12-10,6478.5,6482.0,6446.5,6458.75
2024-12-11,6482.25,6509.25,6479.25,6495.0
2024-12-12,6489.0,6494.5,6462.75,6463.75
2024-12-13,6484.0,6491.5,6448.0,6456.75
2024-12-16,6479.25,6497.25,6471.5,6482.75
2024-12-17,6460.75,6471.5,6447.5,6458.0
2024-12-18,6457.25,6481.25,6239.75,6263.0
2024-12-19,6322.0,6338.5,6265.0,6265.75
2024-12-20,6240.5,6384.0,6231.5,6333.75
2024-12-23,6332.0,6376.25,6298.25,6371.0
2024-12-24,6381.25,6432.75,6375.5,6432.25
2024-12-26,6412.5,6440.75,6396.5,6425.75
2024-12-27,6385.75,6388.75,6316.0,6363.5
2024-12-30,6288.5,6326.5,6251.5,6288.25
2024-12-31,6305.75,6313.5,6250.5,6271.0
2025-01-02,6301.0,6318.25,6208.0,6255.0
2025-01-03,6278.25,6330.0,6267.25,6319.0
2025-01-06,6366.0,6401.5,6337.25,6360.0
2025-01-07,6375.25,6378.75,6268.25,6291.25
2025-01-08,6287.25,6305.0,6250.25,6291.5
2025-01-10,6254.0,6255.0,6178.5,6198.0
2025-01-13,6150.75,6212.75,6146.25,6211.25
2025-01-14,6236.0,6243.0,6175.75,6224.25
2025-01-15,6298.0,6334.5,6285.75,6319.5
2025-01-16,6335.0,6337.5,6296.5,6297.0
2025-01-17,6360.0,6384.75,6346.0,6363.5
2025-01-21,6397.0,6426.5,6376.75,6421.25
2025-01-22,6449.5,6469.0,6444.5,6452.0
2025-01-23,6446.75,6487.25,6444.5,6482.5
2025-01-24,6485.25,6495.5,6455.25,6462.5
2025-01-27,6331.25,6389.75,6330.0,6383.5
2025-01-28,6390.75,6438.75,6356.75,6425.25
2025-01-29,6420.5,6424.5,6375.5,6398.25
2025-01-30,6422.75,6449.5,6389.75,6429.75
2025-01-31,6455.75,6481.0,6391.0,6397.0
2025-02-03,6305.5,6382.5,6283.5,6357.0
2025-02-04,6356.75,6402.0,6351.25,6384.25
2025-02-05,6384.25,6422.5,6362.75,6421.75
2025-02-06,6437.0,6441.75,6403.25,6427.25
2025-02-07,6443.75,6456.5,6374.5,6384.5
2025-02-10,6414.0,6429.25,6401.0,6417.25
2025-02-11,6398.25,6432.0,6397.25,6425.5
2025-02-12,6364.0,6418.0,6357.0,6406.75
2025-02-13,6416.75,6471.25,6403.5,6466.0
2025-02-14,6467.75,6478.5,6459.0,6466.5
2025-02-18,6476.5,6482.75,6451.5,6480.5
2025-02-19,6467.5,6499.75,6462.5,6487.25
2025-02-20,6481.75,6483.25,6436.0,6464.25
2025-02-21,6465.75,6466.25,6357.75,6366.25
2025-02-24,6383.25,6393.25,6327.75,6340.75
2025-02-25,6333.75,6341.0,6257.25,6310.75
2025-02-26,6320.5,6357.0,6278.75,6308.75
2025-02-27,6328.75,6340.5,6206.25,6212.5
2025-02-28,6213.0,6304.25,6181.25,6290.5
2025-03-03,6318.0,6330.25,6155.0,6203.25
2025-03-04,6152.25,6209.0,6077.25,6144.0
2025-03-05,6121.25,6202.75,6084.0,6178.5
2025-03-06,6107.0,6154.5,6053.25,6091.5
2025-03-07,6059.5,6124.25,6006.25,6107.0
2025-03-10,6024.5,6044.5,5904.75,5958.75
2025-03-11,5942.25,5977.0,5867.25,5920.25
2025-03-12,5968.75,5978.25,5883.5,5930.5
2025-03-13,5931.25,5937.0,5842.5,5876.75
2025-03-14,5905.25,5982.0,5897.25,5959.75
2025-03-17,5970.5,6040.75,5966.0,6010.5
2025-03-18,5990.0,5992.5,5932.0,5955.5
2025-03-19,5969.0,6051.75,5957.0,6015.5
2025-03-20,5973.25,6046.5,5965.75,5997.75
2025-03-21,5945.25,6003.5,5933.5,6000.0
2025-03-24,6063.75,6106.75,6057.25,6098.5
2025-03-25,6107.25,6118.5,6090.75,6110.0
2025-03-26,6105.25,6115.75,6024.25,6039.5
2025-03-27,6024.0,6061.0,6001.25,6024.25
2025-03-28,6004.75,6012.5,5893.0,5895.25
2025-03-31,5844.75,5954.0,5815.0,5926.75
2025-04-01,5920.0,5976.0,5881.5,5955.75
2025-04-02,5894.25,6042.75,5892.0,6034.25
2025-04-03,5793.25,5821.75,5709.75,5715.25
2025-04-04,5573.25,5595.75,5369.75,5386.5
2025-04-07,5223.0,5566.75,5148.25,5410.0
2025-04-08,5553.25,5586.5,5221.75,5294.25
2025-04-09,5264.0,5801.25,5261.25,5765.0
2025-04-10,5656.75,5670.25,5428.0,5600.5
2025-04-11,5562.5,5699.5,5532.75,5678.5
2025-04-14,5774.5,5777.75,5672.25,5719.0
2025-04-15,5730.5,5766.25,5700.75,5709.5
2025-04-16,5648.5,5682.25,5532.25,5596.75
2025-04-17,5604.0,5640.75,5566.75,5607.25
2025-04-21,5538.5,5543.75,5408.5,5461.5
2025-04-22,5526.75,5620.5,5517.25,5595.5
2025-04-23,5731.25,5781.0,5665.0,5682.0
2025-04-24,5693.0,5822.75,5679.75,5803.0
2025-04-25,5791.75,5835.75,5761.5,5835.0
2025-04-28,5838.25,5860.0,5773.25,5826.0
2025-04-29,5812.25,5878.5,5809.0,5867.25
2025-04-30,5797.5,5897.75,5736.75,5887.0
2025-05-01,5926.25,5963.75,5883.0,5890.5
2025-05-02,5967.75,6006.0,5944.25,5992.75
2025-05-05,5945.5,5987.5,5936.5,5949.75
2025-05-06,5897.75,5953.0,5888.25,5905.75
2025-05-07,5919.75,5956.25,5877.25,5932.5
2025-05-08,5970.0,6022.25,5934.25,5966.5
2025-05-09,5981.0,5991.25,5943.75,5960.25
2025-05-12,6131.5,6157.5,6087.0,6145.5
2025-05-13,6151.0,6208.25,6144.75,6184.25
2025-05-14,6194.5,6206.25,6171.25,6191.5
2025-05-15,6170.25,6225.75,6165.75,6218.5
2025-05-16,6225.75,6258.75,6206.0,6253.75
2025-05-19,6193.5,6268.75,6193.5,6254.25
2025-05-20,6243.25,6252.25,6208.0,6233.5
2025-05-21,6195.75,6237.5,6129.0,6134.25
2025-05-22,6136.75,6176.25,6124.0,6140.25
2025-05-23,6065.25,6125.0,6061.75,6093.0
2025-05-27,6167.5,6223.0,6149.5,6221.25
2025-05-28,6221.5,6233.75,6174.5,6184.0
2025-05-29,6236.25,6237.5,6165.25,6199.0
2025-05-30,6191.75,6214.0,6134.5,6198.0
2025-06-02,6178.75,6234.25,6151.75,6232.75
2025-06-03,6224.75,6272.5,6219.5,6259.0
2025-06-04,6270.5,6280.25,6255.5,6259.75
2025-06-05,6276.25,6290.25,6210.0,6231.5
2025-06-06,6284.0,6306.25,6265.75,6289.5
2025-06-09,6294.0,6309.0,6281.25,6290.5
2025-06-10,6297.5,6330.75,6286.25,6318.75
2025-06-11,6336.75,6346.0,6287.5,6310.75
2025-06-12,6295.25,6332.5,6289.75,6329.0
2025-06-13,6277.25,6311.0,6246.5,6269.0
2025-06-16,6296.25,6338.0,6295.25,6322.75
2025-06-17,6294.0,6310.25,6259.25,6266.75
2025-06-18,6274.0,6302.75,6255.25,6269.25
2025-06-20,6289.5,6300.0,6232.25,6251.5
2025-06-23,6254.0,6310.5,6222.25,6305.75
2025-06-24,6347.5,6384.25,6338.25,6373.0
2025-06-25,6384.0,6389.25,6359.75,6374.25
2025-06-26,6394.5,6429.0,6388.25,6419.25
2025-06-27,6433.25,6468.0,6412.25,6448.5
2025-06-30,6477.25,6494.5,6453.25,6475.25
2025-07-01,6464.25,6490.5,6456.5,6474.0
2025-07-02,6474.0,6505.5,6467.25,6501.75
2025-07-03,6522.25,6562.25,6521.75,6552.5
2025-07-07,6531.0,6538.75,6475.25,6498.5
2025-07-08,6510.0,6517.75,6491.5,6501.25
2025-07-09,6524.25,6544.25,6505.0,6538.75
2025-07-10,6536.75,6564.5,6525.0,6549.25
2025-07-11,6519.5,6541.75,6507.5,6526.25
2025-07-14,6523.25,6544.0,6509.5,6537.5
2025-07-15,6567.0,6570.75,6505.25,6506.25
2025-07-16,6527.5,6537.75,6470.0,6530.0
2025-07-17,6533.5,6574.5,6531.0,6569.5
2025-07-18,6581.0,6582.5,6552.25,6563.25
2025-07-21,6574.5,6603.0,6570.0,6577.0
2025-07-22,6577.0,6582.75,6547.75,6573.75
2025-07-23,6601.75,6635.0,6582.5,6633.0
2025-07-24,6631.25,6647.25,6625.25,6633.25
2025-07-25,6634.0,6660.0,6631.5,6654.0
2025-07-28,6658.0,6663.25,6637.75,6652.25
2025-07-29,6665.75,6669.0,6625.25,6632.75
2025-07-30,6641.0,6664.25,6595.75,6660.75
2025-07-31,6675.75,6680.0,6587.25,6595.75
2025-08-01,6540.0,6540.5,6468.5,6497.0
2025-08-04,6532.25,6594.5,6531.0,6593.0
2025-08-05,6592.75,6600.75,6544.5,6558.25
2025-08-06,6564.0,6608.5,6554.75,6599.0
2025-08-07,6636.25,6643.5,6563.5,6603.5
2025-08-08,6612.0,6654.25,6608.75,6654.25
2025-08-11,6645.25,6660.5,6616.5,6626.0
2025-08-12,6652.75,6699.0,6637.5,6695.5
2025-08-13,6718.5,6731.5,6695.75,6715.75
2025-08-14,6696.5,6725.0,6691.75,6710.5
2025-08-15,6725.75,6727.0,6690.5,6697.5
2025-08-18,6693.5,6704.25,6686.25,6698.0
2025-08-19,6695.25,6705.25,6648.25,6662.75
2025-08-20,6657.0,6659.75,6591.75,6642.25
2025-08-21,6624.25,6641.25,6599.25,6620.0
2025-08-22,6636.75,6725.25,6631.5,6713.25
2025-08-25,6699.0,6711.75,6682.0,6688.0
2025-08-26,6679.75,6715.5,6673.5,6715.0
2025-08-27,6703.0,6731.5,6701.75,6722.75
2025-08-28,6729.0,6752.0,6709.75,6745.75
2025-08-29,6728.0,6731.75,6684.5,6703.75
2025-09-02,6627.25,6672.75,6600.75,6668.0
2025-09-03,6677.75,6693.25,6655.5,6689.5
2025-09-04,6694.75,6745.25,6685.25,6743.75
2025-09-05,6762.5,6770.75,6681.0,6717.25
2025-09-08,6733.5,6745.5,6719.25,6736.5
2025-09-09,6736.25,6757.5,6718.25,6757.0
2025-09-10,6782.25,6791.25,6751.5,6766.5
2025-09-11,6786.75,6829.0,6781.0,6820.5
2025-09-12,6818.75,6835.0,6812.0,6816.25
2025-09-15,6838.25,6852.5,6834.5,6846.25
2025-09-16,6856.25,6859.5,6832.5,6842.75
2025-09-17,6840.25,6857.75,6782.25,6835.75
2025-09-18,6858.0,6889.25,6841.5,6863.75
2025-09-19,6878.25,6902.75,6858.5,6892.75
2025-09-22,6877.25,6928.0,6877.0,6917.75
2025-09-23,6921.5,6927.75,6873.0,6887.75
2025-09-24,6898.5,6899.75,6849.25,6870.5
2025-09-25,6831.25,6846.25,6795.5,6832.75
2025-09-26,6844.75,6875.0,6828.5,6872.75
2025-09-29,6893.5,6902.5,6867.5,6884.25
2025-09-30,6878.0,6914.75,6864.25,6896.75
2025-10-01,6878.0,6940.75,6876.5,6926.5
2025-10-02,6950.25,6951.5,6912.75,6938.25
2025-10-03,6943.25,6971.25,6925.25,6933.0
2025-10-06,6959.75,6969.0,6937.75,6960.25
2025-10-07,6968.5,6973.0,6918.5,6937.5
2025-10-08,6944.5,6974.75,6935.75,6974.5
2025-10-09,6976.75,6980.75,6932.0,6950.0
2025-10-10,6959.25,6977.75,6760.75,6776.25
2025-10-13,6841.5,6882.75,6833.0,6863.5
2025-10-14,6805.25,6893.75,6764.5,6851.5
2025-10-15,6903.25,6938.0,6822.75,6886.25
2025-10-16,6902.75,6921.75,6803.25,6823.75
2025-10-17,6825.75,6889.25,6811.75,6881.75
2025-10-20,6904.75,6954.25,6904.25,6948.5
2025-10-21,6945.5,6961.0,6930.5,6939.0
2025-10-22,6950.25,6950.5,6862.0,6910.0
2025-10-23,6910.5,6957.0,6907.25,6946.25
2025-10-24,6992.0,7012.5,6983.75,6996.75
2025-10-27,7054.25,7083.25,7048.25,7081.25
2025-10-28,7097.0,7116.0,7074.25,7095.25
2025-10-29,7113.25,7123.25,7053.5,7092.75
2025-10-30,7064.25,7085.0,7022.25,7046.0
2025-10-31,7073.25,7073.75,7014.75,7043.25
2025-11-03,7079.5,7080.75,7020.75,7057.0
2025-11-04,6981.5,7020.5,6966.0,6974.5
2025-11-05,6969.75,7029.0,6961.0,6993.5
2025-11-06,6983.5,6992.75,6904.75,6931.0
2025-11-07,6894.75,6933.75,6826.75,6931.75
2025-11-10,6987.0,7037.0,6964.0,7033.5
2025-11-11,7013.75,7051.0,7001.75,7049.75
2025-11-12,7062.5,7064.0,7023.25,7050.25
2025-11-13,7018.5,7021.75,6917.25,6948.0
2025-11-14,6863.25,6966.75,6841.75,6935.5
2025-11-17,6905.5,6946.0,6829.75,6871.25
2025-11-18,6828.0,6858.75,6765.25,6804.5
2025-11-19,6813.75,6880.25,6793.25,6835.25
2025-11-20,6936.25,6962.5,6721.75,6728.25
2025-11-21,6752.75,6848.75,6710.25,6798.25
2025-11-24,6829.0,6903.0,6818.0,6894.75
2025-11-25,6887.75,6963.75,6845.75,6954.0
2025-11-26,6976.25,7018.0,6967.0,7001.5
2025-11-28,7005.5,7035.0,7002.5,7028.5
2025-12-01,6984.75,7027.0,6984.0,6997.0
2025-12-02,7015.5,7034.75,6989.25,7011.25
2025-12-03,7000.5,7044.5,6991.5,7035.5
2025-12-04,7047.5,7048.0,7007.5,7037.0
2025-12-05,7046.5,7076.25,7037.75,7051.5
2025-12-08,7057.0,7057.5,7006.5,7026.0
2025-12-09,7021.75,7044.0,7015.75,7018.0
2025-12-10,7014.75,7079.25,7002.0,7062.5
2025-12-11,7039.25,7086.0,7009.25,7084.0
2025-12-12,7067.5,7074.25,6976.25,7006.0
2025-12-15,7042.25,7043.0,6977.5,6994.75
2025-12-16,6974.75,6993.75,6930.75,6966.25
2025-12-17,6978.75,6984.5,6888.75,6907.75
2025-12-18,6953.0,6985.25,6925.0,6935.0
2025-12-19,6960.5,7007.0,6959.0,7002.75
2025-12-22,7035.0,7049.5,7021.75,7044.5
2025-12-23,7032.5,7077.0,7032.0,7071.0
2025-12-24,7072.25,7101.25,7070.5,7093.25
2025-12-26,7096.75,7107.25,7082.25,7091.0
2025-12-29,7064.5,7081.0,7049.25,7067.75
2025-12-30,7063.0,7074.75,7054.0,7058.75
2025-12-31,7058.5,7060.75,7003.5,7010.75
2026-01-02,7041.0,7053.0,6980.0,7016.25
2026-01-05,7047.5,7076.75,7046.0,7057.75
2026-01-06,7060.0,7104.75,7058.75,7100.25
2026-01-07,7102.25,7120.0,7072.25,7073.25
2026-01-08,7067.0,7085.75,7053.25,7077.5
2026-01-09,7083.5,7130.75,7069.0,7117.25
2026-01-12,7082.75,7138.5,7082.0,7129.75
2026-01-13,7131.75,7137.5,7090.0,7114.25
2026-01-14,7085.5,7093.0,7036.5,7077.75
2026-01-15,7122.25,7130.5,7088.0,7094.5
2026-01-16,7109.75,7115.5,7073.75,7089.25
2026-01-20,6985.0,7018.0,6935.5,6952.75
2026-01-21,6966.0,7058.5,6950.5,7031.75
2026-01-22,7069.25,7082.25,7038.75,7057.75
2026-01-23,7048.25,7077.25,7038.25,7051.5
2026-01-26,7071.0,7108.75,7065.25,7093.25
2026-01-27,7107.5,7131.75,7101.5,7120.0
2026-01-28,7136.0,7144.25,7090.5,7123.5
2026-01-29,7128.25,7134.75,7011.5,7102.75
2026-01-30,7079.5,7104.5,7032.0,7076.75
2026-02-02,7056.75,7130.5,7055.0,7117.75
2026-02-03,7122.75,7130.25,6999.5,7055.0
2026-02-04,7062.5,7074.0,6975.75,7036.5
2026-02-05,6966.75,6994.5,6913.25,6929.0
2026-02-06,6969.5,7078.75,6963.5,7059.75
2026-02-09,7048.75,7113.75,7037.5,7099.25
2026-02-10,7103.0,7119.75,7070.25,7079.5
2026-02-11,7117.0,7124.75,7044.25,7075.75
2026-02-12,7094.75,7106.0,6955.25,6969.25
2026-02-13,6964.75,7011.0,6922.0,6965.75
2026-02-17,6948.25,6997.0,6904.25,6975.0
2026-02-18,6987.0,7039.0,6974.75,7006.5
2026-02-19,6984.0,7007.75,6961.0,6991.5
2026-02-20,6966.0,7044.75,6960.5,7041.25
2026-02-23,7021.25,7043.5,6946.0,6971.25
2026-02-24,6960.75,7026.0,6941.75,7015.0
2026-02-25,7043.75,7079.0,7043.0,7075.0
2026-02-26,7074.25,7074.5,6984.0,7031.5
2026-02-27,6969.0,7007.25,6954.75,6998.5
2026-03-02,6924.25,7024.5,6917.75,6996.25
2026-03-03,6886.0,6963.0,6832.0,6934.5
2026-03-04,6952.0,7007.25,6931.0,6991.75
2026-03-05,6955.5,6990.75,6890.25,6941.75
2026-03-06,6865.5,6893.75,6829.0,6853.75
2026-03-09,6794.75,6931.75,6754.25,6904.75
2026-03-10,6908.25,6965.25,6878.25,6913.0
2026-03-11,6905.75,6931.25,6863.0,6890.25
2026-03-12,6840.0,6845.25,6785.0,6789.25
2026-03-13,6819.75,6850.75,6740.25,6744.25
2026-03-16,6810.5,6847.5,6797.75,6819.25
2026-03-17,6850.25,6871.0,6826.75,6836.75
2026-03-18,6809.0,6822.25,6725.75,6727.25
2026-03-19,6691.75,6754.5,6674.25,6732.75
2026-03-20,6705.25,6705.5,6586.25,6638.25
2026-03-23,6720.5,6767.25,6678.5,6694.75
2026-03-24,6651.75,6708.5,6636.0,6673.25
2026-03-25,6724.25,6747.25,6679.0,6703.75
2026-03-26,6655.5,6684.5,6579.5,6616.75
2026-03-27,6557.25,6558.25,6460.75,6464.75
2026-03-30,6530.25,6533.75,6422.0,6440.5
2026-03-31,6519.75,6645.75,6509.5,6634.0
2026-04-01,6668.75,6716.25,6660.5,6684.75
2026-04-02,6590.25,6707.0,6576.75,6685.75
2026-04-06,6684.25,6723.5,6680.25,6710.75
2026-04-07,6692.0,6727.25,6635.25,6725.25
2026-04-08,6892.0,6899.25,6842.5,6883.0
2026-04-09,6875.25,6938.5,6864.25,6921.75
2026-04-10,6937.5,6945.5,6908.75,6918.75
2026-04-13,6897.25,6988.0,6889.0,6985.75
2026-04-14,7000.25,7070.5,7000.0,7065.75
2026-04-15,7076.75,7127.0,7066.5,7118.5
2026-04-16,7134.0,7151.5,7109.0,7138.0
2026-04-17,7183.75,7248.25,7179.5,7227.75
2026-04-20,7210.75,7222.0,7184.0,7209.0
2026-04-21,7225.0,7235.0,7147.5,7187.25
2026-04-22,7212.75,7235.5,7203.25,7226.25
2026-04-23,7214.75,7244.0,7141.75,7196.5
2026-04-24,7225.0,7263.0,7207.5,7255.0
2026-04-27,7248.75,7273.75,7239.5,7267.25
2026-04-28,7234.5,7245.5,7208.75,7235.75
2026-04-29,7225.75,7253.25,7197.75,7200.25
2026-04-30,7262.5,7314.25,7219.75,7307.5
2026-05-01,7327.0,7363.25,7314.5,7316.75
2026-05-04,7313.0,7333.5,7262.0,7287.75
2026-05-05,7330.0,7362.25,7326.75,7352.75
2026-05-06,7393.5,7458.25,7389.75,7456.5
2026-05-07,7461.75,7472.5,7408.0,7432.0
2026-05-08,7458.25,7490.25,7454.25,7483.0
2026-05-11,7472.5,7517.25,7472.5,7497.0
2026-05-12,7476.5,7496.25,7425.75,7482.5
2026-05-13,7491.75,7546.25,7461.5,7535.0
2026-05-14,7543.5,7602.5,7542.25,7589.5
2026-05-15,7522.0,7538.25,7471.75,7482.25
2026-05-18,7501.0,7516.75,7436.0,7484.5
2026-05-19,7449.25,7477.75,7416.75,7437.25
2026-05-20,7457.5,7520.5,7439.25,7510.5
2026-05-21,7486.25,7549.25,7471.0,7531.0
2026-05-22,7559.25,7586.5,7541.25,7556.75
2026-05-26,7596.5,7617.75,7579.5,7598.25
2026-05-27,7604.5,7609.5,7577.5,7605.5
2026-05-28,7597.75,7652.5,7587.75,7652.0
2026-05-29,7653.25,7674.0,7640.0,7658.75
2026-06-01,7645.5,7694.75,7638.75,7678.25
2026-06-02,7660.75,7694.5,7658.0,7689.25
2026-06-03,7671.0,7677.25,7625.0,7629.75
2026-06-04,7610.75,7674.0,7604.25,7656.5
2026-06-05,7610.25,7615.5,7426.75,7430.75
2026-06-08,7519.75,7539.25,7466.25,7475.75
2026-06-09,7521.0,7553.5,7309.75,7448.0
2026-06-10,7417.5,7467.25,7324.0,7334.0
2026-06-11,7370.5,7482.5,7325.5,7469.25
2026-06-12,7486.0,7524.25,7429.0,7505.0
2026-06-15,7599.25,7648.75,7598.5,7628.0
2026-06-16,7627.75,7636.75,7581.25,7582.0
2026-06-17,7595.75,7604.25,7472.25,7492.5
2026-06-18,7577.25,7581.5,7535.5,7576.5
2026-06-22,7573.25,7599.25,7527.25,7545.5
2026-06-23,7429.5,7491.0,7415.25,7438.75
2026-06-24,7447.25,7496.5,7404.25,7463.5
2026-06-25,7485.75,7490.5,7390.5,7438.25
2026-06-26,7380.75,7459.5,7360.0,7412.25
2026-06-29,7457.25,7505.0,7409.0,7497.5
2026-06-30,7500.0,7567.75,7495.75,7545.25
2026-07-01,7532.25,7579.0,7505.75,7535.25
2026-07-02,7555.25,7593.75,7479.5,7524.25
2026-07-06,7564.75,7602.5,7552.5,7596.5
2026-07-07,7580.75,7587.5,7529.5,7552.0
2026-07-08,7507.0,7536.5,7469.5,7523.75
2026-07-09,7546.75,7595.0,7529.5,7590.75
2026-07-10,7592.25,7627.25,7552.75,7622.5
2026-07-13,7595.5,7610.5,7551.0,7559.5
2026-07-14,7579.5,7603.75,7556.5,7589.25
2026-07-15,7612.5,7626.25,7571.75,7614.5
2026-07-16,7597.0,7615.0,7548.25,7567.25
2026-07-17,7485.25,7539.0,7473.0,7488.75
2026-07-20,7534.5,7552.0,7478.0,7482.0
2026-07-21,7526.0,7554.0,7504.5,7544.5
2026-07-22,7527.75,7563.5,7525.25,7553.25
2026-07-23,7453.5,7486.25,7411.75,7453.25
2026-07-24,7444.0,7496.5,7431.5,7444.75
2026-07-27,7507.75,7514.0,7416.25,7448.0
2026-07-28,7449.75,7485.75,7417.0,7467.0
2026-07-29,7456.25,7482.75,7326.25,7336.5
2026-07-30,7414.5,7492.0,7399.0,7486.75
2026-07-31,7499.0,7541.0,7427.5,7521.75
2026-08-03,7546.25,7637.75,7542.75,7632.0
2026-08-04,7657.5,7786.0,7656.0,7773.75
2026-08-05,7809.75,7820.25,7745.75,7759.5
2026-08-06,7752.0,7768.5,7724.25,7737.75
2026-08-07,7757.25,7786.75,7743.5,7775.25
2026-08-10,7773.0,7798.0,7764.5,7775.5
2026-08-11,7791.75,7792.5,7738.0,7752.25
2026-08-12,7791.75,7794.0,7756.5,7772.25
2026-08-13,7793.25,7838.5,7785.5,7822.5
2026-08-14,7827.75,7830.75,7796.5,7800.75
2026-08-17,7803.0,7809.5,7765.25,7767.25
2026-08-18,7726.25,7735.25,7710.25,7714.25
2026-08-19,7743.5,7764.75,7720.75,7728.5
2026-08-20,7698.0,7720.0,7659.0,7661.5
2026-08-21,7695.75,7714.0,7676.75,7691.0
2026-08-24,7681.75,7686.5,7655.0,7670.75
2026-08-25,7695.0,7701.25,7663.25,7692.0
2026-08-26,7678.75,7705.5,7671.0,7702.75
2026-08-27,7716.25,7755.5,7702.75,7735.25
2026-08-28,7746.25,7782.5,7711.75,7720.5
2026-08-31,7701.25,7708.25,7674.75,7701.75
2026-09-01,7647.0,7673.75,7621.5,7644.5
2026-09-02,7650.5,7691.25,7643.0,7680.25
2026-09-03,7704.25,7766.5,7700.0,7753.5
2026-09-04,7742.25,7751.0,7711.75,7718.5
2026-09-08,7711.5,7717.75,7672.25,7678.75
2026-09-09,7660.75,7665.0,7628.75,7646.0
2026-09-10,7599.0,7620.0,7585.5,7605.75
2026-09-11,7665.0,7682.0,7653.25,7660.5
